slug;produit;univers;categorie;sous_categorie;image_principale;photo_studio_categorie;autres_studios_non_servis;pdfs;route_fiche;route_catalogue;statut
bordure-en-acier-corten-150-25-x-2500mm;Bordure en acier Corten® 150/25 x 2500mm;jardin-cloture;/jardin-cloture/amenagement/bordures;Aménagement;/images/produits/jardin-cloture/amenagement/bordures/bordure-en-acier-corten-150-25-x-2500mm-caracteristiques.webp;/images/produits/jardin-cloture/amenagement/bordures/studio-bordure.webp;;;/p/bordure-en-acier-corten-150-25-x-2500mm;/catalogue/jardin-cloture#jardin-cloture-amenagement-bordures;VALIDÉ
bordure-en-acier-galvanise-150-25-x-2500mm;Bordure en acier galvanisé 150/25 x 2500mm;jardin-cloture;/jardin-cloture/amenagement/bordures;Aménagement;/images/produits/jardin-cloture/amenagement/bordures/bordure-en-acier-galvanise-150-25-x-2500mm-caracteristiques.webp;/images/produits/jardin-cloture/amenagement/bordures/studio-bordure.webp;;;/p/bordure-en-acier-galvanise-150-25-x-2500mm;/catalogue/jardin-cloture#jardin-cloture-amenagement-bordures;VALIDÉ
bride-rapide-en-inox;BRIDE RAPIDE EN INOX;jardin-cloture;/jardin-cloture/clotures/fixations;Clôtures;;;;;/p/bride-rapide-en-inox;/catalogue/jardin-cloture#jardin-cloture-clotures-fixations;VISUEL À COMPLÉTER
caillebotis-galvanise-1000x-1000mm-33-33-30-2;Caillebotis Galvanisé 1000x 1000mm - 33/33-30/2;quincaillerie;/quincaillerie/caillebotis-marches;;/images/produits/quincaillerie/caillebotis-marches/caillebotis-galvanise-1000x-1000mm-33-33-30-2-caracteristiques.webp;/images/produits/quincaillerie/caillebotis-marches/studio-plancher-o2.webp;/images/produits/quincaillerie/caillebotis-marches/studio-caillebotis.webp | /images/produits/quincaillerie/caillebotis-marches/studio-marche-caillebotis.webp | /images/produits/quincaillerie/caillebotis-marches/studio-marche-o2.webp;;/p/caillebotis-galvanise-1000x-1000mm-33-33-30-2;/catalogue/quincaillerie#quincaillerie-caillebotis-marches;VALIDÉ
caillebotis-galvanise-1010x1190mm-70-70-25-2;Caillebotis Galvanisé 1010x1190mm - 70/70 - 25/2;quincaillerie;/quincaillerie/caillebotis-marches;;/images/produits/quincaillerie/caillebotis-marches/caillebotis-galvanise-1010x1190mm-70-70-25-2-caracteristiques.webp;/images/produits/quincaillerie/caillebotis-marches/studio-plancher-o2.webp;/images/produits/quincaillerie/caillebotis-marches/studio-caillebotis.webp | /images/produits/quincaillerie/caillebotis-marches/studio-marche-caillebotis.webp | /images/produits/quincaillerie/caillebotis-marches/studio-marche-o2.webp;;/p/caillebotis-galvanise-1010x1190mm-70-70-25-2;/catalogue/quincaillerie#quincaillerie-caillebotis-marches;VALIDÉ
caillebotis-galvanise-1200x-1000mm-33-33-30-2;Caillebotis Galvanisé 1200x 1000mm - 33/33-30/2;quincaillerie;/quincaillerie/caillebotis-marches;;/images/produits/quincaillerie/caillebotis-marches/caillebotis-galvanise-1200x-1000mm-33-33-30-2-caracteristiques.webp;/images/produits/quincaillerie/caillebotis-marches/studio-plancher-o2.webp;/images/produits/quincaillerie/caillebotis-marches/studio-caillebotis.webp | /images/produits/quincaillerie/caillebotis-marches/studio-marche-caillebotis.webp | /images/produits/quincaillerie/caillebotis-marches/studio-marche-o2.webp;;/p/caillebotis-galvanise-1200x-1000mm-33-33-30-2;/catalogue/quincaillerie#quincaillerie-caillebotis-marches;VALIDÉ
caillebotis-galvanise-400x1000mm-33-33-30-2;Caillebotis Galvanisé 400x1000mm - 33/33-30/2;quincaillerie;/quincaillerie/caillebotis-marches;;/images/produits/quincaillerie/caillebotis-marches/caillebotis-galvanise-400x1000mm-33-33-30-2-caracteristiques.webp;/images/produits/quincaillerie/caillebotis-marches/studio-plancher-o2.webp;/images/produits/quincaillerie/caillebotis-marches/studio-caillebotis.webp | /images/produits/quincaillerie/caillebotis-marches/studio-marche-caillebotis.webp | /images/produits/quincaillerie/caillebotis-marches/studio-marche-o2.webp;;/p/caillebotis-galvanise-400x1000mm-33-33-30-2;/catalogue/quincaillerie#quincaillerie-caillebotis-marches;VALIDÉ
caillebotis-galvanise-500x1000mm-33-33-30-2;Caillebotis Galvanisé 500x1000mm - 33/33-30/2;quincaillerie;/quincaillerie/caillebotis-marches;;/images/produits/quincaillerie/caillebotis-marches/caillebotis-galvanise-500x1000mm-33-33-30-2-caracteristiques.webp;/images/produits/quincaillerie/caillebotis-marches/studio-plancher-o2.webp;/images/produits/quincaillerie/caillebotis-marches/studio-caillebotis.webp | /images/produits/quincaillerie/caillebotis-marches/studio-marche-caillebotis.webp | /images/produits/quincaillerie/caillebotis-marches/studio-marche-o2.webp;;/p/caillebotis-galvanise-500x1000mm-33-33-30-2;/catalogue/quincaillerie#quincaillerie-caillebotis-marches;VALIDÉ
caillebotis-galvanise-600x-1000mm-33-33-30-2;Caillebotis Galvanisé 600x 1000mm - 33/33-30/2;quincaillerie;/quincaillerie/caillebotis-marches;;/images/produits/quincaillerie/caillebotis-marches/caillebotis-galvanise-600x-1000mm-33-33-30-2-caracteristiques.webp;/images/produits/quincaillerie/caillebotis-marches/studio-plancher-o2.webp;/images/produits/quincaillerie/caillebotis-marches/studio-caillebotis.webp | /images/produits/quincaillerie/caillebotis-marches/studio-marche-caillebotis.webp | /images/produits/quincaillerie/caillebotis-marches/studio-marche-o2.webp;;/p/caillebotis-galvanise-600x-1000mm-33-33-30-2;/catalogue/quincaillerie#quincaillerie-caillebotis-marches;VALIDÉ
caillebotis-galvanise-700x-1000mm-33-33-30-2;Caillebotis Galvanisé 700x 1000mm - 33/33-30/2;quincaillerie;/quincaillerie/caillebotis-marches;;/images/produits/quincaillerie/caillebotis-marches/caillebotis-galvanise-700x-1000mm-33-33-30-2-caracteristiques.webp;/images/produits/quincaillerie/caillebotis-marches/studio-plancher-o2.webp;/images/produits/quincaillerie/caillebotis-marches/studio-caillebotis.webp | /images/produits/quincaillerie/caillebotis-marches/studio-marche-caillebotis.webp | /images/produits/quincaillerie/caillebotis-marches/studio-marche-o2.webp;;/p/caillebotis-galvanise-700x-1000mm-33-33-30-2;/catalogue/quincaillerie#quincaillerie-caillebotis-marches;VALIDÉ
caillebotis-galvanise-800x-1000mm-33-33-30-2;Caillebotis Galvanisé 800x 1000mm - 33/33-30/2;quincaillerie;/quincaillerie/caillebotis-marches;;/images/produits/quincaillerie/caillebotis-marches/caillebotis-galvanise-800x-1000mm-33-33-30-2-caracteristiques.webp;/images/produits/quincaillerie/caillebotis-marches/studio-plancher-o2.webp;/images/produits/quincaillerie/caillebotis-marches/studio-caillebotis.webp | /images/produits/quincaillerie/caillebotis-marches/studio-marche-caillebotis.webp | /images/produits/quincaillerie/caillebotis-marches/studio-marche-o2.webp;;/p/caillebotis-galvanise-800x-1000mm-33-33-30-2;/catalogue/quincaillerie#quincaillerie-caillebotis-marches;VALIDÉ
caillebotis-galvanise-900x-1000mm-33-33-30-2;Caillebotis Galvanisé 900x 1000mm - 33/33-30/2;quincaillerie;/quincaillerie/caillebotis-marches;;/images/produits/quincaillerie/caillebotis-marches/caillebotis-galvanise-900x-1000mm-33-33-30-2-caracteristiques.webp;/images/produits/quincaillerie/caillebotis-marches/studio-plancher-o2.webp;/images/produits/quincaillerie/caillebotis-marches/studio-caillebotis.webp | /images/produits/quincaillerie/caillebotis-marches/studio-marche-caillebotis.webp | /images/produits/quincaillerie/caillebotis-marches/studio-marche-o2.webp;;/p/caillebotis-galvanise-900x-1000mm-33-33-30-2;/catalogue/quincaillerie#quincaillerie-caillebotis-marches;VALIDÉ
caillebotis-galvanises-1200x-1000mm-33-33-30-3;Caillebotis Galvanisés 1200x 1000mm - 33/33-30/3;quincaillerie;/quincaillerie/caillebotis-marches;;/images/produits/quincaillerie/caillebotis-marches/caillebotis-galvanises-1200x-1000mm-33-33-30-3-caracteristiques.webp;/images/produits/quincaillerie/caillebotis-marches/studio-plancher-o2.webp;/images/produits/quincaillerie/caillebotis-marches/studio-caillebotis.webp | /images/produits/quincaillerie/caillebotis-marches/studio-marche-caillebotis.webp | /images/produits/quincaillerie/caillebotis-marches/studio-marche-o2.webp;;/p/caillebotis-galvanises-1200x-1000mm-33-33-30-3;/catalogue/quincaillerie#quincaillerie-caillebotis-marches;VALIDÉ
carre-plein-de-10x10mm-en-acier;Carré plein de 10x10mm en acier;acier;/acier/profiles/carre-plein;Profilés;/images/produits/acier/profiles/carre-plein/carre-plein-de-10x10mm-en-acier-caracteristiques.webp;/images/produits/acier/profiles/carre-plein/studio-carre-plein.webp;;/documents/fiche-technique-carre-plein.pdf;/p/carre-plein-de-10x10mm-en-acier;/catalogue/acier#acier-profiles-carre-plein;VALIDÉ
carre-plein-de-12x12mm-en-acier;Carré plein de 12x12mm en acier;acier;/acier/profiles/carre-plein;Profilés;/images/produits/acier/profiles/carre-plein/carre-plein-de-12x12mm-en-acier-caracteristiques.webp;/images/produits/acier/profiles/carre-plein/studio-carre-plein.webp;;/documents/fiche-technique-carre-plein.pdf;/p/carre-plein-de-12x12mm-en-acier;/catalogue/acier#acier-profiles-carre-plein;VALIDÉ
carre-plein-de-14x14mm-en-acier;Carré plein de 14x14mm en acier;acier;/acier/profiles/carre-plein;Profilés;/images/produits/acier/profiles/carre-plein/carre-plein-de-14x14mm-en-acier-caracteristiques.webp;/images/produits/acier/profiles/carre-plein/studio-carre-plein.webp;;/documents/fiche-technique-carre-plein.pdf;/p/carre-plein-de-14x14mm-en-acier;/catalogue/acier#acier-profiles-carre-plein;VALIDÉ
carre-plein-de-16x16mm-en-acier;Carré plein de 16x16mm en acier;acier;/acier/profiles/carre-plein;Profilés;/images/produits/acier/profiles/carre-plein/carre-plein-de-16x16mm-en-acier-caracteristiques.webp;/images/produits/acier/profiles/carre-plein/studio-carre-plein.webp;;/documents/fiche-technique-carre-plein.pdf;/p/carre-plein-de-16x16mm-en-acier;/catalogue/acier#acier-profiles-carre-plein;VALIDÉ
carre-plein-de-20x20mm-en-acier;Carré plein de 20x20mm en acier;acier;/acier/profiles/carre-plein;Profilés;/images/produits/acier/profiles/carre-plein/carre-plein-de-20x20mm-en-acier-caracteristiques.webp;/images/produits/acier/profiles/carre-plein/studio-carre-plein.webp;;/documents/fiche-technique-carre-plein.pdf;/p/carre-plein-de-20x20mm-en-acier;/catalogue/acier#acier-profiles-carre-plein;VALIDÉ
carre-plein-de-6x6mm-en-acier;Carré plein de 6x6mm en acier;acier;/acier/profiles/carre-plein;Profilés;/images/produits/acier/profiles/carre-plein/carre-plein-de-6x6mm-en-acier-caracteristiques.webp;/images/produits/acier/profiles/carre-plein/studio-carre-plein.webp;;/documents/fiche-technique-carre-plein.pdf;/p/carre-plein-de-6x6mm-en-acier;/catalogue/acier#acier-profiles-carre-plein;VALIDÉ
carre-plein-de-8x8mm-en-acier;Carré plein de 8x8mm en acier;acier;/acier/profiles/carre-plein;Profilés;/images/produits/acier/profiles/carre-plein/carre-plein-de-8x8mm-en-acier-caracteristiques.webp;/images/produits/acier/profiles/carre-plein/studio-carre-plein.webp;;/documents/fiche-technique-carre-plein.pdf;/p/carre-plein-de-8x8mm-en-acier;/catalogue/acier#acier-profiles-carre-plein;VALIDÉ
cle-de-montage-bride-rapide;CLÉ DE MONTAGE BRIDE RAPIDE;jardin-cloture;/jardin-cloture/clotures/fixations;Clôtures;;;;;/p/cle-de-montage-bride-rapide;/catalogue/jardin-cloture#jardin-cloture-clotures-fixations;VISUEL À COMPLÉTER
corniere-egale-100x100x10mm-acier-lac;Cornière égale 100x100x10mm Acier LAC;acier;/acier/profiles/corniere-egale;Profilés;/images/produits/acier/profiles/corniere-egale/corniere-egale-100x100x10mm-acier-lac-caracteristiques.webp;/images/produits/acier/profiles/corniere-egale/studio-corniere-egale.webp;;/documents/fiche-technique-corniere-egale-en-acier-lamine-a-chaud.pdf;/p/corniere-egale-100x100x10mm-acier-lac;/catalogue/acier#acier-profiles-corniere-egale;VALIDÉ
corniere-egale-20x20x2mm-en-aluminium;Cornière égale 20x20x2mm en aluminium;aluminium;/aluminium/profiles/corniere-egale;Profilés;/images/produits/aluminium/profiles/corniere-egale/corniere-egale-20x20x2mm-en-aluminium-caracteristiques.webp;/images/produits/aluminium/profiles/corniere-egale/studio-aluminium-corniere-egale.webp;;;/p/corniere-egale-20x20x2mm-en-aluminium;/catalogue/aluminium#aluminium-profiles-corniere-egale;VALIDÉ
corniere-egale-20x20x3mm-acier-lac;Cornière égale 20x20x3mm Acier LAC;acier;/acier/profiles/corniere-egale;Profilés;/images/produits/acier/profiles/corniere-egale/corniere-egale-20x20x3mm-acier-lac-caracteristiques.webp;/images/produits/acier/profiles/corniere-egale/studio-corniere-egale.webp;;/documents/fiche-technique-corniere-egale-en-acier-lamine-a-chaud.pdf;/p/corniere-egale-20x20x3mm-acier-lac;/catalogue/acier#acier-profiles-corniere-egale;VALIDÉ
corniere-egale-20x20x3mm-en-inox;Cornière égale 20x20x3mm en Inox;inox;/inox/profiles/corniere-egale;Profilés;/images/produits/inox/profiles/corniere-egale/corniere-egale-20x20x3mm-en-inox-caracteristiques.webp;/images/produits/inox/profiles/corniere-egale/studio-inox-corniere-egale.webp;;;/p/corniere-egale-20x20x3mm-en-inox;/catalogue/inox#inox-profiles-corniere-egale;VALIDÉ
corniere-egale-25x25x2mm-en-aluminium;Cornière égale 25x25x2mm en aluminium;aluminium;/aluminium/profiles/corniere-egale;Profilés;/images/produits/aluminium/profiles/corniere-egale/corniere-egale-25x25x2mm-en-aluminium-caracteristiques.webp;/images/produits/aluminium/profiles/corniere-egale/studio-aluminium-corniere-egale.webp;;;/p/corniere-egale-25x25x2mm-en-aluminium;/catalogue/aluminium#aluminium-profiles-corniere-egale;VALIDÉ
corniere-egale-25x25x3mm-acier-lac;Cornière égale 25x25x3mm Acier LAC;acier;/acier/profiles/corniere-egale;Profilés;/images/produits/acier/profiles/corniere-egale/corniere-egale-25x25x3mm-acier-lac-caracteristiques.webp;/images/produits/acier/profiles/corniere-egale/studio-corniere-egale.webp;;/documents/fiche-technique-corniere-egale-en-acier-lamine-a-chaud.pdf;/p/corniere-egale-25x25x3mm-acier-lac;/catalogue/acier#acier-profiles-corniere-egale;VALIDÉ
corniere-egale-25x25x3mm-en-inox;Cornière égale 25x25x3mm en Inox;inox;/inox/profiles/corniere-egale;Profilés;/images/produits/inox/profiles/corniere-egale/corniere-egale-25x25x3mm-en-inox-caracteristiques.webp;/images/produits/inox/profiles/corniere-egale/studio-inox-corniere-egale.webp;;;/p/corniere-egale-25x25x3mm-en-inox;/catalogue/inox#inox-profiles-corniere-egale;VALIDÉ
corniere-egale-30x30x2mm-en-aluminium;Cornière égale 30x30x2mm en aluminium;aluminium;/aluminium/profiles/corniere-egale;Profilés;/images/produits/aluminium/profiles/corniere-egale/corniere-egale-30x30x2mm-en-aluminium-caracteristiques.webp;/images/produits/aluminium/profiles/corniere-egale/studio-aluminium-corniere-egale.webp;;;/p/corniere-egale-30x30x2mm-en-aluminium;/catalogue/aluminium#aluminium-profiles-corniere-egale;VALIDÉ
corniere-egale-30x30x3mm-acier-lac;Cornière égale 30x30x3mm Acier LAC;acier;/acier/profiles/corniere-egale;Profilés;/images/produits/acier/profiles/corniere-egale/corniere-egale-30x30x3mm-acier-lac-caracteristiques.webp;/images/produits/acier/profiles/corniere-egale/studio-corniere-egale.webp;;/documents/fiche-technique-corniere-egale-en-acier-lamine-a-chaud.pdf;/p/corniere-egale-30x30x3mm-acier-lac;/catalogue/acier#acier-profiles-corniere-egale;VALIDÉ
corniere-egale-30x30x3mm-en-aluminium;Cornière égale 30x30x3mm en aluminium;aluminium;/aluminium/profiles/corniere-egale;Profilés;/images/produits/aluminium/profiles/corniere-egale/corniere-egale-30x30x3mm-en-aluminium-caracteristiques.webp;/images/produits/aluminium/profiles/corniere-egale/studio-aluminium-corniere-egale.webp;;;/p/corniere-egale-30x30x3mm-en-aluminium;/catalogue/aluminium#aluminium-profiles-corniere-egale;VALIDÉ
corniere-egale-30x30x3mm-en-inox;Cornière égale 30x30x3mm en Inox;inox;/inox/profiles/corniere-egale;Profilés;/images/produits/inox/profiles/corniere-egale/corniere-egale-30x30x3mm-en-inox-caracteristiques.webp;/images/produits/inox/profiles/corniere-egale/studio-inox-corniere-egale.webp;;;/p/corniere-egale-30x30x3mm-en-inox;/catalogue/inox#inox-profiles-corniere-egale;VALIDÉ
corniere-egale-40x40x2mm-en-aluminium;Cornière égale 40x40x2mm en aluminium;aluminium;/aluminium/profiles/corniere-egale;Profilés;/images/produits/aluminium/profiles/corniere-egale/corniere-egale-40x40x2mm-en-aluminium-caracteristiques.webp;/images/produits/aluminium/profiles/corniere-egale/studio-aluminium-corniere-egale.webp;;;/p/corniere-egale-40x40x2mm-en-aluminium;/catalogue/aluminium#aluminium-profiles-corniere-egale;VALIDÉ
corniere-egale-40x40x3mm-acier-lac;Cornière égale 40x40x3mm Acier LAC;acier;/acier/profiles/corniere-egale;Profilés;/images/produits/acier/profiles/corniere-egale/corniere-egale-40x40x3mm-acier-lac-caracteristiques.webp;/images/produits/acier/profiles/corniere-egale/studio-corniere-egale.webp;;/documents/fiche-technique-corniere-egale-en-acier-lamine-a-chaud.pdf;/p/corniere-egale-40x40x3mm-acier-lac;/catalogue/acier#acier-profiles-corniere-egale;VALIDÉ
corniere-egale-40x40x3mm-en-aluminium;Cornière égale 40x40x3mm en aluminium;aluminium;/aluminium/profiles/corniere-egale;Profilés;/images/produits/aluminium/profiles/corniere-egale/corniere-egale-40x40x3mm-en-aluminium-caracteristiques.webp;/images/produits/aluminium/profiles/corniere-egale/studio-aluminium-corniere-egale.webp;;;/p/corniere-egale-40x40x3mm-en-aluminium;/catalogue/aluminium#aluminium-profiles-corniere-egale;VALIDÉ
corniere-egale-40x40x4mm-acier-lac;Cornière égale 40x40x4mm Acier LAC;acier;/acier/profiles/corniere-egale;Profilés;/images/produits/acier/profiles/corniere-egale/corniere-egale-40x40x4mm-acier-lac-caracteristiques.webp;/images/produits/acier/profiles/corniere-egale/studio-corniere-egale.webp;;/documents/fiche-technique-corniere-egale-en-acier-lamine-a-chaud.pdf;/p/corniere-egale-40x40x4mm-acier-lac;/catalogue/acier#acier-profiles-corniere-egale;VALIDÉ
corniere-egale-40x40x4mm-en-inox;Cornière égale 40x40x4mm en Inox;inox;/inox/profiles/corniere-egale;Profilés;/images/produits/inox/profiles/corniere-egale/corniere-egale-40x40x4mm-en-inox-caracteristiques.webp;/images/produits/inox/profiles/corniere-egale/studio-inox-corniere-egale.webp;;;/p/corniere-egale-40x40x4mm-en-inox;/catalogue/inox#inox-profiles-corniere-egale;VALIDÉ
corniere-egale-50x50x3mm-acier-lac;Cornière égale 50x50x3mm Acier LAC;acier;/acier/profiles/corniere-egale;Profilés;/images/produits/acier/profiles/corniere-egale/corniere-egale-50x50x3mm-acier-lac-caracteristiques.webp;/images/produits/acier/profiles/corniere-egale/studio-corniere-egale.webp;;/documents/fiche-technique-corniere-egale-en-acier-lamine-a-chaud.pdf;/p/corniere-egale-50x50x3mm-acier-lac;/catalogue/acier#acier-profiles-corniere-egale;VALIDÉ
corniere-egale-50x50x3mm-en-aluminium;Cornière égale 50x50x3mm en aluminium;aluminium;/aluminium/profiles/corniere-egale;Profilés;/images/produits/aluminium/profiles/corniere-egale/corniere-egale-50x50x3mm-en-aluminium-caracteristiques.webp;/images/produits/aluminium/profiles/corniere-egale/studio-aluminium-corniere-egale.webp;;;/p/corniere-egale-50x50x3mm-en-aluminium;/catalogue/aluminium#aluminium-profiles-corniere-egale;VALIDÉ
corniere-egale-50x50x5mm-acier-lac;Cornière égale 50x50x5mm Acier LAC;acier;/acier/profiles/corniere-egale;Profilés;/images/produits/acier/profiles/corniere-egale/corniere-egale-50x50x5mm-acier-lac-caracteristiques.webp;/images/produits/acier/profiles/corniere-egale/studio-corniere-egale.webp;;/documents/fiche-technique-corniere-egale-en-acier-lamine-a-chaud.pdf;/p/corniere-egale-50x50x5mm-acier-lac;/catalogue/acier#acier-profiles-corniere-egale;VALIDÉ
corniere-egale-50x50x5mm-en-inox;Cornière égale 50x50x5mm en Inox;inox;/inox/profiles/corniere-egale;Profilés;/images/produits/inox/profiles/corniere-egale/corniere-egale-50x50x5mm-en-inox-caracteristiques.webp;/images/produits/inox/profiles/corniere-egale/studio-inox-corniere-egale.webp;;;/p/corniere-egale-50x50x5mm-en-inox;/catalogue/inox#inox-profiles-corniere-egale;VALIDÉ
corniere-egale-60x60x3mm-en-aluminium;Cornière égale 60x60x3mm en aluminium;aluminium;/aluminium/profiles/corniere-egale;Profilés;/images/produits/aluminium/profiles/corniere-egale/corniere-egale-60x60x3mm-en-aluminium-caracteristiques.webp;/images/produits/aluminium/profiles/corniere-egale/studio-aluminium-corniere-egale.webp;;;/p/corniere-egale-60x60x3mm-en-aluminium;/catalogue/aluminium#aluminium-profiles-corniere-egale;VALIDÉ
corniere-egale-60x60x6mm-acier-lac;Cornière égale 60x60x6mm Acier LAC;acier;/acier/profiles/corniere-egale;Profilés;/images/produits/acier/profiles/corniere-egale/corniere-egale-60x60x6mm-acier-lac-caracteristiques.webp;/images/produits/acier/profiles/corniere-egale/studio-corniere-egale.webp;;/documents/fiche-technique-corniere-egale-en-acier-lamine-a-chaud.pdf;/p/corniere-egale-60x60x6mm-acier-lac;/catalogue/acier#acier-profiles-corniere-egale;VALIDÉ
corniere-egale-80x80x8mm-acier-lac;Cornière égale 80x80x8mm Acier LAC;acier;/acier/profiles/corniere-egale;Profilés;/images/produits/acier/profiles/corniere-egale/corniere-egale-80x80x8mm-acier-lac-caracteristiques.webp;/images/produits/acier/profiles/corniere-egale/studio-corniere-egale.webp;;/documents/fiche-technique-corniere-egale-en-acier-lamine-a-chaud.pdf;/p/corniere-egale-80x80x8mm-acier-lac;/catalogue/acier#acier-profiles-corniere-egale;VALIDÉ
corniere-inegale-100x50x6mm-acier-lac;Cornière inégale 100x50x6mm Acier LAC;acier;/acier/profiles/corniere-inegale;Profilés;/images/produits/acier/profiles/corniere-inegale/corniere-inegale-100x50x6mm-acier-lac-caracteristiques.webp;/images/produits/acier/profiles/corniere-inegale/studio-corniere-inegale.webp;;/documents/fiche-technique-corniere-inegale-en-acier-lamine-a-chaud.pdf;/p/corniere-inegale-100x50x6mm-acier-lac;/catalogue/acier#acier-profiles-corniere-inegale;VALIDÉ
corniere-inegale-150x100x10mm-acier-lac;Cornière inégale 150x100x10mm Acier LAC;acier;/acier/profiles/corniere-inegale;Profilés;/images/produits/acier/profiles/corniere-inegale/corniere-inegale-150x100x10mm-acier-lac-caracteristiques.webp;/images/produits/acier/profiles/corniere-inegale/studio-corniere-inegale.webp;;/documents/fiche-technique-corniere-inegale-en-acier-lamine-a-chaud.pdf;/p/corniere-inegale-150x100x10mm-acier-lac;/catalogue/acier#acier-profiles-corniere-inegale;VALIDÉ
corniere-inegale-200x100x10mm-acier-lac;Cornière inégale 200x100x10mm Acier LAC;acier;/acier/profiles/corniere-inegale;Profilés;/images/produits/acier/profiles/corniere-inegale/corniere-inegale-200x100x10mm-acier-lac-caracteristiques.webp;/images/produits/acier/profiles/corniere-inegale/studio-corniere-inegale.webp;;/documents/fiche-technique-corniere-inegale-en-acier-lamine-a-chaud.pdf;/p/corniere-inegale-200x100x10mm-acier-lac;/catalogue/acier#acier-profiles-corniere-inegale;VALIDÉ
corniere-inegale-60x40x5mm-acier-lac;Cornière inégale 60x40x5mm Acier LAC;acier;/acier/profiles/corniere-inegale;Profilés;/images/produits/acier/profiles/corniere-inegale/corniere-inegale-60x40x5mm-acier-lac-caracteristiques.webp;/images/produits/acier/profiles/corniere-inegale/studio-corniere-inegale.webp;;/documents/fiche-technique-corniere-inegale-en-acier-lamine-a-chaud.pdf;/p/corniere-inegale-60x40x5mm-acier-lac;/catalogue/acier#acier-profiles-corniere-inegale;VALIDÉ
corniere-inegale-70x50x6mm-acier-lac;Cornière inégale 70x50x6mm Acier LAC;acier;/acier/profiles/corniere-inegale;Profilés;/images/produits/acier/profiles/corniere-inegale/corniere-inegale-70x50x6mm-acier-lac-caracteristiques.webp;/images/produits/acier/profiles/corniere-inegale/studio-corniere-inegale.webp;;/documents/fiche-technique-corniere-inegale-en-acier-lamine-a-chaud.pdf;/p/corniere-inegale-70x50x6mm-acier-lac;/catalogue/acier#acier-profiles-corniere-inegale;VALIDÉ
dl-chemicals-parabond-600-290ml-gris;DL CHEMICALS PARABOND 600 – 290ml - gris;quincaillerie;/quincaillerie/protection-chimie/colles-etancheite;Protection & chimie;;;;/documents/fiche-technique-dl-chemicals-parabond-600-290ml-gris.pdf;/p/dl-chemicals-parabond-600-290ml-gris;/catalogue/quincaillerie#quincaillerie-protection-chimie-colles-etancheite;VISUEL À COMPLÉTER
dl-chemicals-parabond-800-290ml;DL CHEMICALS PARABOND 800 – 290ml;quincaillerie;/quincaillerie/protection-chimie/colles-etancheite;Protection & chimie;;;;/documents/fiche-technique-dl-chemicals-parabond-800-290ml.pdf;/p/dl-chemicals-parabond-800-290ml;/catalogue/quincaillerie#quincaillerie-protection-chimie-colles-etancheite;VISUEL À COMPLÉTER
dl-chemicals-parachim-vinylester-300ml;DL CHEMICALS PARACHIM VINYLESTER – 300ml;quincaillerie;/quincaillerie/protection-chimie/colles-etancheite;Protection & chimie;;;;/documents/fiche-technique-dl-chemicals-parachim-vinylester-300ml.pdf;/p/dl-chemicals-parachim-vinylester-300ml;/catalogue/quincaillerie#quincaillerie-protection-chimie-colles-etancheite;VISUEL À COMPLÉTER
dl-chemicals-parasilico-am85-1-300ml-transparent;DL CHEMICALS PARASILICO AM85-1 - 300ml - transparent;quincaillerie;/quincaillerie/protection-chimie/colles-etancheite;Protection & chimie;;;;/documents/fiche-technique-dl-chemicals-parasilico-am85-1-300ml-transparent.pdf;/p/dl-chemicals-parasilico-am85-1-300ml-transparent;/catalogue/quincaillerie#quincaillerie-protection-chimie-colles-etancheite;VISUEL À COMPLÉTER
fer-en-t-20x3mm-en-acier-lamine-a-chaud;Fer en T 20x3mm en acier laminé à chaud;acier;/acier/profiles/fer-t;Profilés;/images/produits/acier/profiles/fer-t/fer-en-t-20x3mm-en-acier-lamine-a-chaud-caracteristiques.webp;/images/produits/acier/profiles/fer-t/studio-fer-t.webp;;/documents/fiche-technique-fer-t.pdf;/p/fer-en-t-20x3mm-en-acier-lamine-a-chaud;/catalogue/acier#acier-profiles-fer-t;VALIDÉ
fer-en-t-30x4mm-en-acier-lamine-a-chaud;Fer en T 30x4mm en acier laminé à chaud;acier;/acier/profiles/fer-t;Profilés;/images/produits/acier/profiles/fer-t/fer-en-t-30x4mm-en-acier-lamine-a-chaud-caracteristiques.webp;/images/produits/acier/profiles/fer-t/studio-fer-t.webp;;/documents/fiche-technique-fer-t.pdf;/p/fer-en-t-30x4mm-en-acier-lamine-a-chaud;/catalogue/acier#acier-profiles-fer-t;VALIDÉ
fer-en-t-40x5mm-en-acier-lamine-a-chaud;Fer en T 40x5mm en acier laminé à chaud;acier;/acier/profiles/fer-t;Profilés;/images/produits/acier/profiles/fer-t/fer-en-t-40x5mm-en-acier-lamine-a-chaud-caracteristiques.webp;/images/produits/acier/profiles/fer-t/studio-fer-t.webp;;/documents/fiche-technique-fer-t.pdf;/p/fer-en-t-40x5mm-en-acier-lamine-a-chaud;/catalogue/acier#acier-profiles-fer-t;VALIDÉ
fer-en-t-50x6mm-en-acier-lamine-a-chaud;Fer en T 50x6mm en acier laminé à chaud;acier;/acier/profiles/fer-t;Profilés;/images/produits/acier/profiles/fer-t/fer-en-t-50x6mm-en-acier-lamine-a-chaud-caracteristiques.webp;/images/produits/acier/profiles/fer-t/studio-fer-t.webp;;/documents/fiche-technique-fer-t.pdf;/p/fer-en-t-50x6mm-en-acier-lamine-a-chaud;/catalogue/acier#acier-profiles-fer-t;VALIDÉ
fer-en-t-60x7mm-en-acier-lamine-a-chaud;Fer en T 60x7mm en acier laminé à chaud;acier;/acier/profiles/fer-t;Profilés;/images/produits/acier/profiles/fer-t/fer-en-t-60x7mm-en-acier-lamine-a-chaud-caracteristiques.webp;/images/produits/acier/profiles/fer-t/studio-fer-t.webp;;/documents/fiche-technique-fer-t.pdf;/p/fer-en-t-60x7mm-en-acier-lamine-a-chaud;/catalogue/acier#acier-profiles-fer-t;VALIDÉ
fixation-bride-30-nv-noir;FIXATION BRIDE 30 NV NOIR;jardin-cloture;/jardin-cloture/clotures/fixations;Clôtures;;;;;/p/fixation-bride-30-nv-noir;/catalogue/jardin-cloture#jardin-cloture-clotures-fixations;VISUEL À COMPLÉTER
kit-12-serveurs-clogriff-64;KIT 12 SERVEURS CLOGRIFF 64;jardin-cloture;/jardin-cloture/clotures/fixations;Clôtures;;;;;/p/kit-12-serveurs-clogriff-64;/catalogue/jardin-cloture#jardin-cloture-clotures-fixations;VISUEL À COMPLÉTER
kit-50-fixations-brides-30-nv-noir;KIT 50 FIXATIONS BRIDES 30 NV NOIR;jardin-cloture;/jardin-cloture/clotures/fixations;Clôtures;;;;;/p/kit-50-fixations-brides-30-nv-noir;/catalogue/jardin-cloture#jardin-cloture-clotures-fixations;VISUEL À COMPLÉTER
large-plat-180x10mm-en-acier-lamine-a-chaud;Large plat 180x10mm en acier laminé à chaud;acier;/acier/profiles/large-plat;Profilés;/images/produits/acier/profiles/large-plat/large-plat-180x10mm-en-acier-lamine-a-chaud-caracteristiques.webp;/images/produits/acier/profiles/large-plat/studio-large-plat.webp;;/documents/fiche-technique-large-plat-en-acier-lamine-a-chaud.pdf;/p/large-plat-180x10mm-en-acier-lamine-a-chaud;/catalogue/acier#acier-profiles-large-plat;VALIDÉ
large-plat-200x10mm-en-acier-lamine-a-chaud;Large plat 200x10mm en acier laminé à chaud;acier;/acier/profiles/large-plat;Profilés;/images/produits/acier/profiles/large-plat/large-plat-200x10mm-en-acier-lamine-a-chaud-caracteristiques.webp;/images/produits/acier/profiles/large-plat/studio-large-plat.webp;;/documents/fiche-technique-large-plat-en-acier-lamine-a-chaud.pdf;/p/large-plat-200x10mm-en-acier-lamine-a-chaud;/catalogue/acier#acier-profiles-large-plat;VALIDÉ
large-plat-en-acier-lamine-a-chaud-160x10mm;Large plat en acier laminé à chaud 160x10mm;acier;/acier/profiles/large-plat;Profilés;/images/produits/acier/profiles/large-plat/large-plat-en-acier-lamine-a-chaud-160x10mm-caracteristiques.webp;/images/produits/acier/profiles/large-plat/studio-large-plat.webp;;/documents/fiche-technique-large-plat-en-acier-lamine-a-chaud.pdf;/p/large-plat-en-acier-lamine-a-chaud-160x10mm;/catalogue/acier#acier-profiles-large-plat;VALIDÉ
marche-d-escalier-caillebotis-1000x230mm;Marche d'escalier caillebotis 1000x230mm;quincaillerie;/quincaillerie/caillebotis-marches;;/images/produits/quincaillerie/caillebotis-marches/marche-d-escalier-caillebotis-1000x230mm-caracteristiques.webp;/images/produits/quincaillerie/caillebotis-marches/studio-plancher-o2.webp;/images/produits/quincaillerie/caillebotis-marches/studio-caillebotis.webp | /images/produits/quincaillerie/caillebotis-marches/studio-marche-caillebotis.webp | /images/produits/quincaillerie/caillebotis-marches/studio-marche-o2.webp;;/p/marche-d-escalier-caillebotis-1000x230mm;/catalogue/quincaillerie#quincaillerie-caillebotis-marches;VALIDÉ
marche-d-escalier-caillebotis-600x200mm;Marche d'escalier caillebotis 600x200mm;quincaillerie;/quincaillerie/caillebotis-marches;;/images/produits/quincaillerie/caillebotis-marches/marche-d-escalier-caillebotis-600x200mm-caracteristiques.webp;/images/produits/quincaillerie/caillebotis-marches/studio-plancher-o2.webp;/images/produits/quincaillerie/caillebotis-marches/studio-caillebotis.webp | /images/produits/quincaillerie/caillebotis-marches/studio-marche-caillebotis.webp | /images/produits/quincaillerie/caillebotis-marches/studio-marche-o2.webp;;/p/marche-d-escalier-caillebotis-600x200mm;/catalogue/quincaillerie#quincaillerie-caillebotis-marches;VALIDÉ
marche-d-escalier-caillebotis-700x230mm;Marche d'escalier caillebotis 700x230mm;quincaillerie;/quincaillerie/caillebotis-marches;;/images/produits/quincaillerie/caillebotis-marches/marche-d-escalier-caillebotis-700x230mm-caracteristiques.webp;/images/produits/quincaillerie/caillebotis-marches/studio-plancher-o2.webp;/images/produits/quincaillerie/caillebotis-marches/studio-caillebotis.webp | /images/produits/quincaillerie/caillebotis-marches/studio-marche-caillebotis.webp | /images/produits/quincaillerie/caillebotis-marches/studio-marche-o2.webp;;/p/marche-d-escalier-caillebotis-700x230mm;/catalogue/quincaillerie#quincaillerie-caillebotis-marches;VALIDÉ
marche-d-escalier-caillebotis-800x230mm;Marche d'escalier caillebotis 800x230mm;quincaillerie;/quincaillerie/caillebotis-marches;;/images/produits/quincaillerie/caillebotis-marches/marche-d-escalier-caillebotis-800x230mm-caracteristiques.webp;/images/produits/quincaillerie/caillebotis-marches/studio-plancher-o2.webp;/images/produits/quincaillerie/caillebotis-marches/studio-caillebotis.webp | /images/produits/quincaillerie/caillebotis-marches/studio-marche-caillebotis.webp | /images/produits/quincaillerie/caillebotis-marches/studio-marche-o2.webp;;/p/marche-d-escalier-caillebotis-800x230mm;/catalogue/quincaillerie#quincaillerie-caillebotis-marches;VALIDÉ
marche-d-escalier-caillebotis-900x230mm;Marche d'escalier caillebotis 900x230mm;quincaillerie;/quincaillerie/caillebotis-marches;;/images/produits/quincaillerie/caillebotis-marches/marche-d-escalier-caillebotis-900x230mm-caracteristiques.webp;/images/produits/quincaillerie/caillebotis-marches/studio-plancher-o2.webp;/images/produits/quincaillerie/caillebotis-marches/studio-caillebotis.webp | /images/produits/quincaillerie/caillebotis-marches/studio-marche-caillebotis.webp | /images/produits/quincaillerie/caillebotis-marches/studio-marche-o2.webp;;/p/marche-d-escalier-caillebotis-900x230mm;/catalogue/quincaillerie#quincaillerie-caillebotis-marches;VALIDÉ
marche-securit-pcp-o2-achil-1000x250mm;Marche securit PCP O2 ACHIL 1000x250mm;quincaillerie;/quincaillerie/caillebotis-marches;;/images/produits/quincaillerie/caillebotis-marches/marche-securit-pcp-o2-achil-1000x250mm-caracteristiques.webp;/images/produits/quincaillerie/caillebotis-marches/studio-plancher-o2.webp;/images/produits/quincaillerie/caillebotis-marches/studio-caillebotis.webp | /images/produits/quincaillerie/caillebotis-marches/studio-marche-caillebotis.webp | /images/produits/quincaillerie/caillebotis-marches/studio-marche-o2.webp;/documents/fiche-technique-marches-d-escalier-achil-o2.pdf;/p/marche-securit-pcp-o2-achil-1000x250mm;/catalogue/quincaillerie#quincaillerie-caillebotis-marches;VALIDÉ
marche-securit-pcp-o2-achil-800-x-250mm;Marche securit PCP O2 ACHIL 800 x 250mm;quincaillerie;/quincaillerie/caillebotis-marches;;/images/produits/quincaillerie/caillebotis-marches/marche-securit-pcp-o2-achil-800-x-250mm-caracteristiques.webp;/images/produits/quincaillerie/caillebotis-marches/studio-plancher-o2.webp;/images/produits/quincaillerie/caillebotis-marches/studio-caillebotis.webp | /images/produits/quincaillerie/caillebotis-marches/studio-marche-caillebotis.webp | /images/produits/quincaillerie/caillebotis-marches/studio-marche-o2.webp;/documents/fiche-technique-marches-d-escalier-achil-o2.pdf;/p/marche-securit-pcp-o2-achil-800-x-250mm;/catalogue/quincaillerie#quincaillerie-caillebotis-marches;VALIDÉ
marche-securit-pcp-o2-achil-900x250mm;Marche securit PCP O2 ACHIL 900x250mm;quincaillerie;/quincaillerie/caillebotis-marches;;/images/produits/quincaillerie/caillebotis-marches/marche-securit-pcp-o2-achil-900x250mm-caracteristiques.webp;/images/produits/quincaillerie/caillebotis-marches/studio-plancher-o2.webp;/images/produits/quincaillerie/caillebotis-marches/studio-caillebotis.webp | /images/produits/quincaillerie/caillebotis-marches/studio-marche-caillebotis.webp | /images/produits/quincaillerie/caillebotis-marches/studio-marche-o2.webp;/documents/fiche-technique-marches-d-escalier-achil-o2.pdf;/p/marche-securit-pcp-o2-achil-900x250mm;/catalogue/quincaillerie#quincaillerie-caillebotis-marches;VALIDÉ
meuleuse-d-angle-flex-l-1001-1010w-125-mm;Meuleuse d'angle FLEX L 1001 – 1010W / 125 mm;quincaillerie;/quincaillerie/outillage;;;;;/documents/fiche-technique-meuleuse-d-angle-flex-l-1001-1010w-125-mm.pdf;/p/meuleuse-d-angle-flex-l-1001-1010w-125-mm;/catalogue/quincaillerie#quincaillerie-outillage;VISUEL À COMPLÉTER
panneau-isole-eco-30mm-260x105cm-ral-7016;Panneau isolé ECO 30mm – 260x105cm - RAL 7016;toiture-bardage;/toiture-bardage/panneaux-isoles/eurocopre-monolamiera-eco;Panneaux isolés;/images/produits/toiture-bardage/panneaux-isoles/eurocopre-monolamiera-eco/panneau-isole-eco-30mm-260x105cm-ral-7016-caracteristiques.webp;/images/produits/toiture-bardage/panneaux-isoles/eurocopre-monolamiera-eco/studio-panneau-isole-eco.webp;;/documents/fiche-technique-panneau-eurocopre-monolamiera-eco.pdf;/p/panneau-isole-eco-30mm-260x105cm-ral-7016;/catalogue/toiture-bardage#toiture-bardage-panneaux-isoles-eurocopre-monolamiera-eco;VALIDÉ
panneau-isole-eco-30mm-310x105cm-ral-7016;Panneau isolé ECO 30mm – 310x105cm - RAL 7016;toiture-bardage;/toiture-bardage/panneaux-isoles/eurocopre-monolamiera-eco;Panneaux isolés;/images/produits/toiture-bardage/panneaux-isoles/eurocopre-monolamiera-eco/panneau-isole-eco-30mm-310x105cm-ral-7016-caracteristiques.webp;/images/produits/toiture-bardage/panneaux-isoles/eurocopre-monolamiera-eco/studio-panneau-isole-eco.webp;;/documents/fiche-technique-panneau-eurocopre-monolamiera-eco.pdf;/p/panneau-isole-eco-30mm-310x105cm-ral-7016;/catalogue/toiture-bardage#toiture-bardage-panneaux-isoles-eurocopre-monolamiera-eco;VALIDÉ
panneau-isole-eco-30mm-360x105cm-ral-7016;Panneau isolé ECO 30mm – 360x105cm - RAL 7016;toiture-bardage;/toiture-bardage/panneaux-isoles/eurocopre-monolamiera-eco;Panneaux isolés;/images/produits/toiture-bardage/panneaux-isoles/eurocopre-monolamiera-eco/panneau-isole-eco-30mm-360x105cm-ral-7016-caracteristiques.webp;/images/produits/toiture-bardage/panneaux-isoles/eurocopre-monolamiera-eco/studio-panneau-isole-eco.webp;;/documents/fiche-technique-panneau-eurocopre-monolamiera-eco.pdf;/p/panneau-isole-eco-30mm-360x105cm-ral-7016;/catalogue/toiture-bardage#toiture-bardage-panneaux-isoles-eurocopre-monolamiera-eco;VALIDÉ
panneau-isole-eco-30mm-410x105cm-ral-7016;Panneau isolé ECO 30mm – 410x105cm - RAL 7016;toiture-bardage;/toiture-bardage/panneaux-isoles/eurocopre-monolamiera-eco;Panneaux isolés;/images/produits/toiture-bardage/panneaux-isoles/eurocopre-monolamiera-eco/panneau-isole-eco-30mm-410x105cm-ral-7016-caracteristiques.webp;/images/produits/toiture-bardage/panneaux-isoles/eurocopre-monolamiera-eco/studio-panneau-isole-eco.webp;;/documents/fiche-technique-panneau-eurocopre-monolamiera-eco.pdf;/p/panneau-isole-eco-30mm-410x105cm-ral-7016;/catalogue/toiture-bardage#toiture-bardage-panneaux-isoles-eurocopre-monolamiera-eco;VALIDÉ
panneau-isole-eco-30mm-460x105cm-ral-7016;Panneau isolé ECO 30mm – 460x105cm - RAL 7016;toiture-bardage;/toiture-bardage/panneaux-isoles/eurocopre-monolamiera-eco;Panneaux isolés;/images/produits/toiture-bardage/panneaux-isoles/eurocopre-monolamiera-eco/panneau-isole-eco-30mm-460x105cm-ral-7016-caracteristiques.webp;/images/produits/toiture-bardage/panneaux-isoles/eurocopre-monolamiera-eco/studio-panneau-isole-eco.webp;;/documents/fiche-technique-panneau-eurocopre-monolamiera-eco.pdf;/p/panneau-isole-eco-30mm-460x105cm-ral-7016;/catalogue/toiture-bardage#toiture-bardage-panneaux-isoles-eurocopre-monolamiera-eco;VALIDÉ
panneau-isole-eco-30mm-510x105cm-ral-7016;Panneau isolé ECO 30mm – 510x105cm - RAL 7016;toiture-bardage;/toiture-bardage/panneaux-isoles/eurocopre-monolamiera-eco;Panneaux isolés;/images/produits/toiture-bardage/panneaux-isoles/eurocopre-monolamiera-eco/panneau-isole-eco-30mm-510x105cm-ral-7016-caracteristiques.webp;/images/produits/toiture-bardage/panneaux-isoles/eurocopre-monolamiera-eco/studio-panneau-isole-eco.webp;;/documents/fiche-technique-panneau-eurocopre-monolamiera-eco.pdf;/p/panneau-isole-eco-30mm-510x105cm-ral-7016;/catalogue/toiture-bardage#toiture-bardage-panneaux-isoles-eurocopre-monolamiera-eco;VALIDÉ
panneau-isole-eco-30mm-560x105cm-ral-7016;Panneau isolé ECO 30mm – 560x105cm - RAL 7016;toiture-bardage;/toiture-bardage/panneaux-isoles/eurocopre-monolamiera-eco;Panneaux isolés;/images/produits/toiture-bardage/panneaux-isoles/eurocopre-monolamiera-eco/panneau-isole-eco-30mm-560x105cm-ral-7016-caracteristiques.webp;/images/produits/toiture-bardage/panneaux-isoles/eurocopre-monolamiera-eco/studio-panneau-isole-eco.webp;;/documents/fiche-technique-panneau-eurocopre-monolamiera-eco.pdf;/p/panneau-isole-eco-30mm-560x105cm-ral-7016;/catalogue/toiture-bardage#toiture-bardage-panneaux-isoles-eurocopre-monolamiera-eco;VALIDÉ
panneau-isole-eco-30mm-610x105cm-ral-7016;Panneau isolé ECO 30mm – 610x105cm - RAL 7016;toiture-bardage;/toiture-bardage/panneaux-isoles/eurocopre-monolamiera-eco;Panneaux isolés;/images/produits/toiture-bardage/panneaux-isoles/eurocopre-monolamiera-eco/panneau-isole-eco-30mm-610x105cm-ral-7016-caracteristiques.webp;/images/produits/toiture-bardage/panneaux-isoles/eurocopre-monolamiera-eco/studio-panneau-isole-eco.webp;;/documents/fiche-technique-panneau-eurocopre-monolamiera-eco.pdf;/p/panneau-isole-eco-30mm-610x105cm-ral-7016;/catalogue/toiture-bardage#toiture-bardage-panneaux-isoles-eurocopre-monolamiera-eco;VALIDÉ
panneaux-medium-3d-fils-5-4-h-1m53-gris-ral-7016;PANNEAUX MEDIUM 3D Fils 5/4 – H.1m53 – GRIS RAL 7016;jardin-cloture;/jardin-cloture/clotures/panneaux-rigides;Clôtures;/images/produits/jardin-cloture/clotures/panneaux-rigides/panneaux-medium-3d-fils-5-4-h-1m53-gris-ral-7016-caracteristiques.webp;/images/produits/jardin-cloture/clotures/panneaux-rigides/studio-panneau-cloture-plis-205.webp;/images/produits/jardin-cloture/clotures/panneaux-rigides/studio-panneau-cloture-medium-3d.webp;/documents/notice-de-pose-cloture-cloplus-40.pdf;/p/panneaux-medium-3d-fils-5-4-h-1m53-gris-ral-7016;/catalogue/jardin-cloture#jardin-cloture-clotures-panneaux-rigides;VALIDÉ
panneaux-medium-3d-fils-5-4-h-1m53-noir-ral-9005;PANNEAUX MEDIUM 3D Fils 5/4 – H.1m53 – NOIR RAL 9005;jardin-cloture;/jardin-cloture/clotures/panneaux-rigides;Clôtures;/images/produits/jardin-cloture/clotures/panneaux-rigides/panneaux-medium-3d-fils-5-4-h-1m53-noir-ral-9005-caracteristiques.webp;/images/produits/jardin-cloture/clotures/panneaux-rigides/studio-panneau-cloture-plis-205.webp;/images/produits/jardin-cloture/clotures/panneaux-rigides/studio-panneau-cloture-medium-3d.webp;/documents/notice-de-pose-cloture-cloplus-40.pdf;/p/panneaux-medium-3d-fils-5-4-h-1m53-noir-ral-9005;/catalogue/jardin-cloture#jardin-cloture-clotures-panneaux-rigides;VALIDÉ
panneaux-medium-3d-fils-5-4-h-1m53-vert-ral-6005;PANNEAUX MEDIUM 3D Fils 5/4 – H.1m53 – VERT RAL 6005;jardin-cloture;/jardin-cloture/clotures/panneaux-rigides;Clôtures;/images/produits/jardin-cloture/clotures/panneaux-rigides/panneaux-medium-3d-fils-5-4-h-1m53-vert-ral-6005-caracteristiques.webp;/images/produits/jardin-cloture/clotures/panneaux-rigides/studio-panneau-cloture-plis-205.webp;/images/produits/jardin-cloture/clotures/panneaux-rigides/studio-panneau-cloture-medium-3d.webp;/documents/notice-de-pose-cloture-cloplus-40.pdf;/p/panneaux-medium-3d-fils-5-4-h-1m53-vert-ral-6005;/catalogue/jardin-cloture#jardin-cloture-clotures-panneaux-rigides;VALIDÉ
panneaux-medium-3d-fils-5-4-h-1m73-gris-ral-7016;PANNEAUX MEDIUM 3D Fils 5/4 – H.1m73 – GRIS RAL 7016;jardin-cloture;/jardin-cloture/clotures/panneaux-rigides;Clôtures;/images/produits/jardin-cloture/clotures/panneaux-rigides/panneaux-medium-3d-fils-5-4-h-1m73-gris-ral-7016-caracteristiques.webp;/images/produits/jardin-cloture/clotures/panneaux-rigides/studio-panneau-cloture-plis-205.webp;/images/produits/jardin-cloture/clotures/panneaux-rigides/studio-panneau-cloture-medium-3d.webp;/documents/notice-de-pose-cloture-cloplus-40.pdf;/p/panneaux-medium-3d-fils-5-4-h-1m73-gris-ral-7016;/catalogue/jardin-cloture#jardin-cloture-clotures-panneaux-rigides;VALIDÉ
panneaux-medium-3d-fils-5-4-h-1m73-noir-ral-9005;PANNEAUX MEDIUM 3D Fils 5/4 – H.1m73 – NOIR RAL 9005;jardin-cloture;/jardin-cloture/clotures/panneaux-rigides;Clôtures;/images/produits/jardin-cloture/clotures/panneaux-rigides/panneaux-medium-3d-fils-5-4-h-1m73-noir-ral-9005-caracteristiques.webp;/images/produits/jardin-cloture/clotures/panneaux-rigides/studio-panneau-cloture-plis-205.webp;/images/produits/jardin-cloture/clotures/panneaux-rigides/studio-panneau-cloture-medium-3d.webp;/documents/notice-de-pose-cloture-cloplus-40.pdf;/p/panneaux-medium-3d-fils-5-4-h-1m73-noir-ral-9005;/catalogue/jardin-cloture#jardin-cloture-clotures-panneaux-rigides;VALIDÉ
panneaux-medium-3d-fils-5-4-h-1m73-vert-ral-6005;PANNEAUX MEDIUM 3D Fils 5/4 – H.1m73 – VERT RAL 6005;jardin-cloture;/jardin-cloture/clotures/panneaux-rigides;Clôtures;/images/produits/jardin-cloture/clotures/panneaux-rigides/panneaux-medium-3d-fils-5-4-h-1m73-vert-ral-6005-caracteristiques.webp;/images/produits/jardin-cloture/clotures/panneaux-rigides/studio-panneau-cloture-plis-205.webp;/images/produits/jardin-cloture/clotures/panneaux-rigides/studio-panneau-cloture-medium-3d.webp;/documents/notice-de-pose-cloture-cloplus-40.pdf;/p/panneaux-medium-3d-fils-5-4-h-1m73-vert-ral-6005;/catalogue/jardin-cloture#jardin-cloture-clotures-panneaux-rigides;VALIDÉ
panneaux-medium-3d-fils-5-4-h-1m93-gris-ral-7016;PANNEAUX MEDIUM 3D Fils 5/4 – H.1m93 – GRIS RAL 7016;jardin-cloture;/jardin-cloture/clotures/panneaux-rigides;Clôtures;/images/produits/jardin-cloture/clotures/panneaux-rigides/panneaux-medium-3d-fils-5-4-h-1m93-gris-ral-7016-caracteristiques.webp;/images/produits/jardin-cloture/clotures/panneaux-rigides/studio-panneau-cloture-plis-205.webp;/images/produits/jardin-cloture/clotures/panneaux-rigides/studio-panneau-cloture-medium-3d.webp;/documents/notice-de-pose-cloture-cloplus-40.pdf;/p/panneaux-medium-3d-fils-5-4-h-1m93-gris-ral-7016;/catalogue/jardin-cloture#jardin-cloture-clotures-panneaux-rigides;VALIDÉ
panneaux-medium-3d-fils-5-4-h-1m93-noir-ral-9005;PANNEAUX MEDIUM 3D Fils 5/4 – H.1m93 – NOIR RAL 9005;jardin-cloture;/jardin-cloture/clotures/panneaux-rigides;Clôtures;/images/produits/jardin-cloture/clotures/panneaux-rigides/panneaux-medium-3d-fils-5-4-h-1m93-noir-ral-9005-caracteristiques.webp;/images/produits/jardin-cloture/clotures/panneaux-rigides/studio-panneau-cloture-plis-205.webp;/images/produits/jardin-cloture/clotures/panneaux-rigides/studio-panneau-cloture-medium-3d.webp;/documents/notice-de-pose-cloture-cloplus-40.pdf;/p/panneaux-medium-3d-fils-5-4-h-1m93-noir-ral-9005;/catalogue/jardin-cloture#jardin-cloture-clotures-panneaux-rigides;VALIDÉ
panneaux-medium-3d-fils-5-4-h-1m93-vert-ral-6005;PANNEAUX MEDIUM 3D Fils 5/4 – H.1m93 – VERT RAL 6005;jardin-cloture;/jardin-cloture/clotures/panneaux-rigides;Clôtures;/images/produits/jardin-cloture/clotures/panneaux-rigides/panneaux-medium-3d-fils-5-4-h-1m93-vert-ral-6005-caracteristiques.webp;/images/produits/jardin-cloture/clotures/panneaux-rigides/studio-panneau-cloture-plis-205.webp;/images/produits/jardin-cloture/clotures/panneaux-rigides/studio-panneau-cloture-medium-3d.webp;/documents/notice-de-pose-cloture-cloplus-40.pdf;/p/panneaux-medium-3d-fils-5-4-h-1m93-vert-ral-6005;/catalogue/jardin-cloture#jardin-cloture-clotures-panneaux-rigides;VALIDÉ
panneaux-plis-205-fils-5-5-3d-h-1m73-gris-7016;PANNEAUX PLIS 205 Fils 5/5 – 3D - H. 1m73 – GRIS 7016;jardin-cloture;/jardin-cloture/clotures/panneaux-rigides;Clôtures;/images/produits/jardin-cloture/clotures/panneaux-rigides/panneaux-plis-205-fils-5-5-3d-h-1m73-gris-7016-caracteristiques.webp;/images/produits/jardin-cloture/clotures/panneaux-rigides/studio-panneau-cloture-plis-205.webp;/images/produits/jardin-cloture/clotures/panneaux-rigides/studio-panneau-cloture-medium-3d.webp;/documents/notice-de-pose-cloture-clogriff-64.pdf | /documents/notice-de-pose-cloture-cloplus-40.pdf;/p/panneaux-plis-205-fils-5-5-3d-h-1m73-gris-7016;/catalogue/jardin-cloture#jardin-cloture-clotures-panneaux-rigides;VALIDÉ
panneaux-plis-205-fils-5-5-3d-h-1m73-noir-ral-9005;PANNEAUX PLIS 205 Fils 5/5 – 3D - H. 1m73 – NOIR RAL 9005;jardin-cloture;/jardin-cloture/clotures/panneaux-rigides;Clôtures;/images/produits/jardin-cloture/clotures/panneaux-rigides/panneaux-plis-205-fils-5-5-3d-h-1m73-noir-ral-9005-caracteristiques.webp;/images/produits/jardin-cloture/clotures/panneaux-rigides/studio-panneau-cloture-plis-205.webp;/images/produits/jardin-cloture/clotures/panneaux-rigides/studio-panneau-cloture-medium-3d.webp;/documents/fiche-technique-poteaux-de-cloture-cloplus-40.pdf | /documents/notice-de-pose-cloture-clogriff-64.pdf;/p/panneaux-plis-205-fils-5-5-3d-h-1m73-noir-ral-9005;/catalogue/jardin-cloture#jardin-cloture-clotures-panneaux-rigides;VALIDÉ
panneaux-plis-205-fils-5-5-3d-h-1m93-gris-7016;PANNEAUX PLIS 205 Fils 5/5 – 3D - H. 1m93 – GRIS 7016;jardin-cloture;/jardin-cloture/clotures/panneaux-rigides;Clôtures;/images/produits/jardin-cloture/clotures/panneaux-rigides/panneaux-plis-205-fils-5-5-3d-h-1m93-gris-7016-caracteristiques.webp;/images/produits/jardin-cloture/clotures/panneaux-rigides/studio-panneau-cloture-plis-205.webp;/images/produits/jardin-cloture/clotures/panneaux-rigides/studio-panneau-cloture-medium-3d.webp;/documents/notice-de-pose-cloture-cloplus-40.pdf | /documents/notice-de-pose-cloture-clogriff-64.pdf;/p/panneaux-plis-205-fils-5-5-3d-h-1m93-gris-7016;/catalogue/jardin-cloture#jardin-cloture-clotures-panneaux-rigides;VALIDÉ
panneaux-plis-205-fils-5-5-3d-h-1m93-noir-ral-9005;PANNEAUX PLIS 205 Fils 5/5 – 3D - H. 1m93 – NOIR RAL 9005;jardin-cloture;/jardin-cloture/clotures/panneaux-rigides;Clôtures;/images/produits/jardin-cloture/clotures/panneaux-rigides/panneaux-plis-205-fils-5-5-3d-h-1m93-noir-ral-9005-caracteristiques.webp;/images/produits/jardin-cloture/clotures/panneaux-rigides/studio-panneau-cloture-plis-205.webp;/images/produits/jardin-cloture/clotures/panneaux-rigides/studio-panneau-cloture-medium-3d.webp;/documents/fiche-technique-poteaux-de-cloture-cloplus-40.pdf | /documents/notice-de-pose-cloture-clogriff-64.pdf;/p/panneaux-plis-205-fils-5-5-3d-h-1m93-noir-ral-9005;/catalogue/jardin-cloture#jardin-cloture-clotures-panneaux-rigides;VALIDÉ
plancher-securit-pcp-o2-1000x1000mm;Plancher securit PCP O2 - 1000x1000mm;quincaillerie;/quincaillerie/caillebotis-marches;;/images/produits/quincaillerie/caillebotis-marches/plancher-securit-pcp-o2-1000x1000mm-caracteristiques.webp;/images/produits/quincaillerie/caillebotis-marches/studio-plancher-o2.webp;/images/produits/quincaillerie/caillebotis-marches/studio-caillebotis.webp | /images/produits/quincaillerie/caillebotis-marches/studio-marche-caillebotis.webp | /images/produits/quincaillerie/caillebotis-marches/studio-marche-o2.webp;/documents/fiche-technique-plancher-securit-pcp-o2-1000x1000mm.pdf;/p/plancher-securit-pcp-o2-1000x1000mm;/catalogue/quincaillerie#quincaillerie-caillebotis-marches;VALIDÉ
plat-100x10mm-en-acier-lamine-a-chaud;Plat 100x10mm en acier laminé à chaud;acier;/acier/profiles/plat;Profilés;/images/produits/acier/profiles/plat/plat-100x10mm-en-acier-lamine-a-chaud-caracteristiques.webp;/images/produits/acier/profiles/plat/studio-plat.webp;;/documents/fiche-technique-plat-en-acier-lamine-a-chaud.pdf;/p/plat-100x10mm-en-acier-lamine-a-chaud;/catalogue/acier#acier-profiles-plat;VALIDÉ
plat-100x5mm-en-acier-lamine-a-chaud;Plat 100x5mm en acier laminé à chaud;acier;/acier/profiles/plat;Profilés;/images/produits/acier/profiles/plat/plat-100x5mm-en-acier-lamine-a-chaud-caracteristiques.webp;/images/produits/acier/profiles/plat/studio-plat.webp;;/documents/fiche-technique-plat-en-acier-lamine-a-chaud.pdf;/p/plat-100x5mm-en-acier-lamine-a-chaud;/catalogue/acier#acier-profiles-plat;VALIDÉ
plat-100x8mm-en-acier-lamine-a-chaud;Plat 100x8mm en acier laminé à chaud;acier;/acier/profiles/plat;Profilés;/images/produits/acier/profiles/plat/plat-100x8mm-en-acier-lamine-a-chaud-caracteristiques.webp;/images/produits/acier/profiles/plat/studio-plat.webp;;/documents/fiche-technique-plat-en-acier-lamine-a-chaud.pdf;/p/plat-100x8mm-en-acier-lamine-a-chaud;/catalogue/acier#acier-profiles-plat;VALIDÉ
plat-10x3mm-en-acier-lamine-a-chaud;Plat 10x3mm en acier laminé à chaud;acier;/acier/profiles/plat;Profilés;/images/produits/acier/profiles/plat/plat-10x3mm-en-acier-lamine-a-chaud-caracteristiques.webp;/images/produits/acier/profiles/plat/studio-plat.webp;;/documents/fiche-technique-plat-en-acier-lamine-a-chaud.pdf;/p/plat-10x3mm-en-acier-lamine-a-chaud;/catalogue/acier#acier-profiles-plat;VALIDÉ
plat-120x10mm-en-acier-lamine-a-chaud;Plat 120x10mm en acier laminé à chaud;acier;/acier/profiles/plat;Profilés;/images/produits/acier/profiles/plat/plat-120x10mm-en-acier-lamine-a-chaud-caracteristiques.webp;/images/produits/acier/profiles/plat/studio-plat.webp;;/documents/fiche-technique-plat-en-acier-lamine-a-chaud.pdf;/p/plat-120x10mm-en-acier-lamine-a-chaud;/catalogue/acier#acier-profiles-plat;VALIDÉ
plat-120x5mm-en-acier-lamine-a-chaud;Plat 120x5mm en acier laminé à chaud;acier;/acier/profiles/plat;Profilés;/images/produits/acier/profiles/plat/plat-120x5mm-en-acier-lamine-a-chaud-caracteristiques.webp;/images/produits/acier/profiles/plat/studio-plat.webp;;/documents/fiche-technique-plat-en-acier-lamine-a-chaud.pdf;/p/plat-120x5mm-en-acier-lamine-a-chaud;/catalogue/acier#acier-profiles-plat;VALIDÉ
plat-140x10mm-en-acier-lamine-a-chaud;Plat 140x10mm en acier laminé à chaud;acier;/acier/profiles/plat;Profilés;/images/produits/acier/profiles/plat/plat-140x10mm-en-acier-lamine-a-chaud-caracteristiques.webp;/images/produits/acier/profiles/plat/studio-plat.webp;;/documents/fiche-technique-plat-en-acier-lamine-a-chaud.pdf;/p/plat-140x10mm-en-acier-lamine-a-chaud;/catalogue/acier#acier-profiles-plat;VALIDÉ
plat-150x10mm-en-acier-lamine-a-chaud;Plat 150x10mm en acier laminé à chaud;acier;/acier/profiles/plat;Profilés;/images/produits/acier/profiles/plat/plat-150x10mm-en-acier-lamine-a-chaud-caracteristiques.webp;/images/produits/acier/profiles/plat/studio-plat.webp;;/documents/fiche-technique-plat-en-acier-lamine-a-chaud.pdf;/p/plat-150x10mm-en-acier-lamine-a-chaud;/catalogue/acier#acier-profiles-plat;VALIDÉ
plat-150x5mm-en-acier-lamine-a-chaud;Plat 150x5mm en acier laminé à chaud;acier;/acier/profiles/plat;Profilés;/images/produits/acier/profiles/plat/plat-150x5mm-en-acier-lamine-a-chaud-caracteristiques.webp;/images/produits/acier/profiles/plat/studio-plat.webp;;/documents/fiche-technique-plat-en-acier-lamine-a-chaud.pdf;/p/plat-150x5mm-en-acier-lamine-a-chaud;/catalogue/acier#acier-profiles-plat;VALIDÉ
plat-20x10mm-en-acier-lamine-a-chaud;Plat 20x10mm en acier laminé à chaud;acier;/acier/profiles/plat;Profilés;/images/produits/acier/profiles/plat/plat-20x10mm-en-acier-lamine-a-chaud-caracteristiques.webp;/images/produits/acier/profiles/plat/studio-plat.webp;;/documents/fiche-technique-plat-en-acier-lamine-a-chaud.pdf;/p/plat-20x10mm-en-acier-lamine-a-chaud;/catalogue/acier#acier-profiles-plat;VALIDÉ
plat-20x3mm-en-acier-lamine-a-chaud;Plat 20x3mm en acier laminé à chaud;acier;/acier/profiles/plat;Profilés;/images/produits/acier/profiles/plat/plat-20x3mm-en-acier-lamine-a-chaud-caracteristiques.webp;/images/produits/acier/profiles/plat/studio-plat.webp;;/documents/fiche-technique-plat-en-acier-lamine-a-chaud.pdf;/p/plat-20x3mm-en-acier-lamine-a-chaud;/catalogue/acier#acier-profiles-plat;VALIDÉ
plat-20x3mm-en-inox-304;Plat 20x3mm en Inox 304;inox;/inox/profiles/plat;Profilés;/images/produits/inox/profiles/plat/plat-20x3mm-en-inox-304-caracteristiques.webp;/images/produits/inox/profiles/plat/studio-inox-plat.webp;;;/p/plat-20x3mm-en-inox-304;/catalogue/inox#inox-profiles-plat;VALIDÉ
plat-20x5mm-en-acier-lamine-a-chaud;Plat 20x5mm en acier laminé à chaud;acier;/acier/profiles/plat;Profilés;/images/produits/acier/profiles/plat/plat-20x5mm-en-acier-lamine-a-chaud-caracteristiques.webp;/images/produits/acier/profiles/plat/studio-plat.webp;;/documents/fiche-technique-plat-en-acier-lamine-a-chaud.pdf;/p/plat-20x5mm-en-acier-lamine-a-chaud;/catalogue/acier#acier-profiles-plat;VALIDÉ
plat-20x5mm-en-inox-304;Plat 20x5mm en Inox 304;inox;/inox/profiles/plat;Profilés;/images/produits/inox/profiles/plat/plat-20x5mm-en-inox-304-caracteristiques.webp;/images/produits/inox/profiles/plat/studio-inox-plat.webp;;;/p/plat-20x5mm-en-inox-304;/catalogue/inox#inox-profiles-plat;VALIDÉ
plat-25x10mm-en-acier-lamine-a-chaud;Plat 25x10mm en acier laminé à chaud;acier;/acier/profiles/plat;Profilés;/images/produits/acier/profiles/plat/plat-25x10mm-en-acier-lamine-a-chaud-caracteristiques.webp;/images/produits/acier/profiles/plat/studio-plat.webp;;/documents/fiche-technique-plat-en-acier-lamine-a-chaud.pdf;/p/plat-25x10mm-en-acier-lamine-a-chaud;/catalogue/acier#acier-profiles-plat;VALIDÉ
plat-25x3mm-en-acier-lamine-a-chaud;Plat 25x3mm en acier laminé à chaud;acier;/acier/profiles/plat;Profilés;/images/produits/acier/profiles/plat/plat-25x3mm-en-acier-lamine-a-chaud-caracteristiques.webp;/images/produits/acier/profiles/plat/studio-plat.webp;;/documents/fiche-technique-plat-en-acier-lamine-a-chaud.pdf;/p/plat-25x3mm-en-acier-lamine-a-chaud;/catalogue/acier#acier-profiles-plat;VALIDÉ
plat-25x3mm-en-inox-304;Plat 25x3mm en Inox 304;inox;/inox/profiles/plat;Profilés;/images/produits/inox/profiles/plat/plat-25x3mm-en-inox-304-caracteristiques.webp;/images/produits/inox/profiles/plat/studio-inox-plat.webp;;;/p/plat-25x3mm-en-inox-304;/catalogue/inox#inox-profiles-plat;VALIDÉ
plat-25x4mm-en-acier-lamine-a-chaud;Plat 25x4mm en acier laminé à chaud;acier;/acier/profiles/plat;Profilés;/images/produits/acier/profiles/plat/plat-25x4mm-en-acier-lamine-a-chaud-caracteristiques.webp;/images/produits/acier/profiles/plat/studio-plat.webp;;/documents/fiche-technique-plat-en-acier-lamine-a-chaud.pdf;/p/plat-25x4mm-en-acier-lamine-a-chaud;/catalogue/acier#acier-profiles-plat;VALIDÉ
plat-25x5mm-en-acier-lamine-a-chaud;Plat 25x5mm en acier laminé à chaud;acier;/acier/profiles/plat;Profilés;/images/produits/acier/profiles/plat/plat-25x5mm-en-acier-lamine-a-chaud-caracteristiques.webp;/images/produits/acier/profiles/plat/studio-plat.webp;;/documents/fiche-technique-plat-en-acier-lamine-a-chaud.pdf;/p/plat-25x5mm-en-acier-lamine-a-chaud;/catalogue/acier#acier-profiles-plat;VALIDÉ
plat-25x5mm-en-inox-304;Plat 25x5mm en Inox 304;inox;/inox/profiles/plat;Profilés;/images/produits/inox/profiles/plat/plat-25x5mm-en-inox-304-caracteristiques.webp;/images/produits/inox/profiles/plat/studio-inox-plat.webp;;;/p/plat-25x5mm-en-inox-304;/catalogue/inox#inox-profiles-plat;VALIDÉ
plat-30x10mm-en-acier-lamine-a-chaud;Plat 30x10mm en acier laminé à chaud;acier;/acier/profiles/plat;Profilés;/images/produits/acier/profiles/plat/plat-30x10mm-en-acier-lamine-a-chaud-caracteristiques.webp;/images/produits/acier/profiles/plat/studio-plat.webp;;/documents/fiche-technique-plat-en-acier-lamine-a-chaud.pdf;/p/plat-30x10mm-en-acier-lamine-a-chaud;/catalogue/acier#acier-profiles-plat;VALIDÉ
plat-30x20mm-en-acier-lamine-a-chaud;Plat 30x20mm en acier laminé à chaud;acier;/acier/profiles/plat;Profilés;/images/produits/acier/profiles/plat/plat-30x20mm-en-acier-lamine-a-chaud-caracteristiques.webp;/images/produits/acier/profiles/plat/studio-plat.webp;;/documents/fiche-technique-plat-en-acier-lamine-a-chaud.pdf;/p/plat-30x20mm-en-acier-lamine-a-chaud;/catalogue/acier#acier-profiles-plat;VALIDÉ
plat-30x3mm-en-acier-lamine-a-chaud;Plat 30x3mm en acier laminé à chaud;acier;/acier/profiles/plat;Profilés;/images/produits/acier/profiles/plat/plat-30x3mm-en-acier-lamine-a-chaud-caracteristiques.webp;/images/produits/acier/profiles/plat/studio-plat.webp;;/documents/fiche-technique-plat-en-acier-lamine-a-chaud.pdf;/p/plat-30x3mm-en-acier-lamine-a-chaud;/catalogue/acier#acier-profiles-plat;VALIDÉ
plat-30x3mm-en-inox-304;Plat 30x3mm en Inox 304;inox;/inox/profiles/plat;Profilés;/images/produits/inox/profiles/plat/plat-30x3mm-en-inox-304-caracteristiques.webp;/images/produits/inox/profiles/plat/studio-inox-plat.webp;;;/p/plat-30x3mm-en-inox-304;/catalogue/inox#inox-profiles-plat;VALIDÉ
plat-30x5mm-en-acier-lamine-a-chaud;Plat 30x5mm en acier laminé à chaud;acier;/acier/profiles/plat;Profilés;/images/produits/acier/profiles/plat/plat-30x5mm-en-acier-lamine-a-chaud-caracteristiques.webp;/images/produits/acier/profiles/plat/studio-plat.webp;;/documents/fiche-technique-plat-en-acier-lamine-a-chaud.pdf;/p/plat-30x5mm-en-acier-lamine-a-chaud;/catalogue/acier#acier-profiles-plat;VALIDÉ
plat-30x5mm-en-inox-304;Plat 30x5mm en Inox 304;inox;/inox/profiles/plat;Profilés;/images/produits/inox/profiles/plat/plat-30x5mm-en-inox-304-caracteristiques.webp;/images/produits/inox/profiles/plat/studio-inox-plat.webp;;;/p/plat-30x5mm-en-inox-304;/catalogue/inox#inox-profiles-plat;VALIDÉ
plat-30x6mm-en-acier-lamine-a-chaud;Plat 30x6mm en acier laminé à chaud;acier;/acier/profiles/plat;Profilés;/images/produits/acier/profiles/plat/plat-30x6mm-en-acier-lamine-a-chaud-caracteristiques.webp;/images/produits/acier/profiles/plat/studio-plat.webp;;/documents/fiche-technique-plat-en-acier-lamine-a-chaud.pdf;/p/plat-30x6mm-en-acier-lamine-a-chaud;/catalogue/acier#acier-profiles-plat;VALIDÉ
plat-30x8mm-en-acier-lamine-a-chaud;Plat 30x8mm en acier laminé à chaud;acier;/acier/profiles/plat;Profilés;/images/produits/acier/profiles/plat/plat-30x8mm-en-acier-lamine-a-chaud-caracteristiques.webp;/images/produits/acier/profiles/plat/studio-plat.webp;;/documents/fiche-technique-plat-en-acier-lamine-a-chaud.pdf;/p/plat-30x8mm-en-acier-lamine-a-chaud;/catalogue/acier#acier-profiles-plat;VALIDÉ
plat-40x10mm-en-acier-lamine-a-chaud;Plat 40x10mm en acier laminé à chaud;acier;/acier/profiles/plat;Profilés;/images/produits/acier/profiles/plat/plat-40x10mm-en-acier-lamine-a-chaud-caracteristiques.webp;/images/produits/acier/profiles/plat/studio-plat.webp;;/documents/fiche-technique-plat-en-acier-lamine-a-chaud.pdf;/p/plat-40x10mm-en-acier-lamine-a-chaud;/catalogue/acier#acier-profiles-plat;VALIDÉ
plat-40x3mm-en-acier-lamine-a-chaud;Plat 40x3mm en acier laminé à chaud;acier;/acier/profiles/plat;Profilés;/images/produits/acier/profiles/plat/plat-40x3mm-en-acier-lamine-a-chaud-caracteristiques.webp;/images/produits/acier/profiles/plat/studio-plat.webp;;/documents/fiche-technique-plat-en-acier-lamine-a-chaud.pdf;/p/plat-40x3mm-en-acier-lamine-a-chaud;/catalogue/acier#acier-profiles-plat;VALIDÉ
plat-40x3mm-en-inox-304;Plat 40x3mm en Inox 304;inox;/inox/profiles/plat;Profilés;/images/produits/inox/profiles/plat/plat-40x3mm-en-inox-304-caracteristiques.webp;/images/produits/inox/profiles/plat/studio-inox-plat.webp;;;/p/plat-40x3mm-en-inox-304;/catalogue/inox#inox-profiles-plat;VALIDÉ
plat-40x4mm-en-acier-lamine-a-chaud;Plat 40x4mm en acier laminé à chaud;acier;/acier/profiles/plat;Profilés;/images/produits/acier/profiles/plat/plat-40x4mm-en-acier-lamine-a-chaud-caracteristiques.webp;/images/produits/acier/profiles/plat/studio-plat.webp;;/documents/fiche-technique-plat-en-acier-lamine-a-chaud.pdf;/p/plat-40x4mm-en-acier-lamine-a-chaud;/catalogue/acier#acier-profiles-plat;VALIDÉ
plat-40x5mm-en-acier-lamine-a-chaud;Plat 40x5mm en acier laminé à chaud;acier;/acier/profiles/plat;Profilés;/images/produits/acier/profiles/plat/plat-40x5mm-en-acier-lamine-a-chaud-caracteristiques.webp;/images/produits/acier/profiles/plat/studio-plat.webp;;/documents/fiche-technique-plat-en-acier-lamine-a-chaud.pdf;/p/plat-40x5mm-en-acier-lamine-a-chaud;/catalogue/acier#acier-profiles-plat;VALIDÉ
plat-40x5mm-en-inox-304;Plat 40x5mm en Inox 304;inox;/inox/profiles/plat;Profilés;/images/produits/inox/profiles/plat/plat-40x5mm-en-inox-304-caracteristiques.webp;/images/produits/inox/profiles/plat/studio-inox-plat.webp;;;/p/plat-40x5mm-en-inox-304;/catalogue/inox#inox-profiles-plat;VALIDÉ
plat-40x8mm-en-acier-lamine-a-chaud;Plat 40x8mm en acier laminé à chaud;acier;/acier/profiles/plat;Profilés;/images/produits/acier/profiles/plat/plat-40x8mm-en-acier-lamine-a-chaud-caracteristiques.webp;/images/produits/acier/profiles/plat/studio-plat.webp;;/documents/fiche-technique-plat-en-acier-lamine-a-chaud.pdf;/p/plat-40x8mm-en-acier-lamine-a-chaud;/catalogue/acier#acier-profiles-plat;VALIDÉ
plat-50x10mm-en-acier-lamine-a-chaud;Plat 50x10mm en acier laminé à chaud;acier;/acier/profiles/plat;Profilés;/images/produits/acier/profiles/plat/plat-50x10mm-en-acier-lamine-a-chaud-caracteristiques.webp;/images/produits/acier/profiles/plat/studio-plat.webp;;/documents/fiche-technique-plat-en-acier-lamine-a-chaud.pdf;/p/plat-50x10mm-en-acier-lamine-a-chaud;/catalogue/acier#acier-profiles-plat;VALIDÉ
plat-50x3mm-en-acier-lamine-a-chaud;Plat 50x3mm en acier laminé à chaud;acier;/acier/profiles/plat;Profilés;/images/produits/acier/profiles/plat/plat-50x3mm-en-acier-lamine-a-chaud-caracteristiques.webp;/images/produits/acier/profiles/plat/studio-plat.webp;;/documents/fiche-technique-plat-en-acier-lamine-a-chaud.pdf;/p/plat-50x3mm-en-acier-lamine-a-chaud;/catalogue/acier#acier-profiles-plat;VALIDÉ
plat-50x5mm-en-acier-lamine-a-chaud;Plat 50x5mm en acier laminé à chaud;acier;/acier/profiles/plat;Profilés;/images/produits/acier/profiles/plat/plat-50x5mm-en-acier-lamine-a-chaud-caracteristiques.webp;/images/produits/acier/profiles/plat/studio-plat.webp;;/documents/fiche-technique-plat-en-acier-lamine-a-chaud.pdf;/p/plat-50x5mm-en-acier-lamine-a-chaud;/catalogue/acier#acier-profiles-plat;VALIDÉ
plat-50x5mm-en-inox-304;Plat 50x5mm en Inox 304;inox;/inox/profiles/plat;Profilés;/images/produits/inox/profiles/plat/plat-50x5mm-en-inox-304-caracteristiques.webp;/images/produits/inox/profiles/plat/studio-inox-plat.webp;;;/p/plat-50x5mm-en-inox-304;/catalogue/inox#inox-profiles-plat;VALIDÉ
plat-50x8mm-en-acier-lamine-a-chaud;Plat 50x8mm en acier laminé à chaud;acier;/acier/profiles/plat;Profilés;/images/produits/acier/profiles/plat/plat-50x8mm-en-acier-lamine-a-chaud-caracteristiques.webp;/images/produits/acier/profiles/plat/studio-plat.webp;;/documents/fiche-technique-plat-en-acier-lamine-a-chaud.pdf;/p/plat-50x8mm-en-acier-lamine-a-chaud;/catalogue/acier#acier-profiles-plat;VALIDÉ
plat-60x10mm-en-acier-lamine-a-chaud;Plat 60x10mm en acier laminé à chaud;acier;/acier/profiles/plat;Profilés;/images/produits/acier/profiles/plat/plat-60x10mm-en-acier-lamine-a-chaud-caracteristiques.webp;/images/produits/acier/profiles/plat/studio-plat.webp;;/documents/fiche-technique-plat-en-acier-lamine-a-chaud.pdf;/p/plat-60x10mm-en-acier-lamine-a-chaud;/catalogue/acier#acier-profiles-plat;VALIDÉ
plat-60x5mm-en-acier-lamine-a-chaud;Plat 60x5mm en acier laminé à chaud;acier;/acier/profiles/plat;Profilés;/images/produits/acier/profiles/plat/plat-60x5mm-en-acier-lamine-a-chaud-caracteristiques.webp;/images/produits/acier/profiles/plat/studio-plat.webp;;/documents/fiche-technique-plat-en-acier-lamine-a-chaud.pdf;/p/plat-60x5mm-en-acier-lamine-a-chaud;/catalogue/acier#acier-profiles-plat;VALIDÉ
plat-60x5mm-en-inox-304;Plat 60x5mm en Inox 304;inox;/inox/profiles/plat;Profilés;/images/produits/inox/profiles/plat/plat-60x5mm-en-inox-304-caracteristiques.webp;/images/produits/inox/profiles/plat/studio-inox-plat.webp;;;/p/plat-60x5mm-en-inox-304;/catalogue/inox#inox-profiles-plat;VALIDÉ
plat-60x8mm-en-acier-lamine-a-chaud;Plat 60x8mm en acier laminé à chaud;acier;/acier/profiles/plat;Profilés;/images/produits/acier/profiles/plat/plat-60x8mm-en-acier-lamine-a-chaud-caracteristiques.webp;/images/produits/acier/profiles/plat/studio-plat.webp;;/documents/fiche-technique-plat-en-acier-lamine-a-chaud.pdf;/p/plat-60x8mm-en-acier-lamine-a-chaud;/catalogue/acier#acier-profiles-plat;VALIDÉ
plat-70x10mm-en-acier-lamine-a-chaud;Plat 70x10mm en acier laminé à chaud;acier;/acier/profiles/plat;Profilés;/images/produits/acier/profiles/plat/plat-70x10mm-en-acier-lamine-a-chaud-caracteristiques.webp;/images/produits/acier/profiles/plat/studio-plat.webp;;/documents/fiche-technique-plat-en-acier-lamine-a-chaud.pdf;/p/plat-70x10mm-en-acier-lamine-a-chaud;/catalogue/acier#acier-profiles-plat;VALIDÉ
plat-80x10mm-en-acier-lamine-a-chaud;Plat 80x10mm en acier laminé à chaud;acier;/acier/profiles/plat;Profilés;/images/produits/acier/profiles/plat/plat-80x10mm-en-acier-lamine-a-chaud-caracteristiques.webp;/images/produits/acier/profiles/plat/studio-plat.webp;;/documents/fiche-technique-plat-en-acier-lamine-a-chaud.pdf;/p/plat-80x10mm-en-acier-lamine-a-chaud;/catalogue/acier#acier-profiles-plat;VALIDÉ
plat-80x8mm-en-acier-lamine-a-chaud;Plat 80x8mm en acier laminé à chaud;acier;/acier/profiles/plat;Profilés;/images/produits/acier/profiles/plat/plat-80x8mm-en-acier-lamine-a-chaud-caracteristiques.webp;/images/produits/acier/profiles/plat/studio-plat.webp;;/documents/fiche-technique-plat-en-acier-lamine-a-chaud.pdf;/p/plat-80x8mm-en-acier-lamine-a-chaud;/catalogue/acier#acier-profiles-plat;VALIDÉ
plat-de-100x5mm-en-aluminium;Plat de 100x5mm en aluminium;aluminium;/aluminium/profiles/plat;Profilés;/images/produits/aluminium/profiles/plat/plat-de-100x5mm-en-aluminium-caracteristiques.webp;/images/produits/aluminium/profiles/plat/studio-aluminium-plat.webp;;;/p/plat-de-100x5mm-en-aluminium;/catalogue/aluminium#aluminium-profiles-plat;VALIDÉ
plat-de-20x3mm-en-aluminium;Plat de 20x3mm en aluminium;aluminium;/aluminium/profiles/plat;Profilés;/images/produits/aluminium/profiles/plat/plat-de-20x3mm-en-aluminium-caracteristiques.webp;/images/produits/aluminium/profiles/plat/studio-aluminium-plat.webp;;;/p/plat-de-20x3mm-en-aluminium;/catalogue/aluminium#aluminium-profiles-plat;VALIDÉ
plat-de-25x3mm-en-aluminium;Plat de 25x3mm en aluminium;aluminium;/aluminium/profiles/plat;Profilés;/images/produits/aluminium/profiles/plat/plat-de-25x3mm-en-aluminium-caracteristiques.webp;/images/produits/aluminium/profiles/plat/studio-aluminium-plat.webp;;;/p/plat-de-25x3mm-en-aluminium;/catalogue/aluminium#aluminium-profiles-plat;VALIDÉ
plat-de-30x3mm-en-aluminium;Plat de 30x3mm en aluminium;aluminium;/aluminium/profiles/plat;Profilés;/images/produits/aluminium/profiles/plat/plat-de-30x3mm-en-aluminium-caracteristiques.webp;/images/produits/aluminium/profiles/plat/studio-aluminium-plat.webp;;;/p/plat-de-30x3mm-en-aluminium;/catalogue/aluminium#aluminium-profiles-plat;VALIDÉ
plat-de-30x5mm-en-aluminium;Plat de 30x5mm en aluminium;aluminium;/aluminium/profiles/plat;Profilés;/images/produits/aluminium/profiles/plat/plat-de-30x5mm-en-aluminium-caracteristiques.webp;/images/produits/aluminium/profiles/plat/studio-aluminium-plat.webp;;;/p/plat-de-30x5mm-en-aluminium;/catalogue/aluminium#aluminium-profiles-plat;VALIDÉ
plat-de-40x3mm-en-aluminium;Plat de 40x3mm en aluminium;aluminium;/aluminium/profiles/plat;Profilés;/images/produits/aluminium/profiles/plat/plat-de-40x3mm-en-aluminium-caracteristiques.webp;/images/produits/aluminium/profiles/plat/studio-aluminium-plat.webp;;;/p/plat-de-40x3mm-en-aluminium;/catalogue/aluminium#aluminium-profiles-plat;VALIDÉ
plat-de-40x5mm-en-aluminium;Plat de 40x5mm en aluminium;aluminium;/aluminium/profiles/plat;Profilés;/images/produits/aluminium/profiles/plat/plat-de-40x5mm-en-aluminium-caracteristiques.webp;/images/produits/aluminium/profiles/plat/studio-aluminium-plat.webp;;;/p/plat-de-40x5mm-en-aluminium;/catalogue/aluminium#aluminium-profiles-plat;VALIDÉ
plat-de-50x3mm-en-aluminium;Plat de 50x3mm en aluminium;aluminium;/aluminium/profiles/plat;Profilés;/images/produits/aluminium/profiles/plat/plat-de-50x3mm-en-aluminium-caracteristiques.webp;/images/produits/aluminium/profiles/plat/studio-aluminium-plat.webp;;;/p/plat-de-50x3mm-en-aluminium;/catalogue/aluminium#aluminium-profiles-plat;VALIDÉ
plat-de-50x5mm-en-aluminium;Plat de 50x5mm en aluminium;aluminium;/aluminium/profiles/plat;Profilés;/images/produits/aluminium/profiles/plat/plat-de-50x5mm-en-aluminium-caracteristiques.webp;/images/produits/aluminium/profiles/plat/studio-aluminium-plat.webp;;;/p/plat-de-50x5mm-en-aluminium;/catalogue/aluminium#aluminium-profiles-plat;VALIDÉ
plat-de-60x5mm-en-aluminium;Plat de 60x5mm en aluminium;aluminium;/aluminium/profiles/plat;Profilés;/images/produits/aluminium/profiles/plat/plat-de-60x5mm-en-aluminium-caracteristiques.webp;/images/produits/aluminium/profiles/plat/studio-aluminium-plat.webp;;;/p/plat-de-60x5mm-en-aluminium;/catalogue/aluminium#aluminium-profiles-plat;VALIDÉ
plat-de-80x5mm-en-aluminium;Plat de 80x5mm en aluminium;aluminium;/aluminium/profiles/plat;Profilés;/images/produits/aluminium/profiles/plat/plat-de-80x5mm-en-aluminium-caracteristiques.webp;/images/produits/aluminium/profiles/plat/studio-aluminium-plat.webp;;;/p/plat-de-80x5mm-en-aluminium;/catalogue/aluminium#aluminium-profiles-plat;VALIDÉ
poteau-de-cloture-clogriff-64-2m00-gris-ral-7016;POTEAU DE CLÔTURE CLOGRIFF 64 – 2M00 -GRIS RAL 7016;jardin-cloture;/jardin-cloture/clotures/poteaux;Clôtures;/images/produits/jardin-cloture/clotures/poteaux/poteau-de-cloture-clogriff-64-2m00-gris-ral-7016-caracteristiques.webp;/images/produits/jardin-cloture/clotures/poteaux/studio-poteau-cloplus-40.webp;/images/produits/jardin-cloture/clotures/poteaux/studio-poteau-clogriff-64.webp;/documents/fiche-technique-poteaux-de-cloture-clogriff-64.pdf;/p/poteau-de-cloture-clogriff-64-2m00-gris-ral-7016;/catalogue/jardin-cloture#jardin-cloture-clotures-poteaux;VALIDÉ
poteau-de-cloture-clogriff-64-2m00-noir-ral-9005;POTEAU DE CLÔTURE CLOGRIFF 64 – 2M00 - NOIR RAL 9005;jardin-cloture;/jardin-cloture/clotures/poteaux;Clôtures;/images/produits/jardin-cloture/clotures/poteaux/poteau-de-cloture-clogriff-64-2m00-noir-ral-9005-caracteristiques.webp;/images/produits/jardin-cloture/clotures/poteaux/studio-poteau-cloplus-40.webp;/images/produits/jardin-cloture/clotures/poteaux/studio-poteau-clogriff-64.webp;/documents/fiche-technique-poteaux-de-cloture-clogriff-64.pdf;/p/poteau-de-cloture-clogriff-64-2m00-noir-ral-9005;/catalogue/jardin-cloture#jardin-cloture-clotures-poteaux;VALIDÉ
poteau-de-cloture-clogriff-64-2m00-vert-ral-6005;POTEAU DE CLÔTURE CLOGRIFF 64 – 2M00 - VERT RAL 6005;jardin-cloture;/jardin-cloture/clotures/poteaux;Clôtures;/images/produits/jardin-cloture/clotures/poteaux/poteau-de-cloture-clogriff-64-2m00-vert-ral-6005-caracteristiques.webp;/images/produits/jardin-cloture/clotures/poteaux/studio-poteau-cloplus-40.webp;/images/produits/jardin-cloture/clotures/poteaux/studio-poteau-clogriff-64.webp;/documents/fiche-technique-poteaux-de-cloture-clogriff-64.pdf;/p/poteau-de-cloture-clogriff-64-2m00-vert-ral-6005;/catalogue/jardin-cloture#jardin-cloture-clotures-poteaux;VALIDÉ
poteau-de-cloture-clogriff-64-2m30-noir-ral-9005;POTEAU DE CLÔTURE CLOGRIFF 64 – 2M30 - NOIR RAL 9005;jardin-cloture;/jardin-cloture/clotures/poteaux;Clôtures;/images/produits/jardin-cloture/clotures/poteaux/poteau-de-cloture-clogriff-64-2m30-noir-ral-9005-caracteristiques.webp;/images/produits/jardin-cloture/clotures/poteaux/studio-poteau-cloplus-40.webp;/images/produits/jardin-cloture/clotures/poteaux/studio-poteau-clogriff-64.webp;/documents/fiche-technique-poteaux-de-cloture-clogriff-64.pdf;/p/poteau-de-cloture-clogriff-64-2m30-noir-ral-9005;/catalogue/jardin-cloture#jardin-cloture-clotures-poteaux;VALIDÉ
poteau-de-cloture-clogriff-64-2m30-vert-ral-6005;POTEAU DE CLÔTURE CLOGRIFF 64 – 2M30 - VERT RAL 6005;jardin-cloture;/jardin-cloture/clotures/poteaux;Clôtures;/images/produits/jardin-cloture/clotures/poteaux/poteau-de-cloture-clogriff-64-2m30-vert-ral-6005-caracteristiques.webp;/images/produits/jardin-cloture/clotures/poteaux/studio-poteau-cloplus-40.webp;/images/produits/jardin-cloture/clotures/poteaux/studio-poteau-clogriff-64.webp;/documents/fiche-technique-poteaux-de-cloture-clogriff-64.pdf;/p/poteau-de-cloture-clogriff-64-2m30-vert-ral-6005;/catalogue/jardin-cloture#jardin-cloture-clotures-poteaux;VALIDÉ
poteau-de-cloture-clogriff-64-2m50-noir-ral-9005;POTEAU DE CLÔTURE CLOGRIFF 64 – 2M50 - NOIR RAL 9005;jardin-cloture;/jardin-cloture/clotures/poteaux;Clôtures;/images/produits/jardin-cloture/clotures/poteaux/poteau-de-cloture-clogriff-64-2m50-noir-ral-9005-caracteristiques.webp;/images/produits/jardin-cloture/clotures/poteaux/studio-poteau-cloplus-40.webp;/images/produits/jardin-cloture/clotures/poteaux/studio-poteau-clogriff-64.webp;/documents/fiche-technique-poteaux-de-cloture-clogriff-64.pdf;/p/poteau-de-cloture-clogriff-64-2m50-noir-ral-9005;/catalogue/jardin-cloture#jardin-cloture-clotures-poteaux;VALIDÉ
poteau-de-cloture-clogriff-64-2m50-vert-ral-6005;POTEAU DE CLÔTURE CLOGRIFF 64 – 2M50 - VERT RAL 6005;jardin-cloture;/jardin-cloture/clotures/poteaux;Clôtures;/images/produits/jardin-cloture/clotures/poteaux/poteau-de-cloture-clogriff-64-2m50-vert-ral-6005-caracteristiques.webp;/images/produits/jardin-cloture/clotures/poteaux/studio-poteau-cloplus-40.webp;/images/produits/jardin-cloture/clotures/poteaux/studio-poteau-clogriff-64.webp;/documents/fiche-technique-poteaux-de-cloture-clogriff-64.pdf;/p/poteau-de-cloture-clogriff-64-2m50-vert-ral-6005;/catalogue/jardin-cloture#jardin-cloture-clotures-poteaux;VALIDÉ
poteau-de-cloture-clogriff-64-2m50-vert-ral-7016;POTEAU DE CLÔTURE CLOGRIFF 64 – 2M50 - GRIS RAL 7016;jardin-cloture;/jardin-cloture/clotures/poteaux;Clôtures;/images/produits/jardin-cloture/clotures/poteaux/poteau-de-cloture-clogriff-64-2m50-vert-ral-7016-caracteristiques.webp;/images/produits/jardin-cloture/clotures/poteaux/studio-poteau-cloplus-40.webp;/images/produits/jardin-cloture/clotures/poteaux/studio-poteau-clogriff-64.webp;/documents/fiche-technique-poteaux-de-cloture-clogriff-64.pdf;/p/poteau-de-cloture-clogriff-64-2m50-vert-ral-7016;/catalogue/jardin-cloture#jardin-cloture-clotures-poteaux;VALIDÉ
poteau-de-cloture-cloplus-40-2m00-gris-ral-7016;POTEAU DE CLOTURE CLOPLUS 40 – 2M00 - GRIS RAL 7016;jardin-cloture;/jardin-cloture/clotures/poteaux;Clôtures;/images/produits/jardin-cloture/clotures/poteaux/poteau-de-cloture-cloplus-40-2m00-gris-ral-7016-caracteristiques.webp;/images/produits/jardin-cloture/clotures/poteaux/studio-poteau-cloplus-40.webp;/images/produits/jardin-cloture/clotures/poteaux/studio-poteau-clogriff-64.webp;/documents/notice-de-pose-cloture-cloplus-40.pdf | /documents/fiche-technique-poteaux-de-cloture-cloplus-40.pdf;/p/poteau-de-cloture-cloplus-40-2m00-gris-ral-7016;/catalogue/jardin-cloture#jardin-cloture-clotures-poteaux;VALIDÉ
poteau-de-cloture-cloplus-40-2m00-noir-ral-9005;POTEAU DE CLOTURE CLOPLUS 40 – 2M00 - NOIR RAL 9005;jardin-cloture;/jardin-cloture/clotures/poteaux;Clôtures;/images/produits/jardin-cloture/clotures/poteaux/poteau-de-cloture-cloplus-40-2m00-noir-ral-9005-caracteristiques.webp;/images/produits/jardin-cloture/clotures/poteaux/studio-poteau-cloplus-40.webp;/images/produits/jardin-cloture/clotures/poteaux/studio-poteau-clogriff-64.webp;/documents/notice-de-pose-cloture-cloplus-40.pdf | /documents/fiche-technique-poteaux-de-cloture-cloplus-40.pdf;/p/poteau-de-cloture-cloplus-40-2m00-noir-ral-9005;/catalogue/jardin-cloture#jardin-cloture-clotures-poteaux;VALIDÉ
poteau-de-cloture-cloplus-40-2m00-vert-ral-6005;POTEAU DE CLOTURE CLOPLUS 40 – 2M00 - VERT RAL 6005;jardin-cloture;/jardin-cloture/clotures/poteaux;Clôtures;/images/produits/jardin-cloture/clotures/poteaux/poteau-de-cloture-cloplus-40-2m00-vert-ral-6005-caracteristiques.webp;/images/produits/jardin-cloture/clotures/poteaux/studio-poteau-cloplus-40.webp;/images/produits/jardin-cloture/clotures/poteaux/studio-poteau-clogriff-64.webp;/documents/fiche-technique-poteaux-de-cloture-cloplus-40.pdf | /documents/notice-de-pose-cloture-cloplus-40.pdf;/p/poteau-de-cloture-cloplus-40-2m00-vert-ral-6005;/catalogue/jardin-cloture#jardin-cloture-clotures-poteaux;VALIDÉ
poteau-de-cloture-cloplus-40-2m30-gris-ral-7016;POTEAU DE CLOTURE CLOPLUS 40 – 2M30 - GRIS RAL 7016;jardin-cloture;/jardin-cloture/clotures/poteaux;Clôtures;/images/produits/jardin-cloture/clotures/poteaux/poteau-de-cloture-cloplus-40-2m30-gris-ral-7016-caracteristiques.webp;/images/produits/jardin-cloture/clotures/poteaux/studio-poteau-cloplus-40.webp;/images/produits/jardin-cloture/clotures/poteaux/studio-poteau-clogriff-64.webp;/documents/notice-de-pose-cloture-cloplus-40.pdf | /documents/fiche-technique-poteaux-de-cloture-cloplus-40.pdf;/p/poteau-de-cloture-cloplus-40-2m30-gris-ral-7016;/catalogue/jardin-cloture#jardin-cloture-clotures-poteaux;VALIDÉ
poteau-de-cloture-cloplus-40-2m30-noir-ral-9005;POTEAU DE CLOTURE CLOPLUS 40 – 2M30 - NOIR RAL 9005;jardin-cloture;/jardin-cloture/clotures/poteaux;Clôtures;/images/produits/jardin-cloture/clotures/poteaux/poteau-de-cloture-cloplus-40-2m30-noir-ral-9005-caracteristiques.webp;/images/produits/jardin-cloture/clotures/poteaux/studio-poteau-cloplus-40.webp;/images/produits/jardin-cloture/clotures/poteaux/studio-poteau-clogriff-64.webp;/documents/notice-de-pose-cloture-cloplus-40.pdf | /documents/fiche-technique-poteaux-de-cloture-cloplus-40.pdf;/p/poteau-de-cloture-cloplus-40-2m30-noir-ral-9005;/catalogue/jardin-cloture#jardin-cloture-clotures-poteaux;VALIDÉ
poteau-de-cloture-cloplus-40-2m30-vert-ral-6005;POTEAU DE CLOTURE CLOPLUS 40 – 2M30 - VERT RAL 6005;jardin-cloture;/jardin-cloture/clotures/poteaux;Clôtures;/images/produits/jardin-cloture/clotures/poteaux/poteau-de-cloture-cloplus-40-2m30-vert-ral-6005-caracteristiques.webp;/images/produits/jardin-cloture/clotures/poteaux/studio-poteau-cloplus-40.webp;/images/produits/jardin-cloture/clotures/poteaux/studio-poteau-clogriff-64.webp;/documents/notice-de-pose-cloture-cloplus-40.pdf | /documents/fiche-technique-poteaux-de-cloture-cloplus-40.pdf;/p/poteau-de-cloture-cloplus-40-2m30-vert-ral-6005;/catalogue/jardin-cloture#jardin-cloture-clotures-poteaux;VALIDÉ
poteau-de-cloture-cloplus-40-2m50-gris-ral-7016;POTEAU DE CLOTURE CLOPLUS 40 – 2M50 - GRIS RAL 7016;jardin-cloture;/jardin-cloture/clotures/poteaux;Clôtures;/images/produits/jardin-cloture/clotures/poteaux/poteau-de-cloture-cloplus-40-2m50-gris-ral-7016-caracteristiques.webp;/images/produits/jardin-cloture/clotures/poteaux/studio-poteau-cloplus-40.webp;/images/produits/jardin-cloture/clotures/poteaux/studio-poteau-clogriff-64.webp;/documents/notice-de-pose-cloture-cloplus-40.pdf | /documents/fiche-technique-poteaux-de-cloture-cloplus-40.pdf;/p/poteau-de-cloture-cloplus-40-2m50-gris-ral-7016;/catalogue/jardin-cloture#jardin-cloture-clotures-poteaux;VALIDÉ
poteau-de-cloture-cloplus-40-2m50-noir-ral-9005;POTEAU DE CLOTURE CLOPLUS 40 – 2M50 - NOIR RAL 9005;jardin-cloture;/jardin-cloture/clotures/poteaux;Clôtures;/images/produits/jardin-cloture/clotures/poteaux/poteau-de-cloture-cloplus-40-2m50-noir-ral-9005-caracteristiques.webp;/images/produits/jardin-cloture/clotures/poteaux/studio-poteau-cloplus-40.webp;/images/produits/jardin-cloture/clotures/poteaux/studio-poteau-clogriff-64.webp;/documents/notice-de-pose-cloture-cloplus-40.pdf | /documents/fiche-technique-poteaux-de-cloture-cloplus-40.pdf;/p/poteau-de-cloture-cloplus-40-2m50-noir-ral-9005;/catalogue/jardin-cloture#jardin-cloture-clotures-poteaux;VALIDÉ
poteau-de-cloture-cloplus-40-2m50-vert-ral-6005;POTEAU DE CLOTURE CLOPLUS 40 – 2M50 - VERT RAL 6005;jardin-cloture;/jardin-cloture/clotures/poteaux;Clôtures;/images/produits/jardin-cloture/clotures/poteaux/poteau-de-cloture-cloplus-40-2m50-vert-ral-6005-caracteristiques.webp;/images/produits/jardin-cloture/clotures/poteaux/studio-poteau-cloplus-40.webp;/images/produits/jardin-cloture/clotures/poteaux/studio-poteau-clogriff-64.webp;/documents/notice-de-pose-cloture-cloplus-40.pdf | /documents/fiche-technique-poteaux-de-cloture-cloplus-40.pdf;/p/poteau-de-cloture-cloplus-40-2m50-vert-ral-6005;/catalogue/jardin-cloture#jardin-cloture-clotures-poteaux;VALIDÉ
poutrelle-hea-100-en-acier;Poutrelle HEA 100 en acier;acier;/acier/poutrelles/hea;Poutrelles;/images/produits/acier/poutrelles/hea/poutrelle-hea-100-en-acier-caracteristiques.webp;/images/produits/acier/poutrelles/hea/studio-poutrelle-hea.webp;;/documents/fiche-technique-poutrelle-hea.pdf;/p/poutrelle-hea-100-en-acier;/catalogue/acier#acier-poutrelles-hea;VALIDÉ
poutrelle-hea-120-en-acier;Poutrelle HEA 120 en acier;acier;/acier/poutrelles/hea;Poutrelles;/images/produits/acier/poutrelles/hea/poutrelle-hea-120-en-acier-caracteristiques.webp;/images/produits/acier/poutrelles/hea/studio-poutrelle-hea.webp;;/documents/fiche-technique-poutrelle-hea.pdf;/p/poutrelle-hea-120-en-acier;/catalogue/acier#acier-poutrelles-hea;VALIDÉ
poutrelle-hea-140-en-acier;Poutrelle HEA 140 en acier;acier;/acier/poutrelles/hea;Poutrelles;/images/produits/acier/poutrelles/hea/poutrelle-hea-140-en-acier-caracteristiques.webp;/images/produits/acier/poutrelles/hea/studio-poutrelle-hea.webp;;/documents/fiche-technique-poutrelle-hea.pdf;/p/poutrelle-hea-140-en-acier;/catalogue/acier#acier-poutrelles-hea;VALIDÉ
poutrelle-hea-160-en-acier;Poutrelle HEA 160 en acier;acier;/acier/poutrelles/hea;Poutrelles;/images/produits/acier/poutrelles/hea/poutrelle-hea-160-en-acier-caracteristiques.webp;/images/produits/acier/poutrelles/hea/studio-poutrelle-hea.webp;;/documents/fiche-technique-poutrelle-hea.pdf;/p/poutrelle-hea-160-en-acier;/catalogue/acier#acier-poutrelles-hea;VALIDÉ
poutrelle-hea-180-en-acier;Poutrelle HEA 180 en acier;acier;/acier/poutrelles/hea;Poutrelles;/images/produits/acier/poutrelles/hea/poutrelle-hea-180-en-acier-caracteristiques.webp;/images/produits/acier/poutrelles/hea/studio-poutrelle-hea.webp;;/documents/fiche-technique-poutrelle-hea.pdf;/p/poutrelle-hea-180-en-acier;/catalogue/acier#acier-poutrelles-hea;VALIDÉ
poutrelle-hea-200-en-acier;Poutrelle HEA 200 en acier;acier;/acier/poutrelles/hea;Poutrelles;/images/produits/acier/poutrelles/hea/poutrelle-hea-200-en-acier-caracteristiques.webp;/images/produits/acier/poutrelles/hea/studio-poutrelle-hea.webp;;/documents/fiche-technique-poutrelle-hea.pdf;/p/poutrelle-hea-200-en-acier;/catalogue/acier#acier-poutrelles-hea;VALIDÉ
poutrelle-hea-220-en-acier;Poutrelle HEA 220 en acier;acier;/acier/poutrelles/hea;Poutrelles;/images/produits/acier/poutrelles/hea/poutrelle-hea-220-en-acier-caracteristiques.webp;/images/produits/acier/poutrelles/hea/studio-poutrelle-hea.webp;;/documents/fiche-technique-poutrelle-hea.pdf;/p/poutrelle-hea-220-en-acier;/catalogue/acier#acier-poutrelles-hea;VALIDÉ
poutrelle-hea-240-en-acier;Poutrelle HEA 240 en acier;acier;/acier/poutrelles/hea;Poutrelles;/images/produits/acier/poutrelles/hea/poutrelle-hea-240-en-acier-caracteristiques.webp;/images/produits/acier/poutrelles/hea/studio-poutrelle-hea.webp;;/documents/fiche-technique-poutrelle-hea.pdf;/p/poutrelle-hea-240-en-acier;/catalogue/acier#acier-poutrelles-hea;VALIDÉ
poutrelle-hea-260-en-acier;Poutrelle HEA 260 en acier;acier;/acier/poutrelles/hea;Poutrelles;/images/produits/acier/poutrelles/hea/poutrelle-hea-260-en-acier-caracteristiques.webp;/images/produits/acier/poutrelles/hea/studio-poutrelle-hea.webp;;/documents/fiche-technique-poutrelle-hea.pdf;/p/poutrelle-hea-260-en-acier;/catalogue/acier#acier-poutrelles-hea;VALIDÉ
poutrelle-hea-280-en-acier;Poutrelle HEA 280 en acier;acier;/acier/poutrelles/hea;Poutrelles;/images/produits/acier/poutrelles/hea/poutrelle-hea-280-en-acier-caracteristiques.webp;/images/produits/acier/poutrelles/hea/studio-poutrelle-hea.webp;;/documents/fiche-technique-poutrelle-hea.pdf;/p/poutrelle-hea-280-en-acier;/catalogue/acier#acier-poutrelles-hea;VALIDÉ
poutrelle-hea-300-en-acier;Poutrelle HEA 300 en acier;acier;/acier/poutrelles/hea;Poutrelles;/images/produits/acier/poutrelles/hea/poutrelle-hea-300-en-acier-caracteristiques.webp;/images/produits/acier/poutrelles/hea/studio-poutrelle-hea.webp;;/documents/fiche-technique-poutrelle-hea.pdf;/p/poutrelle-hea-300-en-acier;/catalogue/acier#acier-poutrelles-hea;VALIDÉ
poutrelle-heb-100-en-acier;Poutrelle HEB 100 en acier;acier;/acier/poutrelles/heb;Poutrelles;/images/produits/acier/poutrelles/heb/poutrelle-heb-100-en-acier-caracteristiques.webp;/images/produits/acier/poutrelles/heb/studio-poutrelle-heb.webp;;/documents/fiche-technique-poutrelle-heb.pdf;/p/poutrelle-heb-100-en-acier;/catalogue/acier#acier-poutrelles-heb;VALIDÉ
poutrelle-heb-120-en-acier;Poutrelle HEB 120 en acier;acier;/acier/poutrelles/heb;Poutrelles;/images/produits/acier/poutrelles/heb/poutrelle-heb-120-en-acier-caracteristiques.webp;/images/produits/acier/poutrelles/heb/studio-poutrelle-heb.webp;;/documents/fiche-technique-poutrelle-heb.pdf;/p/poutrelle-heb-120-en-acier;/catalogue/acier#acier-poutrelles-heb;VALIDÉ
poutrelle-heb-140-en-acier;Poutrelle HEB 140 en acier;acier;/acier/poutrelles/heb;Poutrelles;/images/produits/acier/poutrelles/heb/poutrelle-heb-140-en-acier-caracteristiques.webp;/images/produits/acier/poutrelles/heb/studio-poutrelle-heb.webp;;/documents/fiche-technique-poutrelle-heb.pdf;/p/poutrelle-heb-140-en-acier;/catalogue/acier#acier-poutrelles-heb;VALIDÉ
poutrelle-heb-160-en-acier;Poutrelle HEB 160 en acier;acier;/acier/poutrelles/heb;Poutrelles;/images/produits/acier/poutrelles/heb/poutrelle-heb-160-en-acier-caracteristiques.webp;/images/produits/acier/poutrelles/heb/studio-poutrelle-heb.webp;;/documents/fiche-technique-poutrelle-heb.pdf;/p/poutrelle-heb-160-en-acier;/catalogue/acier#acier-poutrelles-heb;VALIDÉ
poutrelle-heb-180-en-acier;Poutrelle HEB 180 en acier;acier;/acier/poutrelles/heb;Poutrelles;/images/produits/acier/poutrelles/heb/poutrelle-heb-180-en-acier-caracteristiques.webp;/images/produits/acier/poutrelles/heb/studio-poutrelle-heb.webp;;/documents/fiche-technique-poutrelle-heb.pdf;/p/poutrelle-heb-180-en-acier;/catalogue/acier#acier-poutrelles-heb;VALIDÉ
poutrelle-heb-200-en-acier;Poutrelle HEB 200 en acier;acier;/acier/poutrelles/heb;Poutrelles;/images/produits/acier/poutrelles/heb/poutrelle-heb-200-en-acier-caracteristiques.webp;/images/produits/acier/poutrelles/heb/studio-poutrelle-heb.webp;;/documents/fiche-technique-poutrelle-heb.pdf;/p/poutrelle-heb-200-en-acier;/catalogue/acier#acier-poutrelles-heb;VALIDÉ
poutrelle-heb-220-en-acier;Poutrelle HEB 220 en acier;acier;/acier/poutrelles/heb;Poutrelles;/images/produits/acier/poutrelles/heb/poutrelle-heb-220-en-acier-caracteristiques.webp;/images/produits/acier/poutrelles/heb/studio-poutrelle-heb.webp;;/documents/fiche-technique-poutrelle-heb.pdf;/p/poutrelle-heb-220-en-acier;/catalogue/acier#acier-poutrelles-heb;VALIDÉ
poutrelle-heb-240-en-acier;Poutrelle HEB 240 en acier;acier;/acier/poutrelles/heb;Poutrelles;/images/produits/acier/poutrelles/heb/poutrelle-heb-240-en-acier-caracteristiques.webp;/images/produits/acier/poutrelles/heb/studio-poutrelle-heb.webp;;/documents/fiche-technique-poutrelle-heb.pdf;/p/poutrelle-heb-240-en-acier;/catalogue/acier#acier-poutrelles-heb;VALIDÉ
poutrelle-heb-260-en-acier;Poutrelle HEB 260 en acier;acier;/acier/poutrelles/heb;Poutrelles;/images/produits/acier/poutrelles/heb/poutrelle-heb-260-en-acier-caracteristiques.webp;/images/produits/acier/poutrelles/heb/studio-poutrelle-heb.webp;;/documents/fiche-technique-poutrelle-heb.pdf;/p/poutrelle-heb-260-en-acier;/catalogue/acier#acier-poutrelles-heb;VALIDÉ
poutrelle-heb-280-en-acier;Poutrelle HEB 280 en acier;acier;/acier/poutrelles/heb;Poutrelles;/images/produits/acier/poutrelles/heb/poutrelle-heb-280-en-acier-caracteristiques.webp;/images/produits/acier/poutrelles/heb/studio-poutrelle-heb.webp;;/documents/fiche-technique-poutrelle-heb.pdf;/p/poutrelle-heb-280-en-acier;/catalogue/acier#acier-poutrelles-heb;VALIDÉ
poutrelle-heb-300-en-acier;Poutrelle HEB 300 en acier;acier;/acier/poutrelles/heb;Poutrelles;/images/produits/acier/poutrelles/heb/poutrelle-heb-300-en-acier-caracteristiques.webp;/images/produits/acier/poutrelles/heb/studio-poutrelle-heb.webp;;/documents/fiche-technique-poutrelle-heb.pdf;/p/poutrelle-heb-300-en-acier;/catalogue/acier#acier-poutrelles-heb;VALIDÉ
poutrelle-ipe-100-en-acier;Poutrelle IPE 100 en acier;acier;/acier/poutrelles/ipe;Poutrelles;/images/produits/acier/poutrelles/ipe/poutrelle-ipe-100-en-acier-caracteristiques.webp;/images/produits/acier/poutrelles/ipe/studio-poutrelle-ipe.webp;;/documents/fiche-technique-poutrelle-ipe.pdf;/p/poutrelle-ipe-100-en-acier;/catalogue/acier#acier-poutrelles-ipe;VALIDÉ
poutrelle-ipe-120-en-acier;Poutrelle IPE 120 en acier;acier;/acier/poutrelles/ipe;Poutrelles;/images/produits/acier/poutrelles/ipe/poutrelle-ipe-120-en-acier-caracteristiques.webp;/images/produits/acier/poutrelles/ipe/studio-poutrelle-ipe.webp;;/documents/fiche-technique-poutrelle-ipe.pdf;/p/poutrelle-ipe-120-en-acier;/catalogue/acier#acier-poutrelles-ipe;VALIDÉ
poutrelle-ipe-140-en-acier;Poutrelle IPE 140 en acier;acier;/acier/poutrelles/ipe;Poutrelles;/images/produits/acier/poutrelles/ipe/poutrelle-ipe-140-en-acier-caracteristiques.webp;/images/produits/acier/poutrelles/ipe/studio-poutrelle-ipe.webp;;/documents/fiche-technique-poutrelle-ipe.pdf;/p/poutrelle-ipe-140-en-acier;/catalogue/acier#acier-poutrelles-ipe;VALIDÉ
poutrelle-ipe-160-en-acier;Poutrelle IPE 160 en acier;acier;/acier/poutrelles/ipe;Poutrelles;/images/produits/acier/poutrelles/ipe/poutrelle-ipe-160-en-acier-caracteristiques.webp;/images/produits/acier/poutrelles/ipe/studio-poutrelle-ipe.webp;;/documents/fiche-technique-poutrelle-ipe.pdf;/p/poutrelle-ipe-160-en-acier;/catalogue/acier#acier-poutrelles-ipe;VALIDÉ
poutrelle-ipe-180-en-acier;Poutrelle IPE 180 en acier;acier;/acier/poutrelles/ipe;Poutrelles;/images/produits/acier/poutrelles/ipe/poutrelle-ipe-180-en-acier-caracteristiques.webp;/images/produits/acier/poutrelles/ipe/studio-poutrelle-ipe.webp;;/documents/fiche-technique-poutrelle-ipe.pdf;/p/poutrelle-ipe-180-en-acier;/catalogue/acier#acier-poutrelles-ipe;VALIDÉ
poutrelle-ipe-200-en-acier;Poutrelle IPE 200 en acier;acier;/acier/poutrelles/ipe;Poutrelles;/images/produits/acier/poutrelles/ipe/poutrelle-ipe-200-en-acier-caracteristiques.webp;/images/produits/acier/poutrelles/ipe/studio-poutrelle-ipe.webp;;/documents/fiche-technique-poutrelle-ipe.pdf;/p/poutrelle-ipe-200-en-acier;/catalogue/acier#acier-poutrelles-ipe;VALIDÉ
poutrelle-ipe-220-en-acier;Poutrelle IPE 220 en acier;acier;/acier/poutrelles/ipe;Poutrelles;/images/produits/acier/poutrelles/ipe/poutrelle-ipe-220-en-acier-caracteristiques.webp;/images/produits/acier/poutrelles/ipe/studio-poutrelle-ipe.webp;;/documents/fiche-technique-poutrelle-ipe.pdf;/p/poutrelle-ipe-220-en-acier;/catalogue/acier#acier-poutrelles-ipe;VALIDÉ
poutrelle-ipe-240-en-acier;Poutrelle IPE 240 en acier;acier;/acier/poutrelles/ipe;Poutrelles;/images/produits/acier/poutrelles/ipe/poutrelle-ipe-240-en-acier-caracteristiques.webp;/images/produits/acier/poutrelles/ipe/studio-poutrelle-ipe.webp;;/documents/fiche-technique-poutrelle-ipe.pdf;/p/poutrelle-ipe-240-en-acier;/catalogue/acier#acier-poutrelles-ipe;VALIDÉ
poutrelle-ipe-270;Poutrelle IPE 270;acier;/acier/poutrelles/ipe;Poutrelles;/images/produits/acier/poutrelles/ipe/poutrelle-ipe-270-caracteristiques.webp;/images/produits/acier/poutrelles/ipe/studio-poutrelle-ipe.webp;;/documents/fiche-technique-poutrelle-ipe.pdf;/p/poutrelle-ipe-270;/catalogue/acier#acier-poutrelles-ipe;VALIDÉ
poutrelle-ipe-300;Poutrelle IPE 300;acier;/acier/poutrelles/ipe;Poutrelles;/images/produits/acier/poutrelles/ipe/poutrelle-ipe-300-caracteristiques.webp;/images/produits/acier/poutrelles/ipe/studio-poutrelle-ipe.webp;;/documents/fiche-technique-poutrelle-ipe.pdf;/p/poutrelle-ipe-300;/catalogue/acier#acier-poutrelles-ipe;VALIDÉ
poutrelle-ipe-330;Poutrelle IPE 330;acier;/acier/poutrelles/ipe;Poutrelles;/images/produits/acier/poutrelles/ipe/poutrelle-ipe-330-caracteristiques.webp;/images/produits/acier/poutrelles/ipe/studio-poutrelle-ipe.webp;;/documents/fiche-technique-poutrelle-ipe.pdf;/p/poutrelle-ipe-330;/catalogue/acier#acier-poutrelles-ipe;VALIDÉ
poutrelle-upn-100-en-acier;Poutrelle UPN 100 en acier;acier;/acier/poutrelles/upn;Poutrelles;/images/produits/acier/poutrelles/upn/poutrelle-upn-100-en-acier-caracteristiques.webp;/images/produits/acier/poutrelles/upn/studio-poutrelle-upn.webp;;/documents/fiche-technique-poutrelle-upn.pdf;/p/poutrelle-upn-100-en-acier;/catalogue/acier#acier-poutrelles-upn;VALIDÉ
poutrelle-upn-120-en-acier;Poutrelle UPN 120 en acier;acier;/acier/poutrelles/upn;Poutrelles;/images/produits/acier/poutrelles/upn/poutrelle-upn-120-en-acier-caracteristiques.webp;/images/produits/acier/poutrelles/upn/studio-poutrelle-upn.webp;;/documents/fiche-technique-poutrelle-upn.pdf;/p/poutrelle-upn-120-en-acier;/catalogue/acier#acier-poutrelles-upn;VALIDÉ
poutrelle-upn-140-en-acier;Poutrelle UPN 140 en acier;acier;/acier/poutrelles/upn;Poutrelles;/images/produits/acier/poutrelles/upn/poutrelle-upn-140-en-acier-caracteristiques.webp;/images/produits/acier/poutrelles/upn/studio-poutrelle-upn.webp;;/documents/fiche-technique-poutrelle-upn.pdf;/p/poutrelle-upn-140-en-acier;/catalogue/acier#acier-poutrelles-upn;VALIDÉ
poutrelle-upn-160-en-acier;Poutrelle UPN 160 en acier;acier;/acier/poutrelles/upn;Poutrelles;/images/produits/acier/poutrelles/upn/poutrelle-upn-160-en-acier-caracteristiques.webp;/images/produits/acier/poutrelles/upn/studio-poutrelle-upn.webp;;/documents/fiche-technique-poutrelle-upn.pdf;/p/poutrelle-upn-160-en-acier;/catalogue/acier#acier-poutrelles-upn;VALIDÉ
poutrelle-upn-180-en-acier;Poutrelle UPN 180 en acier;acier;/acier/poutrelles/upn;Poutrelles;/images/produits/acier/poutrelles/upn/poutrelle-upn-180-en-acier-caracteristiques.webp;/images/produits/acier/poutrelles/upn/studio-poutrelle-upn.webp;;/documents/fiche-technique-poutrelle-upn.pdf;/p/poutrelle-upn-180-en-acier;/catalogue/acier#acier-poutrelles-upn;VALIDÉ
poutrelle-upn-200-en-acier;Poutrelle UPN 200 en acier;acier;/acier/poutrelles/upn;Poutrelles;/images/produits/acier/poutrelles/upn/poutrelle-upn-200-en-acier-caracteristiques.webp;/images/produits/acier/poutrelles/upn/studio-poutrelle-upn.webp;;/documents/fiche-technique-poutrelle-upn.pdf;/p/poutrelle-upn-200-en-acier;/catalogue/acier#acier-poutrelles-upn;VALIDÉ
poutrelle-upn-220-en-acier;Poutrelle UPN 220 en acier;acier;/acier/poutrelles/upn;Poutrelles;/images/produits/acier/poutrelles/upn/poutrelle-upn-220-en-acier-caracteristiques.webp;/images/produits/acier/poutrelles/upn/studio-poutrelle-upn.webp;;/documents/fiche-technique-poutrelle-upn.pdf;/p/poutrelle-upn-220-en-acier;/catalogue/acier#acier-poutrelles-upn;VALIDÉ
poutrelle-upn-240-en-acier;Poutrelle UPN 240 en acier;acier;/acier/poutrelles/upn;Poutrelles;/images/produits/acier/poutrelles/upn/poutrelle-upn-240-en-acier-caracteristiques.webp;/images/produits/acier/poutrelles/upn/studio-poutrelle-upn.webp;;/documents/fiche-technique-poutrelle-upn.pdf;/p/poutrelle-upn-240-en-acier;/catalogue/acier#acier-poutrelles-upn;VALIDÉ
poutrelle-upn-260-en-acier;Poutrelle UPN 260 en acier;acier;/acier/poutrelles/upn;Poutrelles;/images/produits/acier/poutrelles/upn/poutrelle-upn-260-en-acier-caracteristiques.webp;/images/produits/acier/poutrelles/upn/studio-poutrelle-upn.webp;;/documents/fiche-technique-poutrelle-upn.pdf;/p/poutrelle-upn-260-en-acier;/catalogue/acier#acier-poutrelles-upn;VALIDÉ
poutrelle-upn-280-en-acier;Poutrelle UPN 280 en acier;acier;/acier/poutrelles/upn;Poutrelles;/images/produits/acier/poutrelles/upn/poutrelle-upn-280-en-acier-caracteristiques.webp;/images/produits/acier/poutrelles/upn/studio-poutrelle-upn.webp;;/documents/fiche-technique-poutrelle-upn.pdf;/p/poutrelle-upn-280-en-acier;/catalogue/acier#acier-poutrelles-upn;VALIDÉ
poutrelle-upn-300-en-acier;Poutrelle UPN 300 en acier;acier;/acier/poutrelles/upn;Poutrelles;/images/produits/acier/poutrelles/upn/poutrelle-upn-300-en-acier-caracteristiques.webp;/images/produits/acier/poutrelles/upn/studio-poutrelle-upn.webp;;/documents/fiche-technique-poutrelle-upn.pdf;/p/poutrelle-upn-300-en-acier;/catalogue/acier#acier-poutrelles-upn;VALIDÉ
poutrelle-upn-80-en-acier;Poutrelle UPN 80 en acier;acier;/acier/poutrelles/upn;Poutrelles;/images/produits/acier/poutrelles/upn/poutrelle-upn-80-en-acier-caracteristiques.webp;/images/produits/acier/poutrelles/upn/studio-poutrelle-upn.webp;;/documents/fiche-technique-poutrelle-upn.pdf;/p/poutrelle-upn-80-en-acier;/catalogue/acier#acier-poutrelles-upn;VALIDÉ
primer-anticorrosion-1l-blanc-ral-9010;PRIMER ANTICORROSION - 1L BLANC RAL 9010;quincaillerie;/quincaillerie/protection-chimie/peintures-primaires;Protection & chimie;;;;/documents/fiche-technique-primaire-vibol-coating.pdf;/p/primer-anticorrosion-1l-blanc-ral-9010;/catalogue/quincaillerie#quincaillerie-protection-chimie-peintures-primaires;VISUEL À COMPLÉTER
primer-anticorrosion-1l-brun-rouge-ral-8012;PRIMER ANTICORROSION - 1L BRUN ROUGE RAL 8012;quincaillerie;/quincaillerie/protection-chimie/peintures-primaires;Protection & chimie;;;;/documents/fiche-technique-primaire-vibol-coating.pdf;/p/primer-anticorrosion-1l-brun-rouge-ral-8012;/catalogue/quincaillerie#quincaillerie-protection-chimie-peintures-primaires;VISUEL À COMPLÉTER
primer-anticorrosion-1l-gris-ral-7016;PRIMER ANTICORROSION - 1L GRIS RAL 7016;quincaillerie;/quincaillerie/protection-chimie/peintures-primaires;Protection & chimie;;;;/documents/fiche-technique-primaire-vibol-coating.pdf;/p/primer-anticorrosion-1l-gris-ral-7016;/catalogue/quincaillerie#quincaillerie-protection-chimie-peintures-primaires;VISUEL À COMPLÉTER
primer-anticorrosion-1l-noir-ral-9005;PRIMER ANTICORROSION - 1L NOIR RAL 9005;quincaillerie;/quincaillerie/protection-chimie/peintures-primaires;Protection & chimie;;;;/documents/fiche-technique-primaire-vibol-coating.pdf;/p/primer-anticorrosion-1l-noir-ral-9005;/catalogue/quincaillerie#quincaillerie-protection-chimie-peintures-primaires;VISUEL À COMPLÉTER
primer-anticorrosion-5l-brun-rouge-ral-8012;PRIMER ANTICORROSION - 5L BRUN ROUGE RAL 8012;quincaillerie;/quincaillerie/protection-chimie/peintures-primaires;Protection & chimie;;;;/documents/fiche-technique-primaire-vibol-coating.pdf;/p/primer-anticorrosion-5l-brun-rouge-ral-8012;/catalogue/quincaillerie#quincaillerie-protection-chimie-peintures-primaires;VISUEL À COMPLÉTER
primer-anticorrosion-5l-gris-ral-7016;PRIMER ANTICORROSION - 5L GRIS RAL 7016;quincaillerie;/quincaillerie/protection-chimie/peintures-primaires;Protection & chimie;;;;/documents/fiche-technique-primaire-vibol-coating.pdf;/p/primer-anticorrosion-5l-gris-ral-7016;/catalogue/quincaillerie#quincaillerie-protection-chimie-peintures-primaires;VISUEL À COMPLÉTER
profil-en-t-20x20x2mm-en-aluminium;Profil en T 20x20x2mm en aluminium;aluminium;/aluminium/profiles/profil-t;Profilés;/images/produits/aluminium/profiles/profil-t/profil-en-t-20x20x2mm-en-aluminium-caracteristiques.webp;/images/produits/aluminium/profiles/profil-t/studio-aluminium-profil-t.webp;;;/p/profil-en-t-20x20x2mm-en-aluminium;/catalogue/aluminium#aluminium-profiles-profil-t;VALIDÉ
profil-en-t-25x25x2mm-en-aluminium;Profil en T 25x25x2mm en aluminium;aluminium;/aluminium/profiles/profil-t;Profilés;/images/produits/aluminium/profiles/profil-t/profil-en-t-25x25x2mm-en-aluminium-caracteristiques.webp;/images/produits/aluminium/profiles/profil-t/studio-aluminium-profil-t.webp;;;/p/profil-en-t-25x25x2mm-en-aluminium;/catalogue/aluminium#aluminium-profiles-profil-t;VALIDÉ
profil-en-t-30x30x2mm-en-aluminium;Profil en T 30x30x2mm en aluminium;aluminium;/aluminium/profiles/profil-t;Profilés;/images/produits/aluminium/profiles/profil-t/profil-en-t-30x30x2mm-en-aluminium-caracteristiques.webp;/images/produits/aluminium/profiles/profil-t/studio-aluminium-profil-t.webp;;;/p/profil-en-t-30x30x2mm-en-aluminium;/catalogue/aluminium#aluminium-profiles-profil-t;VALIDÉ
profil-en-u-20x20x20x2mm-en-aluminium;Profil en U 20x20x20x2mm en Aluminium;aluminium;/aluminium/profiles/profil-u;Profilés;/images/produits/aluminium/profiles/profil-u/profil-en-u-20x20x20x2mm-en-aluminium-caracteristiques.webp;/images/produits/aluminium/profiles/profil-u/studio-aluminium-profil-u.webp;;;/p/profil-en-u-20x20x20x2mm-en-aluminium;/catalogue/aluminium#aluminium-profiles-profil-u;VALIDÉ
profil-en-u-25x25x25x2mm-en-aluminium;Profil en U 25x25x25x2mm en Aluminium;aluminium;/aluminium/profiles/profil-u;Profilés;/images/produits/aluminium/profiles/profil-u/profil-en-u-25x25x25x2mm-en-aluminium-caracteristiques.webp;/images/produits/aluminium/profiles/profil-u/studio-aluminium-profil-u.webp;;;/p/profil-en-u-25x25x25x2mm-en-aluminium;/catalogue/aluminium#aluminium-profiles-profil-u;VALIDÉ
profil-en-u-40x40x40x2mm-en-aluminium;Profil en U 40x40x40x2mm en Aluminium;aluminium;/aluminium/profiles/profil-u;Profilés;/images/produits/aluminium/profiles/profil-u/profil-en-u-40x40x40x2mm-en-aluminium-caracteristiques.webp;/images/produits/aluminium/profiles/profil-u/studio-aluminium-profil-u.webp;;;/p/profil-en-u-40x40x40x2mm-en-aluminium;/catalogue/aluminium#aluminium-profiles-profil-u;VALIDÉ
profil-en-u-en-30x30x30x2mm-aluminium;Profil en U en 30x30x30x2mm Aluminium;aluminium;/aluminium/profiles/profil-u;Profilés;/images/produits/aluminium/profiles/profil-u/profil-en-u-en-30x30x30x2mm-aluminium-caracteristiques.webp;/images/produits/aluminium/profiles/profil-u/studio-aluminium-profil-u.webp;;;/p/profil-en-u-en-30x30x30x2mm-aluminium;/catalogue/aluminium#aluminium-profiles-profil-u;VALIDÉ
rond-a-beton-crenele-de-6mm-de-diametre-en-acier-lamine-a-froid;Rond à béton crénelé de 6mm de diamètre en acier laminé à froid;acier;/acier/armatures-beton/rond-a-beton-lamine-a-froid;Armatures béton;/images/produits/acier/armatures-beton/rond-a-beton-lamine-a-froid/rond-a-beton-crenele-de-6mm-de-diametre-en-acier-lamine-a-froid-caracteristiques.webp;/images/produits/acier/armatures-beton/rond-a-beton-lamine-a-froid/studio-rond-a-beton-lamine-a-froid.webp;;/documents/fiche-technique-treillis-soudes.pdf;/p/rond-a-beton-crenele-de-6mm-de-diametre-en-acier-lamine-a-froid;/catalogue/acier#acier-armatures-beton-rond-a-beton-lamine-a-froid;VALIDÉ
rond-a-beton-de-10mm-de-diametre-en-acier-lamine-a-chaud;Rond à béton de 10mm de diamètre en acier laminé à chaud;acier;/acier/armatures-beton/rond-a-beton-lamine-a-chaud;Armatures béton;/images/produits/acier/armatures-beton/rond-a-beton-lamine-a-chaud/rond-a-beton-de-10mm-de-diametre-en-acier-lamine-a-chaud-caracteristiques.webp;/images/produits/acier/armatures-beton/rond-a-beton-lamine-a-chaud/studio-rond-a-beton-lamine-a-chaud.webp;;/documents/fiche-technique-treillis-soudes.pdf;/p/rond-a-beton-de-10mm-de-diametre-en-acier-lamine-a-chaud;/catalogue/acier#acier-armatures-beton-rond-a-beton-lamine-a-chaud;VALIDÉ
rond-a-beton-de-12mm-de-diametre-en-acier-lamine-a-chaud;Rond à béton de 12mm de diamètre en acier laminé à chaud;acier;/acier/armatures-beton/rond-a-beton-lamine-a-chaud;Armatures béton;/images/produits/acier/armatures-beton/rond-a-beton-lamine-a-chaud/rond-a-beton-de-12mm-de-diametre-en-acier-lamine-a-chaud-caracteristiques.webp;/images/produits/acier/armatures-beton/rond-a-beton-lamine-a-chaud/studio-rond-a-beton-lamine-a-chaud.webp;;/documents/fiche-technique-treillis-soudes.pdf;/p/rond-a-beton-de-12mm-de-diametre-en-acier-lamine-a-chaud;/catalogue/acier#acier-armatures-beton-rond-a-beton-lamine-a-chaud;VALIDÉ
rond-a-beton-de-14mm-de-diametre-en-acier-lamine-a-chaud;Rond à béton de 14mm de diamètre en acier laminé à chaud;acier;/acier/armatures-beton/rond-a-beton-lamine-a-chaud;Armatures béton;/images/produits/acier/armatures-beton/rond-a-beton-lamine-a-chaud/rond-a-beton-de-14mm-de-diametre-en-acier-lamine-a-chaud-caracteristiques.webp;/images/produits/acier/armatures-beton/rond-a-beton-lamine-a-chaud/studio-rond-a-beton-lamine-a-chaud.webp;;/documents/fiche-technique-treillis-soudes.pdf;/p/rond-a-beton-de-14mm-de-diametre-en-acier-lamine-a-chaud;/catalogue/acier#acier-armatures-beton-rond-a-beton-lamine-a-chaud;VALIDÉ
rond-a-beton-de-16mm-de-diametre-en-acier-lamine-a-chaud;Rond à béton de 16mm de diamètre en acier laminé à chaud;acier;/acier/armatures-beton/rond-a-beton-lamine-a-chaud;Armatures béton;/images/produits/acier/armatures-beton/rond-a-beton-lamine-a-chaud/rond-a-beton-de-16mm-de-diametre-en-acier-lamine-a-chaud-caracteristiques.webp;/images/produits/acier/armatures-beton/rond-a-beton-lamine-a-chaud/studio-rond-a-beton-lamine-a-chaud.webp;;/documents/fiche-technique-treillis-soudes.pdf;/p/rond-a-beton-de-16mm-de-diametre-en-acier-lamine-a-chaud;/catalogue/acier#acier-armatures-beton-rond-a-beton-lamine-a-chaud;VALIDÉ
rond-a-beton-de-20mm-de-diametre-en-acier-lamine-a-chaud;Rond à béton de 20mm de diamètre en acier laminé à chaud;acier;/acier/armatures-beton/rond-a-beton-lamine-a-chaud;Armatures béton;/images/produits/acier/armatures-beton/rond-a-beton-lamine-a-chaud/rond-a-beton-de-20mm-de-diametre-en-acier-lamine-a-chaud-caracteristiques.webp;/images/produits/acier/armatures-beton/rond-a-beton-lamine-a-chaud/studio-rond-a-beton-lamine-a-chaud.webp;;/documents/fiche-technique-treillis-soudes.pdf;/p/rond-a-beton-de-20mm-de-diametre-en-acier-lamine-a-chaud;/catalogue/acier#acier-armatures-beton-rond-a-beton-lamine-a-chaud;VALIDÉ
rond-a-beton-de-8mm-de-diametre-en-acier-lamine-a-chaud;Rond à béton de 8mm de diamètre en acier laminé à chaud;acier;/acier/armatures-beton/rond-a-beton-lamine-a-chaud;Armatures béton;/images/produits/acier/armatures-beton/rond-a-beton-lamine-a-chaud/rond-a-beton-de-8mm-de-diametre-en-acier-lamine-a-chaud-caracteristiques.webp;/images/produits/acier/armatures-beton/rond-a-beton-lamine-a-chaud/studio-rond-a-beton-lamine-a-chaud.webp;;/documents/fiche-technique-treillis-soudes.pdf;/p/rond-a-beton-de-8mm-de-diametre-en-acier-lamine-a-chaud;/catalogue/acier#acier-armatures-beton-rond-a-beton-lamine-a-chaud;VALIDÉ
rond-lisse-10mm-en-acier-laminee-a-chaud;Rond lisse 10mm en acier laminée à chaud;acier;/acier/profiles/rond-plein;Profilés;/images/produits/acier/profiles/rond-plein/rond-lisse-10mm-en-acier-laminee-a-chaud-caracteristiques.webp;/images/produits/acier/profiles/rond-plein/studio-rond-plein.webp;;/documents/fiche-technique-rond-plein-lisse.pdf;/p/rond-lisse-10mm-en-acier-laminee-a-chaud;/catalogue/acier#acier-profiles-rond-plein;VALIDÉ
rond-lisse-12mm-en-acier-laminee-a-chaud;Rond lisse 12mm en acier laminée à chaud;acier;/acier/profiles/rond-plein;Profilés;/images/produits/acier/profiles/rond-plein/rond-lisse-12mm-en-acier-laminee-a-chaud-caracteristiques.webp;/images/produits/acier/profiles/rond-plein/studio-rond-plein.webp;;/documents/fiche-technique-rond-plein-lisse.pdf;/p/rond-lisse-12mm-en-acier-laminee-a-chaud;/catalogue/acier#acier-profiles-rond-plein;VALIDÉ
rond-lisse-14mm-en-acier-laminee-a-chaud;Rond lisse 14mm en acier laminée à chaud;acier;/acier/profiles/rond-plein;Profilés;/images/produits/acier/profiles/rond-plein/rond-lisse-14mm-en-acier-laminee-a-chaud-caracteristiques.webp;/images/produits/acier/profiles/rond-plein/studio-rond-plein.webp;;/documents/fiche-technique-rond-plein-lisse.pdf;/p/rond-lisse-14mm-en-acier-laminee-a-chaud;/catalogue/acier#acier-profiles-rond-plein;VALIDÉ
rond-lisse-16mm-en-acier-laminee-a-chaud;Rond lisse 16mm en acier laminée à chaud;acier;/acier/profiles/rond-plein;Profilés;/images/produits/acier/profiles/rond-plein/rond-lisse-16mm-en-acier-laminee-a-chaud-caracteristiques.webp;/images/produits/acier/profiles/rond-plein/studio-rond-plein.webp;;/documents/fiche-technique-rond-plein-lisse.pdf;/p/rond-lisse-16mm-en-acier-laminee-a-chaud;/catalogue/acier#acier-profiles-rond-plein;VALIDÉ
rond-lisse-18mm-en-acier-laminee-a-chaud;Rond lisse 18mm en acier laminée à chaud;acier;/acier/profiles/rond-plein;Profilés;/images/produits/acier/profiles/rond-plein/rond-lisse-18mm-en-acier-laminee-a-chaud-caracteristiques.webp;/images/produits/acier/profiles/rond-plein/studio-rond-plein.webp;;/documents/fiche-technique-rond-plein-lisse.pdf;/p/rond-lisse-18mm-en-acier-laminee-a-chaud;/catalogue/acier#acier-profiles-rond-plein;VALIDÉ
rond-lisse-20mm-en-acier-laminee-a-chaud;Rond lisse 20mm en acier laminée à chaud;acier;/acier/profiles/rond-plein;Profilés;/images/produits/acier/profiles/rond-plein/rond-lisse-20mm-en-acier-laminee-a-chaud-caracteristiques.webp;/images/produits/acier/profiles/rond-plein/studio-rond-plein.webp;;/documents/fiche-technique-rond-plein-lisse.pdf;/p/rond-lisse-20mm-en-acier-laminee-a-chaud;/catalogue/acier#acier-profiles-rond-plein;VALIDÉ
rond-lisse-22mm-en-acier-laminee-a-chaud;Rond lisse 22mm en acier laminée à chaud;acier;/acier/profiles/rond-plein;Profilés;/images/produits/acier/profiles/rond-plein/rond-lisse-22mm-en-acier-laminee-a-chaud-caracteristiques.webp;/images/produits/acier/profiles/rond-plein/studio-rond-plein.webp;;/documents/fiche-technique-rond-plein-lisse.pdf;/p/rond-lisse-22mm-en-acier-laminee-a-chaud;/catalogue/acier#acier-profiles-rond-plein;VALIDÉ
rond-lisse-6mm-en-acier-laminee-a-chaud;Rond lisse 6mm en acier laminée à chaud;acier;/acier/profiles/rond-plein;Profilés;/images/produits/acier/profiles/rond-plein/rond-lisse-6mm-en-acier-laminee-a-chaud-caracteristiques.webp;/images/produits/acier/profiles/rond-plein/studio-rond-plein.webp;;/documents/fiche-technique-rond-plein-lisse.pdf;/p/rond-lisse-6mm-en-acier-laminee-a-chaud;/catalogue/acier#acier-profiles-rond-plein;VALIDÉ
rond-lisse-8mm-en-acier-laminee-a-chaud;Rond lisse 8mm en acier laminée à chaud;acier;/acier/profiles/rond-plein;Profilés;/images/produits/acier/profiles/rond-plein/rond-lisse-8mm-en-acier-laminee-a-chaud-caracteristiques.webp;/images/produits/acier/profiles/rond-plein/studio-rond-plein.webp;;/documents/fiche-technique-rond-plein-lisse.pdf;/p/rond-lisse-8mm-en-acier-laminee-a-chaud;/catalogue/acier#acier-profiles-rond-plein;VALIDÉ
rond-plein-lisse-diametre-10mm-en-inox;Rond plein lisse diamètre 10mm en Inox;inox;/inox/profiles/rond-plein;Profilés;/images/produits/inox/profiles/rond-plein/rond-plein-lisse-diametre-10mm-en-inox-caracteristiques.webp;/images/produits/inox/profiles/rond-plein/studio-inox-rond-plein.webp;;;/p/rond-plein-lisse-diametre-10mm-en-inox;/catalogue/inox#inox-profiles-rond-plein;VALIDÉ
rond-plein-lisse-diametre-12mm-en-inox;Rond plein lisse diamètre 12mm en Inox;inox;/inox/profiles/rond-plein;Profilés;/images/produits/inox/profiles/rond-plein/rond-plein-lisse-diametre-12mm-en-inox-caracteristiques.webp;/images/produits/inox/profiles/rond-plein/studio-inox-rond-plein.webp;;;/p/rond-plein-lisse-diametre-12mm-en-inox;/catalogue/inox#inox-profiles-rond-plein;VALIDÉ
rond-plein-lisse-diametre-8mm-en-inox;Rond plein lisse diamètre 8mm en Inox;inox;/inox/profiles/rond-plein;Profilés;/images/produits/inox/profiles/rond-plein/rond-plein-lisse-diametre-8mm-en-inox-caracteristiques.webp;/images/produits/inox/profiles/rond-plein/studio-inox-rond-plein.webp;;;/p/rond-plein-lisse-diametre-8mm-en-inox;/catalogue/inox#inox-profiles-rond-plein;VALIDÉ
tasseau-40x40-71x250cm-parement-chene-clair;Tasseau 40x40 71x250cm - Parement | Chêne clair;toiture-bardage;/toiture-bardage/bardage/imitation-bois;Bardage;/images/produits/toiture-bardage/bardage/imitation-bois/tasseau-40x40-71x250cm-parement-chene-clair-caracteristiques.webp;/images/produits/toiture-bardage/bardage/imitation-bois/studio-tasseau-imitation-bois.webp;;/documents/fiche-technique-tasseau-40-40-maxi-imitation-bois.pdf;/p/tasseau-40x40-71x250cm-parement-chene-clair;/catalogue/toiture-bardage#toiture-bardage-bardage-imitation-bois;VALIDÉ
tasseau-40x40-71x300cm-parement-chene-clair;Tasseau 40x40 71x300cm - Parement | Chêne clair;toiture-bardage;/toiture-bardage/bardage/imitation-bois;Bardage;/images/produits/toiture-bardage/bardage/imitation-bois/tasseau-40x40-71x300cm-parement-chene-clair-caracteristiques.webp;/images/produits/toiture-bardage/bardage/imitation-bois/studio-tasseau-imitation-bois.webp;;/documents/fiche-technique-tasseau-40-40-maxi-imitation-bois.pdf;/p/tasseau-40x40-71x300cm-parement-chene-clair;/catalogue/toiture-bardage#toiture-bardage-bardage-imitation-bois;VALIDÉ
tole-2000x1000x1mm-plane-en-inox-304-gr320;Tôle 2000x1000x1mm plane en Inox 304 GR320;inox;/inox/toles/tole-plane-304-brossee;Tôles;/images/produits/inox/toles/tole-plane-304-brossee/tole-2000x1000x1mm-plane-en-inox-304-gr320-caracteristiques.webp;/images/produits/inox/toles/tole-plane-304-brossee/studio-tole-inox-brossee.webp;;;/p/tole-2000x1000x1mm-plane-en-inox-304-gr320;/catalogue/inox#inox-toles-tole-plane-304-brossee;VALIDÉ
tole-2000x1000x2mm-plane-en-inox-304-gr320;Tôle 2000x1000x2mm plane en Inox 304 GR320;inox;/inox/toles/tole-plane-304-brossee;Tôles;/images/produits/inox/toles/tole-plane-304-brossee/tole-2000x1000x2mm-plane-en-inox-304-gr320-caracteristiques.webp;/images/produits/inox/toles/tole-plane-304-brossee/studio-tole-inox-brossee.webp;;;/p/tole-2000x1000x2mm-plane-en-inox-304-gr320;/catalogue/inox#inox-toles-tole-plane-304-brossee;VALIDÉ
tole-2000x1000x3mm-plane-en-inox-304-gr320;Tôle 2000x1000x3mm plane en Inox 304 GR320;inox;/inox/toles/tole-plane-304-brossee;Tôles;/images/produits/inox/toles/tole-plane-304-brossee/tole-2000x1000x3mm-plane-en-inox-304-gr320-caracteristiques.webp;/images/produits/inox/toles/tole-plane-304-brossee/studio-tole-inox-brossee.webp;;;/p/tole-2000x1000x3mm-plane-en-inox-304-gr320;/catalogue/inox#inox-toles-tole-plane-304-brossee;VALIDÉ
tole-2500x1250x1mm-plane-en-inox-304-gr320;Tôle 2500x1250x1mm plane en Inox 304 GR320;inox;/inox/toles/tole-plane-304-brossee;Tôles;/images/produits/inox/toles/tole-plane-304-brossee/tole-2500x1250x1mm-plane-en-inox-304-gr320-caracteristiques.webp;/images/produits/inox/toles/tole-plane-304-brossee/studio-tole-inox-brossee.webp;;;/p/tole-2500x1250x1mm-plane-en-inox-304-gr320;/catalogue/inox#inox-toles-tole-plane-304-brossee;VALIDÉ
tole-2500x1250x2mm-plane-en-inox-304-gr320;Tôle 2500x1250x2mm plane en Inox 304 GR320;inox;/inox/toles/tole-plane-304-brossee;Tôles;/images/produits/inox/toles/tole-plane-304-brossee/tole-2500x1250x2mm-plane-en-inox-304-gr320-caracteristiques.webp;/images/produits/inox/toles/tole-plane-304-brossee/studio-tole-inox-brossee.webp;;;/p/tole-2500x1250x2mm-plane-en-inox-304-gr320;/catalogue/inox#inox-toles-tole-plane-304-brossee;VALIDÉ
tole-2500x1250x3mm-plane-en-inox-304-gr320;Tôle 2500x1250x3mm plane en Inox 304 GR320;inox;/inox/toles/tole-plane-304-brossee;Tôles;/images/produits/inox/toles/tole-plane-304-brossee/tole-2500x1250x3mm-plane-en-inox-304-gr320-caracteristiques.webp;/images/produits/inox/toles/tole-plane-304-brossee/studio-tole-inox-brossee.webp;;;/p/tole-2500x1250x3mm-plane-en-inox-304-gr320;/catalogue/inox#inox-toles-tole-plane-304-brossee;VALIDÉ
tole-30-200-1000-ral-7016-200x105cm;Tôle 30.200.1000 - RAL 7016 - 200X105cm;toiture-bardage;/toiture-bardage/toles-profilees/profil-30-200-1000;Tôles profilées;/images/produits/toiture-bardage/toles-profilees/profil-30-200-1000/tole-30-200-1000-ral-7016-200x105cm-caracteristiques.webp;/images/produits/toiture-bardage/toles-profilees/profil-30-200-1000/studio-tole-profilee-30-200-1000.webp;;/documents/fiche-technique-profil-30-200-1000.pdf;/p/tole-30-200-1000-ral-7016-200x105cm;/catalogue/toiture-bardage#toiture-bardage-toles-profilees-profil-30-200-1000;VALIDÉ
tole-30-200-1000-ral-7016-250x105cm;Tôle 30.200.1000 - RAL 7016 - 250X105cm;toiture-bardage;/toiture-bardage/toles-profilees/profil-30-200-1000;Tôles profilées;/images/produits/toiture-bardage/toles-profilees/profil-30-200-1000/tole-30-200-1000-ral-7016-250x105cm-caracteristiques.webp;/images/produits/toiture-bardage/toles-profilees/profil-30-200-1000/studio-tole-profilee-30-200-1000.webp;;/documents/fiche-technique-profil-30-200-1000.pdf;/p/tole-30-200-1000-ral-7016-250x105cm;/catalogue/toiture-bardage#toiture-bardage-toles-profilees-profil-30-200-1000;VALIDÉ
tole-30-200-1000-ral-7016-300x105cm;Tôle 30.200.1000 - RAL 7016 - 300X105cm;toiture-bardage;/toiture-bardage/toles-profilees/profil-30-200-1000;Tôles profilées;/images/produits/toiture-bardage/toles-profilees/profil-30-200-1000/tole-30-200-1000-ral-7016-300x105cm-caracteristiques.webp;/images/produits/toiture-bardage/toles-profilees/profil-30-200-1000/studio-tole-profilee-30-200-1000.webp;;/documents/fiche-technique-profil-30-200-1000.pdf;/p/tole-30-200-1000-ral-7016-300x105cm;/catalogue/toiture-bardage#toiture-bardage-toles-profilees-profil-30-200-1000;VALIDÉ
tole-30-200-1000-ral-7016-350x105cm;Tôle 30.200.1000 - RAL 7016 - 350X105cm;toiture-bardage;/toiture-bardage/toles-profilees/profil-30-200-1000;Tôles profilées;/images/produits/toiture-bardage/toles-profilees/profil-30-200-1000/tole-30-200-1000-ral-7016-350x105cm-caracteristiques.webp;/images/produits/toiture-bardage/toles-profilees/profil-30-200-1000/studio-tole-profilee-30-200-1000.webp;;/documents/fiche-technique-profil-30-200-1000.pdf;/p/tole-30-200-1000-ral-7016-350x105cm;/catalogue/toiture-bardage#toiture-bardage-toles-profilees-profil-30-200-1000;VALIDÉ
tole-30-200-1000-ral-7016-400x105cm;Tôle 30.200.1000 - RAL 7016 - 400X105cm;toiture-bardage;/toiture-bardage/toles-profilees/profil-30-200-1000;Tôles profilées;/images/produits/toiture-bardage/toles-profilees/profil-30-200-1000/tole-30-200-1000-ral-7016-400x105cm-caracteristiques.webp;/images/produits/toiture-bardage/toles-profilees/profil-30-200-1000/studio-tole-profilee-30-200-1000.webp;;/documents/fiche-technique-profil-30-200-1000.pdf;/p/tole-30-200-1000-ral-7016-400x105cm;/catalogue/toiture-bardage#toiture-bardage-toles-profilees-profil-30-200-1000;VALIDÉ
tole-30-200-1000-ral-7016-450x105cm;Tôle 30.200.1000 - RAL 7016 - 450X105cm;toiture-bardage;/toiture-bardage/toles-profilees/profil-30-200-1000;Tôles profilées;/images/produits/toiture-bardage/toles-profilees/profil-30-200-1000/tole-30-200-1000-ral-7016-450x105cm-caracteristiques.webp;/images/produits/toiture-bardage/toles-profilees/profil-30-200-1000/studio-tole-profilee-30-200-1000.webp;;/documents/fiche-technique-profil-30-200-1000.pdf;/p/tole-30-200-1000-ral-7016-450x105cm;/catalogue/toiture-bardage#toiture-bardage-toles-profilees-profil-30-200-1000;VALIDÉ
tole-30-200-1000-ral-7016-500x105cm;Tôle 30.200.1000 - RAL 7016 - 500X105cm;toiture-bardage;/toiture-bardage/toles-profilees/profil-30-200-1000;Tôles profilées;/images/produits/toiture-bardage/toles-profilees/profil-30-200-1000/tole-30-200-1000-ral-7016-500x105cm-caracteristiques.webp;/images/produits/toiture-bardage/toles-profilees/profil-30-200-1000/studio-tole-profilee-30-200-1000.webp;;/documents/fiche-technique-profil-30-200-1000.pdf;/p/tole-30-200-1000-ral-7016-500x105cm;/catalogue/toiture-bardage#toiture-bardage-toles-profilees-profil-30-200-1000;VALIDÉ
tole-3000x1500x1mm-plane-en-inox-304-gr320;Tôle 3000x1500x1mm plane en Inox 304 GR320;inox;/inox/toles/tole-plane-304-brossee;Tôles;/images/produits/inox/toles/tole-plane-304-brossee/tole-3000x1500x1mm-plane-en-inox-304-gr320-caracteristiques.webp;/images/produits/inox/toles/tole-plane-304-brossee/studio-tole-inox-brossee.webp;;;/p/tole-3000x1500x1mm-plane-en-inox-304-gr320;/catalogue/inox#inox-toles-tole-plane-304-brossee;VALIDÉ
tole-3000x1500x2mm-plane-en-inox-304-gr320;Tôle 3000x1500x2mm plane en Inox 304 GR320;inox;/inox/toles/tole-plane-304-brossee;Tôles;/images/produits/inox/toles/tole-plane-304-brossee/tole-3000x1500x2mm-plane-en-inox-304-gr320-caracteristiques.webp;/images/produits/inox/toles/tole-plane-304-brossee/studio-tole-inox-brossee.webp;;;/p/tole-3000x1500x2mm-plane-en-inox-304-gr320;/catalogue/inox#inox-toles-tole-plane-304-brossee;VALIDÉ
tole-3000x1500x3mm-plane-en-inox-304-gr320;Tôle 3000x1500x3mm plane en Inox 304 GR320;inox;/inox/toles/tole-plane-304-brossee;Tôles;/images/produits/inox/toles/tole-plane-304-brossee/tole-3000x1500x3mm-plane-en-inox-304-gr320-caracteristiques.webp;/images/produits/inox/toles/tole-plane-304-brossee/studio-tole-inox-brossee.webp;;;/p/tole-3000x1500x3mm-plane-en-inox-304-gr320;/catalogue/inox#inox-toles-tole-plane-304-brossee;VALIDÉ
tole-de-2000x1000x1-5mm-en-acier-galvanisee;Tôle de 2000x1000x1,5mm en acier galvanisée;acier;/acier/toles/tole-galvanisee;Tôles;/images/produits/acier/toles/tole-galvanisee/tole-de-2000x1000x1-5mm-en-acier-galvanisee-caracteristiques.webp;/images/produits/acier/toles/tole-galvanisee/studio-tole-galvanisee.webp;;/documents/fiche-technique-toles-acier.pdf;/p/tole-de-2000x1000x1-5mm-en-acier-galvanisee;/catalogue/acier#acier-toles-tole-galvanisee;VALIDÉ
tole-de-2000x1000x1-5mm-en-acier-lamine-a-froid;Tôle de 2000x1000x1,5mm en acier laminé à froid;acier;/acier/toles/tole-laminee-a-froid;Tôles;/images/produits/acier/toles/tole-laminee-a-froid/tole-de-2000x1000x1-5mm-en-acier-lamine-a-froid-caracteristiques.webp;/images/produits/acier/toles/tole-laminee-a-froid/studio-tole-laminee-a-froid.webp;;/documents/fiche-technique-toles-acier.pdf;/p/tole-de-2000x1000x1-5mm-en-acier-lamine-a-froid;/catalogue/acier#acier-toles-tole-laminee-a-froid;VALIDÉ
tole-de-2000x1000x10mm-en-acier-laminee-a-chaud;Tôle de 2000x1000x10mm en acier laminée à chaud;acier;/acier/toles/tole-laminee-a-chaud;Tôles;/images/produits/acier/toles/tole-laminee-a-chaud/tole-de-2000x1000x10mm-en-acier-laminee-a-chaud-caracteristiques.webp;/images/produits/acier/toles/tole-laminee-a-chaud/studio-tole-laminee-a-chaud.webp;;/documents/fiche-technique-toles-acier.pdf;/p/tole-de-2000x1000x10mm-en-acier-laminee-a-chaud;/catalogue/acier#acier-toles-tole-laminee-a-chaud;VALIDÉ
tole-de-2000x1000x12mm-en-acier-laminee-a-chaud;Tôle de 2000x1000x12mm en acier laminée à chaud;acier;/acier/toles/tole-laminee-a-chaud;Tôles;/images/produits/acier/toles/tole-laminee-a-chaud/tole-de-2000x1000x12mm-en-acier-laminee-a-chaud-caracteristiques.webp;/images/produits/acier/toles/tole-laminee-a-chaud/studio-tole-laminee-a-chaud.webp;;/documents/fiche-technique-toles-acier.pdf;/p/tole-de-2000x1000x12mm-en-acier-laminee-a-chaud;/catalogue/acier#acier-toles-tole-laminee-a-chaud;VALIDÉ
tole-de-2000x1000x1mm-en-acier-galvanisee;Tôle de 2000x1000x1mm en acier galvanisée;acier;/acier/toles/tole-galvanisee;Tôles;/images/produits/acier/toles/tole-galvanisee/tole-de-2000x1000x1mm-en-acier-galvanisee-caracteristiques.webp;/images/produits/acier/toles/tole-galvanisee/studio-tole-galvanisee.webp;;/documents/fiche-technique-toles-acier.pdf;/p/tole-de-2000x1000x1mm-en-acier-galvanisee;/catalogue/acier#acier-toles-tole-galvanisee;VALIDÉ
tole-de-2000x1000x1mm-en-acier-lamine-a-froid;Tôle de 2000x1000x1mm en acier laminé à froid;acier;/acier/toles/tole-laminee-a-froid;Tôles;/images/produits/acier/toles/tole-laminee-a-froid/tole-de-2000x1000x1mm-en-acier-lamine-a-froid-caracteristiques.webp;/images/produits/acier/toles/tole-laminee-a-froid/studio-tole-laminee-a-froid.webp;;/documents/fiche-technique-toles-acier.pdf;/p/tole-de-2000x1000x1mm-en-acier-lamine-a-froid;/catalogue/acier#acier-toles-tole-laminee-a-froid;VALIDÉ
tole-de-2000x1000x1mm-en-aluminium;Tôle de 2000x1000x1mm en aluminium;aluminium;/aluminium/toles/tole-plane;Tôles;/images/produits/aluminium/toles/tole-plane/tole-de-2000x1000x1mm-en-aluminium-caracteristiques.webp;/images/produits/aluminium/toles/tole-plane/studio-tole-aluminium.webp;;;/p/tole-de-2000x1000x1mm-en-aluminium;/catalogue/aluminium#aluminium-toles-tole-plane;VALIDÉ
tole-de-2000x1000x20mm-en-acier-quarto;Tôle de 2000x1000x20mm en acier Quarto;acier;/acier/toles/tole-quarto;Tôles;/images/produits/acier/toles/tole-quarto/tole-de-2000x1000x20mm-en-acier-quarto-caracteristiques.webp;/images/produits/acier/toles/tole-quarto/studio-tole-quarto.webp;;/documents/fiche-technique-toles-acier.pdf;/p/tole-de-2000x1000x20mm-en-acier-quarto;/catalogue/acier#acier-toles-tole-quarto;VALIDÉ
tole-de-2000x1000x2mm-en-acier-galvanisee;Tôle de 2000x1000x2mm en acier galvanisée;acier;/acier/toles/tole-galvanisee;Tôles;/images/produits/acier/toles/tole-galvanisee/tole-de-2000x1000x2mm-en-acier-galvanisee-caracteristiques.webp;/images/produits/acier/toles/tole-galvanisee/studio-tole-galvanisee.webp;;/documents/fiche-technique-toles-acier.pdf;/p/tole-de-2000x1000x2mm-en-acier-galvanisee;/catalogue/acier#acier-toles-tole-galvanisee;VALIDÉ
tole-de-2000x1000x2mm-en-acier-lamine-a-froid;Tôle de 2000x1000x2mm en acier laminé à froid;acier;/acier/toles/tole-laminee-a-froid;Tôles;/images/produits/acier/toles/tole-laminee-a-froid/tole-de-2000x1000x2mm-en-acier-lamine-a-froid-caracteristiques.webp;/images/produits/acier/toles/tole-laminee-a-froid/studio-tole-laminee-a-froid.webp;;/documents/fiche-technique-toles-acier.pdf;/p/tole-de-2000x1000x2mm-en-acier-lamine-a-froid;/catalogue/acier#acier-toles-tole-laminee-a-froid;VALIDÉ
tole-de-2000x1000x2mm-en-acier-laminee-a-chaud;Tôle de 2000x1000x2mm en acier laminée à chaud;acier;/acier/toles/tole-laminee-a-chaud;Tôles;/images/produits/acier/toles/tole-laminee-a-chaud/tole-de-2000x1000x2mm-en-acier-laminee-a-chaud-caracteristiques.webp;/images/produits/acier/toles/tole-laminee-a-chaud/studio-tole-laminee-a-chaud.webp;;/documents/fiche-technique-toles-acier.pdf;/p/tole-de-2000x1000x2mm-en-acier-laminee-a-chaud;/catalogue/acier#acier-toles-tole-laminee-a-chaud;VALIDÉ
tole-de-2000x1000x2mm-en-aluminium;Tôle de 2000x1000x2mm en aluminium;aluminium;/aluminium/toles/tole-plane;Tôles;/images/produits/aluminium/toles/tole-plane/tole-de-2000x1000x2mm-en-aluminium-caracteristiques.webp;/images/produits/aluminium/toles/tole-plane/studio-tole-aluminium.webp;;;/p/tole-de-2000x1000x2mm-en-aluminium;/catalogue/aluminium#aluminium-toles-tole-plane;VALIDÉ
tole-de-2000x1000x3-5mm-en-acier-larmee;Tôle de 2000x1000x3/5mm en acier larmée;acier;/acier/toles/tole-larmee;Tôles;/images/produits/acier/toles/tole-larmee/tole-de-2000x1000x3-5mm-en-acier-larmee-caracteristiques.webp;/images/produits/acier/toles/tole-larmee/studio-tole-larmee.webp;;/documents/fiche-technique-toles-acier.pdf;/p/tole-de-2000x1000x3-5mm-en-acier-larmee;/catalogue/acier#acier-toles-tole-larmee;VALIDÉ
tole-de-2000x1000x3mm-en-acier-galvanisee;Tôle de 2000x1000x3mm en acier galvanisée;acier;/acier/toles/tole-galvanisee;Tôles;/images/produits/acier/toles/tole-galvanisee/tole-de-2000x1000x3mm-en-acier-galvanisee-caracteristiques.webp;/images/produits/acier/toles/tole-galvanisee/studio-tole-galvanisee.webp;;/documents/fiche-technique-toles-acier.pdf;/p/tole-de-2000x1000x3mm-en-acier-galvanisee;/catalogue/acier#acier-toles-tole-galvanisee;VALIDÉ
tole-de-2000x1000x3mm-en-acier-laminee-a-chaud;Tôle de 2000x1000x3mm en acier laminée à chaud;acier;/acier/toles/tole-laminee-a-chaud;Tôles;/images/produits/acier/toles/tole-laminee-a-chaud/tole-de-2000x1000x3mm-en-acier-laminee-a-chaud-caracteristiques.webp;/images/produits/acier/toles/tole-laminee-a-chaud/studio-tole-laminee-a-chaud.webp;;/documents/fiche-technique-toles-acier.pdf;/p/tole-de-2000x1000x3mm-en-acier-laminee-a-chaud;/catalogue/acier#acier-toles-tole-laminee-a-chaud;VALIDÉ
tole-de-2000x1000x3mm-en-aluminium;Tôle de 2000x1000x3mm en aluminium;aluminium;/aluminium/toles/tole-plane;Tôles;/images/produits/aluminium/toles/tole-plane/tole-de-2000x1000x3mm-en-aluminium-caracteristiques.webp;/images/produits/aluminium/toles/tole-plane/studio-tole-aluminium.webp;;;/p/tole-de-2000x1000x3mm-en-aluminium;/catalogue/aluminium#aluminium-toles-tole-plane;VALIDÉ
tole-de-2000x1000x3mm-plane-en-acier-corten;Tôle de 2000x1000x3mm plane en acier Corten;acier;/acier/toles/tole-corten;Tôles;/images/produits/acier/toles/tole-corten/tole-de-2000x1000x3mm-plane-en-acier-corten-caracteristiques.webp;/images/produits/acier/toles/tole-corten/studio-tole-corten.webp;;/documents/fiche-technique-toles-acier.pdf;/p/tole-de-2000x1000x3mm-plane-en-acier-corten;/catalogue/acier#acier-toles-tole-corten;VALIDÉ
tole-de-2000x1000x5-7mm-en-acier-larmee;Tôle de 2000x1000x5/7mm en acier larmée;acier;/acier/toles/tole-larmee;Tôles;/images/produits/acier/toles/tole-larmee/tole-de-2000x1000x5-7mm-en-acier-larmee-caracteristiques.webp;/images/produits/acier/toles/tole-larmee/studio-tole-larmee.webp;;/documents/fiche-technique-toles-acier.pdf;/p/tole-de-2000x1000x5-7mm-en-acier-larmee;/catalogue/acier#acier-toles-tole-larmee;VALIDÉ
tole-de-2000x1000x5mm-en-acier-laminee-a-chaud;Tôle de 2000x1000x5mm en acier laminée à chaud;acier;/acier/toles/tole-laminee-a-chaud;Tôles;/images/produits/acier/toles/tole-laminee-a-chaud/tole-de-2000x1000x5mm-en-acier-laminee-a-chaud-caracteristiques.webp;/images/produits/acier/toles/tole-laminee-a-chaud/studio-tole-laminee-a-chaud.webp;;/documents/fiche-technique-toles-acier.pdf;/p/tole-de-2000x1000x5mm-en-acier-laminee-a-chaud;/catalogue/acier#acier-toles-tole-laminee-a-chaud;VALIDÉ
tole-de-2500x1250x1-5mm-en-acier-galvanisee;Tôle de 2500x1250x1,5mm en acier galvanisée;acier;/acier/toles/tole-galvanisee;Tôles;/images/produits/acier/toles/tole-galvanisee/tole-de-2500x1250x1-5mm-en-acier-galvanisee-caracteristiques.webp;/images/produits/acier/toles/tole-galvanisee/studio-tole-galvanisee.webp;;/documents/fiche-technique-toles-acier.pdf;/p/tole-de-2500x1250x1-5mm-en-acier-galvanisee;/catalogue/acier#acier-toles-tole-galvanisee;VALIDÉ
tole-de-2500x1250x1-5mm-en-acier-lamine-a-froid;Tôle de 2500x1250x1,5mm en acier laminé à froid;acier;/acier/toles/tole-laminee-a-froid;Tôles;/images/produits/acier/toles/tole-laminee-a-froid/tole-de-2500x1250x1-5mm-en-acier-lamine-a-froid-caracteristiques.webp;/images/produits/acier/toles/tole-laminee-a-froid/studio-tole-laminee-a-froid.webp;;/documents/fiche-technique-toles-acier.pdf;/p/tole-de-2500x1250x1-5mm-en-acier-lamine-a-froid;/catalogue/acier#acier-toles-tole-laminee-a-froid;VALIDÉ
tole-de-2500x1250x10mm-en-acier-laminee-a-chaud;Tôle de 2500x1250x10mm en acier laminée à chaud;acier;/acier/toles/tole-laminee-a-chaud;Tôles;/images/produits/acier/toles/tole-laminee-a-chaud/tole-de-2500x1250x10mm-en-acier-laminee-a-chaud-caracteristiques.webp;/images/produits/acier/toles/tole-laminee-a-chaud/studio-tole-laminee-a-chaud.webp;;/documents/fiche-technique-toles-acier.pdf;/p/tole-de-2500x1250x10mm-en-acier-laminee-a-chaud;/catalogue/acier#acier-toles-tole-laminee-a-chaud;VALIDÉ
tole-de-2500x1250x1mm-en-acier-galvanisee;Tôle de 2500x1250x1mm en acier galvanisée;acier;/acier/toles/tole-galvanisee;Tôles;/images/produits/acier/toles/tole-galvanisee/tole-de-2500x1250x1mm-en-acier-galvanisee-caracteristiques.webp;/images/produits/acier/toles/tole-galvanisee/studio-tole-galvanisee.webp;;/documents/fiche-technique-toles-acier.pdf;/p/tole-de-2500x1250x1mm-en-acier-galvanisee;/catalogue/acier#acier-toles-tole-galvanisee;VALIDÉ
tole-de-2500x1250x1mm-en-acier-lamine-a-froid;Tôle de 2500x1250x1mm en acier laminé à froid;acier;/acier/toles/tole-laminee-a-froid;Tôles;/images/produits/acier/toles/tole-laminee-a-froid/tole-de-2500x1250x1mm-en-acier-lamine-a-froid-caracteristiques.webp;/images/produits/acier/toles/tole-laminee-a-froid/studio-tole-laminee-a-froid.webp;;/documents/fiche-technique-toles-acier.pdf;/p/tole-de-2500x1250x1mm-en-acier-lamine-a-froid;/catalogue/acier#acier-toles-tole-laminee-a-froid;VALIDÉ
tole-de-2500x1250x1mm-en-aluminium;Tôle de 2500x1250x1mm en aluminium;aluminium;/aluminium/toles/tole-plane;Tôles;/images/produits/aluminium/toles/tole-plane/tole-de-2500x1250x1mm-en-aluminium-caracteristiques.webp;/images/produits/aluminium/toles/tole-plane/studio-tole-aluminium.webp;;;/p/tole-de-2500x1250x1mm-en-aluminium;/catalogue/aluminium#aluminium-toles-tole-plane;VALIDÉ
tole-de-2500x1250x2mm-en-acier-galvanisee;Tôle de 2500x1250x2mm en acier galvanisée;acier;/acier/toles/tole-galvanisee;Tôles;/images/produits/acier/toles/tole-galvanisee/tole-de-2500x1250x2mm-en-acier-galvanisee-caracteristiques.webp;/images/produits/acier/toles/tole-galvanisee/studio-tole-galvanisee.webp;;/documents/fiche-technique-toles-acier.pdf;/p/tole-de-2500x1250x2mm-en-acier-galvanisee;/catalogue/acier#acier-toles-tole-galvanisee;VALIDÉ
tole-de-2500x1250x2mm-en-acier-lamine-a-froid;Tôle de 2500x1250x2mm en acier laminé à froid;acier;/acier/toles/tole-laminee-a-froid;Tôles;/images/produits/acier/toles/tole-laminee-a-froid/tole-de-2500x1250x2mm-en-acier-lamine-a-froid-caracteristiques.webp;/images/produits/acier/toles/tole-laminee-a-froid/studio-tole-laminee-a-froid.webp;;/documents/fiche-technique-toles-acier.pdf;/p/tole-de-2500x1250x2mm-en-acier-lamine-a-froid;/catalogue/acier#acier-toles-tole-laminee-a-froid;VALIDÉ
tole-de-2500x1250x2mm-en-acier-laminee-a-chaud;Tôle de 2500x1250x2mm en acier laminée à chaud;acier;/acier/toles/tole-laminee-a-chaud;Tôles;/images/produits/acier/toles/tole-laminee-a-chaud/tole-de-2500x1250x2mm-en-acier-laminee-a-chaud-caracteristiques.webp;/images/produits/acier/toles/tole-laminee-a-chaud/studio-tole-laminee-a-chaud.webp;;/documents/fiche-technique-toles-acier.pdf;/p/tole-de-2500x1250x2mm-en-acier-laminee-a-chaud;/catalogue/acier#acier-toles-tole-laminee-a-chaud;VALIDÉ
tole-de-2500x1250x2mm-en-aluminium;Tôle de 2500x1250x2mm en aluminium;aluminium;/aluminium/toles/tole-plane;Tôles;/images/produits/aluminium/toles/tole-plane/tole-de-2500x1250x2mm-en-aluminium-caracteristiques.webp;/images/produits/aluminium/toles/tole-plane/studio-tole-aluminium.webp;;;/p/tole-de-2500x1250x2mm-en-aluminium;/catalogue/aluminium#aluminium-toles-tole-plane;VALIDÉ
tole-de-2500x1250x2mm-plane-en-acier-corten;Tôle de 2500x1250x2mm plane en acier Corten;acier;/acier/toles/tole-corten;Tôles;/images/produits/acier/toles/tole-corten/tole-de-2500x1250x2mm-plane-en-acier-corten-caracteristiques.webp;/images/produits/acier/toles/tole-corten/studio-tole-corten.webp;;/documents/fiche-technique-toles-acier.pdf;/p/tole-de-2500x1250x2mm-plane-en-acier-corten;/catalogue/acier#acier-toles-tole-corten;VALIDÉ
tole-de-2500x1250x3-5mm-en-acier-larmee;Tôle de 2500x1250x3/5mm en acier larmée;acier;/acier/toles/tole-larmee;Tôles;/images/produits/acier/toles/tole-larmee/tole-de-2500x1250x3-5mm-en-acier-larmee-caracteristiques.webp;/images/produits/acier/toles/tole-larmee/studio-tole-larmee.webp;;/documents/fiche-technique-toles-acier.pdf;/p/tole-de-2500x1250x3-5mm-en-acier-larmee;/catalogue/acier#acier-toles-tole-larmee;VALIDÉ
tole-de-2500x1250x3mm-en-acier-galvanisee;Tôle de 2500x1250x3mm en acier galvanisée;acier;/acier/toles/tole-galvanisee;Tôles;/images/produits/acier/toles/tole-galvanisee/tole-de-2500x1250x3mm-en-acier-galvanisee-caracteristiques.webp;/images/produits/acier/toles/tole-galvanisee/studio-tole-galvanisee.webp;;/documents/fiche-technique-toles-acier.pdf;/p/tole-de-2500x1250x3mm-en-acier-galvanisee;/catalogue/acier#acier-toles-tole-galvanisee;VALIDÉ
tole-de-2500x1250x3mm-en-acier-laminee-a-chaud;Tôle de 2500x1250x3mm en acier laminée à chaud;acier;/acier/toles/tole-laminee-a-chaud;Tôles;/images/produits/acier/toles/tole-laminee-a-chaud/tole-de-2500x1250x3mm-en-acier-laminee-a-chaud-caracteristiques.webp;/images/produits/acier/toles/tole-laminee-a-chaud/studio-tole-laminee-a-chaud.webp;;/documents/fiche-technique-toles-acier.pdf;/p/tole-de-2500x1250x3mm-en-acier-laminee-a-chaud;/catalogue/acier#acier-toles-tole-laminee-a-chaud;VALIDÉ
tole-de-2500x1250x3mm-en-aluminium;Tôle de 2500x1250x3mm en aluminium;aluminium;/aluminium/toles/tole-plane;Tôles;/images/produits/aluminium/toles/tole-plane/tole-de-2500x1250x3mm-en-aluminium-caracteristiques.webp;/images/produits/aluminium/toles/tole-plane/studio-tole-aluminium.webp;;;/p/tole-de-2500x1250x3mm-en-aluminium;/catalogue/aluminium#aluminium-toles-tole-plane;VALIDÉ
tole-de-2500x1250x3mm-plane-en-acier-corten;Tôle de 2500x1250x3mm plane en acier Corten;acier;/acier/toles/tole-corten;Tôles;/images/produits/acier/toles/tole-corten/tole-de-2500x1250x3mm-plane-en-acier-corten-caracteristiques.webp;/images/produits/acier/toles/tole-corten/studio-tole-corten.webp;;/documents/fiche-technique-toles-acier.pdf;/p/tole-de-2500x1250x3mm-plane-en-acier-corten;/catalogue/acier#acier-toles-tole-corten;VALIDÉ
tole-de-2500x1250x5-7mm-en-acier-larmee;Tôle de 2500x1250x5/7mm en acier larmée;acier;/acier/toles/tole-larmee;Tôles;/images/produits/acier/toles/tole-larmee/tole-de-2500x1250x5-7mm-en-acier-larmee-caracteristiques.webp;/images/produits/acier/toles/tole-larmee/studio-tole-larmee.webp;;/documents/fiche-technique-toles-acier.pdf;/p/tole-de-2500x1250x5-7mm-en-acier-larmee;/catalogue/acier#acier-toles-tole-larmee;VALIDÉ
tole-de-2500x1250x5mm-en-acier-laminee-a-chaud;Tôle de 2500x1250x5mm en acier laminée à chaud;acier;/acier/toles/tole-laminee-a-chaud;Tôles;/images/produits/acier/toles/tole-laminee-a-chaud/tole-de-2500x1250x5mm-en-acier-laminee-a-chaud-caracteristiques.webp;/images/produits/acier/toles/tole-laminee-a-chaud/studio-tole-laminee-a-chaud.webp;;/documents/fiche-technique-toles-acier.pdf;/p/tole-de-2500x1250x5mm-en-acier-laminee-a-chaud;/catalogue/acier#acier-toles-tole-laminee-a-chaud;VALIDÉ
tole-de-3000x1500x1-5mm-en-acier-galvanisee;Tôle de 3000x1500x1,5mm en acier galvanisée;acier;/acier/toles/tole-galvanisee;Tôles;/images/produits/acier/toles/tole-galvanisee/tole-de-3000x1500x1-5mm-en-acier-galvanisee-caracteristiques.webp;/images/produits/acier/toles/tole-galvanisee/studio-tole-galvanisee.webp;;/documents/fiche-technique-toles-acier.pdf;/p/tole-de-3000x1500x1-5mm-en-acier-galvanisee;/catalogue/acier#acier-toles-tole-galvanisee;VALIDÉ
tole-de-3000x1500x1-5mm-en-acier-lamine-a-froid;Tôle de 3000x1500x1,5mm en acier laminé à froid;acier;/acier/toles/tole-laminee-a-froid;Tôles;/images/produits/acier/toles/tole-laminee-a-froid/tole-de-3000x1500x1-5mm-en-acier-lamine-a-froid-caracteristiques.webp;/images/produits/acier/toles/tole-laminee-a-froid/studio-tole-laminee-a-froid.webp;;/documents/fiche-technique-toles-acier.pdf;/p/tole-de-3000x1500x1-5mm-en-acier-lamine-a-froid;/catalogue/acier#acier-toles-tole-laminee-a-froid;VALIDÉ
tole-de-3000x1500x10mm-en-acier-laminee-a-chaud;Tôle de 3000x1500x10mm en acier laminée à chaud;acier;/acier/toles/tole-laminee-a-chaud;Tôles;/images/produits/acier/toles/tole-laminee-a-chaud/tole-de-3000x1500x10mm-en-acier-laminee-a-chaud-caracteristiques.webp;/images/produits/acier/toles/tole-laminee-a-chaud/studio-tole-laminee-a-chaud.webp;;/documents/fiche-technique-toles-acier.pdf;/p/tole-de-3000x1500x10mm-en-acier-laminee-a-chaud;/catalogue/acier#acier-toles-tole-laminee-a-chaud;VALIDÉ
tole-de-3000x1500x1mm-en-acier-galvanisee;Tôle de 3000x1500x1mm en acier galvanisée;acier;/acier/toles/tole-galvanisee;Tôles;/images/produits/acier/toles/tole-galvanisee/tole-de-3000x1500x1mm-en-acier-galvanisee-caracteristiques.webp;/images/produits/acier/toles/tole-galvanisee/studio-tole-galvanisee.webp;;/documents/fiche-technique-toles-acier.pdf;/p/tole-de-3000x1500x1mm-en-acier-galvanisee;/catalogue/acier#acier-toles-tole-galvanisee;VALIDÉ
tole-de-3000x1500x1mm-en-acier-lamine-a-froid;Tôle de 3000x1500x1mm en acier laminé à froid;acier;/acier/toles/tole-laminee-a-froid;Tôles;/images/produits/acier/toles/tole-laminee-a-froid/tole-de-3000x1500x1mm-en-acier-lamine-a-froid-caracteristiques.webp;/images/produits/acier/toles/tole-laminee-a-froid/studio-tole-laminee-a-froid.webp;;/documents/fiche-technique-toles-acier.pdf;/p/tole-de-3000x1500x1mm-en-acier-lamine-a-froid;/catalogue/acier#acier-toles-tole-laminee-a-froid;VALIDÉ
tole-de-3000x1500x1mm-en-aluminium;Tôle de 3000x1500x1mm en aluminium;aluminium;/aluminium/toles/tole-plane;Tôles;/images/produits/aluminium/toles/tole-plane/tole-de-3000x1500x1mm-en-aluminium-caracteristiques.webp;/images/produits/aluminium/toles/tole-plane/studio-tole-aluminium.webp;;;/p/tole-de-3000x1500x1mm-en-aluminium;/catalogue/aluminium#aluminium-toles-tole-plane;VALIDÉ
tole-de-3000x1500x2mm-en-acier-galvanisee;Tôle de 3000x1500x2mm en acier galvanisée;acier;/acier/toles/tole-galvanisee;Tôles;/images/produits/acier/toles/tole-galvanisee/tole-de-3000x1500x2mm-en-acier-galvanisee-caracteristiques.webp;/images/produits/acier/toles/tole-galvanisee/studio-tole-galvanisee.webp;;/documents/fiche-technique-toles-acier.pdf;/p/tole-de-3000x1500x2mm-en-acier-galvanisee;/catalogue/acier#acier-toles-tole-galvanisee;VALIDÉ
tole-de-3000x1500x2mm-en-aluminium;Tôle de 3000x1500x2mm en aluminium;aluminium;/aluminium/toles/tole-plane;Tôles;/images/produits/aluminium/toles/tole-plane/tole-de-3000x1500x2mm-en-aluminium-caracteristiques.webp;/images/produits/aluminium/toles/tole-plane/studio-tole-aluminium.webp;;;/p/tole-de-3000x1500x2mm-en-aluminium;/catalogue/aluminium#aluminium-toles-tole-plane;VALIDÉ
tole-de-3000x1500x2mm-plane-en-acier-corten;Tôle de 3000x1500x2mm plane en acier Corten;acier;/acier/toles/tole-corten;Tôles;/images/produits/acier/toles/tole-corten/tole-de-3000x1500x2mm-plane-en-acier-corten-caracteristiques.webp;/images/produits/acier/toles/tole-corten/studio-tole-corten.webp;;/documents/fiche-technique-toles-acier.pdf;/p/tole-de-3000x1500x2mm-plane-en-acier-corten;/catalogue/acier#acier-toles-tole-corten;VALIDÉ
tole-de-3000x1500x3-5mm-en-acier-larmee;Tôle de 3000x1500x3/5mm en acier larmée;acier;/acier/toles/tole-larmee;Tôles;/images/produits/acier/toles/tole-larmee/tole-de-3000x1500x3-5mm-en-acier-larmee-caracteristiques.webp;/images/produits/acier/toles/tole-larmee/studio-tole-larmee.webp;;/documents/fiche-technique-toles-acier.pdf;/p/tole-de-3000x1500x3-5mm-en-acier-larmee;/catalogue/acier#acier-toles-tole-larmee;VALIDÉ
tole-de-3000x1500x3mm-en-acier-galvanisee;Tôle de 3000x1500x3mm en acier galvanisée;acier;/acier/toles/tole-galvanisee;Tôles;/images/produits/acier/toles/tole-galvanisee/tole-de-3000x1500x3mm-en-acier-galvanisee-caracteristiques.webp;/images/produits/acier/toles/tole-galvanisee/studio-tole-galvanisee.webp;;/documents/fiche-technique-toles-acier.pdf;/p/tole-de-3000x1500x3mm-en-acier-galvanisee;/catalogue/acier#acier-toles-tole-galvanisee;VALIDÉ
tole-de-3000x1500x3mm-en-acier-laminee-a-chaud;Tôle de 3000x1500x3mm en acier laminée à chaud;acier;/acier/toles/tole-laminee-a-chaud;Tôles;/images/produits/acier/toles/tole-laminee-a-chaud/tole-de-3000x1500x3mm-en-acier-laminee-a-chaud-caracteristiques.webp;/images/produits/acier/toles/tole-laminee-a-chaud/studio-tole-laminee-a-chaud.webp;;/documents/fiche-technique-toles-acier.pdf;/p/tole-de-3000x1500x3mm-en-acier-laminee-a-chaud;/catalogue/acier#acier-toles-tole-laminee-a-chaud;VALIDÉ
tole-de-3000x1500x3mm-en-aluminium;Tôle de 3000x1500x3mm en aluminium;aluminium;/aluminium/toles/tole-plane;Tôles;/images/produits/aluminium/toles/tole-plane/tole-de-3000x1500x3mm-en-aluminium-caracteristiques.webp;/images/produits/aluminium/toles/tole-plane/studio-tole-aluminium.webp;;;/p/tole-de-3000x1500x3mm-en-aluminium;/catalogue/aluminium#aluminium-toles-tole-plane;VALIDÉ
tole-de-3000x1500x3mm-plane-en-acier-corten;Tôle de 3000x1500x3mm plane en acier Corten;acier;/acier/toles/tole-corten;Tôles;/images/produits/acier/toles/tole-corten/tole-de-3000x1500x3mm-plane-en-acier-corten-caracteristiques.webp;/images/produits/acier/toles/tole-corten/studio-tole-corten.webp;;/documents/fiche-technique-toles-acier.pdf;/p/tole-de-3000x1500x3mm-plane-en-acier-corten;/catalogue/acier#acier-toles-tole-corten;VALIDÉ
tole-de-3000x1500x5-7mm-en-acier-larmee;Tôle de 3000x1500x5/7mm en acier larmée;acier;/acier/toles/tole-larmee;Tôles;/images/produits/acier/toles/tole-larmee/tole-de-3000x1500x5-7mm-en-acier-larmee-caracteristiques.webp;/images/produits/acier/toles/tole-larmee/studio-tole-larmee.webp;;/documents/fiche-technique-toles-acier.pdf;/p/tole-de-3000x1500x5-7mm-en-acier-larmee;/catalogue/acier#acier-toles-tole-larmee;VALIDÉ
tole-de-3000x1500x8mm-en-acier-laminee-a-chaud;Tôle de 3000x1500x8mm en acier laminée à chaud;acier;/acier/toles/tole-laminee-a-chaud;Tôles;/images/produits/acier/toles/tole-laminee-a-chaud/tole-de-3000x1500x8mm-en-acier-laminee-a-chaud-caracteristiques.webp;/images/produits/acier/toles/tole-laminee-a-chaud/studio-tole-laminee-a-chaud.webp;;/documents/fiche-technique-toles-acier.pdf;/p/tole-de-3000x1500x8mm-en-acier-laminee-a-chaud;/catalogue/acier#acier-toles-tole-laminee-a-chaud;VALIDÉ
tole-plane-2000x1000x0-8mm-en-inox-304-gr320;Tôle plane 2000x1000x0,8mm en Inox 304 GR320;inox;/inox/toles/tole-plane-304-brossee;Tôles;/images/produits/inox/toles/tole-plane-304-brossee/tole-plane-2000x1000x0-8mm-en-inox-304-gr320-caracteristiques.webp;/images/produits/inox/toles/tole-plane-304-brossee/studio-tole-inox-brossee.webp;;;/p/tole-plane-2000x1000x0-8mm-en-inox-304-gr320;/catalogue/inox#inox-toles-tole-plane-304-brossee;VALIDÉ
tole-plane-de-2000x1000x10mm-laserpressplus;Tôle plane de 2000x1000x10mm LaserpressPlus®;acier;/acier/toles/tole-laminee-a-chaud;Tôles;/images/produits/acier/toles/tole-laminee-a-chaud/tole-plane-de-2000x1000x10mm-laserpressplus-caracteristiques.webp;/images/produits/acier/toles/tole-laminee-a-chaud/studio-tole-laminee-a-chaud.webp;;/documents/fiche-technique-toles-acier.pdf;/p/tole-plane-de-2000x1000x10mm-laserpressplus;/catalogue/acier#acier-toles-tole-laminee-a-chaud;VALIDÉ
tole-plane-de-2000x1000x15mm-laserpressplus;Tôle plane de 2000x1000x15mm LaserpressPlus®;acier;/acier/toles/tole-laminee-a-chaud;Tôles;/images/produits/acier/toles/tole-laminee-a-chaud/tole-plane-de-2000x1000x15mm-laserpressplus-caracteristiques.webp;/images/produits/acier/toles/tole-laminee-a-chaud/studio-tole-laminee-a-chaud.webp;;/documents/fiche-technique-toles-acier.pdf;/p/tole-plane-de-2000x1000x15mm-laserpressplus;/catalogue/acier#acier-toles-tole-laminee-a-chaud;VALIDÉ
tole-plane-de-2000x1000x2mm-laserpressplus;Tôle plane de 2000x1000x2mm LaserpressPlus®;acier;/acier/toles/tole-laminee-a-chaud;Tôles;/images/produits/acier/toles/tole-laminee-a-chaud/tole-plane-de-2000x1000x2mm-laserpressplus-caracteristiques.webp;/images/produits/acier/toles/tole-laminee-a-chaud/studio-tole-laminee-a-chaud.webp;;/documents/fiche-technique-toles-acier.pdf;/p/tole-plane-de-2000x1000x2mm-laserpressplus;/catalogue/acier#acier-toles-tole-laminee-a-chaud;VALIDÉ
tole-plane-de-2000x1000x3mm-laserpressplus;Tôle plane de 2000x1000x3mm LaserpressPlus®;acier;/acier/toles/tole-laminee-a-chaud;Tôles;/images/produits/acier/toles/tole-laminee-a-chaud/tole-plane-de-2000x1000x3mm-laserpressplus-caracteristiques.webp;/images/produits/acier/toles/tole-laminee-a-chaud/studio-tole-laminee-a-chaud.webp;;/documents/fiche-technique-toles-acier.pdf;/p/tole-plane-de-2000x1000x3mm-laserpressplus;/catalogue/acier#acier-toles-tole-laminee-a-chaud;VALIDÉ
tole-plane-de-2000x1000x4mm-laserpressplus;Tôle plane de 2000x1000x4mm LaserpressPlus®;acier;/acier/toles/tole-laminee-a-chaud;Tôles;/images/produits/acier/toles/tole-laminee-a-chaud/tole-plane-de-2000x1000x4mm-laserpressplus-caracteristiques.webp;/images/produits/acier/toles/tole-laminee-a-chaud/studio-tole-laminee-a-chaud.webp;;/documents/fiche-technique-toles-acier.pdf;/p/tole-plane-de-2000x1000x4mm-laserpressplus;/catalogue/acier#acier-toles-tole-laminee-a-chaud;VALIDÉ
tole-plane-de-2000x1000x5mm-laserpressplus;Tôle plane de 2000x1000x5mm LaserpressPlus®;acier;/acier/toles/tole-laminee-a-chaud;Tôles;/images/produits/acier/toles/tole-laminee-a-chaud/tole-plane-de-2000x1000x5mm-laserpressplus-caracteristiques.webp;/images/produits/acier/toles/tole-laminee-a-chaud/studio-tole-laminee-a-chaud.webp;;/documents/fiche-technique-toles-acier.pdf;/p/tole-plane-de-2000x1000x5mm-laserpressplus;/catalogue/acier#acier-toles-tole-laminee-a-chaud;VALIDÉ
tole-plane-de-2000x1000x6mm-laserpressplus;Tôle plane de 2000x1000x6mm LaserpressPlus®;acier;/acier/toles/tole-laminee-a-chaud;Tôles;/images/produits/acier/toles/tole-laminee-a-chaud/tole-plane-de-2000x1000x6mm-laserpressplus-caracteristiques.webp;/images/produits/acier/toles/tole-laminee-a-chaud/studio-tole-laminee-a-chaud.webp;;/documents/fiche-technique-toles-acier.pdf;/p/tole-plane-de-2000x1000x6mm-laserpressplus;/catalogue/acier#acier-toles-tole-laminee-a-chaud;VALIDÉ
tole-plane-de-2000x1000x8mm-laserpressplus;Tôle plane de 2000x1000x8mm LaserpressPlus®;acier;/acier/toles/tole-laminee-a-chaud;Tôles;/images/produits/acier/toles/tole-laminee-a-chaud/tole-plane-de-2000x1000x8mm-laserpressplus-caracteristiques.webp;/images/produits/acier/toles/tole-laminee-a-chaud/studio-tole-laminee-a-chaud.webp;;/documents/fiche-technique-toles-acier.pdf;/p/tole-plane-de-2000x1000x8mm-laserpressplus;/catalogue/acier#acier-toles-tole-laminee-a-chaud;VALIDÉ
tole-plane-de-2500x1250x10mm-laserpressplus;Tôle plane de 2500x1250x10mm LaserpressPlus®;acier;/acier/toles/tole-laminee-a-chaud;Tôles;/images/produits/acier/toles/tole-laminee-a-chaud/tole-plane-de-2500x1250x10mm-laserpressplus-caracteristiques.webp;/images/produits/acier/toles/tole-laminee-a-chaud/studio-tole-laminee-a-chaud.webp;;/documents/fiche-technique-toles-acier.pdf;/p/tole-plane-de-2500x1250x10mm-laserpressplus;/catalogue/acier#acier-toles-tole-laminee-a-chaud;VALIDÉ
tole-plane-de-2500x1250x15mm-laserpressplus;Tôle plane de 2500x1250x15mm LaserpressPlus®;acier;/acier/toles/tole-laminee-a-chaud;Tôles;/images/produits/acier/toles/tole-laminee-a-chaud/tole-plane-de-2500x1250x15mm-laserpressplus-caracteristiques.webp;/images/produits/acier/toles/tole-laminee-a-chaud/studio-tole-laminee-a-chaud.webp;;/documents/fiche-technique-toles-acier.pdf;/p/tole-plane-de-2500x1250x15mm-laserpressplus;/catalogue/acier#acier-toles-tole-laminee-a-chaud;VALIDÉ
tole-plane-de-2500x1250x2mm-laserpressplus;Tôle plane de 2500x1250x2mm LaserpressPlus®;acier;/acier/toles/tole-laminee-a-chaud;Tôles;/images/produits/acier/toles/tole-laminee-a-chaud/tole-plane-de-2500x1250x2mm-laserpressplus-caracteristiques.webp;/images/produits/acier/toles/tole-laminee-a-chaud/studio-tole-laminee-a-chaud.webp;;/documents/fiche-technique-toles-acier.pdf;/p/tole-plane-de-2500x1250x2mm-laserpressplus;/catalogue/acier#acier-toles-tole-laminee-a-chaud;VALIDÉ
tole-plane-de-2500x1250x3mm-laserpressplus;Tôle plane de 2500x1250x3mm LaserpressPlus®;acier;/acier/toles/tole-laminee-a-chaud;Tôles;/images/produits/acier/toles/tole-laminee-a-chaud/tole-plane-de-2500x1250x3mm-laserpressplus-caracteristiques.webp;/images/produits/acier/toles/tole-laminee-a-chaud/studio-tole-laminee-a-chaud.webp;;/documents/fiche-technique-toles-acier.pdf;/p/tole-plane-de-2500x1250x3mm-laserpressplus;/catalogue/acier#acier-toles-tole-laminee-a-chaud;VALIDÉ
tole-plane-de-2500x1250x4mm-laserpressplus;Tôle plane de 2500x1250x4mm LaserpressPlus®;acier;/acier/toles/tole-laminee-a-chaud;Tôles;/images/produits/acier/toles/tole-laminee-a-chaud/tole-plane-de-2500x1250x4mm-laserpressplus-caracteristiques.webp;/images/produits/acier/toles/tole-laminee-a-chaud/studio-tole-laminee-a-chaud.webp;;/documents/fiche-technique-toles-acier.pdf;/p/tole-plane-de-2500x1250x4mm-laserpressplus;/catalogue/acier#acier-toles-tole-laminee-a-chaud;VALIDÉ
tole-plane-de-2500x1250x5mm-laserpressplus;Tôle plane de 2500x1250x5mm LaserpressPlus®;acier;/acier/toles/tole-laminee-a-chaud;Tôles;/images/produits/acier/toles/tole-laminee-a-chaud/tole-plane-de-2500x1250x5mm-laserpressplus-caracteristiques.webp;/images/produits/acier/toles/tole-laminee-a-chaud/studio-tole-laminee-a-chaud.webp;;/documents/fiche-technique-toles-acier.pdf;/p/tole-plane-de-2500x1250x5mm-laserpressplus;/catalogue/acier#acier-toles-tole-laminee-a-chaud;VALIDÉ
tole-plane-de-2500x1250x6mm-laserpressplus;Tôle plane de 2500x1250x6mm LaserpressPlus®;acier;/acier/toles/tole-laminee-a-chaud;Tôles;/images/produits/acier/toles/tole-laminee-a-chaud/tole-plane-de-2500x1250x6mm-laserpressplus-caracteristiques.webp;/images/produits/acier/toles/tole-laminee-a-chaud/studio-tole-laminee-a-chaud.webp;;/documents/fiche-technique-toles-acier.pdf;/p/tole-plane-de-2500x1250x6mm-laserpressplus;/catalogue/acier#acier-toles-tole-laminee-a-chaud;VALIDÉ
tole-plane-de-2500x1250x8mm-laserpressplus;Tôle plane de 2500x1250x8mm LaserpressPlus®;acier;/acier/toles/tole-laminee-a-chaud;Tôles;/images/produits/acier/toles/tole-laminee-a-chaud/tole-plane-de-2500x1250x8mm-laserpressplus-caracteristiques.webp;/images/produits/acier/toles/tole-laminee-a-chaud/studio-tole-laminee-a-chaud.webp;;/documents/fiche-technique-toles-acier.pdf;/p/tole-plane-de-2500x1250x8mm-laserpressplus;/catalogue/acier#acier-toles-tole-laminee-a-chaud;VALIDÉ
tole-plane-de-3000x1500x10mm-laserpressplus;Tôle plane de 3000x1500x10mm LaserpressPlus®;acier;/acier/toles/tole-laminee-a-chaud;Tôles;/images/produits/acier/toles/tole-laminee-a-chaud/tole-plane-de-3000x1500x10mm-laserpressplus-caracteristiques.webp;/images/produits/acier/toles/tole-laminee-a-chaud/studio-tole-laminee-a-chaud.webp;;/documents/fiche-technique-toles-acier.pdf;/p/tole-plane-de-3000x1500x10mm-laserpressplus;/catalogue/acier#acier-toles-tole-laminee-a-chaud;VALIDÉ
tole-plane-de-3000x1500x15mm-laserpressplus;Tôle plane de 3000x1500x15mm LaserpressPlus®;acier;/acier/toles/tole-laminee-a-chaud;Tôles;/images/produits/acier/toles/tole-laminee-a-chaud/tole-plane-de-3000x1500x15mm-laserpressplus-caracteristiques.webp;/images/produits/acier/toles/tole-laminee-a-chaud/studio-tole-laminee-a-chaud.webp;;/documents/fiche-technique-toles-acier.pdf;/p/tole-plane-de-3000x1500x15mm-laserpressplus;/catalogue/acier#acier-toles-tole-laminee-a-chaud;VALIDÉ
tole-plane-de-3000x1500x2mm-laserpressplus;Tôle plane de 3000x1500x2mm LaserpressPlus®;acier;/acier/toles/tole-laminee-a-chaud;Tôles;/images/produits/acier/toles/tole-laminee-a-chaud/tole-plane-de-3000x1500x2mm-laserpressplus-caracteristiques.webp;/images/produits/acier/toles/tole-laminee-a-chaud/studio-tole-laminee-a-chaud.webp;;/documents/fiche-technique-toles-acier.pdf;/p/tole-plane-de-3000x1500x2mm-laserpressplus;/catalogue/acier#acier-toles-tole-laminee-a-chaud;VALIDÉ
tole-plane-de-3000x1500x3mm-laserpressplus;Tôle plane de 3000x1500x3mm LaserpressPlus®;acier;/acier/toles/tole-laminee-a-chaud;Tôles;/images/produits/acier/toles/tole-laminee-a-chaud/tole-plane-de-3000x1500x3mm-laserpressplus-caracteristiques.webp;/images/produits/acier/toles/tole-laminee-a-chaud/studio-tole-laminee-a-chaud.webp;;/documents/fiche-technique-toles-acier.pdf;/p/tole-plane-de-3000x1500x3mm-laserpressplus;/catalogue/acier#acier-toles-tole-laminee-a-chaud;VALIDÉ
tole-plane-de-3000x1500x4mm-laserpressplus;Tôle plane de 3000x1500x4mm LaserpressPlus®;acier;/acier/toles/tole-laminee-a-chaud;Tôles;/images/produits/acier/toles/tole-laminee-a-chaud/tole-plane-de-3000x1500x4mm-laserpressplus-caracteristiques.webp;/images/produits/acier/toles/tole-laminee-a-chaud/studio-tole-laminee-a-chaud.webp;;/documents/fiche-technique-toles-acier.pdf;/p/tole-plane-de-3000x1500x4mm-laserpressplus;/catalogue/acier#acier-toles-tole-laminee-a-chaud;VALIDÉ
tole-plane-de-3000x1500x6mm-laserpressplus;Tôle plane de 3000x1500x6mm LaserpressPlus®;acier;/acier/toles/tole-laminee-a-chaud;Tôles;/images/produits/acier/toles/tole-laminee-a-chaud/tole-plane-de-3000x1500x6mm-laserpressplus-caracteristiques.webp;/images/produits/acier/toles/tole-laminee-a-chaud/studio-tole-laminee-a-chaud.webp;;/documents/fiche-technique-toles-acier.pdf;/p/tole-plane-de-3000x1500x6mm-laserpressplus;/catalogue/acier#acier-toles-tole-laminee-a-chaud;VALIDÉ
tole-plane-de-3000x1500x8mm-laserpressplus;Tôle plane de 3000x1500x8mm LaserpressPlus®;acier;/acier/toles/tole-laminee-a-chaud;Tôles;/images/produits/acier/toles/tole-laminee-a-chaud/tole-plane-de-3000x1500x8mm-laserpressplus-caracteristiques.webp;/images/produits/acier/toles/tole-laminee-a-chaud/studio-tole-laminee-a-chaud.webp;;/documents/fiche-technique-toles-acier.pdf;/p/tole-plane-de-3000x1500x8mm-laserpressplus;/catalogue/acier#acier-toles-tole-laminee-a-chaud;VALIDÉ
tole-plane-laserpressplus-240-skinpass-de-3000x1500x5mm;Tôle plane LaserpressPlus® 240 skinpass de 3000x1500x5mm;acier;/acier/toles/tole-laminee-a-chaud;Tôles;/images/produits/acier/toles/tole-laminee-a-chaud/tole-plane-laserpressplus-240-skinpass-de-3000x1500x5mm-caracteristiques.webp;/images/produits/acier/toles/tole-laminee-a-chaud/studio-tole-laminee-a-chaud.webp;;/documents/fiche-technique-toles-acier.pdf;/p/tole-plane-laserpressplus-240-skinpass-de-3000x1500x5mm;/catalogue/acier#acier-toles-tole-laminee-a-chaud;VALIDÉ
tole-striee-de-2000x1000x2-5-4mm-en-aluminium;Tôle striée de 2000x1000x2,5/4mm en aluminium;aluminium;/aluminium/toles/tole-striee;Tôles;/images/produits/aluminium/toles/tole-striee/tole-striee-de-2000x1000x2-5-4mm-en-aluminium-caracteristiques.webp;/images/produits/aluminium/toles/tole-striee/studio-tole-aluminium-striee.webp;;;/p/tole-striee-de-2000x1000x2-5-4mm-en-aluminium;/catalogue/aluminium#aluminium-toles-tole-striee;VALIDÉ
tole-striee-de-2000x1000x3-5-5mm-en-aluminium;Tôle striée de 2000x1000x3,5/5mm en aluminium;aluminium;/aluminium/toles/tole-striee;Tôles;/images/produits/aluminium/toles/tole-striee/tole-striee-de-2000x1000x3-5-5mm-en-aluminium-caracteristiques.webp;/images/produits/aluminium/toles/tole-striee/studio-tole-aluminium-striee.webp;;;/p/tole-striee-de-2000x1000x3-5-5mm-en-aluminium;/catalogue/aluminium#aluminium-toles-tole-striee;VALIDÉ
tole-striee-de-2000x1000x5-7mm-en-aluminium;Tôle striée de 2000x1000x5/7mm en aluminium;aluminium;/aluminium/toles/tole-striee;Tôles;/images/produits/aluminium/toles/tole-striee/tole-striee-de-2000x1000x5-7mm-en-aluminium-caracteristiques.webp;/images/produits/aluminium/toles/tole-striee/studio-tole-aluminium-striee.webp;;;/p/tole-striee-de-2000x1000x5-7mm-en-aluminium;/catalogue/aluminium#aluminium-toles-tole-striee;VALIDÉ
tole-striee-de-2500x1250x2-5-4mm-en-aluminium;Tôle striée de 2500x1250x2,5/4mm en aluminium;aluminium;/aluminium/toles/tole-striee;Tôles;/images/produits/aluminium/toles/tole-striee/tole-striee-de-2500x1250x2-5-4mm-en-aluminium-caracteristiques.webp;/images/produits/aluminium/toles/tole-striee/studio-tole-aluminium-striee.webp;;;/p/tole-striee-de-2500x1250x2-5-4mm-en-aluminium;/catalogue/aluminium#aluminium-toles-tole-striee;VALIDÉ
tole-striee-de-2500x1250x3-5-5mm-en-aluminium;Tôle striée de 2500x1250x3,5/5mm en aluminium;aluminium;/aluminium/toles/tole-striee;Tôles;/images/produits/aluminium/toles/tole-striee/tole-striee-de-2500x1250x3-5-5mm-en-aluminium-caracteristiques.webp;/images/produits/aluminium/toles/tole-striee/studio-tole-aluminium-striee.webp;;;/p/tole-striee-de-2500x1250x3-5-5mm-en-aluminium;/catalogue/aluminium#aluminium-toles-tole-striee;VALIDÉ
tole-striee-de-2500x1250x5-7mm-en-aluminium;Tôle striée de 2500x1250x5/7mm en aluminium;aluminium;/aluminium/toles/tole-striee;Tôles;/images/produits/aluminium/toles/tole-striee/tole-striee-de-2500x1250x5-7mm-en-aluminium-caracteristiques.webp;/images/produits/aluminium/toles/tole-striee/studio-tole-aluminium-striee.webp;;;/p/tole-striee-de-2500x1250x5-7mm-en-aluminium;/catalogue/aluminium#aluminium-toles-tole-striee;VALIDÉ
tole-striee-de-3000x1500x2-5-4mm-en-aluminium;Tôle striée de 3000x1500x2,5/4mm en aluminium;aluminium;/aluminium/toles/tole-striee;Tôles;/images/produits/aluminium/toles/tole-striee/tole-striee-de-3000x1500x2-5-4mm-en-aluminium-caracteristiques.webp;/images/produits/aluminium/toles/tole-striee/studio-tole-aluminium-striee.webp;;;/p/tole-striee-de-3000x1500x2-5-4mm-en-aluminium;/catalogue/aluminium#aluminium-toles-tole-striee;VALIDÉ
tole-striee-de-3000x1500x3-5-5mm-en-aluminium;Tôle striée de 3000x1500x3,5/5mm en aluminium;aluminium;/aluminium/toles/tole-striee;Tôles;/images/produits/aluminium/toles/tole-striee/tole-striee-de-3000x1500x3-5-5mm-en-aluminium-caracteristiques.webp;/images/produits/aluminium/toles/tole-striee/studio-tole-aluminium-striee.webp;;;/p/tole-striee-de-3000x1500x3-5-5mm-en-aluminium;/catalogue/aluminium#aluminium-toles-tole-striee;VALIDÉ
tole-striee-de-3000x1500x5-7mm-en-aluminium;Tôle striée de 3000x1500x5/7mm en aluminium;aluminium;/aluminium/toles/tole-striee;Tôles;/images/produits/aluminium/toles/tole-striee/tole-striee-de-3000x1500x5-7mm-en-aluminium-caracteristiques.webp;/images/produits/aluminium/toles/tole-striee/studio-tole-aluminium-striee.webp;;;/p/tole-striee-de-3000x1500x5-7mm-en-aluminium;/catalogue/aluminium#aluminium-toles-tole-striee;VALIDÉ
toles-perforees-aleatoire-2000-x-1000-x-1;TOLES PERFOREES - aléatoire 2000 x 1000 x 1;acier;/acier/toles/tole-perforee;Tôles;/images/produits/acier/toles/tole-perforee/toles-perforees-aleatoire-2000-x-1000-x-1-caracteristiques.webp;/images/produits/acier/toles/tole-perforee/studio-tole-perforee.webp;;;/p/toles-perforees-aleatoire-2000-x-1000-x-1;/catalogue/acier#acier-toles-tole-perforee;VALIDÉ
toles-perforees-galva-trous-ronds-2000-x-1000-x-2-0-r5-t8;TOLES PERFOREES GALVA - trous ronds - 2000 x 1000 x 2,0 - R5 T8;acier;/acier/toles/tole-perforee;Tôles;/images/produits/acier/toles/tole-perforee/toles-perforees-galva-trous-ronds-2000-x-1000-x-2-0-r5-t8-caracteristiques.webp;/images/produits/acier/toles/tole-perforee/studio-tole-perforee.webp;;;/p/toles-perforees-galva-trous-ronds-2000-x-1000-x-2-0-r5-t8;/catalogue/acier#acier-toles-tole-perforee;VALIDÉ
toles-perforees-galva-trous-ronds-2000-x-1000-x-2-r10-t15;TOLES PERFOREES GALVA - trous ronds - 2000 x 1000 x 2 - R10 T15;acier;/acier/toles/tole-perforee;Tôles;/images/produits/acier/toles/tole-perforee/toles-perforees-galva-trous-ronds-2000-x-1000-x-2-r10-t15-caracteristiques.webp;/images/produits/acier/toles/tole-perforee/studio-tole-perforee.webp;;;/p/toles-perforees-galva-trous-ronds-2000-x-1000-x-2-r10-t15;/catalogue/acier#acier-toles-tole-perforee;VALIDÉ
toles-perforees-trous-carres-2000-x-1000-x-2-0-c10-u15;TOLES PERFOREES - trous carrés - 2000 x 1000 x 2,0 - C10 U15;acier;/acier/toles/tole-perforee;Tôles;/images/produits/acier/toles/tole-perforee/toles-perforees-trous-carres-2000-x-1000-x-2-0-c10-u15-caracteristiques.webp;/images/produits/acier/toles/tole-perforee/studio-tole-perforee.webp;;;/p/toles-perforees-trous-carres-2000-x-1000-x-2-0-c10-u15;/catalogue/acier#acier-toles-tole-perforee;VALIDÉ
toles-perforees-trous-ronds-2000-x-1000-x-2-0-r10-t15;TOLES PERFOREES - trous ronds - 2000 x 1000 x 2,0 - R10 T15;acier;/acier/toles/tole-perforee;Tôles;/images/produits/acier/toles/tole-perforee/toles-perforees-trous-ronds-2000-x-1000-x-2-0-r10-t15-caracteristiques.webp;/images/produits/acier/toles/tole-perforee/studio-tole-perforee.webp;;;/p/toles-perforees-trous-ronds-2000-x-1000-x-2-0-r10-t15;/catalogue/acier#acier-toles-tole-perforee;VALIDÉ
toles-perforees-trous-ronds-2000-x-1000-x-2-r5-t8;TOLES PERFOREES - trous ronds - 2000 x 1000 x 2 - R5 T8;acier;/acier/toles/tole-perforee;Tôles;/images/produits/acier/toles/tole-perforee/toles-perforees-trous-ronds-2000-x-1000-x-2-r5-t8-caracteristiques.webp;/images/produits/acier/toles/tole-perforee/studio-tole-perforee.webp;;;/p/toles-perforees-trous-ronds-2000-x-1000-x-2-r5-t8;/catalogue/acier#acier-toles-tole-perforee;VALIDÉ
toles-perforees-trous-ronds-2000-x-1000-x-3-0-r10-t15;TOLES PERFOREES - trous ronds - 2000 x 1000 x 3,0 - R10 T15;acier;/acier/toles/tole-perforee;Tôles;/images/produits/acier/toles/tole-perforee/toles-perforees-trous-ronds-2000-x-1000-x-3-0-r10-t15-caracteristiques.webp;/images/produits/acier/toles/tole-perforee/studio-tole-perforee.webp;;;/p/toles-perforees-trous-ronds-2000-x-1000-x-3-0-r10-t15;/catalogue/acier#acier-toles-tole-perforee;VALIDÉ
toles-perforees-trous-ronds-2000-x-1000-x-3-0-r5-t8;TOLES PERFOREES - trous ronds - 2000 x 1000 x 3,0 - R5 T8;acier;/acier/toles/tole-perforee;Tôles;/images/produits/acier/toles/tole-perforee/toles-perforees-trous-ronds-2000-x-1000-x-3-0-r5-t8-caracteristiques.webp;/images/produits/acier/toles/tole-perforee/studio-tole-perforee.webp;;;/p/toles-perforees-trous-ronds-2000-x-1000-x-3-0-r5-t8;/catalogue/acier#acier-toles-tole-perforee;VALIDÉ
treillis-soude-100x100x10mm-5m-x-2m;Treillis soudé 100x100x10mm 5m x 2m;acier;/acier/armatures-beton/treillis-soudes;Armatures béton;/images/produits/acier/armatures-beton/treillis-soudes/treillis-soude-100x100x10mm-5m-x-2m-caracteristiques.webp;/images/produits/acier/armatures-beton/treillis-soudes/studio-treillis-soude.webp;;/documents/fiche-technique-treillis-soudes.pdf;/p/treillis-soude-100x100x10mm-5m-x-2m;/catalogue/acier#acier-armatures-beton-treillis-soudes;VALIDÉ
treillis-soude-100x100x5mm-5m-x-2m;Treillis soudé 100x100x5mm 5m x 2m;acier;/acier/armatures-beton/treillis-soudes;Armatures béton;/images/produits/acier/armatures-beton/treillis-soudes/treillis-soude-100x100x5mm-5m-x-2m-caracteristiques.webp;/images/produits/acier/armatures-beton/treillis-soudes/studio-treillis-soude.webp;;/documents/fiche-technique-treillis-soudes.pdf;/p/treillis-soude-100x100x5mm-5m-x-2m;/catalogue/acier#acier-armatures-beton-treillis-soudes;VALIDÉ
treillis-soude-100x100x8mm-5m-x-2m;Treillis soudé 100x100x8mm 5m x 2m;acier;/acier/armatures-beton/treillis-soudes;Armatures béton;/images/produits/acier/armatures-beton/treillis-soudes/treillis-soude-100x100x8mm-5m-x-2m-caracteristiques.webp;/images/produits/acier/armatures-beton/treillis-soudes/studio-treillis-soude.webp;;/documents/fiche-technique-treillis-soudes.pdf;/p/treillis-soude-100x100x8mm-5m-x-2m;/catalogue/acier#acier-armatures-beton-treillis-soudes;VALIDÉ
treillis-soude-150x150x10mm-5m-x-2m;Treillis soudé 150x150x10mm 5m x 2m;acier;/acier/armatures-beton/treillis-soudes;Armatures béton;/images/produits/acier/armatures-beton/treillis-soudes/treillis-soude-150x150x10mm-5m-x-2m-caracteristiques.webp;/images/produits/acier/armatures-beton/treillis-soudes/studio-treillis-soude.webp;;/documents/fiche-technique-treillis-soude-150x150x10mm-5m-x-2m.pdf;/p/treillis-soude-150x150x10mm-5m-x-2m;/catalogue/acier#acier-armatures-beton-treillis-soudes;VALIDÉ
treillis-soude-150x150x12mm-5m-x-2m;Treillis soudé 150x150x12mm 5m x 2m;acier;/acier/armatures-beton/treillis-soudes;Armatures béton;/images/produits/acier/armatures-beton/treillis-soudes/treillis-soude-150x150x12mm-5m-x-2m-caracteristiques.webp;/images/produits/acier/armatures-beton/treillis-soudes/studio-treillis-soude.webp;;;/p/treillis-soude-150x150x12mm-5m-x-2m;/catalogue/acier#acier-armatures-beton-treillis-soudes;VALIDÉ
treillis-soude-150x150x5mm-2m-x-1m;Treillis soudé 150x150x5mm 2m x 1m;acier;/acier/armatures-beton/treillis-soudes;Armatures béton;/images/produits/acier/armatures-beton/treillis-soudes/treillis-soude-150x150x5mm-2m-x-1m-caracteristiques.webp;/images/produits/acier/armatures-beton/treillis-soudes/studio-treillis-soude.webp;;/documents/fiche-technique-treillis-soudes.pdf;/p/treillis-soude-150x150x5mm-2m-x-1m;/catalogue/acier#acier-armatures-beton-treillis-soudes;VALIDÉ
treillis-soude-150x150x5mm-3m-x-2m;Treillis soudé 150x150x5mm 3m x 2m;acier;/acier/armatures-beton/treillis-soudes;Armatures béton;/images/produits/acier/armatures-beton/treillis-soudes/treillis-soude-150x150x5mm-3m-x-2m-caracteristiques.webp;/images/produits/acier/armatures-beton/treillis-soudes/studio-treillis-soude.webp;;/documents/fiche-technique-treillis-soudes.pdf;/p/treillis-soude-150x150x5mm-3m-x-2m;/catalogue/acier#acier-armatures-beton-treillis-soudes;VALIDÉ
treillis-soude-150x150x5mm-5m-x-2m;Treillis soudé 150x150x5mm 5m x 2m;acier;/acier/armatures-beton/treillis-soudes;Armatures béton;/images/produits/acier/armatures-beton/treillis-soudes/treillis-soude-150x150x5mm-5m-x-2m-caracteristiques.webp;/images/produits/acier/armatures-beton/treillis-soudes/studio-treillis-soude.webp;;/documents/fiche-technique-treillis-soude-150x150x5mm-5m-x-2m.pdf;/p/treillis-soude-150x150x5mm-5m-x-2m;/catalogue/acier#acier-armatures-beton-treillis-soudes;VALIDÉ
treillis-soude-150x150x6mm-3m-x-2m;Treillis soudé 150x150x6mm 3m x 2m;acier;/acier/armatures-beton/treillis-soudes;Armatures béton;/images/produits/acier/armatures-beton/treillis-soudes/treillis-soude-150x150x6mm-3m-x-2m-caracteristiques.webp;/images/produits/acier/armatures-beton/treillis-soudes/studio-treillis-soude.webp;;/documents/fiche-technique-treillis-soudes.pdf;/p/treillis-soude-150x150x6mm-3m-x-2m;/catalogue/acier#acier-armatures-beton-treillis-soudes;VALIDÉ
treillis-soude-150x150x6mm-5m-x-2m;Treillis soudé 150x150x6mm 5m x 2m;acier;/acier/armatures-beton/treillis-soudes;Armatures béton;/images/produits/acier/armatures-beton/treillis-soudes/treillis-soude-150x150x6mm-5m-x-2m-caracteristiques.webp;/images/produits/acier/armatures-beton/treillis-soudes/studio-treillis-soude.webp;;/documents/fiche-technique-treillis-soude-150x150x6mm-5m-x-2m.pdf;/p/treillis-soude-150x150x6mm-5m-x-2m;/catalogue/acier#acier-armatures-beton-treillis-soudes;VALIDÉ
treillis-soude-150x150x8mm-3m-x-2m;Treillis soudé 150x150x8mm 3m x 2m;acier;/acier/armatures-beton/treillis-soudes;Armatures béton;/images/produits/acier/armatures-beton/treillis-soudes/treillis-soude-150x150x8mm-3m-x-2m-caracteristiques.webp;/images/produits/acier/armatures-beton/treillis-soudes/studio-treillis-soude.webp;;/documents/fiche-technique-treillis-soudes.pdf;/p/treillis-soude-150x150x8mm-3m-x-2m;/catalogue/acier#acier-armatures-beton-treillis-soudes;VALIDÉ
treillis-soude-150x150x8mm-5m-x-2m;Treillis soudé 150x150x8mm 5m x 2m;acier;/acier/armatures-beton/treillis-soudes;Armatures béton;/images/produits/acier/armatures-beton/treillis-soudes/treillis-soude-150x150x8mm-5m-x-2m-caracteristiques.webp;/images/produits/acier/armatures-beton/treillis-soudes/studio-treillis-soude.webp;;/documents/fiche-technique-treillis-soude-150x150x8mm-5m-x-2m.pdf;/p/treillis-soude-150x150x8mm-5m-x-2m;/catalogue/acier#acier-armatures-beton-treillis-soudes;VALIDÉ
treillis-soude-50x50x4mm-3m-x-2m;Treillis soudé 50x50x4mm 3m x 2m;acier;/acier/armatures-beton/treillis-soudes;Armatures béton;/images/produits/acier/armatures-beton/treillis-soudes/treillis-soude-50x50x4mm-3m-x-2m-caracteristiques.webp;/images/produits/acier/armatures-beton/treillis-soudes/studio-treillis-soude.webp;;/documents/fiche-technique-treillis-soudes.pdf;/p/treillis-soude-50x50x4mm-3m-x-2m;/catalogue/acier#acier-armatures-beton-treillis-soudes;VALIDÉ
treillis-soude-50x50x4mm-5m-x-2m;Treillis soudé 50x50x4mm 5m x 2m;acier;/acier/armatures-beton/treillis-soudes;Armatures béton;/images/produits/acier/armatures-beton/treillis-soudes/treillis-soude-50x50x4mm-5m-x-2m-caracteristiques.webp;/images/produits/acier/armatures-beton/treillis-soudes/studio-treillis-soude.webp;;/documents/fiche-technique-treillis-soudes.pdf;/p/treillis-soude-50x50x4mm-5m-x-2m;/catalogue/acier#acier-armatures-beton-treillis-soudes;VALIDÉ
treillis-soude-75x75x5mm-5m-x-2m;Treillis soudé 75x75x5mm 5m x 2m;acier;/acier/armatures-beton/treillis-soudes;Armatures béton;/images/produits/acier/armatures-beton/treillis-soudes/treillis-soude-75x75x5mm-5m-x-2m-caracteristiques.webp;/images/produits/acier/armatures-beton/treillis-soudes/studio-treillis-soude.webp;;/documents/fiche-technique-treillis-soudes.pdf;/p/treillis-soude-75x75x5mm-5m-x-2m;/catalogue/acier#acier-armatures-beton-treillis-soudes;VALIDÉ
treillis-soude-avec-depassants-150x150x10mm-5-95m-x-2-35m;Treillis soudé avec dépassants 150x150x10mm 5,95m x 2,35m;acier;/acier/armatures-beton/treillis-soudes-depassants;Armatures béton;/images/produits/acier/armatures-beton/treillis-soudes-depassants/treillis-soude-avec-depassants-150x150x10mm-5-95m-x-2-35m-caracteristiques.webp;/images/produits/acier/armatures-beton/treillis-soudes-depassants/studio-treillis-soude-depassants.webp;;/documents/fiche-technique-treillis-soudes.pdf;/p/treillis-soude-avec-depassants-150x150x10mm-5-95m-x-2-35m;/catalogue/acier#acier-armatures-beton-treillis-soudes-depassants;VALIDÉ
treillis-soude-avec-depassants-150x150x12mm-5-95m-x-2-35m;Treillis soudé avec dépassants 150x150x12mm 5,95m x 2,35m;acier;/acier/armatures-beton/treillis-soudes-depassants;Armatures béton;/images/produits/acier/armatures-beton/treillis-soudes-depassants/treillis-soude-avec-depassants-150x150x12mm-5-95m-x-2-35m-caracteristiques.webp;/images/produits/acier/armatures-beton/treillis-soudes-depassants/studio-treillis-soude-depassants.webp;;/documents/fiche-technique-treillis-soudes.pdf;/p/treillis-soude-avec-depassants-150x150x12mm-5-95m-x-2-35m;/catalogue/acier#acier-armatures-beton-treillis-soudes-depassants;VALIDÉ
treillis-soude-avec-depassants-150x150x6mm-5-95m-x-2-35m;Treillis soudé avec dépassants 150x150x6mm 5,95m x 2,35m;acier;/acier/armatures-beton/treillis-soudes-depassants;Armatures béton;/images/produits/acier/armatures-beton/treillis-soudes-depassants/treillis-soude-avec-depassants-150x150x6mm-5-95m-x-2-35m-caracteristiques.webp;/images/produits/acier/armatures-beton/treillis-soudes-depassants/studio-treillis-soude-depassants.webp;;/documents/fiche-technique-treillis-soudes.pdf;/p/treillis-soude-avec-depassants-150x150x6mm-5-95m-x-2-35m;/catalogue/acier#acier-armatures-beton-treillis-soudes-depassants;VALIDÉ
treillis-soude-avec-depassants-150x150x8mm-5-95m-x-2-35m;Treillis soudé avec dépassants 150x150x8mm 5,95m x 2,35m;acier;/acier/armatures-beton/treillis-soudes-depassants;Armatures béton;/images/produits/acier/armatures-beton/treillis-soudes-depassants/treillis-soude-avec-depassants-150x150x8mm-5-95m-x-2-35m-caracteristiques.webp;/images/produits/acier/armatures-beton/treillis-soudes-depassants/studio-treillis-soude-depassants.webp;;/documents/fiche-technique-treillis-soudes.pdf;/p/treillis-soude-avec-depassants-150x150x8mm-5-95m-x-2-35m;/catalogue/acier#acier-armatures-beton-treillis-soudes-depassants;VALIDÉ
treillis-soude-galvanise-50x50x4mm-3m-x-2m;Treillis soudé galvanisé 50x50x4mm 3m x 2m;acier;/acier/armatures-beton/treillis-soudes;Armatures béton;/images/produits/acier/armatures-beton/treillis-soudes/treillis-soude-galvanise-50x50x4mm-3m-x-2m-caracteristiques.webp;/images/produits/acier/armatures-beton/treillis-soudes/studio-treillis-soude.webp;;/documents/fiche-technique-treillis-soudes.pdf;/p/treillis-soude-galvanise-50x50x4mm-3m-x-2m;/catalogue/acier#acier-armatures-beton-treillis-soudes;VALIDÉ
treillis-soude-galvanise-50x50x4mm-5m-x-2m;Treillis soudé galvanisé 50x50x4mm 5m x 2m;acier;/acier/armatures-beton/treillis-soudes;Armatures béton;/images/produits/acier/armatures-beton/treillis-soudes/treillis-soude-galvanise-50x50x4mm-5m-x-2m-caracteristiques.webp;/images/produits/acier/armatures-beton/treillis-soudes/studio-treillis-soude.webp;;/documents/fiche-technique-treillis-soudes.pdf;/p/treillis-soude-galvanise-50x50x4mm-5m-x-2m;/catalogue/acier#acier-armatures-beton-treillis-soudes;VALIDÉ
tube-carre-100x100x10mm-en-acier;Tube carré 100x100x10mm en acier;acier;/acier/tubes/tube-carre;Tubes;/images/produits/acier/tubes/tube-carre/tube-carre-100x100x10mm-en-acier-caracteristiques.webp;/images/produits/acier/tubes/tube-carre/studio-tube-carre.webp;;/documents/fiche-technique-tubes-carres-et-rectangulaires-acier.pdf;/p/tube-carre-100x100x10mm-en-acier;/catalogue/acier#acier-tubes-tube-carre;VALIDÉ
tube-carre-100x100x3mm-en-acier;Tube carré 100x100x3mm en acier;acier;/acier/tubes/tube-carre;Tubes;/images/produits/acier/tubes/tube-carre/tube-carre-100x100x3mm-en-acier-caracteristiques.webp;/images/produits/acier/tubes/tube-carre/studio-tube-carre.webp;;/documents/fiche-technique-tubes-carres-et-rectangulaires-acier.pdf;/p/tube-carre-100x100x3mm-en-acier;/catalogue/acier#acier-tubes-tube-carre;VALIDÉ
tube-carre-100x100x4mm-en-acier;Tube carré 100x100x4mm en acier;acier;/acier/tubes/tube-carre;Tubes;/images/produits/acier/tubes/tube-carre/tube-carre-100x100x4mm-en-acier-caracteristiques.webp;/images/produits/acier/tubes/tube-carre/studio-tube-carre.webp;;/documents/fiche-technique-tubes-carres-et-rectangulaires-acier.pdf;/p/tube-carre-100x100x4mm-en-acier;/catalogue/acier#acier-tubes-tube-carre;VALIDÉ
tube-carre-100x100x5mm-en-acier;Tube carré 100x100x5mm en acier;acier;/acier/tubes/tube-carre;Tubes;/images/produits/acier/tubes/tube-carre/tube-carre-100x100x5mm-en-acier-caracteristiques.webp;/images/produits/acier/tubes/tube-carre/studio-tube-carre.webp;;/documents/fiche-technique-tubes-carres-et-rectangulaires-acier.pdf;/p/tube-carre-100x100x5mm-en-acier;/catalogue/acier#acier-tubes-tube-carre;VALIDÉ
tube-carre-120x120x4mm-en-acier;Tube carré 120x120x4mm en acier;acier;/acier/tubes/tube-carre;Tubes;/images/produits/acier/tubes/tube-carre/tube-carre-120x120x4mm-en-acier-caracteristiques.webp;/images/produits/acier/tubes/tube-carre/studio-tube-carre.webp;;/documents/fiche-technique-tubes-carres-et-rectangulaires-acier.pdf;/p/tube-carre-120x120x4mm-en-acier;/catalogue/acier#acier-tubes-tube-carre;VALIDÉ
tube-carre-120x120x5mm-en-acier;Tube carré 120x120x5mm en acier;acier;/acier/tubes/tube-carre;Tubes;/images/produits/acier/tubes/tube-carre/tube-carre-120x120x5mm-en-acier-caracteristiques.webp;/images/produits/acier/tubes/tube-carre/studio-tube-carre.webp;;/documents/fiche-technique-tubes-carres-et-rectangulaires-acier.pdf;/p/tube-carre-120x120x5mm-en-acier;/catalogue/acier#acier-tubes-tube-carre;VALIDÉ
tube-carre-140x140x5mm-en-acier;Tube carré 140x140x5mm en acier;acier;/acier/tubes/tube-carre;Tubes;/images/produits/acier/tubes/tube-carre/tube-carre-140x140x5mm-en-acier-caracteristiques.webp;/images/produits/acier/tubes/tube-carre/studio-tube-carre.webp;;/documents/fiche-technique-tubes-carres-et-rectangulaires-acier.pdf;/p/tube-carre-140x140x5mm-en-acier;/catalogue/acier#acier-tubes-tube-carre;VALIDÉ
tube-carre-150x150x5mm-en-acier;Tube carré 150x150x5mm en acier;acier;/acier/tubes/tube-carre;Tubes;/images/produits/acier/tubes/tube-carre/tube-carre-150x150x5mm-en-acier-caracteristiques.webp;/images/produits/acier/tubes/tube-carre/studio-tube-carre.webp;;/documents/fiche-technique-tubes-carres-et-rectangulaires-acier.pdf;/p/tube-carre-150x150x5mm-en-acier;/catalogue/acier#acier-tubes-tube-carre;VALIDÉ
tube-carre-15x15x2mm-en-acier;Tube carré 15x15x2mm en acier;acier;/acier/tubes/tube-carre;Tubes;/images/produits/acier/tubes/tube-carre/tube-carre-15x15x2mm-en-acier-caracteristiques.webp;/images/produits/acier/tubes/tube-carre/studio-tube-carre.webp;;/documents/fiche-technique-tubes-carres-et-rectangulaires-acier.pdf;/p/tube-carre-15x15x2mm-en-acier;/catalogue/acier#acier-tubes-tube-carre;VALIDÉ
tube-carre-20x20x2mm-en-acier;Tube carré 20x20x2mm en acier;acier;/acier/tubes/tube-carre;Tubes;/images/produits/acier/tubes/tube-carre/tube-carre-20x20x2mm-en-acier-caracteristiques.webp;/images/produits/acier/tubes/tube-carre/studio-tube-carre.webp;;/documents/fiche-technique-tubes-carres-et-rectangulaires-acier.pdf;/p/tube-carre-20x20x2mm-en-acier;/catalogue/acier#acier-tubes-tube-carre;VALIDÉ
tube-carre-20x20x2mm-en-inox-304;Tube carré 20x20x2mm en Inox 304;inox;/inox/tubes/tube-carre;Tubes;/images/produits/inox/tubes/tube-carre/tube-carre-20x20x2mm-en-inox-304-caracteristiques.webp;/images/produits/inox/tubes/tube-carre/studio-inox-tube-carre.webp;;;/p/tube-carre-20x20x2mm-en-inox-304;/catalogue/inox#inox-tubes-tube-carre;VALIDÉ
tube-carre-250x250x6mm-en-acier;Tube carré 250x250x6mm en acier;acier;/acier/tubes/tube-carre;Tubes;/images/produits/acier/tubes/tube-carre/tube-carre-250x250x6mm-en-acier-caracteristiques.webp;/images/produits/acier/tubes/tube-carre/studio-tube-carre.webp;;/documents/fiche-technique-tubes-carres-et-rectangulaires-acier.pdf;/p/tube-carre-250x250x6mm-en-acier;/catalogue/acier#acier-tubes-tube-carre;VALIDÉ
tube-carre-25x25x2mm-en-acier;Tube carré 25x25x2mm en acier;acier;/acier/tubes/tube-carre;Tubes;/images/produits/acier/tubes/tube-carre/tube-carre-25x25x2mm-en-acier-caracteristiques.webp;/images/produits/acier/tubes/tube-carre/studio-tube-carre.webp;;/documents/fiche-technique-tubes-carres-et-rectangulaires-acier.pdf;/p/tube-carre-25x25x2mm-en-acier;/catalogue/acier#acier-tubes-tube-carre;VALIDÉ
tube-carre-25x25x2mm-en-inox-304;Tube carré 25x25x2mm en Inox 304;inox;/inox/tubes/tube-carre;Tubes;/images/produits/inox/tubes/tube-carre/tube-carre-25x25x2mm-en-inox-304-caracteristiques.webp;/images/produits/inox/tubes/tube-carre/studio-inox-tube-carre.webp;;;/p/tube-carre-25x25x2mm-en-inox-304;/catalogue/inox#inox-tubes-tube-carre;VALIDÉ
tube-carre-25x25x3mm-en-acier;Tube carré 25x25x3mm en acier;acier;/acier/tubes/tube-carre;Tubes;/images/produits/acier/tubes/tube-carre/tube-carre-25x25x3mm-en-acier-caracteristiques.webp;/images/produits/acier/tubes/tube-carre/studio-tube-carre.webp;;/documents/fiche-technique-tubes-carres-et-rectangulaires-acier.pdf;/p/tube-carre-25x25x3mm-en-acier;/catalogue/acier#acier-tubes-tube-carre;VALIDÉ
tube-carre-30x30x2mm-en-acier;Tube carré 30x30x2mm en acier;acier;/acier/tubes/tube-carre;Tubes;/images/produits/acier/tubes/tube-carre/tube-carre-30x30x2mm-en-acier-caracteristiques.webp;/images/produits/acier/tubes/tube-carre/studio-tube-carre.webp;;/documents/fiche-technique-tubes-carres-et-rectangulaires-acier.pdf;/p/tube-carre-30x30x2mm-en-acier;/catalogue/acier#acier-tubes-tube-carre;VALIDÉ
tube-carre-30x30x2mm-en-inox-304;Tube carré 30x30x2mm en Inox 304;inox;/inox/tubes/tube-carre;Tubes;/images/produits/inox/tubes/tube-carre/tube-carre-30x30x2mm-en-inox-304-caracteristiques.webp;/images/produits/inox/tubes/tube-carre/studio-inox-tube-carre.webp;;;/p/tube-carre-30x30x2mm-en-inox-304;/catalogue/inox#inox-tubes-tube-carre;VALIDÉ
tube-carre-30x30x3mm-en-acier;Tube carré 30x30x3mm en acier;acier;/acier/tubes/tube-carre;Tubes;/images/produits/acier/tubes/tube-carre/tube-carre-30x30x3mm-en-acier-caracteristiques.webp;/images/produits/acier/tubes/tube-carre/studio-tube-carre.webp;;/documents/fiche-technique-tubes-carres-et-rectangulaires-acier.pdf;/p/tube-carre-30x30x3mm-en-acier;/catalogue/acier#acier-tubes-tube-carre;VALIDÉ
tube-carre-35x35x2mm-en-acier;Tube carré 35x35x2mm en acier;acier;/acier/tubes/tube-carre;Tubes;/images/produits/acier/tubes/tube-carre/tube-carre-35x35x2mm-en-acier-caracteristiques.webp;/images/produits/acier/tubes/tube-carre/studio-tube-carre.webp;;/documents/fiche-technique-tubes-carres-et-rectangulaires-acier.pdf;/p/tube-carre-35x35x2mm-en-acier;/catalogue/acier#acier-tubes-tube-carre;VALIDÉ
tube-carre-35x35x2mm-en-inox-304;Tube carré 35x35x2mm en Inox 304;inox;/inox/tubes/tube-carre;Tubes;/images/produits/inox/tubes/tube-carre/tube-carre-35x35x2mm-en-inox-304-caracteristiques.webp;/images/produits/inox/tubes/tube-carre/studio-inox-tube-carre.webp;;;/p/tube-carre-35x35x2mm-en-inox-304;/catalogue/inox#inox-tubes-tube-carre;VALIDÉ
tube-carre-40x40x2mm-en-acier;Tube carré 40x40x2mm en acier;acier;/acier/tubes/tube-carre;Tubes;/images/produits/acier/tubes/tube-carre/tube-carre-40x40x2mm-en-acier-caracteristiques.webp;/images/produits/acier/tubes/tube-carre/studio-tube-carre.webp;;/documents/fiche-technique-tubes-carres-et-rectangulaires-acier.pdf;/p/tube-carre-40x40x2mm-en-acier;/catalogue/acier#acier-tubes-tube-carre;VALIDÉ
tube-carre-40x40x2mm-en-inox-304;Tube carré 40x40x2mm en Inox 304;inox;/inox/tubes/tube-carre;Tubes;/images/produits/inox/tubes/tube-carre/tube-carre-40x40x2mm-en-inox-304-caracteristiques.webp;/images/produits/inox/tubes/tube-carre/studio-inox-tube-carre.webp;;;/p/tube-carre-40x40x2mm-en-inox-304;/catalogue/inox#inox-tubes-tube-carre;VALIDÉ
tube-carre-40x40x3mm-en-acier;Tube carré 40x40x3mm en acier;acier;/acier/tubes/tube-carre;Tubes;/images/produits/acier/tubes/tube-carre/tube-carre-40x40x3mm-en-acier-caracteristiques.webp;/images/produits/acier/tubes/tube-carre/studio-tube-carre.webp;;/documents/fiche-technique-tubes-carres-et-rectangulaires-acier.pdf;/p/tube-carre-40x40x3mm-en-acier;/catalogue/acier#acier-tubes-tube-carre;VALIDÉ
tube-carre-40x40x4mm-en-acier;Tube carré 40x40x4mm en acier;acier;/acier/tubes/tube-carre;Tubes;/images/produits/acier/tubes/tube-carre/tube-carre-40x40x4mm-en-acier-caracteristiques.webp;/images/produits/acier/tubes/tube-carre/studio-tube-carre.webp;;/documents/fiche-technique-tubes-carres-et-rectangulaires-acier.pdf;/p/tube-carre-40x40x4mm-en-acier;/catalogue/acier#acier-tubes-tube-carre;VALIDÉ
tube-carre-45x45x2mm-en-acier;Tube carré 45x45x2mm en acier;acier;/acier/tubes/tube-carre;Tubes;/images/produits/acier/tubes/tube-carre/tube-carre-45x45x2mm-en-acier-caracteristiques.webp;/images/produits/acier/tubes/tube-carre/studio-tube-carre.webp;;/documents/fiche-technique-tubes-carres-et-rectangulaires-acier.pdf;/p/tube-carre-45x45x2mm-en-acier;/catalogue/acier#acier-tubes-tube-carre;VALIDÉ
tube-carre-45x45x3mm-en-acier;Tube carré 45x45x3mm en acier;acier;/acier/tubes/tube-carre;Tubes;/images/produits/acier/tubes/tube-carre/tube-carre-45x45x3mm-en-acier-caracteristiques.webp;/images/produits/acier/tubes/tube-carre/studio-tube-carre.webp;;/documents/fiche-technique-tubes-carres-et-rectangulaires-acier.pdf;/p/tube-carre-45x45x3mm-en-acier;/catalogue/acier#acier-tubes-tube-carre;VALIDÉ
tube-carre-50x50x2mm-en-acier;Tube carré 50x50x2mm en acier;acier;/acier/tubes/tube-carre;Tubes;/images/produits/acier/tubes/tube-carre/tube-carre-50x50x2mm-en-acier-caracteristiques.webp;/images/produits/acier/tubes/tube-carre/studio-tube-carre.webp;;/documents/fiche-technique-tubes-carres-et-rectangulaires-acier.pdf;/p/tube-carre-50x50x2mm-en-acier;/catalogue/acier#acier-tubes-tube-carre;VALIDÉ
tube-carre-50x50x2mm-en-inox-304;Tube carré 50x50x2mm en Inox 304;inox;/inox/tubes/tube-carre;Tubes;/images/produits/inox/tubes/tube-carre/tube-carre-50x50x2mm-en-inox-304-caracteristiques.webp;/images/produits/inox/tubes/tube-carre/studio-inox-tube-carre.webp;;;/p/tube-carre-50x50x2mm-en-inox-304;/catalogue/inox#inox-tubes-tube-carre;VALIDÉ
tube-carre-50x50x3mm-en-acier;Tube carré 50x50x3mm en acier;acier;/acier/tubes/tube-carre;Tubes;/images/produits/acier/tubes/tube-carre/tube-carre-50x50x3mm-en-acier-caracteristiques.webp;/images/produits/acier/tubes/tube-carre/studio-tube-carre.webp;;/documents/fiche-technique-tubes-carres-et-rectangulaires-acier.pdf;/p/tube-carre-50x50x3mm-en-acier;/catalogue/acier#acier-tubes-tube-carre;VALIDÉ
tube-carre-50x50x4mm-en-acier;Tube carré 50x50x4mm en acier;acier;/acier/tubes/tube-carre;Tubes;/images/produits/acier/tubes/tube-carre/tube-carre-50x50x4mm-en-acier-caracteristiques.webp;/images/produits/acier/tubes/tube-carre/studio-tube-carre.webp;;/documents/fiche-technique-tubes-carres-et-rectangulaires-acier.pdf;/p/tube-carre-50x50x4mm-en-acier;/catalogue/acier#acier-tubes-tube-carre;VALIDÉ
tube-carre-50x50x5mm-en-acier;Tube carré 50x50x5mm en acier;acier;/acier/tubes/tube-carre;Tubes;/images/produits/acier/tubes/tube-carre/tube-carre-50x50x5mm-en-acier-caracteristiques.webp;/images/produits/acier/tubes/tube-carre/studio-tube-carre.webp;;/documents/fiche-technique-tubes-carres-et-rectangulaires-acier.pdf;/p/tube-carre-50x50x5mm-en-acier;/catalogue/acier#acier-tubes-tube-carre;VALIDÉ
tube-carre-60x60x2mm-en-acier;Tube carré 60x60x2mm en acier;acier;/acier/tubes/tube-carre;Tubes;/images/produits/acier/tubes/tube-carre/tube-carre-60x60x2mm-en-acier-caracteristiques.webp;/images/produits/acier/tubes/tube-carre/studio-tube-carre.webp;;/documents/fiche-technique-tubes-carres-et-rectangulaires-acier.pdf;/p/tube-carre-60x60x2mm-en-acier;/catalogue/acier#acier-tubes-tube-carre;VALIDÉ
tube-carre-60x60x3mm-en-acier;Tube carré 60x60x3mm en acier;acier;/acier/tubes/tube-carre;Tubes;/images/produits/acier/tubes/tube-carre/tube-carre-60x60x3mm-en-acier-caracteristiques.webp;/images/produits/acier/tubes/tube-carre/studio-tube-carre.webp;;/documents/fiche-technique-tubes-carres-et-rectangulaires-acier.pdf;/p/tube-carre-60x60x3mm-en-acier;/catalogue/acier#acier-tubes-tube-carre;VALIDÉ
tube-carre-60x60x4mm-en-acier;Tube carré 60x60x4mm en acier;acier;/acier/tubes/tube-carre;Tubes;/images/produits/acier/tubes/tube-carre/tube-carre-60x60x4mm-en-acier-caracteristiques.webp;/images/produits/acier/tubes/tube-carre/studio-tube-carre.webp;;/documents/fiche-technique-tubes-carres-et-rectangulaires-acier.pdf;/p/tube-carre-60x60x4mm-en-acier;/catalogue/acier#acier-tubes-tube-carre;VALIDÉ
tube-carre-60x60x5mm-en-acier;Tube carré 60x60x5mm en acier;acier;/acier/tubes/tube-carre;Tubes;/images/produits/acier/tubes/tube-carre/tube-carre-60x60x5mm-en-acier-caracteristiques.webp;/images/produits/acier/tubes/tube-carre/studio-tube-carre.webp;;/documents/fiche-technique-tubes-carres-et-rectangulaires-acier.pdf;/p/tube-carre-60x60x5mm-en-acier;/catalogue/acier#acier-tubes-tube-carre;VALIDÉ
tube-carre-70x70x3mm-en-acier;Tube carré 70x70x3mm en acier;acier;/acier/tubes/tube-carre;Tubes;/images/produits/acier/tubes/tube-carre/tube-carre-70x70x3mm-en-acier-caracteristiques.webp;/images/produits/acier/tubes/tube-carre/studio-tube-carre.webp;;/documents/fiche-technique-tubes-carres-et-rectangulaires-acier.pdf;/p/tube-carre-70x70x3mm-en-acier;/catalogue/acier#acier-tubes-tube-carre;VALIDÉ
tube-carre-70x70x4mm-en-acier;Tube carré 70x70x4mm en acier;acier;/acier/tubes/tube-carre;Tubes;/images/produits/acier/tubes/tube-carre/tube-carre-70x70x4mm-en-acier-caracteristiques.webp;/images/produits/acier/tubes/tube-carre/studio-tube-carre.webp;;/documents/fiche-technique-tubes-carres-et-rectangulaires-acier.pdf;/p/tube-carre-70x70x4mm-en-acier;/catalogue/acier#acier-tubes-tube-carre;VALIDÉ
tube-carre-70x70x5mm-en-acier;Tube carré 70x70x5mm en acier;acier;/acier/tubes/tube-carre;Tubes;/images/produits/acier/tubes/tube-carre/tube-carre-70x70x5mm-en-acier-caracteristiques.webp;/images/produits/acier/tubes/tube-carre/studio-tube-carre.webp;;/documents/fiche-technique-tubes-carres-et-rectangulaires-acier.pdf;/p/tube-carre-70x70x5mm-en-acier;/catalogue/acier#acier-tubes-tube-carre;VALIDÉ
tube-carre-80x80x3mm-en-acier;Tube carré 80x80x3mm en acier;acier;/acier/tubes/tube-carre;Tubes;/images/produits/acier/tubes/tube-carre/tube-carre-80x80x3mm-en-acier-caracteristiques.webp;/images/produits/acier/tubes/tube-carre/studio-tube-carre.webp;;/documents/fiche-technique-tubes-carres-et-rectangulaires-acier.pdf;/p/tube-carre-80x80x3mm-en-acier;/catalogue/acier#acier-tubes-tube-carre;VALIDÉ
tube-carre-80x80x4mm-en-acier;Tube carré 80x80x4mm en acier;acier;/acier/tubes/tube-carre;Tubes;/images/produits/acier/tubes/tube-carre/tube-carre-80x80x4mm-en-acier-caracteristiques.webp;/images/produits/acier/tubes/tube-carre/studio-tube-carre.webp;;/documents/fiche-technique-tubes-carres-et-rectangulaires-acier.pdf;/p/tube-carre-80x80x4mm-en-acier;/catalogue/acier#acier-tubes-tube-carre;VALIDÉ
tube-carre-80x80x5mm-en-acier;Tube carré 80x80x5mm en acier;acier;/acier/tubes/tube-carre;Tubes;/images/produits/acier/tubes/tube-carre/tube-carre-80x80x5mm-en-acier-caracteristiques.webp;/images/produits/acier/tubes/tube-carre/studio-tube-carre.webp;;/documents/fiche-technique-tubes-carres-et-rectangulaires-acier.pdf;/p/tube-carre-80x80x5mm-en-acier;/catalogue/acier#acier-tubes-tube-carre;VALIDÉ
tube-carre-90x90x3mm-en-acier;Tube carré 90x90x3mm en acier;acier;/acier/tubes/tube-carre;Tubes;/images/produits/acier/tubes/tube-carre/tube-carre-90x90x3mm-en-acier-caracteristiques.webp;/images/produits/acier/tubes/tube-carre/studio-tube-carre.webp;;/documents/fiche-technique-tubes-carres-et-rectangulaires-acier.pdf;/p/tube-carre-90x90x3mm-en-acier;/catalogue/acier#acier-tubes-tube-carre;VALIDÉ
tube-carre-de-15x15x2mm-en-aluminium;Tube carré de 15x15x2mm en aluminium;aluminium;/aluminium/tubes/tube-carre;Tubes;/images/produits/aluminium/tubes/tube-carre/tube-carre-de-15x15x2mm-en-aluminium-caracteristiques.webp;/images/produits/aluminium/tubes/tube-carre/studio-aluminium-tube-carre.webp;;;/p/tube-carre-de-15x15x2mm-en-aluminium;/catalogue/aluminium#aluminium-tubes-tube-carre;VALIDÉ
tube-carre-de-20x20x2mm-en-aluminium;Tube carré de 20x20x2mm en aluminium;aluminium;/aluminium/tubes/tube-carre;Tubes;/images/produits/aluminium/tubes/tube-carre/tube-carre-de-20x20x2mm-en-aluminium-caracteristiques.webp;/images/produits/aluminium/tubes/tube-carre/studio-aluminium-tube-carre.webp;;;/p/tube-carre-de-20x20x2mm-en-aluminium;/catalogue/aluminium#aluminium-tubes-tube-carre;VALIDÉ
tube-carre-de-25x25x2mm-en-aluminium;Tube carré de 25x25x2mm en aluminium;aluminium;/aluminium/tubes/tube-carre;Tubes;/images/produits/aluminium/tubes/tube-carre/tube-carre-de-25x25x2mm-en-aluminium-caracteristiques.webp;/images/produits/aluminium/tubes/tube-carre/studio-aluminium-tube-carre.webp;;;/p/tube-carre-de-25x25x2mm-en-aluminium;/catalogue/aluminium#aluminium-tubes-tube-carre;VALIDÉ
tube-carre-de-35x35x2mm-en-aluminium;Tube carré de 35x35x2mm en aluminium;aluminium;/aluminium/tubes/tube-carre;Tubes;/images/produits/aluminium/tubes/tube-carre/tube-carre-de-35x35x2mm-en-aluminium-caracteristiques.webp;/images/produits/aluminium/tubes/tube-carre/studio-aluminium-tube-carre.webp;;;/p/tube-carre-de-35x35x2mm-en-aluminium;/catalogue/aluminium#aluminium-tubes-tube-carre;VALIDÉ
tube-carre-de-40x40x2mm-en-aluminium;Tube carré de 40x40x2mm en aluminium;aluminium;/aluminium/tubes/tube-carre;Tubes;/images/produits/aluminium/tubes/tube-carre/tube-carre-de-40x40x2mm-en-aluminium-caracteristiques.webp;/images/produits/aluminium/tubes/tube-carre/studio-aluminium-tube-carre.webp;;;/p/tube-carre-de-40x40x2mm-en-aluminium;/catalogue/aluminium#aluminium-tubes-tube-carre;VALIDÉ
tube-carre-de-40x40x3mm-en-aluminium;Tube carré de 40x40x3mm en aluminium;aluminium;/aluminium/tubes/tube-carre;Tubes;/images/produits/aluminium/tubes/tube-carre/tube-carre-de-40x40x3mm-en-aluminium-caracteristiques.webp;/images/produits/aluminium/tubes/tube-carre/studio-aluminium-tube-carre.webp;;;/p/tube-carre-de-40x40x3mm-en-aluminium;/catalogue/aluminium#aluminium-tubes-tube-carre;VALIDÉ
tube-carre-de-50x50x2mm-en-aluminium;Tube carré de 50x50x2mm en aluminium;aluminium;/aluminium/tubes/tube-carre;Tubes;/images/produits/aluminium/tubes/tube-carre/tube-carre-de-50x50x2mm-en-aluminium-caracteristiques.webp;/images/produits/aluminium/tubes/tube-carre/studio-aluminium-tube-carre.webp;;;/p/tube-carre-de-50x50x2mm-en-aluminium;/catalogue/aluminium#aluminium-tubes-tube-carre;VALIDÉ
tube-carre-de-60x60x3mm-en-aluminium;Tube carré de 60x60x3mm en aluminium;aluminium;/aluminium/tubes/tube-carre;Tubes;/images/produits/aluminium/tubes/tube-carre/tube-carre-de-60x60x3mm-en-aluminium-caracteristiques.webp;/images/produits/aluminium/tubes/tube-carre/studio-aluminium-tube-carre.webp;;;/p/tube-carre-de-60x60x3mm-en-aluminium;/catalogue/aluminium#aluminium-tubes-tube-carre;VALIDÉ
tube-rectangle-100x50x3mm-en-acier;Tube rectangle 100x50x3mm en acier;acier;/acier/tubes/tube-rectangulaire;Tubes;/images/produits/acier/tubes/tube-rectangulaire/tube-rectangle-100x50x3mm-en-acier-caracteristiques.webp;/images/produits/acier/tubes/tube-rectangulaire/studio-tube-rectangulaire.webp;;/documents/fiche-technique-tubes-carres-et-rectangulaires-acier.pdf;/p/tube-rectangle-100x50x3mm-en-acier;/catalogue/acier#acier-tubes-tube-rectangulaire;VALIDÉ
tube-rectangle-100x50x4mm-en-acier;Tube rectangle 100x50x4mm en acier;acier;/acier/tubes/tube-rectangulaire;Tubes;/images/produits/acier/tubes/tube-rectangulaire/tube-rectangle-100x50x4mm-en-acier-caracteristiques.webp;/images/produits/acier/tubes/tube-rectangulaire/studio-tube-rectangulaire.webp;;/documents/fiche-technique-tubes-carres-et-rectangulaires-acier.pdf;/p/tube-rectangle-100x50x4mm-en-acier;/catalogue/acier#acier-tubes-tube-rectangulaire;VALIDÉ
tube-rectangle-120x60x3mm-en-acier;Tube rectangle 120x60x3mm en acier;acier;/acier/tubes/tube-rectangulaire;Tubes;/images/produits/acier/tubes/tube-rectangulaire/tube-rectangle-120x60x3mm-en-acier-caracteristiques.webp;/images/produits/acier/tubes/tube-rectangulaire/studio-tube-rectangulaire.webp;;/documents/fiche-technique-tubes-carres-et-rectangulaires-acier.pdf;/p/tube-rectangle-120x60x3mm-en-acier;/catalogue/acier#acier-tubes-tube-rectangulaire;VALIDÉ
tube-rectangle-120x60x4mm-en-acier;Tube rectangle 120x60x4mm en acier;acier;/acier/tubes/tube-rectangulaire;Tubes;/images/produits/acier/tubes/tube-rectangulaire/tube-rectangle-120x60x4mm-en-acier-caracteristiques.webp;/images/produits/acier/tubes/tube-rectangulaire/studio-tube-rectangulaire.webp;;/documents/fiche-technique-tubes-carres-et-rectangulaires-acier.pdf;/p/tube-rectangle-120x60x4mm-en-acier;/catalogue/acier#acier-tubes-tube-rectangulaire;VALIDÉ
tube-rectangle-200x100x5mm-en-acier;Tube rectangle 200x100x5mm en acier;acier;/acier/tubes/tube-rectangulaire;Tubes;/images/produits/acier/tubes/tube-rectangulaire/tube-rectangle-200x100x5mm-en-acier-caracteristiques.webp;/images/produits/acier/tubes/tube-rectangulaire/studio-tube-rectangulaire.webp;;/documents/fiche-technique-tubes-carres-et-rectangulaires-acier.pdf;/p/tube-rectangle-200x100x5mm-en-acier;/catalogue/acier#acier-tubes-tube-rectangulaire;VALIDÉ
tube-rectangle-30x15x2mm-en-acier;Tube rectangle 30x15x2mm en acier;acier;/acier/tubes/tube-rectangulaire;Tubes;/images/produits/acier/tubes/tube-rectangulaire/tube-rectangle-30x15x2mm-en-acier-caracteristiques.webp;/images/produits/acier/tubes/tube-rectangulaire/studio-tube-rectangulaire.webp;;/documents/fiche-technique-tubes-carres-et-rectangulaires-acier.pdf;/p/tube-rectangle-30x15x2mm-en-acier;/catalogue/acier#acier-tubes-tube-rectangulaire;VALIDÉ
tube-rectangle-30x20x2mm-en-acier;Tube rectangle 30x20x2mm en acier;acier;/acier/tubes/tube-rectangulaire;Tubes;/images/produits/acier/tubes/tube-rectangulaire/tube-rectangle-30x20x2mm-en-acier-caracteristiques.webp;/images/produits/acier/tubes/tube-rectangulaire/studio-tube-rectangulaire.webp;;/documents/fiche-technique-tubes-carres-et-rectangulaires-acier.pdf;/p/tube-rectangle-30x20x2mm-en-acier;/catalogue/acier#acier-tubes-tube-rectangulaire;VALIDÉ
tube-rectangle-40x20x2mm-en-acier;Tube rectangle 40x20x2mm en acier;acier;/acier/tubes/tube-rectangulaire;Tubes;/images/produits/acier/tubes/tube-rectangulaire/tube-rectangle-40x20x2mm-en-acier-caracteristiques.webp;/images/produits/acier/tubes/tube-rectangulaire/studio-tube-rectangulaire.webp;;/documents/fiche-technique-tubes-carres-et-rectangulaires-acier.pdf;/p/tube-rectangle-40x20x2mm-en-acier;/catalogue/acier#acier-tubes-tube-rectangulaire;VALIDÉ
tube-rectangle-40x20x2mm-en-inox-304;Tube rectangle 40x20x2mm en Inox 304;inox;/inox/tubes/tube-rectangulaire;Tubes;/images/produits/inox/tubes/tube-rectangulaire/tube-rectangle-40x20x2mm-en-inox-304-caracteristiques.webp;/images/produits/inox/tubes/tube-rectangulaire/studio-inox-tube-rectangulaire.webp;;;/p/tube-rectangle-40x20x2mm-en-inox-304;/catalogue/inox#inox-tubes-tube-rectangulaire;VALIDÉ
tube-rectangle-40x20x3mm-en-acier;Tube rectangle 40x20x3mm en acier;acier;/acier/tubes/tube-rectangulaire;Tubes;/images/produits/acier/tubes/tube-rectangulaire/tube-rectangle-40x20x3mm-en-acier-caracteristiques.webp;/images/produits/acier/tubes/tube-rectangulaire/studio-tube-rectangulaire.webp;;/documents/fiche-technique-tubes-carres-et-rectangulaires-acier.pdf;/p/tube-rectangle-40x20x3mm-en-acier;/catalogue/acier#acier-tubes-tube-rectangulaire;VALIDÉ
tube-rectangle-40x30x2mm-en-acier;Tube rectangle 40x30x2mm en acier;acier;/acier/tubes/tube-rectangulaire;Tubes;/images/produits/acier/tubes/tube-rectangulaire/tube-rectangle-40x30x2mm-en-acier-caracteristiques.webp;/images/produits/acier/tubes/tube-rectangulaire/studio-tube-rectangulaire.webp;;/documents/fiche-technique-tubes-carres-et-rectangulaires-acier.pdf;/p/tube-rectangle-40x30x2mm-en-acier;/catalogue/acier#acier-tubes-tube-rectangulaire;VALIDÉ
tube-rectangle-50x20x2mm-en-acier;Tube rectangle 50x20x2mm en acier;acier;/acier/tubes/tube-rectangulaire;Tubes;/images/produits/acier/tubes/tube-rectangulaire/tube-rectangle-50x20x2mm-en-acier-caracteristiques.webp;/images/produits/acier/tubes/tube-rectangulaire/studio-tube-rectangulaire.webp;;/documents/fiche-technique-tubes-carres-et-rectangulaires-acier.pdf;/p/tube-rectangle-50x20x2mm-en-acier;/catalogue/acier#acier-tubes-tube-rectangulaire;VALIDÉ
tube-rectangle-50x25x2mm-en-acier;Tube rectangle 50x25x2mm en acier;acier;/acier/tubes/tube-rectangulaire;Tubes;/images/produits/acier/tubes/tube-rectangulaire/tube-rectangle-50x25x2mm-en-acier-caracteristiques.webp;/images/produits/acier/tubes/tube-rectangulaire/studio-tube-rectangulaire.webp;;/documents/fiche-technique-tubes-carres-et-rectangulaires-acier.pdf;/p/tube-rectangle-50x25x2mm-en-acier;/catalogue/acier#acier-tubes-tube-rectangulaire;VALIDÉ
tube-rectangle-50x30x2mm-en-acier;Tube rectangle 50x30x2mm en acier;acier;/acier/tubes/tube-rectangulaire;Tubes;/images/produits/acier/tubes/tube-rectangulaire/tube-rectangle-50x30x2mm-en-acier-caracteristiques.webp;/images/produits/acier/tubes/tube-rectangulaire/studio-tube-rectangulaire.webp;;/documents/fiche-technique-tubes-carres-et-rectangulaires-acier.pdf;/p/tube-rectangle-50x30x2mm-en-acier;/catalogue/acier#acier-tubes-tube-rectangulaire;VALIDÉ
tube-rectangle-50x30x3mm-en-acier;Tube rectangle 50x30x3mm en acier;acier;/acier/tubes/tube-rectangulaire;Tubes;/images/produits/acier/tubes/tube-rectangulaire/tube-rectangle-50x30x3mm-en-acier-caracteristiques.webp;/images/produits/acier/tubes/tube-rectangulaire/studio-tube-rectangulaire.webp;;/documents/fiche-technique-tubes-carres-et-rectangulaires-acier.pdf;/p/tube-rectangle-50x30x3mm-en-acier;/catalogue/acier#acier-tubes-tube-rectangulaire;VALIDÉ
tube-rectangle-60x30x2mm-en-acier;Tube rectangle 60x30x2mm en acier;acier;/acier/tubes/tube-rectangulaire;Tubes;/images/produits/acier/tubes/tube-rectangulaire/tube-rectangle-60x30x2mm-en-acier-caracteristiques.webp;/images/produits/acier/tubes/tube-rectangulaire/studio-tube-rectangulaire.webp;;/documents/fiche-technique-tubes-carres-et-rectangulaires-acier.pdf;/p/tube-rectangle-60x30x2mm-en-acier;/catalogue/acier#acier-tubes-tube-rectangulaire;VALIDÉ
tube-rectangle-60x30x3mm-en-acier;Tube rectangle 60x30x3mm en acier;acier;/acier/tubes/tube-rectangulaire;Tubes;/images/produits/acier/tubes/tube-rectangulaire/tube-rectangle-60x30x3mm-en-acier-caracteristiques.webp;/images/produits/acier/tubes/tube-rectangulaire/studio-tube-rectangulaire.webp;;/documents/fiche-technique-tubes-carres-et-rectangulaires-acier.pdf;/p/tube-rectangle-60x30x3mm-en-acier;/catalogue/acier#acier-tubes-tube-rectangulaire;VALIDÉ
tube-rectangle-60x40x2mm-en-acier;Tube rectangle 60x40x2mm en acier;acier;/acier/tubes/tube-rectangulaire;Tubes;/images/produits/acier/tubes/tube-rectangulaire/tube-rectangle-60x40x2mm-en-acier-caracteristiques.webp;/images/produits/acier/tubes/tube-rectangulaire/studio-tube-rectangulaire.webp;;/documents/fiche-technique-tubes-carres-et-rectangulaires-acier.pdf;/p/tube-rectangle-60x40x2mm-en-acier;/catalogue/acier#acier-tubes-tube-rectangulaire;VALIDÉ
tube-rectangle-60x40x3mm-en-acier;Tube rectangle 60x40x3mm en acier;acier;/acier/tubes/tube-rectangulaire;Tubes;/images/produits/acier/tubes/tube-rectangulaire/tube-rectangle-60x40x3mm-en-acier-caracteristiques.webp;/images/produits/acier/tubes/tube-rectangulaire/studio-tube-rectangulaire.webp;;/documents/fiche-technique-tubes-carres-et-rectangulaires-acier.pdf;/p/tube-rectangle-60x40x3mm-en-acier;/catalogue/acier#acier-tubes-tube-rectangulaire;VALIDÉ
tube-rectangle-80x40x2mm-en-acier;Tube rectangle 80x40x2mm en acier;acier;/acier/tubes/tube-rectangulaire;Tubes;/images/produits/acier/tubes/tube-rectangulaire/tube-rectangle-80x40x2mm-en-acier-caracteristiques.webp;/images/produits/acier/tubes/tube-rectangulaire/studio-tube-rectangulaire.webp;;/documents/fiche-technique-tubes-carres-et-rectangulaires-acier.pdf;/p/tube-rectangle-80x40x2mm-en-acier;/catalogue/acier#acier-tubes-tube-rectangulaire;VALIDÉ
tube-rectangle-80x40x3mm-en-acier;Tube rectangle 80x40x3mm en acier;acier;/acier/tubes/tube-rectangulaire;Tubes;/images/produits/acier/tubes/tube-rectangulaire/tube-rectangle-80x40x3mm-en-acier-caracteristiques.webp;/images/produits/acier/tubes/tube-rectangulaire/studio-tube-rectangulaire.webp;;/documents/fiche-technique-tubes-carres-et-rectangulaires-acier.pdf;/p/tube-rectangle-80x40x3mm-en-acier;/catalogue/acier#acier-tubes-tube-rectangulaire;VALIDÉ
tube-rectangle-80x40x4mm-en-acier;Tube rectangle 80x40x4mm en acier;acier;/acier/tubes/tube-rectangulaire;Tubes;/images/produits/acier/tubes/tube-rectangulaire/tube-rectangle-80x40x4mm-en-acier-caracteristiques.webp;/images/produits/acier/tubes/tube-rectangulaire/studio-tube-rectangulaire.webp;;/documents/fiche-technique-tubes-carres-et-rectangulaires-acier.pdf;/p/tube-rectangle-80x40x4mm-en-acier;/catalogue/acier#acier-tubes-tube-rectangulaire;VALIDÉ
tube-rectangle-de-30x20x2mm-en-aluminium;Tube rectangle de 30x20x2mm en aluminium;aluminium;/aluminium/tubes/tube-rectangulaire;Tubes;/images/produits/aluminium/tubes/tube-rectangulaire/tube-rectangle-de-30x20x2mm-en-aluminium-caracteristiques.webp;/images/produits/aluminium/tubes/tube-rectangulaire/studio-aluminium-tube-rectangulaire.webp;;;/p/tube-rectangle-de-30x20x2mm-en-aluminium;/catalogue/aluminium#aluminium-tubes-tube-rectangulaire;VALIDÉ
tube-rectangle-de-50x30x2mm-en-aluminium;Tube rectangle de 50x30x2mm en aluminium;aluminium;/aluminium/tubes/tube-rectangulaire;Tubes;/images/produits/aluminium/tubes/tube-rectangulaire/tube-rectangle-de-50x30x2mm-en-aluminium-caracteristiques.webp;/images/produits/aluminium/tubes/tube-rectangulaire/studio-aluminium-tube-rectangulaire.webp;;;/p/tube-rectangle-de-50x30x2mm-en-aluminium;/catalogue/aluminium#aluminium-tubes-tube-rectangulaire;VALIDÉ
tube-rectangle-de-60x30x3mm-en-aluminium;Tube rectangle de 60x30x3mm en aluminium;aluminium;/aluminium/tubes/tube-rectangulaire;Tubes;/images/produits/aluminium/tubes/tube-rectangulaire/tube-rectangle-de-60x30x3mm-en-aluminium-caracteristiques.webp;/images/produits/aluminium/tubes/tube-rectangulaire/studio-aluminium-tube-rectangulaire.webp;;;/p/tube-rectangle-de-60x30x3mm-en-aluminium;/catalogue/aluminium#aluminium-tubes-tube-rectangulaire;VALIDÉ
tube-rectangle-de-60x40x2mm-en-aluminium;Tube rectangle de 60x40x2mm en aluminium;aluminium;/aluminium/tubes/tube-rectangulaire;Tubes;/images/produits/aluminium/tubes/tube-rectangulaire/tube-rectangle-de-60x40x2mm-en-aluminium-caracteristiques.webp;/images/produits/aluminium/tubes/tube-rectangulaire/studio-aluminium-tube-rectangulaire.webp;;;/p/tube-rectangle-de-60x40x2mm-en-aluminium;/catalogue/aluminium#aluminium-tubes-tube-rectangulaire;VALIDÉ
tube-rectangle-de-60x40x3mm-en-aluminium;Tube rectangle de 60x40x3mm en aluminium;aluminium;/aluminium/tubes/tube-rectangulaire;Tubes;/images/produits/aluminium/tubes/tube-rectangulaire/tube-rectangle-de-60x40x3mm-en-aluminium-caracteristiques.webp;/images/produits/aluminium/tubes/tube-rectangulaire/studio-aluminium-tube-rectangulaire.webp;;;/p/tube-rectangle-de-60x40x3mm-en-aluminium;/catalogue/aluminium#aluminium-tubes-tube-rectangulaire;VALIDÉ
tube-rond-101-6x3-65mm-en-acier-brut-serie-legere;Tube rond 101,6x3,65mm en acier brut série légère;acier;/acier/tubes/tube-rond;Tubes;/images/produits/acier/tubes/tube-rond/tube-rond-101-6x3-65mm-en-acier-brut-serie-legere-caracteristiques.webp;/images/produits/acier/tubes/tube-rond/studio-tube-rond.webp;;/documents/fiche-technique-tube-rond-acier.pdf;/p/tube-rond-101-6x3-65mm-en-acier-brut-serie-legere;/catalogue/acier#acier-tubes-tube-rond;VALIDÉ
tube-rond-114-3x3-65mm-en-acier-brut-serie-legere;Tube rond 114,3x3,65mm en acier brut série légère;acier;/acier/tubes/tube-rond;Tubes;/images/produits/acier/tubes/tube-rond/tube-rond-114-3x3-65mm-en-acier-brut-serie-legere-caracteristiques.webp;/images/produits/acier/tubes/tube-rond/studio-tube-rond.webp;;/documents/fiche-technique-tube-rond-acier.pdf;/p/tube-rond-114-3x3-65mm-en-acier-brut-serie-legere;/catalogue/acier#acier-tubes-tube-rond;VALIDÉ
tube-rond-17-2-18-x2mm-en-acier-brut-serie-legere;Tube rond 17,2(18)x2mm en acier brut série légère;acier;/acier/tubes/tube-rond;Tubes;/images/produits/acier/tubes/tube-rond/tube-rond-17-2-18-x2mm-en-acier-brut-serie-legere-caracteristiques.webp;/images/produits/acier/tubes/tube-rond/studio-tube-rond.webp;;/documents/fiche-technique-tube-rond-acier.pdf;/p/tube-rond-17-2-18-x2mm-en-acier-brut-serie-legere;/catalogue/acier#acier-tubes-tube-rond;VALIDÉ
tube-rond-17-2x2mm-en-inox-304;Tube rond 17,2x2mm en Inox 304;inox;/inox/tubes/tube-rond;Tubes;/images/produits/inox/tubes/tube-rond/tube-rond-17-2x2mm-en-inox-304-caracteristiques.webp;/images/produits/inox/tubes/tube-rond/studio-inox-tube-rond.webp;;;/p/tube-rond-17-2x2mm-en-inox-304;/catalogue/inox#inox-tubes-tube-rond;VALIDÉ
tube-rond-21-3x2mm-en-acier-brut-serie-legere;Tube rond 21,3x2mm en acier brut série légère;acier;/acier/tubes/tube-rond;Tubes;/images/produits/acier/tubes/tube-rond/tube-rond-21-3x2mm-en-acier-brut-serie-legere-caracteristiques.webp;/images/produits/acier/tubes/tube-rond/studio-tube-rond.webp;;/documents/fiche-technique-tube-rond-acier.pdf;/p/tube-rond-21-3x2mm-en-acier-brut-serie-legere;/catalogue/acier#acier-tubes-tube-rond;VALIDÉ
tube-rond-21-3x2mm-en-inox-304;Tube rond 21,3x2mm en Inox 304;inox;/inox/tubes/tube-rond;Tubes;/images/produits/inox/tubes/tube-rond/tube-rond-21-3x2mm-en-inox-304-caracteristiques.webp;/images/produits/inox/tubes/tube-rond/studio-inox-tube-rond.webp;;;/p/tube-rond-21-3x2mm-en-inox-304;/catalogue/inox#inox-tubes-tube-rond;VALIDÉ
tube-rond-26-9x2-5mm-en-acier-brut-serie-legere;Tube rond 26,9x2,5mm en acier brut série légère;acier;/acier/tubes/tube-rond;Tubes;/images/produits/acier/tubes/tube-rond/tube-rond-26-9x2-5mm-en-acier-brut-serie-legere-caracteristiques.webp;/images/produits/acier/tubes/tube-rond/studio-tube-rond.webp;;/documents/fiche-technique-tube-rond-acier.pdf;/p/tube-rond-26-9x2-5mm-en-acier-brut-serie-legere;/catalogue/acier#acier-tubes-tube-rond;VALIDÉ
tube-rond-26-9x2mm-en-inox-304;Tube rond 26,9x2mm en Inox 304;inox;/inox/tubes/tube-rond;Tubes;/images/produits/inox/tubes/tube-rond/tube-rond-26-9x2mm-en-inox-304-caracteristiques.webp;/images/produits/inox/tubes/tube-rond/studio-inox-tube-rond.webp;;;/p/tube-rond-26-9x2mm-en-inox-304;/catalogue/inox#inox-tubes-tube-rond;VALIDÉ
tube-rond-33-7x2-5mm-en-acier-brut-serie-legere;Tube rond 33,7x2,5mm en acier brut série légère;acier;/acier/tubes/tube-rond;Tubes;/images/produits/acier/tubes/tube-rond/tube-rond-33-7x2-5mm-en-acier-brut-serie-legere-caracteristiques.webp;/images/produits/acier/tubes/tube-rond/studio-tube-rond.webp;;/documents/fiche-technique-tube-rond-acier.pdf;/p/tube-rond-33-7x2-5mm-en-acier-brut-serie-legere;/catalogue/acier#acier-tubes-tube-rond;VALIDÉ
tube-rond-33-7x2mm-en-inox-304;Tube rond 33,7x2mm en Inox 304;inox;/inox/tubes/tube-rond;Tubes;/images/produits/inox/tubes/tube-rond/tube-rond-33-7x2mm-en-inox-304-caracteristiques.webp;/images/produits/inox/tubes/tube-rond/studio-inox-tube-rond.webp;;;/p/tube-rond-33-7x2mm-en-inox-304;/catalogue/inox#inox-tubes-tube-rond;VALIDÉ
tube-rond-42-4x2-5mm-en-acier-brut-serie-legere;Tube rond 42,4x2,5mm en acier brut série légère;acier;/acier/tubes/tube-rond;Tubes;/images/produits/acier/tubes/tube-rond/tube-rond-42-4x2-5mm-en-acier-brut-serie-legere-caracteristiques.webp;/images/produits/acier/tubes/tube-rond/studio-tube-rond.webp;;/documents/fiche-technique-tube-rond-acier.pdf;/p/tube-rond-42-4x2-5mm-en-acier-brut-serie-legere;/catalogue/acier#acier-tubes-tube-rond;VALIDÉ
tube-rond-42-4x2mm-en-inox-304;Tube rond 42,4x2mm en Inox 304;inox;/inox/tubes/tube-rond;Tubes;/images/produits/inox/tubes/tube-rond/tube-rond-42-4x2mm-en-inox-304-caracteristiques.webp;/images/produits/inox/tubes/tube-rond/studio-inox-tube-rond.webp;;;/p/tube-rond-42-4x2mm-en-inox-304;/catalogue/inox#inox-tubes-tube-rond;VALIDÉ
tube-rond-48-3x2mm-en-inox-304;Tube rond 48,3x2mm en Inox 304;inox;/inox/tubes/tube-rond;Tubes;/images/produits/inox/tubes/tube-rond/tube-rond-48-3x2mm-en-inox-304-caracteristiques.webp;/images/produits/inox/tubes/tube-rond/studio-inox-tube-rond.webp;;;/p/tube-rond-48-3x2mm-en-inox-304;/catalogue/inox#inox-tubes-tube-rond;VALIDÉ
tube-rond-48-3x3mm-en-acier-brut-serie-legere;Tube rond 48,3x3mm en acier brut série légère;acier;/acier/tubes/tube-rond;Tubes;/images/produits/acier/tubes/tube-rond/tube-rond-48-3x3mm-en-acier-brut-serie-legere-caracteristiques.webp;/images/produits/acier/tubes/tube-rond/studio-tube-rond.webp;;/documents/fiche-technique-tube-rond-acier.pdf;/p/tube-rond-48-3x3mm-en-acier-brut-serie-legere;/catalogue/acier#acier-tubes-tube-rond;VALIDÉ
tube-rond-60-3x2mm-en-inox-304;Tube rond 60,3x2mm en Inox 304;inox;/inox/tubes/tube-rond;Tubes;/images/produits/inox/tubes/tube-rond/tube-rond-60-3x2mm-en-inox-304-caracteristiques.webp;/images/produits/inox/tubes/tube-rond/studio-inox-tube-rond.webp;;;/p/tube-rond-60-3x2mm-en-inox-304;/catalogue/inox#inox-tubes-tube-rond;VALIDÉ
tube-rond-60-3x3mm-en-acier-brut-serie-legere;Tube rond 60,3x3mm en acier brut série légère;acier;/acier/tubes/tube-rond;Tubes;/images/produits/acier/tubes/tube-rond/tube-rond-60-3x3mm-en-acier-brut-serie-legere-caracteristiques.webp;/images/produits/acier/tubes/tube-rond/studio-tube-rond.webp;;/documents/fiche-technique-tube-rond-acier.pdf;/p/tube-rond-60-3x3mm-en-acier-brut-serie-legere;/catalogue/acier#acier-tubes-tube-rond;VALIDÉ
tube-rond-76-1x2mm-en-inox-304;Tube rond 76,1x2mm en Inox 304;inox;/inox/tubes/tube-rond;Tubes;/images/produits/inox/tubes/tube-rond/tube-rond-76-1x2mm-en-inox-304-caracteristiques.webp;/images/produits/inox/tubes/tube-rond/studio-inox-tube-rond.webp;;;/p/tube-rond-76-1x2mm-en-inox-304;/catalogue/inox#inox-tubes-tube-rond;VALIDÉ
tube-rond-76-1x3-25mm-en-acier-brut-serie-legere;Tube rond 76,1x3,25mm en acier brut série légère;acier;/acier/tubes/tube-rond;Tubes;/images/produits/acier/tubes/tube-rond/tube-rond-76-1x3-25mm-en-acier-brut-serie-legere-caracteristiques.webp;/images/produits/acier/tubes/tube-rond/studio-tube-rond.webp;;/documents/fiche-technique-tube-rond-acier.pdf;/p/tube-rond-76-1x3-25mm-en-acier-brut-serie-legere;/catalogue/acier#acier-tubes-tube-rond;VALIDÉ
tube-rond-88-9x3-00mm-en-acier-brut-serie-legere;Tube rond 88,9x3,00mm en acier brut série légère;acier;/acier/tubes/tube-rond;Tubes;/images/produits/acier/tubes/tube-rond/tube-rond-88-9x3-00mm-en-acier-brut-serie-legere-caracteristiques.webp;/images/produits/acier/tubes/tube-rond/studio-tube-rond.webp;;/documents/fiche-technique-tube-rond-acier.pdf;/p/tube-rond-88-9x3-00mm-en-acier-brut-serie-legere;/catalogue/acier#acier-tubes-tube-rond;VALIDÉ
tube-rond-de-20x2mm-en-aluminium;Tube rond de 20x2mm en aluminium;aluminium;/aluminium/tubes/tube-rond;Tubes;/images/produits/aluminium/tubes/tube-rond/tube-rond-de-20x2mm-en-aluminium-caracteristiques.webp;/images/produits/aluminium/tubes/tube-rond/studio-aluminium-tube-rond.webp;;;/p/tube-rond-de-20x2mm-en-aluminium;/catalogue/aluminium#aluminium-tubes-tube-rond;VALIDÉ
tube-rond-de-25x2mm-en-aluminium;Tube rond de 25x2mm en aluminium;aluminium;/aluminium/tubes/tube-rond;Tubes;/images/produits/aluminium/tubes/tube-rond/tube-rond-de-25x2mm-en-aluminium-caracteristiques.webp;/images/produits/aluminium/tubes/tube-rond/studio-aluminium-tube-rond.webp;;;/p/tube-rond-de-25x2mm-en-aluminium;/catalogue/aluminium#aluminium-tubes-tube-rond;VALIDÉ
tube-rond-de-30x2mm-en-aluminium;Tube rond de 30x2mm en aluminium;aluminium;/aluminium/tubes/tube-rond;Tubes;/images/produits/aluminium/tubes/tube-rond/tube-rond-de-30x2mm-en-aluminium-caracteristiques.webp;/images/produits/aluminium/tubes/tube-rond/studio-aluminium-tube-rond.webp;;;/p/tube-rond-de-30x2mm-en-aluminium;/catalogue/aluminium#aluminium-tubes-tube-rond;VALIDÉ
tube-rond-de-35x2mm-en-aluminium;Tube rond de 35x2mm en aluminium;aluminium;/aluminium/tubes/tube-rond;Tubes;/images/produits/aluminium/tubes/tube-rond/tube-rond-de-35x2mm-en-aluminium-caracteristiques.webp;/images/produits/aluminium/tubes/tube-rond/studio-aluminium-tube-rond.webp;;;/p/tube-rond-de-35x2mm-en-aluminium;/catalogue/aluminium#aluminium-tubes-tube-rond;VALIDÉ
tube-rond-de-40x2mm-en-aluminium;Tube rond de 40x2mm en aluminium;aluminium;/aluminium/tubes/tube-rond;Tubes;/images/produits/aluminium/tubes/tube-rond/tube-rond-de-40x2mm-en-aluminium-caracteristiques.webp;/images/produits/aluminium/tubes/tube-rond/studio-aluminium-tube-rond.webp;;;/p/tube-rond-de-40x2mm-en-aluminium;/catalogue/aluminium#aluminium-tubes-tube-rond;VALIDÉ
vis-a-bois-6-3x-100-tete-hexagonale-de-10mm;Vis à bois 6,3x 100 - tête hexagonale de 10mm;quincaillerie;/quincaillerie/visserie;;;;;/documents/fiche-technique-vis-a-bois-tete-hexagonale.pdf;/p/vis-a-bois-6-3x-100-tete-hexagonale-de-10mm;/catalogue/quincaillerie#quincaillerie-visserie;VISUEL À COMPLÉTER
vis-a-bois-6-3x-130-tete-hexagonale-de-10mm;Vis à bois 6,3x 130 - tête hexagonale de 10mm;quincaillerie;/quincaillerie/visserie;;;;;/documents/fiche-technique-vis-a-bois-tete-hexagonale.pdf;/p/vis-a-bois-6-3x-130-tete-hexagonale-de-10mm;/catalogue/quincaillerie#quincaillerie-visserie;VISUEL À COMPLÉTER
vis-a-bois-6-3x-150-tete-hexagonale-de-10mm;Vis à bois 6,3x 150 - tête hexagonale de 10mm;quincaillerie;/quincaillerie/visserie;;;;;/documents/fiche-technique-vis-a-bois-tete-hexagonale.pdf;/p/vis-a-bois-6-3x-150-tete-hexagonale-de-10mm;/catalogue/quincaillerie#quincaillerie-visserie;VISUEL À COMPLÉTER
vis-a-bois-6-3x-75-tete-hexagonale-de-10mm;Vis à bois 6,3x 75 - tête hexagonale de 10mm;quincaillerie;/quincaillerie/visserie;;;;;/documents/fiche-technique-vis-a-bois-tete-hexagonale.pdf;/p/vis-a-bois-6-3x-75-tete-hexagonale-de-10mm;/catalogue/quincaillerie#quincaillerie-visserie;VISUEL À COMPLÉTER
vis-autoforante-pour-acier-6-3x-100-tete-hexagonale-de-10mm;Vis autoforante pour acier 6,3x 100 - tête hexagonale de 10mm;quincaillerie;/quincaillerie/visserie;;;;;/documents/fiche-technique-vis-autoforantes-pour-acier.pdf;/p/vis-autoforante-pour-acier-6-3x-100-tete-hexagonale-de-10mm;/catalogue/quincaillerie#quincaillerie-visserie;VISUEL À COMPLÉTER
vis-autoforante-pour-acier-6-3x-65-tete-hexagonale-de-10mm;Vis autoforante pour acier 6,3x 65 - tête hexagonale de 10mm;quincaillerie;/quincaillerie/visserie;;;;;/documents/fiche-technique-vis-autoforantes-pour-acier.pdf;/p/vis-autoforante-pour-acier-6-3x-65-tete-hexagonale-de-10mm;/catalogue/quincaillerie#quincaillerie-visserie;VISUEL À COMPLÉTER
zinga-film-galvanisant-1kg;ZINGA - FILM GALVANISANT 1KG;quincaillerie;/quincaillerie/protection-chimie/galvanisation-a-froid;Protection & chimie;;;;/documents/fiche-technique-zinga-film-galvanisant.pdf;/p/zinga-film-galvanisant-1kg;/catalogue/quincaillerie#quincaillerie-protection-chimie-galvanisation-a-froid;VISUEL À COMPLÉTER
zinga-film-galvanisant-2kg;ZINGA - FILM GALVANISANT 2KG;quincaillerie;/quincaillerie/protection-chimie/galvanisation-a-froid;Protection & chimie;;;;/documents/fiche-technique-zinga-film-galvanisant.pdf;/p/zinga-film-galvanisant-2kg;/catalogue/quincaillerie#quincaillerie-protection-chimie-galvanisation-a-froid;VISUEL À COMPLÉTER
zinga-zingasolv-1l;ZINGA ZINGASOLV – 1L;quincaillerie;/quincaillerie/protection-chimie/galvanisation-a-froid;Protection & chimie;;;;/documents/fiche-technique-zinga-zingasolv-1l.pdf;/p/zinga-zingasolv-1l;/catalogue/quincaillerie#quincaillerie-protection-chimie-galvanisation-a-froid;VISUEL À COMPLÉTER
zinga-zingatarfree-1l;ZINGA ZINGATARFREE – 1L;quincaillerie;/quincaillerie/protection-chimie/galvanisation-a-froid;Protection & chimie;;;;/documents/fiche-technique-zingatarfree.pdf;/p/zinga-zingatarfree-1l;/catalogue/quincaillerie#quincaillerie-protection-chimie-galvanisation-a-froid;VISUEL À COMPLÉTER
zinga-zingatarfree-5l;ZINGA ZINGATARFREE – 5L;quincaillerie;/quincaillerie/protection-chimie/galvanisation-a-froid;Protection & chimie;;;;/documents/fiche-technique-zingatarfree.pdf;/p/zinga-zingatarfree-5l;/catalogue/quincaillerie#quincaillerie-protection-chimie-galvanisation-a-froid;VISUEL À COMPLÉTER
zingaluspray-500ml;ZINGALUSPRAY - 500ML;quincaillerie;/quincaillerie/protection-chimie/galvanisation-a-froid;Protection & chimie;;;;/documents/fiche-technique-zingaluspray-500ml.pdf;/p/zingaluspray-500ml;/catalogue/quincaillerie#quincaillerie-protection-chimie-galvanisation-a-froid;VISUEL À COMPLÉTER
zingaspray-500ml;ZINGASPRAY - 500ML;quincaillerie;/quincaillerie/protection-chimie/galvanisation-a-froid;Protection & chimie;;;;/documents/fiche-technique-zingaspray-500ml.pdf;/p/zingaspray-500ml;/catalogue/quincaillerie#quincaillerie-protection-chimie-galvanisation-a-froid;VISUEL À COMPLÉTER
