image;groupe;type;filigrane;apprend;categorie;produits
acier-armatures-beton-rond-a-beton-lamine-a-froid/0001069_rond-a-beton-crenele-de-6mm-de-diametre-en-acier-lamine-a-froid.jpeg;G001;rendu;;ronds à béton crénelés, acier gris;acier-armatures-beton-rond-a-beton-lamine-a-froid;rond-a-beton-crenele-de-6mm-de-diametre-en-acier-lamine-a-froid
acier-armatures-beton-rond-a-beton-lamine-a-chaud/0001070_rond-a-beton-de-8mm-de-diametre-en-acier-lamine-a-chaud-test.jpeg;G001;rendu;;ronds à béton crénelés, acier gris;acier-armatures-beton-rond-a-beton-lamine-a-chaud;rond-a-beton-de-8mm-de-diametre-en-acier-lamine-a-chaud
acier-armatures-beton-rond-a-beton-lamine-a-chaud/0001071_268a319ef96b4ccd8ee4af547e223fa2.jpeg;G001;rendu;;ronds à béton crénelés, acier gris;acier-armatures-beton-rond-a-beton-lamine-a-chaud;rond-a-beton-de-10mm-de-diametre-en-acier-lamine-a-chaud
acier-armatures-beton-rond-a-beton-lamine-a-chaud/0001072_268a319ef96b4ccd8ee4af547e223fa2.jpeg;G001;rendu;;ronds à béton crénelés, acier gris;acier-armatures-beton-rond-a-beton-lamine-a-chaud;rond-a-beton-de-12mm-de-diametre-en-acier-lamine-a-chaud
acier-armatures-beton-rond-a-beton-lamine-a-chaud/0001073_268a319ef96b4ccd8ee4af547e223fa2.jpeg;G001;rendu;;ronds à béton crénelés, acier gris;acier-armatures-beton-rond-a-beton-lamine-a-chaud;rond-a-beton-de-14mm-de-diametre-en-acier-lamine-a-chaud
acier-armatures-beton-rond-a-beton-lamine-a-chaud/0001074_268a319ef96b4ccd8ee4af547e223fa2.jpeg;G001;rendu;;ronds à béton crénelés, acier gris;acier-armatures-beton-rond-a-beton-lamine-a-chaud;rond-a-beton-de-16mm-de-diametre-en-acier-lamine-a-chaud
acier-armatures-beton-rond-a-beton-lamine-a-chaud/0001076_268a319ef96b4ccd8ee4af547e223fa2.jpeg;G001;rendu;;ronds à béton crénelés, acier gris;acier-armatures-beton-rond-a-beton-lamine-a-chaud;rond-a-beton-de-20mm-de-diametre-en-acier-lamine-a-chaud
acier-armatures-beton-treillis-soudes/0004980_3fd1f73b1a934333a58eb298612d979b.jpeg;G002;photo;;treillis soudés empilés, acier brut rouillé;acier-armatures-beton-treillis-soudes;treillis-soude-50x50x4mm-3m-x-2m
acier-armatures-beton-treillis-soudes/0004981_3fd1f73b1a934333a58eb298612d979b.jpeg;G002;photo;;treillis soudés empilés, acier brut rouillé;acier-armatures-beton-treillis-soudes;treillis-soude-50x50x4mm-5m-x-2m
acier-armatures-beton-treillis-soudes/0004982_3fd1f73b1a934333a58eb298612d979b.jpeg;G002;photo;;treillis soudés empilés, acier brut rouillé;acier-armatures-beton-treillis-soudes;treillis-soude-galvanise-50x50x4mm-3m-x-2m
acier-armatures-beton-treillis-soudes/0004983_3fd1f73b1a934333a58eb298612d979b.jpeg;G002;photo;;treillis soudés empilés, acier brut rouillé;acier-armatures-beton-treillis-soudes;treillis-soude-galvanise-50x50x4mm-5m-x-2m
acier-armatures-beton-treillis-soudes/0002373_119efc4a361345abb9c2ddd88629c9b8.jpeg;G003;photo;;treillis soudés en pile, acier brut;acier-armatures-beton-treillis-soudes;treillis-soude-100x100x10mm-5m-x-2m
acier-armatures-beton-treillis-soudes/0002377_119efc4a361345abb9c2ddd88629c9b8.jpeg;G003;photo;;treillis soudés en pile, acier brut;acier-armatures-beton-treillis-soudes;treillis-soude-100x100x5mm-5m-x-2m
acier-armatures-beton-treillis-soudes/0002379_119efc4a361345abb9c2ddd88629c9b8.jpeg;G003;photo;;treillis soudés en pile, acier brut;acier-armatures-beton-treillis-soudes;treillis-soude-100x100x8mm-5m-x-2m
acier-armatures-beton-treillis-soudes/0002381_119efc4a361345abb9c2ddd88629c9b8.jpeg;G003;photo;;treillis soudés en pile, acier brut;acier-armatures-beton-treillis-soudes;treillis-soude-150x150x10mm-5m-x-2m
acier-armatures-beton-treillis-soudes/0002383_119efc4a361345abb9c2ddd88629c9b8.jpeg;G003;photo;;treillis soudés en pile, acier brut;acier-armatures-beton-treillis-soudes;treillis-soude-150x150x12mm-5m-x-2m
acier-armatures-beton-treillis-soudes/0002385_119efc4a361345abb9c2ddd88629c9b8.jpeg;G003;photo;;treillis soudés en pile, acier brut;acier-armatures-beton-treillis-soudes;treillis-soude-150x150x5mm-2m-x-1m
acier-armatures-beton-treillis-soudes/0002387_119efc4a361345abb9c2ddd88629c9b8.jpeg;G003;photo;;treillis soudés en pile, acier brut;acier-armatures-beton-treillis-soudes;treillis-soude-150x150x5mm-3m-x-2m
acier-armatures-beton-treillis-soudes/0002389_119efc4a361345abb9c2ddd88629c9b8.jpeg;G003;photo;;treillis soudés en pile, acier brut;acier-armatures-beton-treillis-soudes;treillis-soude-150x150x5mm-5m-x-2m
acier-armatures-beton-treillis-soudes/0002391_119efc4a361345abb9c2ddd88629c9b8.jpeg;G003;photo;;treillis soudés en pile, acier brut;acier-armatures-beton-treillis-soudes;treillis-soude-150x150x6mm-3m-x-2m
acier-armatures-beton-treillis-soudes/0002393_119efc4a361345abb9c2ddd88629c9b8.jpeg;G003;photo;;treillis soudés en pile, acier brut;acier-armatures-beton-treillis-soudes;treillis-soude-150x150x6mm-5m-x-2m
acier-armatures-beton-treillis-soudes/0002395_119efc4a361345abb9c2ddd88629c9b8.jpeg;G003;photo;;treillis soudés en pile, acier brut;acier-armatures-beton-treillis-soudes;treillis-soude-150x150x8mm-3m-x-2m
acier-armatures-beton-treillis-soudes/0002397_119efc4a361345abb9c2ddd88629c9b8.jpeg;G003;photo;;treillis soudés en pile, acier brut;acier-armatures-beton-treillis-soudes;treillis-soude-150x150x8mm-5m-x-2m
acier-armatures-beton-treillis-soudes/0002401_119efc4a361345abb9c2ddd88629c9b8.jpeg;G003;photo;;treillis soudés en pile, acier brut;acier-armatures-beton-treillis-soudes;treillis-soude-75x75x5mm-5m-x-2m
acier-armatures-beton-treillis-soudes-depassants/0002146_4ede0b981ad04119bbf3a5b103714996.jpeg;G004;schema;;treillis : cotes A, B, C, D, E;acier-armatures-beton-treillis-soudes-depassants;treillis-soude-avec-depassants-150x150x8mm-5-95m-x-2-35m
acier-armatures-beton-treillis-soudes-depassants/0002148_4ede0b981ad04119bbf3a5b103714996.jpeg;G004;schema;;treillis : cotes A, B, C, D, E;acier-armatures-beton-treillis-soudes-depassants;treillis-soude-avec-depassants-150x150x6mm-5-95m-x-2-35m
acier-armatures-beton-treillis-soudes-depassants/0002150_4ede0b981ad04119bbf3a5b103714996.jpeg;G004;schema;;treillis : cotes A, B, C, D, E;acier-armatures-beton-treillis-soudes-depassants;treillis-soude-avec-depassants-150x150x12mm-5-95m-x-2-35m
acier-armatures-beton-treillis-soudes-depassants/0002152_4ede0b981ad04119bbf3a5b103714996.jpeg;G004;schema;;treillis : cotes A, B, C, D, E;acier-armatures-beton-treillis-soudes-depassants;treillis-soude-avec-depassants-150x150x10mm-5-95m-x-2-35m
acier-armatures-beton-treillis-soudes/0002374_4ede0b981ad04119bbf3a5b103714996.jpeg;G004;schema;;treillis : cotes A, B, C, D, E;acier-armatures-beton-treillis-soudes;treillis-soude-100x100x10mm-5m-x-2m
acier-armatures-beton-treillis-soudes/0002378_4ede0b981ad04119bbf3a5b103714996.jpeg;G004;schema;;treillis : cotes A, B, C, D, E;acier-armatures-beton-treillis-soudes;treillis-soude-100x100x5mm-5m-x-2m
acier-armatures-beton-treillis-soudes/0002380_4ede0b981ad04119bbf3a5b103714996.jpeg;G004;schema;;treillis : cotes A, B, C, D, E;acier-armatures-beton-treillis-soudes;treillis-soude-100x100x8mm-5m-x-2m
acier-armatures-beton-treillis-soudes/0002382_4ede0b981ad04119bbf3a5b103714996.jpeg;G004;schema;;treillis : cotes A, B, C, D, E;acier-armatures-beton-treillis-soudes;treillis-soude-150x150x10mm-5m-x-2m
acier-armatures-beton-treillis-soudes/0002384_4ede0b981ad04119bbf3a5b103714996.jpeg;G004;schema;;treillis : cotes A, B, C, D, E;acier-armatures-beton-treillis-soudes;treillis-soude-150x150x12mm-5m-x-2m
acier-armatures-beton-treillis-soudes/0002386_4ede0b981ad04119bbf3a5b103714996.jpeg;G004;schema;;treillis : cotes A, B, C, D, E;acier-armatures-beton-treillis-soudes;treillis-soude-150x150x5mm-2m-x-1m
acier-armatures-beton-treillis-soudes/0002388_4ede0b981ad04119bbf3a5b103714996.jpeg;G004;schema;;treillis : cotes A, B, C, D, E;acier-armatures-beton-treillis-soudes;treillis-soude-150x150x5mm-3m-x-2m
acier-armatures-beton-treillis-soudes/0002390_4ede0b981ad04119bbf3a5b103714996.jpeg;G004;schema;;treillis : cotes A, B, C, D, E;acier-armatures-beton-treillis-soudes;treillis-soude-150x150x5mm-5m-x-2m
acier-armatures-beton-treillis-soudes/0002392_4ede0b981ad04119bbf3a5b103714996.jpeg;G004;schema;;treillis : cotes A, B, C, D, E;acier-armatures-beton-treillis-soudes;treillis-soude-150x150x6mm-3m-x-2m
acier-armatures-beton-treillis-soudes/0002394_4ede0b981ad04119bbf3a5b103714996.jpeg;G004;schema;;treillis : cotes A, B, C, D, E;acier-armatures-beton-treillis-soudes;treillis-soude-150x150x6mm-5m-x-2m
acier-armatures-beton-treillis-soudes/0002396_4ede0b981ad04119bbf3a5b103714996.jpeg;G004;schema;;treillis : cotes A, B, C, D, E;acier-armatures-beton-treillis-soudes;treillis-soude-150x150x8mm-3m-x-2m
acier-armatures-beton-treillis-soudes/0002398_4ede0b981ad04119bbf3a5b103714996.jpeg;G004;schema;;treillis : cotes A, B, C, D, E;acier-armatures-beton-treillis-soudes;treillis-soude-150x150x8mm-5m-x-2m
acier-armatures-beton-treillis-soudes/0002400_4ede0b981ad04119bbf3a5b103714996.jpeg;G004;schema;;treillis : cotes A, B, C, D, E;acier-armatures-beton-treillis-soudes;treillis-soude-50x50x4mm-5m-x-2m
acier-armatures-beton-treillis-soudes/0002402_4ede0b981ad04119bbf3a5b103714996.jpeg;G004;schema;;treillis : cotes A, B, C, D, E;acier-armatures-beton-treillis-soudes;treillis-soude-75x75x5mm-5m-x-2m
acier-armatures-beton-treillis-soudes/0002404_4ede0b981ad04119bbf3a5b103714996.jpeg;G004;schema;;treillis : cotes A, B, C, D, E;acier-armatures-beton-treillis-soudes;treillis-soude-galvanise-50x50x4mm-3m-x-2m
acier-armatures-beton-treillis-soudes/0002406_4ede0b981ad04119bbf3a5b103714996.jpeg;G004;schema;;treillis : cotes A, B, C, D, E;acier-armatures-beton-treillis-soudes;treillis-soude-galvanise-50x50x4mm-5m-x-2m
acier-armatures-beton-treillis-soudes/0004853_4ede0b981ad04119bbf3a5b103714996.jpeg;G004;schema;;treillis : cotes A, B, C, D, E;acier-armatures-beton-treillis-soudes;treillis-soude-50x50x4mm-3m-x-2m
acier-armatures-beton-treillis-soudes-depassants/0002145_e37096cff2ef4119b298a402ccbc2a09.jpeg;G005;photo;;treillis en pile, extrémités peintes orange;acier-armatures-beton-treillis-soudes-depassants;treillis-soude-avec-depassants-150x150x8mm-5-95m-x-2-35m
acier-armatures-beton-treillis-soudes-depassants/0002147_e37096cff2ef4119b298a402ccbc2a09.jpeg;G005;photo;;treillis en pile, extrémités peintes orange;acier-armatures-beton-treillis-soudes-depassants;treillis-soude-avec-depassants-150x150x6mm-5-95m-x-2-35m
acier-armatures-beton-treillis-soudes-depassants/0002149_e37096cff2ef4119b298a402ccbc2a09.jpeg;G005;photo;;treillis en pile, extrémités peintes orange;acier-armatures-beton-treillis-soudes-depassants;treillis-soude-avec-depassants-150x150x12mm-5-95m-x-2-35m
acier-armatures-beton-treillis-soudes-depassants/0002151_e37096cff2ef4119b298a402ccbc2a09.jpeg;G005;photo;;treillis en pile, extrémités peintes orange;acier-armatures-beton-treillis-soudes-depassants;treillis-soude-avec-depassants-150x150x10mm-5-95m-x-2-35m
acier-poutrelles-hea/0004213_2df611c9d0724eff9fbb7847401f1bd7.jpeg;G006;photo;;HEA en GPP : primaire rouge-brun mat;acier-poutrelles-hea;poutrelle-hea-100-en-acier
acier-poutrelles-hea/0004215_2df611c9d0724eff9fbb7847401f1bd7.jpeg;G006;photo;;HEA en GPP : primaire rouge-brun mat;acier-poutrelles-hea;poutrelle-hea-120-en-acier
acier-poutrelles-hea/0004217_2df611c9d0724eff9fbb7847401f1bd7.jpeg;G006;photo;;HEA en GPP : primaire rouge-brun mat;acier-poutrelles-hea;poutrelle-hea-140-en-acier
acier-poutrelles-hea/0004219_2df611c9d0724eff9fbb7847401f1bd7.jpeg;G006;photo;;HEA en GPP : primaire rouge-brun mat;acier-poutrelles-hea;poutrelle-hea-160-en-acier
acier-poutrelles-hea/0004221_2df611c9d0724eff9fbb7847401f1bd7.jpeg;G006;photo;;HEA en GPP : primaire rouge-brun mat;acier-poutrelles-hea;poutrelle-hea-180-en-acier
acier-poutrelles-hea/0004223_2df611c9d0724eff9fbb7847401f1bd7.jpeg;G006;photo;;HEA en GPP : primaire rouge-brun mat;acier-poutrelles-hea;poutrelle-hea-200-en-acier
acier-poutrelles-hea/0004225_2df611c9d0724eff9fbb7847401f1bd7.jpeg;G006;photo;;HEA en GPP : primaire rouge-brun mat;acier-poutrelles-hea;poutrelle-hea-220-en-acier
acier-poutrelles-hea/0004227_2df611c9d0724eff9fbb7847401f1bd7.jpeg;G006;photo;;HEA en GPP : primaire rouge-brun mat;acier-poutrelles-hea;poutrelle-hea-240-en-acier
acier-poutrelles-hea/0004229_2df611c9d0724eff9fbb7847401f1bd7.jpeg;G006;photo;;HEA en GPP : primaire rouge-brun mat;acier-poutrelles-hea;poutrelle-hea-260-en-acier
acier-poutrelles-hea/0004231_2df611c9d0724eff9fbb7847401f1bd7.jpeg;G006;photo;;HEA en GPP : primaire rouge-brun mat;acier-poutrelles-hea;poutrelle-hea-280-en-acier
acier-poutrelles-hea/0004233_2df611c9d0724eff9fbb7847401f1bd7.jpeg;G006;photo;;HEA en GPP : primaire rouge-brun mat;acier-poutrelles-hea;poutrelle-hea-300-en-acier
acier-poutrelles-hea/0004214_72e3f415a1b3462c9b81e9c29c85404a.jpeg;G007;schema;;section en I : A, B, C, D;acier-poutrelles-hea;poutrelle-hea-100-en-acier
acier-poutrelles-hea/0004216_72e3f415a1b3462c9b81e9c29c85404a.jpeg;G007;schema;;section en I : A, B, C, D;acier-poutrelles-hea;poutrelle-hea-120-en-acier
acier-poutrelles-hea/0004218_72e3f415a1b3462c9b81e9c29c85404a.jpeg;G007;schema;;section en I : A, B, C, D;acier-poutrelles-hea;poutrelle-hea-140-en-acier
acier-poutrelles-hea/0004220_72e3f415a1b3462c9b81e9c29c85404a.jpeg;G007;schema;;section en I : A, B, C, D;acier-poutrelles-hea;poutrelle-hea-160-en-acier
acier-poutrelles-hea/0004222_72e3f415a1b3462c9b81e9c29c85404a.jpeg;G007;schema;;section en I : A, B, C, D;acier-poutrelles-hea;poutrelle-hea-180-en-acier
acier-poutrelles-hea/0004224_72e3f415a1b3462c9b81e9c29c85404a.jpeg;G007;schema;;section en I : A, B, C, D;acier-poutrelles-hea;poutrelle-hea-200-en-acier
acier-poutrelles-hea/0004226_72e3f415a1b3462c9b81e9c29c85404a.jpeg;G007;schema;;section en I : A, B, C, D;acier-poutrelles-hea;poutrelle-hea-220-en-acier
acier-poutrelles-hea/0004228_72e3f415a1b3462c9b81e9c29c85404a.jpeg;G007;schema;;section en I : A, B, C, D;acier-poutrelles-hea;poutrelle-hea-240-en-acier
acier-poutrelles-hea/0004230_72e3f415a1b3462c9b81e9c29c85404a.jpeg;G007;schema;;section en I : A, B, C, D;acier-poutrelles-hea;poutrelle-hea-260-en-acier
acier-poutrelles-hea/0004232_72e3f415a1b3462c9b81e9c29c85404a.jpeg;G007;schema;;section en I : A, B, C, D;acier-poutrelles-hea;poutrelle-hea-280-en-acier
acier-poutrelles-hea/0004234_72e3f415a1b3462c9b81e9c29c85404a.jpeg;G007;schema;;section en I : A, B, C, D;acier-poutrelles-hea;poutrelle-hea-300-en-acier
acier-poutrelles-heb/0004262_73cae0d7cc0d449b8b7925258668d220.jpeg;G007;schema;;section en I : A, B, C, D;acier-poutrelles-heb;poutrelle-heb-100-en-acier
acier-poutrelles-heb/0004264_73cae0d7cc0d449b8b7925258668d220.jpeg;G007;schema;;section en I : A, B, C, D;acier-poutrelles-heb;poutrelle-heb-120-en-acier
acier-poutrelles-heb/0004266_73cae0d7cc0d449b8b7925258668d220.jpeg;G007;schema;;section en I : A, B, C, D;acier-poutrelles-heb;poutrelle-heb-140-en-acier
acier-poutrelles-heb/0004268_73cae0d7cc0d449b8b7925258668d220.jpeg;G007;schema;;section en I : A, B, C, D;acier-poutrelles-heb;poutrelle-heb-160-en-acier
acier-poutrelles-heb/0004270_73cae0d7cc0d449b8b7925258668d220.jpeg;G007;schema;;section en I : A, B, C, D;acier-poutrelles-heb;poutrelle-heb-180-en-acier
acier-poutrelles-heb/0004272_73cae0d7cc0d449b8b7925258668d220.jpeg;G007;schema;;section en I : A, B, C, D;acier-poutrelles-heb;poutrelle-heb-200-en-acier
acier-poutrelles-heb/0004274_73cae0d7cc0d449b8b7925258668d220.jpeg;G007;schema;;section en I : A, B, C, D;acier-poutrelles-heb;poutrelle-heb-220-en-acier
acier-poutrelles-heb/0004276_73cae0d7cc0d449b8b7925258668d220.jpeg;G007;schema;;section en I : A, B, C, D;acier-poutrelles-heb;poutrelle-heb-240-en-acier
acier-poutrelles-heb/0004278_73cae0d7cc0d449b8b7925258668d220.jpeg;G007;schema;;section en I : A, B, C, D;acier-poutrelles-heb;poutrelle-heb-260-en-acier
acier-poutrelles-heb/0004280_73cae0d7cc0d449b8b7925258668d220.jpeg;G007;schema;;section en I : A, B, C, D;acier-poutrelles-heb;poutrelle-heb-280-en-acier
acier-poutrelles-heb/0004282_73cae0d7cc0d449b8b7925258668d220.jpeg;G007;schema;;section en I : A, B, C, D;acier-poutrelles-heb;poutrelle-heb-300-en-acier
acier-poutrelles-heb/0004261_bba4442a6af945acbbedfe86edf25af4.jpeg;G008;photo;;HEB en GPP, gros plan : primaire rouge-brun;acier-poutrelles-heb;poutrelle-heb-100-en-acier
acier-poutrelles-heb/0004263_bba4442a6af945acbbedfe86edf25af4.jpeg;G008;photo;;HEB en GPP, gros plan : primaire rouge-brun;acier-poutrelles-heb;poutrelle-heb-120-en-acier
acier-poutrelles-heb/0004265_bba4442a6af945acbbedfe86edf25af4.jpeg;G008;photo;;HEB en GPP, gros plan : primaire rouge-brun;acier-poutrelles-heb;poutrelle-heb-140-en-acier
acier-poutrelles-heb/0004267_bba4442a6af945acbbedfe86edf25af4.jpeg;G008;photo;;HEB en GPP, gros plan : primaire rouge-brun;acier-poutrelles-heb;poutrelle-heb-160-en-acier
acier-poutrelles-heb/0004269_bba4442a6af945acbbedfe86edf25af4.jpeg;G008;photo;;HEB en GPP, gros plan : primaire rouge-brun;acier-poutrelles-heb;poutrelle-heb-180-en-acier
acier-poutrelles-heb/0004271_bba4442a6af945acbbedfe86edf25af4.jpeg;G008;photo;;HEB en GPP, gros plan : primaire rouge-brun;acier-poutrelles-heb;poutrelle-heb-200-en-acier
acier-poutrelles-heb/0004273_bba4442a6af945acbbedfe86edf25af4.jpeg;G008;photo;;HEB en GPP, gros plan : primaire rouge-brun;acier-poutrelles-heb;poutrelle-heb-220-en-acier
acier-poutrelles-heb/0004275_bba4442a6af945acbbedfe86edf25af4.jpeg;G008;photo;;HEB en GPP, gros plan : primaire rouge-brun;acier-poutrelles-heb;poutrelle-heb-240-en-acier
acier-poutrelles-heb/0004277_bba4442a6af945acbbedfe86edf25af4.jpeg;G008;photo;;HEB en GPP, gros plan : primaire rouge-brun;acier-poutrelles-heb;poutrelle-heb-260-en-acier
acier-poutrelles-heb/0004279_bba4442a6af945acbbedfe86edf25af4.jpeg;G008;photo;;HEB en GPP, gros plan : primaire rouge-brun;acier-poutrelles-heb;poutrelle-heb-280-en-acier
acier-poutrelles-heb/0004281_bba4442a6af945acbbedfe86edf25af4.jpeg;G008;photo;;HEB en GPP, gros plan : primaire rouge-brun;acier-poutrelles-heb;poutrelle-heb-300-en-acier
acier-poutrelles-ipe/0001958_301d853d94904278bab6df7a5e4e9837.jpeg;G009;rendu;;IPE, acier gris uni (basse définition);acier-poutrelles-ipe;poutrelle-ipe-270
acier-poutrelles-ipe/0001964_301d853d94904278bab6df7a5e4e9837.jpeg;G009;rendu;;IPE, acier gris uni (basse définition);acier-poutrelles-ipe;poutrelle-ipe-300
acier-poutrelles-ipe/0001970_301d853d94904278bab6df7a5e4e9837.jpeg;G009;rendu;;IPE, acier gris uni (basse définition);acier-poutrelles-ipe;poutrelle-ipe-330
acier-poutrelles-ipe/0003776_301d853d94904278bab6df7a5e4e9837.jpeg;G009;rendu;;IPE, acier gris uni (basse définition);acier-poutrelles-ipe;poutrelle-ipe-100-en-acier
acier-poutrelles-ipe/0003782_301d853d94904278bab6df7a5e4e9837.jpeg;G009;rendu;;IPE, acier gris uni (basse définition);acier-poutrelles-ipe;poutrelle-ipe-120-en-acier
acier-poutrelles-ipe/0003785_301d853d94904278bab6df7a5e4e9837.jpeg;G009;rendu;;IPE, acier gris uni (basse définition);acier-poutrelles-ipe;poutrelle-ipe-140-en-acier
acier-poutrelles-ipe/0003791_301d853d94904278bab6df7a5e4e9837.jpeg;G009;rendu;;IPE, acier gris uni (basse définition);acier-poutrelles-ipe;poutrelle-ipe-160-en-acier
acier-poutrelles-ipe/0003797_301d853d94904278bab6df7a5e4e9837.jpeg;G009;rendu;;IPE, acier gris uni (basse définition);acier-poutrelles-ipe;poutrelle-ipe-180-en-acier
acier-poutrelles-ipe/0003804_301d853d94904278bab6df7a5e4e9837.jpeg;G009;rendu;;IPE, acier gris uni (basse définition);acier-poutrelles-ipe;poutrelle-ipe-200-en-acier
acier-poutrelles-ipe/0003810_301d853d94904278bab6df7a5e4e9837.jpeg;G009;rendu;;IPE, acier gris uni (basse définition);acier-poutrelles-ipe;poutrelle-ipe-220-en-acier
acier-poutrelles-ipe/0003817_poutrelle-ipe-240-en-acier.jpeg;G009;rendu;;IPE, acier gris uni (basse définition);acier-poutrelles-ipe;poutrelle-ipe-240-en-acier
acier-poutrelles-ipe/0003777_865646b7f22d4415a556de7af7de1a3a.jpeg;G010;photo;;IPE en GPP en pile : primaire rouge-brun, extrémités peintes;acier-poutrelles-ipe;poutrelle-ipe-100-en-acier
acier-poutrelles-ipe/0003783_865646b7f22d4415a556de7af7de1a3a.jpeg;G010;photo;;IPE en GPP en pile : primaire rouge-brun, extrémités peintes;acier-poutrelles-ipe;poutrelle-ipe-120-en-acier
acier-poutrelles-ipe/0003792_865646b7f22d4415a556de7af7de1a3a.jpeg;G010;photo;;IPE en GPP en pile : primaire rouge-brun, extrémités peintes;acier-poutrelles-ipe;poutrelle-ipe-160-en-acier
acier-poutrelles-ipe/0003798_865646b7f22d4415a556de7af7de1a3a.jpeg;G010;photo;;IPE en GPP en pile : primaire rouge-brun, extrémités peintes;acier-poutrelles-ipe;poutrelle-ipe-180-en-acier
acier-poutrelles-ipe/0003805_865646b7f22d4415a556de7af7de1a3a.jpeg;G010;photo;;IPE en GPP en pile : primaire rouge-brun, extrémités peintes;acier-poutrelles-ipe;poutrelle-ipe-200-en-acier
acier-poutrelles-ipe/0003811_865646b7f22d4415a556de7af7de1a3a.jpeg;G010;photo;;IPE en GPP en pile : primaire rouge-brun, extrémités peintes;acier-poutrelles-ipe;poutrelle-ipe-220-en-acier
acier-poutrelles-ipe/0003818_poutrelle-ipe-240-en-acier.jpeg;G010;photo;;IPE en GPP en pile : primaire rouge-brun, extrémités peintes;acier-poutrelles-ipe;poutrelle-ipe-240-en-acier
acier-poutrelles-ipe/0005517_865646b7f22d4415a556de7af7de1a3a.jpeg;G010;photo;;IPE en GPP en pile : primaire rouge-brun, extrémités peintes;acier-poutrelles-ipe;poutrelle-ipe-140-en-acier
acier-poutrelles-ipe/0001959_6f329e0775024112b648699a75024e37.jpeg;G011;schema;;section IPE : A, B, C, D;acier-poutrelles-ipe;poutrelle-ipe-270
acier-poutrelles-ipe/0001965_6f329e0775024112b648699a75024e37.jpeg;G011;schema;;section IPE : A, B, C, D;acier-poutrelles-ipe;poutrelle-ipe-300
acier-poutrelles-ipe/0001971_6f329e0775024112b648699a75024e37.jpeg;G011;schema;;section IPE : A, B, C, D;acier-poutrelles-ipe;poutrelle-ipe-330
acier-poutrelles-ipe/0003778_6f329e0775024112b648699a75024e37.jpeg;G011;schema;;section IPE : A, B, C, D;acier-poutrelles-ipe;poutrelle-ipe-100-en-acier
acier-poutrelles-ipe/0003784_6f329e0775024112b648699a75024e37.jpeg;G011;schema;;section IPE : A, B, C, D;acier-poutrelles-ipe;poutrelle-ipe-120-en-acier
acier-poutrelles-ipe/0003787_6f329e0775024112b648699a75024e37.jpeg;G011;schema;;section IPE : A, B, C, D;acier-poutrelles-ipe;poutrelle-ipe-140-en-acier
acier-poutrelles-ipe/0003793_6f329e0775024112b648699a75024e37.jpeg;G011;schema;;section IPE : A, B, C, D;acier-poutrelles-ipe;poutrelle-ipe-160-en-acier
acier-poutrelles-ipe/0003799_6f329e0775024112b648699a75024e37.jpeg;G011;schema;;section IPE : A, B, C, D;acier-poutrelles-ipe;poutrelle-ipe-180-en-acier
acier-poutrelles-ipe/0003806_6f329e0775024112b648699a75024e37.jpeg;G011;schema;;section IPE : A, B, C, D;acier-poutrelles-ipe;poutrelle-ipe-200-en-acier
acier-poutrelles-ipe/0003812_6f329e0775024112b648699a75024e37.jpeg;G011;schema;;section IPE : A, B, C, D;acier-poutrelles-ipe;poutrelle-ipe-220-en-acier
acier-poutrelles-ipe/0003819_poutrelle-ipe-240-en-acier.jpeg;G011;schema;;section IPE : A, B, C, D;acier-poutrelles-ipe;poutrelle-ipe-240-en-acier
acier-poutrelles-upn/0004320_poutrelle-upn-80-en-acier.jpeg;G012;photo;;UPN brutes : calamine noire, rouille légère, marques de peinture jaune-vert en bout;acier-poutrelles-upn;poutrelle-upn-80-en-acier
acier-poutrelles-upn/0004322_24df97d440ed46d986cd942eec291ba3.jpeg;G012;photo;;UPN brutes : calamine noire, rouille légère, marques de peinture jaune-vert en bout;acier-poutrelles-upn;poutrelle-upn-100-en-acier
acier-poutrelles-upn/0004324_24df97d440ed46d986cd942eec291ba3.jpeg;G012;photo;;UPN brutes : calamine noire, rouille légère, marques de peinture jaune-vert en bout;acier-poutrelles-upn;poutrelle-upn-120-en-acier
acier-poutrelles-upn/0004326_24df97d440ed46d986cd942eec291ba3.jpeg;G012;photo;;UPN brutes : calamine noire, rouille légère, marques de peinture jaune-vert en bout;acier-poutrelles-upn;poutrelle-upn-140-en-acier
acier-poutrelles-upn/0004328_24df97d440ed46d986cd942eec291ba3.jpeg;G012;photo;;UPN brutes : calamine noire, rouille légère, marques de peinture jaune-vert en bout;acier-poutrelles-upn;poutrelle-upn-160-en-acier
acier-poutrelles-upn/0004330_24df97d440ed46d986cd942eec291ba3.jpeg;G012;photo;;UPN brutes : calamine noire, rouille légère, marques de peinture jaune-vert en bout;acier-poutrelles-upn;poutrelle-upn-180-en-acier
acier-poutrelles-upn/0004332_24df97d440ed46d986cd942eec291ba3.jpeg;G012;photo;;UPN brutes : calamine noire, rouille légère, marques de peinture jaune-vert en bout;acier-poutrelles-upn;poutrelle-upn-200-en-acier
acier-poutrelles-upn/0004334_24df97d440ed46d986cd942eec291ba3.jpeg;G012;photo;;UPN brutes : calamine noire, rouille légère, marques de peinture jaune-vert en bout;acier-poutrelles-upn;poutrelle-upn-220-en-acier
acier-poutrelles-upn/0004336_24df97d440ed46d986cd942eec291ba3.jpeg;G012;photo;;UPN brutes : calamine noire, rouille légère, marques de peinture jaune-vert en bout;acier-poutrelles-upn;poutrelle-upn-240-en-acier
acier-poutrelles-upn/0004338_24df97d440ed46d986cd942eec291ba3.jpeg;G012;photo;;UPN brutes : calamine noire, rouille légère, marques de peinture jaune-vert en bout;acier-poutrelles-upn;poutrelle-upn-260-en-acier
acier-poutrelles-upn/0004340_24df97d440ed46d986cd942eec291ba3.jpeg;G012;photo;;UPN brutes : calamine noire, rouille légère, marques de peinture jaune-vert en bout;acier-poutrelles-upn;poutrelle-upn-280-en-acier
acier-poutrelles-upn/0004342_24df97d440ed46d986cd942eec291ba3.jpeg;G012;photo;;UPN brutes : calamine noire, rouille légère, marques de peinture jaune-vert en bout;acier-poutrelles-upn;poutrelle-upn-300-en-acier
acier-poutrelles-upn/0004321_poutrelle-upn-80-en-acier.jpeg;G013;schema;;section en U : A, B, C (ailes dessinées parallèles);acier-poutrelles-upn;poutrelle-upn-80-en-acier
acier-poutrelles-upn/0004323_ef6a74181acd40359e95269b4068a24d.jpeg;G013;schema;;section en U : A, B, C (ailes dessinées parallèles);acier-poutrelles-upn;poutrelle-upn-100-en-acier
acier-poutrelles-upn/0004325_ef6a74181acd40359e95269b4068a24d.jpeg;G013;schema;;section en U : A, B, C (ailes dessinées parallèles);acier-poutrelles-upn;poutrelle-upn-120-en-acier
acier-poutrelles-upn/0004327_ef6a74181acd40359e95269b4068a24d.jpeg;G013;schema;;section en U : A, B, C (ailes dessinées parallèles);acier-poutrelles-upn;poutrelle-upn-140-en-acier
acier-poutrelles-upn/0004329_ef6a74181acd40359e95269b4068a24d.jpeg;G013;schema;;section en U : A, B, C (ailes dessinées parallèles);acier-poutrelles-upn;poutrelle-upn-160-en-acier
acier-poutrelles-upn/0004331_ef6a74181acd40359e95269b4068a24d.jpeg;G013;schema;;section en U : A, B, C (ailes dessinées parallèles);acier-poutrelles-upn;poutrelle-upn-180-en-acier
acier-poutrelles-upn/0004333_ef6a74181acd40359e95269b4068a24d.jpeg;G013;schema;;section en U : A, B, C (ailes dessinées parallèles);acier-poutrelles-upn;poutrelle-upn-200-en-acier
acier-poutrelles-upn/0004335_ef6a74181acd40359e95269b4068a24d.jpeg;G013;schema;;section en U : A, B, C (ailes dessinées parallèles);acier-poutrelles-upn;poutrelle-upn-220-en-acier
acier-poutrelles-upn/0004337_ef6a74181acd40359e95269b4068a24d.jpeg;G013;schema;;section en U : A, B, C (ailes dessinées parallèles);acier-poutrelles-upn;poutrelle-upn-240-en-acier
acier-poutrelles-upn/0004339_ef6a74181acd40359e95269b4068a24d.jpeg;G013;schema;;section en U : A, B, C (ailes dessinées parallèles);acier-poutrelles-upn;poutrelle-upn-260-en-acier
acier-poutrelles-upn/0004341_ef6a74181acd40359e95269b4068a24d.jpeg;G013;schema;;section en U : A, B, C (ailes dessinées parallèles);acier-poutrelles-upn;poutrelle-upn-280-en-acier
acier-poutrelles-upn/0004343_ef6a74181acd40359e95269b4068a24d.jpeg;G013;schema;;section en U : A, B, C (ailes dessinées parallèles);acier-poutrelles-upn;poutrelle-upn-300-en-acier
acier-profiles-carre-plein/0001150_1974c1114e75479792190a683f0cbbd6.jpeg;G014;rendu;;carrés pleins, acier gris;acier-profiles-carre-plein;carre-plein-de-8x8mm-en-acier
acier-profiles-carre-plein/0001152_1974c1114e75479792190a683f0cbbd6.jpeg;G014;rendu;;carrés pleins, acier gris;acier-profiles-carre-plein;carre-plein-de-10x10mm-en-acier
acier-profiles-carre-plein/0001154_1974c1114e75479792190a683f0cbbd6.jpeg;G014;rendu;;carrés pleins, acier gris;acier-profiles-carre-plein;carre-plein-de-12x12mm-en-acier
acier-profiles-carre-plein/0001156_1974c1114e75479792190a683f0cbbd6.jpeg;G014;rendu;;carrés pleins, acier gris;acier-profiles-carre-plein;carre-plein-de-14x14mm-en-acier
acier-profiles-carre-plein/0001160_1974c1114e75479792190a683f0cbbd6.jpeg;G014;rendu;;carrés pleins, acier gris;acier-profiles-carre-plein;carre-plein-de-16x16mm-en-acier
acier-profiles-carre-plein/0001164_1974c1114e75479792190a683f0cbbd6.jpeg;G014;rendu;;carrés pleins, acier gris;acier-profiles-carre-plein;carre-plein-de-20x20mm-en-acier
acier-profiles-carre-plein/0005106_1974c1114e75479792190a683f0cbbd6.jpeg;G014;rendu;;carrés pleins, acier gris;acier-profiles-carre-plein;carre-plein-de-6x6mm-en-acier
acier-profiles-carre-plein/0001149_d9830754331949be911c0f314a59613a.jpeg;G015;schema;;carré plein : A, B;acier-profiles-carre-plein;carre-plein-de-6x6mm-en-acier
acier-profiles-carre-plein/0001151_d9830754331949be911c0f314a59613a.jpeg;G015;schema;;carré plein : A, B;acier-profiles-carre-plein;carre-plein-de-8x8mm-en-acier
acier-profiles-carre-plein/0001153_d9830754331949be911c0f314a59613a.jpeg;G015;schema;;carré plein : A, B;acier-profiles-carre-plein;carre-plein-de-10x10mm-en-acier
acier-profiles-carre-plein/0001155_d9830754331949be911c0f314a59613a.jpeg;G015;schema;;carré plein : A, B;acier-profiles-carre-plein;carre-plein-de-12x12mm-en-acier
acier-profiles-carre-plein/0001157_d9830754331949be911c0f314a59613a.jpeg;G015;schema;;carré plein : A, B;acier-profiles-carre-plein;carre-plein-de-14x14mm-en-acier
acier-profiles-carre-plein/0001165_d9830754331949be911c0f314a59613a.jpeg;G015;schema;;carré plein : A, B;acier-profiles-carre-plein;carre-plein-de-20x20mm-en-acier
acier-profiles-carre-plein/0001161_b8e4eb159ce34a1cb2d37fe378f81e58.jpeg;G016;schema;;profil en T : A, B, C — ERREUR du site actuel : aussi affiché sur une fiche carré plein;acier-profiles-carre-plein;carre-plein-de-16x16mm-en-acier
acier-profiles-fer-t/0003205_b8e4eb159ce34a1cb2d37fe378f81e58.jpeg;G016;schema;;profil en T : A, B, C — ERREUR du site actuel : aussi affiché sur une fiche carré plein;acier-profiles-fer-t;fer-en-t-20x3mm-en-acier-lamine-a-chaud
acier-profiles-fer-t/0003208_b8e4eb159ce34a1cb2d37fe378f81e58.jpeg;G016;schema;;profil en T : A, B, C — ERREUR du site actuel : aussi affiché sur une fiche carré plein;acier-profiles-fer-t;fer-en-t-30x4mm-en-acier-lamine-a-chaud
acier-profiles-fer-t/0003211_b8e4eb159ce34a1cb2d37fe378f81e58.jpeg;G016;schema;;profil en T : A, B, C — ERREUR du site actuel : aussi affiché sur une fiche carré plein;acier-profiles-fer-t;fer-en-t-40x5mm-en-acier-lamine-a-chaud
acier-profiles-fer-t/0003214_b8e4eb159ce34a1cb2d37fe378f81e58.jpeg;G016;schema;;profil en T : A, B, C — ERREUR du site actuel : aussi affiché sur une fiche carré plein;acier-profiles-fer-t;fer-en-t-50x6mm-en-acier-lamine-a-chaud
acier-profiles-fer-t/0003217_b8e4eb159ce34a1cb2d37fe378f81e58.jpeg;G016;schema;;profil en T : A, B, C — ERREUR du site actuel : aussi affiché sur une fiche carré plein;acier-profiles-fer-t;fer-en-t-60x7mm-en-acier-lamine-a-chaud
acier-profiles-corniere-egale/0001201_1d6d2f584e27476b9e2172b3446a3961.jpeg;G017;rendu;;cornière égale, acier gris;acier-profiles-corniere-egale;corniere-egale-20x20x3mm-acier-lac
acier-profiles-corniere-egale/0001205_1d6d2f584e27476b9e2172b3446a3961.jpeg;G017;rendu;;cornière égale, acier gris;acier-profiles-corniere-egale;corniere-egale-25x25x3mm-acier-lac
acier-profiles-corniere-egale/0001212_1d6d2f584e27476b9e2172b3446a3961.jpeg;G017;rendu;;cornière égale, acier gris;acier-profiles-corniere-egale;corniere-egale-30x30x3mm-acier-lac
acier-profiles-corniere-egale/0001240_1d6d2f584e27476b9e2172b3446a3961.jpeg;G017;rendu;;cornière égale, acier gris;acier-profiles-corniere-egale;corniere-egale-40x40x3mm-acier-lac
acier-profiles-corniere-egale/0001243_1d6d2f584e27476b9e2172b3446a3961.jpeg;G017;rendu;;cornière égale, acier gris;acier-profiles-corniere-egale;corniere-egale-40x40x4mm-acier-lac
acier-profiles-corniere-egale/0001258_1d6d2f584e27476b9e2172b3446a3961.jpeg;G017;rendu;;cornière égale, acier gris;acier-profiles-corniere-egale;corniere-egale-50x50x3mm-acier-lac
acier-profiles-corniere-egale/0001264_1d6d2f584e27476b9e2172b3446a3961.jpeg;G017;rendu;;cornière égale, acier gris;acier-profiles-corniere-egale;corniere-egale-50x50x5mm-acier-lac
acier-profiles-corniere-egale/0001276_1d6d2f584e27476b9e2172b3446a3961.jpeg;G017;rendu;;cornière égale, acier gris;acier-profiles-corniere-egale;corniere-egale-60x60x6mm-acier-lac
acier-profiles-corniere-egale/0001317_1d6d2f584e27476b9e2172b3446a3961.jpeg;G017;rendu;;cornière égale, acier gris;acier-profiles-corniere-egale;corniere-egale-80x80x8mm-acier-lac
acier-profiles-corniere-egale/0001345_1d6d2f584e27476b9e2172b3446a3961.jpeg;G017;rendu;;cornière égale, acier gris;acier-profiles-corniere-egale;corniere-egale-100x100x10mm-acier-lac
acier-profiles-corniere-egale/0001202_d7b5f83c2bc643f29a57d9147f31965a.jpeg;G018;schema;;cornière : A, B, C;acier-profiles-corniere-egale;corniere-egale-20x20x3mm-acier-lac
acier-profiles-corniere-egale/0001206_d7b5f83c2bc643f29a57d9147f31965a.jpeg;G018;schema;;cornière : A, B, C;acier-profiles-corniere-egale;corniere-egale-25x25x3mm-acier-lac
acier-profiles-corniere-egale/0001213_d7b5f83c2bc643f29a57d9147f31965a.jpeg;G018;schema;;cornière : A, B, C;acier-profiles-corniere-egale;corniere-egale-30x30x3mm-acier-lac
acier-profiles-corniere-egale/0001241_d7b5f83c2bc643f29a57d9147f31965a.jpeg;G018;schema;;cornière : A, B, C;acier-profiles-corniere-egale;corniere-egale-40x40x3mm-acier-lac
acier-profiles-corniere-egale/0001244_d7b5f83c2bc643f29a57d9147f31965a.jpeg;G018;schema;;cornière : A, B, C;acier-profiles-corniere-egale;corniere-egale-40x40x4mm-acier-lac
acier-profiles-corniere-egale/0001259_d7b5f83c2bc643f29a57d9147f31965a.jpeg;G018;schema;;cornière : A, B, C;acier-profiles-corniere-egale;corniere-egale-50x50x3mm-acier-lac
acier-profiles-corniere-egale/0001265_d7b5f83c2bc643f29a57d9147f31965a.jpeg;G018;schema;;cornière : A, B, C;acier-profiles-corniere-egale;corniere-egale-50x50x5mm-acier-lac
acier-profiles-corniere-egale/0001277_d7b5f83c2bc643f29a57d9147f31965a.jpeg;G018;schema;;cornière : A, B, C;acier-profiles-corniere-egale;corniere-egale-60x60x6mm-acier-lac
acier-profiles-corniere-egale/0001318_d7b5f83c2bc643f29a57d9147f31965a.jpeg;G018;schema;;cornière : A, B, C;acier-profiles-corniere-egale;corniere-egale-80x80x8mm-acier-lac
acier-profiles-corniere-egale/0001346_d7b5f83c2bc643f29a57d9147f31965a.jpeg;G018;schema;;cornière : A, B, C;acier-profiles-corniere-egale;corniere-egale-100x100x10mm-acier-lac
aluminium-profiles-corniere-egale/0004439_d7b5f83c2bc643f29a57d9147f31965a.jpeg;G018;schema;;cornière : A, B, C;aluminium-profiles-corniere-egale;corniere-egale-20x20x2mm-en-aluminium
aluminium-profiles-corniere-egale/0004441_d7b5f83c2bc643f29a57d9147f31965a.jpeg;G018;schema;;cornière : A, B, C;aluminium-profiles-corniere-egale;corniere-egale-25x25x2mm-en-aluminium
aluminium-profiles-corniere-egale/0004443_d7b5f83c2bc643f29a57d9147f31965a.jpeg;G018;schema;;cornière : A, B, C;aluminium-profiles-corniere-egale;corniere-egale-30x30x2mm-en-aluminium
aluminium-profiles-corniere-egale/0004445_d7b5f83c2bc643f29a57d9147f31965a.jpeg;G018;schema;;cornière : A, B, C;aluminium-profiles-corniere-egale;corniere-egale-30x30x3mm-en-aluminium
aluminium-profiles-corniere-egale/0004449_d7b5f83c2bc643f29a57d9147f31965a.jpeg;G018;schema;;cornière : A, B, C;aluminium-profiles-corniere-egale;corniere-egale-40x40x2mm-en-aluminium
aluminium-profiles-corniere-egale/0004451_d7b5f83c2bc643f29a57d9147f31965a.jpeg;G018;schema;;cornière : A, B, C;aluminium-profiles-corniere-egale;corniere-egale-40x40x3mm-en-aluminium
aluminium-profiles-corniere-egale/0004455_d7b5f83c2bc643f29a57d9147f31965a.jpeg;G018;schema;;cornière : A, B, C;aluminium-profiles-corniere-egale;corniere-egale-50x50x3mm-en-aluminium
aluminium-profiles-corniere-egale/0004461_d7b5f83c2bc643f29a57d9147f31965a.jpeg;G018;schema;;cornière : A, B, C;aluminium-profiles-corniere-egale;corniere-egale-60x60x3mm-en-aluminium
inox-profiles-corniere-egale/0004681_d7b5f83c2bc643f29a57d9147f31965a.jpeg;G018;schema;;cornière : A, B, C;inox-profiles-corniere-egale;corniere-egale-20x20x3mm-en-inox
inox-profiles-corniere-egale/0004683_d7b5f83c2bc643f29a57d9147f31965a.jpeg;G018;schema;;cornière : A, B, C;inox-profiles-corniere-egale;corniere-egale-25x25x3mm-en-inox
inox-profiles-corniere-egale/0004685_d7b5f83c2bc643f29a57d9147f31965a.jpeg;G018;schema;;cornière : A, B, C;inox-profiles-corniere-egale;corniere-egale-30x30x3mm-en-inox
inox-profiles-corniere-egale/0004687_d7b5f83c2bc643f29a57d9147f31965a.jpeg;G018;schema;;cornière : A, B, C;inox-profiles-corniere-egale;corniere-egale-40x40x4mm-en-inox
inox-profiles-corniere-egale/0004689_d7b5f83c2bc643f29a57d9147f31965a.jpeg;G018;schema;;cornière : A, B, C;inox-profiles-corniere-egale;corniere-egale-50x50x5mm-en-inox
acier-profiles-corniere-egale/0001224_0fa741891730488eafb1f4b926c0da74.jpeg;G019;banque;;cornières d'aspect galvanisé, basse définition : ne correspond pas à l'acier LAC;acier-profiles-corniere-egale;corniere-egale-20x20x3mm-acier-lac
acier-profiles-corniere-egale/0001226_0fa741891730488eafb1f4b926c0da74.jpeg;G019;banque;;cornières d'aspect galvanisé, basse définition : ne correspond pas à l'acier LAC;acier-profiles-corniere-egale;corniere-egale-25x25x3mm-acier-lac
acier-profiles-corniere-egale/0001229_0fa741891730488eafb1f4b926c0da74.jpeg;G019;banque;;cornières d'aspect galvanisé, basse définition : ne correspond pas à l'acier LAC;acier-profiles-corniere-egale;corniere-egale-30x30x3mm-acier-lac
acier-profiles-corniere-egale/0001242_0fa741891730488eafb1f4b926c0da74.jpeg;G019;banque;;cornières d'aspect galvanisé, basse définition : ne correspond pas à l'acier LAC;acier-profiles-corniere-egale;corniere-egale-40x40x3mm-acier-lac
acier-profiles-corniere-egale/0001245_0fa741891730488eafb1f4b926c0da74.jpeg;G019;banque;;cornières d'aspect galvanisé, basse définition : ne correspond pas à l'acier LAC;acier-profiles-corniere-egale;corniere-egale-40x40x4mm-acier-lac
acier-profiles-corniere-egale/0001260_0fa741891730488eafb1f4b926c0da74.jpeg;G019;banque;;cornières d'aspect galvanisé, basse définition : ne correspond pas à l'acier LAC;acier-profiles-corniere-egale;corniere-egale-50x50x3mm-acier-lac
acier-profiles-corniere-egale/0001266_0fa741891730488eafb1f4b926c0da74.jpeg;G019;banque;;cornières d'aspect galvanisé, basse définition : ne correspond pas à l'acier LAC;acier-profiles-corniere-egale;corniere-egale-50x50x5mm-acier-lac
acier-profiles-corniere-egale/0001278_0fa741891730488eafb1f4b926c0da74.jpeg;G019;banque;;cornières d'aspect galvanisé, basse définition : ne correspond pas à l'acier LAC;acier-profiles-corniere-egale;corniere-egale-60x60x6mm-acier-lac
acier-profiles-corniere-egale/0001337_0fa741891730488eafb1f4b926c0da74.jpeg;G019;banque;;cornières d'aspect galvanisé, basse définition : ne correspond pas à l'acier LAC;acier-profiles-corniere-egale;corniere-egale-80x80x8mm-acier-lac
acier-profiles-corniere-egale/0001347_0fa741891730488eafb1f4b926c0da74.jpeg;G019;banque;;cornières d'aspect galvanisé, basse définition : ne correspond pas à l'acier LAC;acier-profiles-corniere-egale;corniere-egale-100x100x10mm-acier-lac
acier-profiles-corniere-inegale/0002043_568045700be845c698dae4d193f03345.jpeg;G020;photo;;cornières inégales : acier brut, calamine et rouille;acier-profiles-corniere-inegale;corniere-inegale-60x40x5mm-acier-lac
acier-profiles-corniere-inegale/0002051_568045700be845c698dae4d193f03345.jpeg;G020;photo;;cornières inégales : acier brut, calamine et rouille;acier-profiles-corniere-inegale;corniere-inegale-70x50x6mm-acier-lac
acier-profiles-corniere-inegale/0002073_568045700be845c698dae4d193f03345.jpeg;G020;photo;;cornières inégales : acier brut, calamine et rouille;acier-profiles-corniere-inegale;corniere-inegale-100x50x6mm-acier-lac
acier-profiles-corniere-inegale/0002103_568045700be845c698dae4d193f03345.jpeg;G020;photo;;cornières inégales : acier brut, calamine et rouille;acier-profiles-corniere-inegale;corniere-inegale-150x100x10mm-acier-lac
acier-profiles-corniere-inegale/0002111_568045700be845c698dae4d193f03345.jpeg;G020;photo;;cornières inégales : acier brut, calamine et rouille;acier-profiles-corniere-inegale;corniere-inegale-200x100x10mm-acier-lac
acier-profiles-corniere-inegale/0002044_8c63b248380742a58cb7ee70c535c6c8.jpeg;G021;schema;;cornière inégale : A, B, C;acier-profiles-corniere-inegale;corniere-inegale-60x40x5mm-acier-lac
acier-profiles-corniere-inegale/0002052_8c63b248380742a58cb7ee70c535c6c8.jpeg;G021;schema;;cornière inégale : A, B, C;acier-profiles-corniere-inegale;corniere-inegale-70x50x6mm-acier-lac
acier-profiles-corniere-inegale/0002074_8c63b248380742a58cb7ee70c535c6c8.jpeg;G021;schema;;cornière inégale : A, B, C;acier-profiles-corniere-inegale;corniere-inegale-100x50x6mm-acier-lac
acier-profiles-corniere-inegale/0002104_8c63b248380742a58cb7ee70c535c6c8.jpeg;G021;schema;;cornière inégale : A, B, C;acier-profiles-corniere-inegale;corniere-inegale-150x100x10mm-acier-lac
acier-profiles-corniere-inegale/0002112_8c63b248380742a58cb7ee70c535c6c8.jpeg;G021;schema;;cornière inégale : A, B, C;acier-profiles-corniere-inegale;corniere-inegale-200x100x10mm-acier-lac
acier-profiles-fer-t/0003203_3bd0ad7b7d244fd7867325d4b861a955.jpeg;G022;rendu;;fer T, acier gris;acier-profiles-fer-t;fer-en-t-20x3mm-en-acier-lamine-a-chaud
acier-profiles-fer-t/0003206_3bd0ad7b7d244fd7867325d4b861a955.jpeg;G022;rendu;;fer T, acier gris;acier-profiles-fer-t;fer-en-t-30x4mm-en-acier-lamine-a-chaud
acier-profiles-fer-t/0003209_3bd0ad7b7d244fd7867325d4b861a955.jpeg;G022;rendu;;fer T, acier gris;acier-profiles-fer-t;fer-en-t-40x5mm-en-acier-lamine-a-chaud
acier-profiles-fer-t/0003212_3bd0ad7b7d244fd7867325d4b861a955.jpeg;G022;rendu;;fer T, acier gris;acier-profiles-fer-t;fer-en-t-50x6mm-en-acier-lamine-a-chaud
acier-profiles-fer-t/0003215_3bd0ad7b7d244fd7867325d4b861a955.jpeg;G022;rendu;;fer T, acier gris;acier-profiles-fer-t;fer-en-t-60x7mm-en-acier-lamine-a-chaud
acier-profiles-fer-t/0003204_44f621b173e84271b36aa08dea10fa65.jpeg;G023;photo;;fers T en vrac : acier brut, marques de peinture verte;acier-profiles-fer-t;fer-en-t-20x3mm-en-acier-lamine-a-chaud
acier-profiles-fer-t/0003207_44f621b173e84271b36aa08dea10fa65.jpeg;G023;photo;;fers T en vrac : acier brut, marques de peinture verte;acier-profiles-fer-t;fer-en-t-30x4mm-en-acier-lamine-a-chaud
acier-profiles-fer-t/0003210_44f621b173e84271b36aa08dea10fa65.jpeg;G023;photo;;fers T en vrac : acier brut, marques de peinture verte;acier-profiles-fer-t;fer-en-t-40x5mm-en-acier-lamine-a-chaud
acier-profiles-fer-t/0003213_44f621b173e84271b36aa08dea10fa65.jpeg;G023;photo;;fers T en vrac : acier brut, marques de peinture verte;acier-profiles-fer-t;fer-en-t-50x6mm-en-acier-lamine-a-chaud
acier-profiles-fer-t/0003216_44f621b173e84271b36aa08dea10fa65.jpeg;G023;photo;;fers T en vrac : acier brut, marques de peinture verte;acier-profiles-fer-t;fer-en-t-60x7mm-en-acier-lamine-a-chaud
acier-profiles-large-plat/0002123_large-plat-200x10mm-en-acier-lamine-a-chaud.jpeg;G024;rendu;;large plat, acier sombre;acier-profiles-large-plat;large-plat-200x10mm-en-acier-lamine-a-chaud
acier-profiles-large-plat/0002133_large-plat-180x10mm-en-acier-lamine-a-chaud.jpeg;G024;rendu;;large plat, acier sombre;acier-profiles-large-plat;large-plat-180x10mm-en-acier-lamine-a-chaud
acier-profiles-large-plat/0002141_large-plat-en-acier-lamine-a-chaud-160x10mm.jpeg;G024;rendu;;large plat, acier sombre;acier-profiles-large-plat;large-plat-en-acier-lamine-a-chaud-160x10mm
acier-profiles-large-plat/0002142_large-plat-en-acier-lamine-a-chaud-160x10mm.jpeg;G025;schema;;plat : A, B;acier-profiles-large-plat;large-plat-en-acier-lamine-a-chaud-160x10mm
acier-profiles-plat/0002436_c2140b89f6e54d0fa91f88a602c0cd00.jpeg;G025;schema;;plat : A, B;acier-profiles-plat;plat-100x10mm-en-acier-lamine-a-chaud
acier-profiles-plat/0002457_c2140b89f6e54d0fa91f88a602c0cd00.jpeg;G025;schema;;plat : A, B;acier-profiles-plat;plat-100x5mm-en-acier-lamine-a-chaud
acier-profiles-plat/0002469_c2140b89f6e54d0fa91f88a602c0cd00.jpeg;G025;schema;;plat : A, B;acier-profiles-plat;plat-100x8mm-en-acier-lamine-a-chaud
acier-profiles-plat/0002472_c2140b89f6e54d0fa91f88a602c0cd00.jpeg;G025;schema;;plat : A, B;acier-profiles-plat;plat-10x3mm-en-acier-lamine-a-chaud
acier-profiles-plat/0002508_c2140b89f6e54d0fa91f88a602c0cd00.jpeg;G025;schema;;plat : A, B;acier-profiles-plat;plat-120x10mm-en-acier-lamine-a-chaud
acier-profiles-plat/0002535_c2140b89f6e54d0fa91f88a602c0cd00.jpeg;G025;schema;;plat : A, B;acier-profiles-plat;plat-120x5mm-en-acier-lamine-a-chaud
acier-profiles-plat/0002602_c2140b89f6e54d0fa91f88a602c0cd00.jpeg;G025;schema;;plat : A, B;acier-profiles-plat;plat-140x10mm-en-acier-lamine-a-chaud
acier-profiles-plat/0002635_c2140b89f6e54d0fa91f88a602c0cd00.jpeg;G025;schema;;plat : A, B;acier-profiles-plat;plat-150x10mm-en-acier-lamine-a-chaud
acier-profiles-plat/0002659_c2140b89f6e54d0fa91f88a602c0cd00.jpeg;G025;schema;;plat : A, B;acier-profiles-plat;plat-150x5mm-en-acier-lamine-a-chaud
acier-profiles-plat/0002710_c2140b89f6e54d0fa91f88a602c0cd00.jpeg;G025;schema;;plat : A, B;acier-profiles-plat;plat-20x10mm-en-acier-lamine-a-chaud
acier-profiles-plat/0002719_c2140b89f6e54d0fa91f88a602c0cd00.jpeg;G025;schema;;plat : A, B;acier-profiles-plat;plat-20x3mm-en-acier-lamine-a-chaud
acier-profiles-plat/0002725_c2140b89f6e54d0fa91f88a602c0cd00.jpeg;G025;schema;;plat : A, B;acier-profiles-plat;plat-20x5mm-en-acier-lamine-a-chaud
acier-profiles-plat/0002734_c2140b89f6e54d0fa91f88a602c0cd00.jpeg;G025;schema;;plat : A, B;acier-profiles-plat;plat-25x10mm-en-acier-lamine-a-chaud
acier-profiles-plat/0002743_c2140b89f6e54d0fa91f88a602c0cd00.jpeg;G025;schema;;plat : A, B;acier-profiles-plat;plat-25x3mm-en-acier-lamine-a-chaud
acier-profiles-plat/0002746_c2140b89f6e54d0fa91f88a602c0cd00.jpeg;G025;schema;;plat : A, B;acier-profiles-plat;plat-25x4mm-en-acier-lamine-a-chaud
acier-profiles-plat/0002749_c2140b89f6e54d0fa91f88a602c0cd00.jpeg;G025;schema;;plat : A, B;acier-profiles-plat;plat-25x5mm-en-acier-lamine-a-chaud
acier-profiles-plat/0002758_c2140b89f6e54d0fa91f88a602c0cd00.jpeg;G025;schema;;plat : A, B;acier-profiles-plat;plat-30x10mm-en-acier-lamine-a-chaud
acier-profiles-plat/0002767_c2140b89f6e54d0fa91f88a602c0cd00.jpeg;G025;schema;;plat : A, B;acier-profiles-plat;plat-30x20mm-en-acier-lamine-a-chaud
acier-profiles-plat/0002770_c2140b89f6e54d0fa91f88a602c0cd00.jpeg;G025;schema;;plat : A, B;acier-profiles-plat;plat-30x3mm-en-acier-lamine-a-chaud
acier-profiles-plat/0002776_c2140b89f6e54d0fa91f88a602c0cd00.jpeg;G025;schema;;plat : A, B;acier-profiles-plat;plat-30x5mm-en-acier-lamine-a-chaud
acier-profiles-plat/0002779_c2140b89f6e54d0fa91f88a602c0cd00.jpeg;G025;schema;;plat : A, B;acier-profiles-plat;plat-30x6mm-en-acier-lamine-a-chaud
acier-profiles-plat/0002782_c2140b89f6e54d0fa91f88a602c0cd00.jpeg;G025;schema;;plat : A, B;acier-profiles-plat;plat-30x8mm-en-acier-lamine-a-chaud
acier-profiles-plat/0002820_c2140b89f6e54d0fa91f88a602c0cd00.jpeg;G025;schema;;plat : A, B;acier-profiles-plat;plat-40x10mm-en-acier-lamine-a-chaud
acier-profiles-plat/0002836_c2140b89f6e54d0fa91f88a602c0cd00.jpeg;G025;schema;;plat : A, B;acier-profiles-plat;plat-40x3mm-en-acier-lamine-a-chaud
acier-profiles-plat/0002842_c2140b89f6e54d0fa91f88a602c0cd00.jpeg;G025;schema;;plat : A, B;acier-profiles-plat;plat-40x4mm-en-acier-lamine-a-chaud
acier-profiles-plat/0002845_c2140b89f6e54d0fa91f88a602c0cd00.jpeg;G025;schema;;plat : A, B;acier-profiles-plat;plat-40x5mm-en-acier-lamine-a-chaud
acier-profiles-plat/0002851_c2140b89f6e54d0fa91f88a602c0cd00.jpeg;G025;schema;;plat : A, B;acier-profiles-plat;plat-40x8mm-en-acier-lamine-a-chaud
acier-profiles-plat/0002884_c2140b89f6e54d0fa91f88a602c0cd00.jpeg;G025;schema;;plat : A, B;acier-profiles-plat;plat-50x10mm-en-acier-lamine-a-chaud
acier-profiles-plat/0002923_c2140b89f6e54d0fa91f88a602c0cd00.jpeg;G025;schema;;plat : A, B;acier-profiles-plat;plat-50x3mm-en-acier-lamine-a-chaud
acier-profiles-plat/0002935_c2140b89f6e54d0fa91f88a602c0cd00.jpeg;G025;schema;;plat : A, B;acier-profiles-plat;plat-50x5mm-en-acier-lamine-a-chaud
acier-profiles-plat/0002941_c2140b89f6e54d0fa91f88a602c0cd00.jpeg;G025;schema;;plat : A, B;acier-profiles-plat;plat-50x8mm-en-acier-lamine-a-chaud
acier-profiles-plat/0002944_c2140b89f6e54d0fa91f88a602c0cd00.jpeg;G025;schema;;plat : A, B;acier-profiles-plat;plat-60x10mm-en-acier-lamine-a-chaud
acier-profiles-plat/0002971_c2140b89f6e54d0fa91f88a602c0cd00.jpeg;G025;schema;;plat : A, B;acier-profiles-plat;plat-60x5mm-en-acier-lamine-a-chaud
acier-profiles-plat/0002977_c2140b89f6e54d0fa91f88a602c0cd00.jpeg;G025;schema;;plat : A, B;acier-profiles-plat;plat-60x8mm-en-acier-lamine-a-chaud
acier-profiles-plat/0002980_c2140b89f6e54d0fa91f88a602c0cd00.jpeg;G025;schema;;plat : A, B;acier-profiles-plat;plat-70x10mm-en-acier-lamine-a-chaud
acier-profiles-plat/0003041_c2140b89f6e54d0fa91f88a602c0cd00.jpeg;G025;schema;;plat : A, B;acier-profiles-plat;plat-80x10mm-en-acier-lamine-a-chaud
acier-profiles-plat/0003077_c2140b89f6e54d0fa91f88a602c0cd00.jpeg;G025;schema;;plat : A, B;acier-profiles-plat;plat-80x8mm-en-acier-lamine-a-chaud
aluminium-profiles-plat/0004531_c2140b89f6e54d0fa91f88a602c0cd00.jpeg;G025;schema;;plat : A, B;aluminium-profiles-plat;plat-de-20x3mm-en-aluminium
aluminium-profiles-plat/0004533_c2140b89f6e54d0fa91f88a602c0cd00.jpeg;G025;schema;;plat : A, B;aluminium-profiles-plat;plat-de-25x3mm-en-aluminium
aluminium-profiles-plat/0004535_c2140b89f6e54d0fa91f88a602c0cd00.jpeg;G025;schema;;plat : A, B;aluminium-profiles-plat;plat-de-30x3mm-en-aluminium
aluminium-profiles-plat/0004537_c2140b89f6e54d0fa91f88a602c0cd00.jpeg;G025;schema;;plat : A, B;aluminium-profiles-plat;plat-de-30x5mm-en-aluminium
aluminium-profiles-plat/0004541_c2140b89f6e54d0fa91f88a602c0cd00.jpeg;G025;schema;;plat : A, B;aluminium-profiles-plat;plat-de-40x3mm-en-aluminium
aluminium-profiles-plat/0004543_c2140b89f6e54d0fa91f88a602c0cd00.jpeg;G025;schema;;plat : A, B;aluminium-profiles-plat;plat-de-40x5mm-en-aluminium
aluminium-profiles-plat/0004547_c2140b89f6e54d0fa91f88a602c0cd00.jpeg;G025;schema;;plat : A, B;aluminium-profiles-plat;plat-de-50x3mm-en-aluminium
aluminium-profiles-plat/0004549_c2140b89f6e54d0fa91f88a602c0cd00.jpeg;G025;schema;;plat : A, B;aluminium-profiles-plat;plat-de-50x5mm-en-aluminium
aluminium-profiles-plat/0004553_c2140b89f6e54d0fa91f88a602c0cd00.jpeg;G025;schema;;plat : A, B;aluminium-profiles-plat;plat-de-60x5mm-en-aluminium
aluminium-profiles-plat/0004555_c2140b89f6e54d0fa91f88a602c0cd00.jpeg;G025;schema;;plat : A, B;aluminium-profiles-plat;plat-de-80x5mm-en-aluminium
aluminium-profiles-plat/0004557_c2140b89f6e54d0fa91f88a602c0cd00.jpeg;G025;schema;;plat : A, B;aluminium-profiles-plat;plat-de-100x5mm-en-aluminium
inox-profiles-plat/0004692_c2140b89f6e54d0fa91f88a602c0cd00.jpeg;G025;schema;;plat : A, B;inox-profiles-plat;plat-20x3mm-en-inox-304
inox-profiles-plat/0004694_c2140b89f6e54d0fa91f88a602c0cd00.jpeg;G025;schema;;plat : A, B;inox-profiles-plat;plat-20x5mm-en-inox-304
inox-profiles-plat/0004696_c2140b89f6e54d0fa91f88a602c0cd00.jpeg;G025;schema;;plat : A, B;inox-profiles-plat;plat-25x3mm-en-inox-304
inox-profiles-plat/0004698_c2140b89f6e54d0fa91f88a602c0cd00.jpeg;G025;schema;;plat : A, B;inox-profiles-plat;plat-25x5mm-en-inox-304
inox-profiles-plat/0004700_c2140b89f6e54d0fa91f88a602c0cd00.jpeg;G025;schema;;plat : A, B;inox-profiles-plat;plat-30x3mm-en-inox-304
inox-profiles-plat/0004702_c2140b89f6e54d0fa91f88a602c0cd00.jpeg;G025;schema;;plat : A, B;inox-profiles-plat;plat-30x5mm-en-inox-304
inox-profiles-plat/0004710_c2140b89f6e54d0fa91f88a602c0cd00.jpeg;G025;schema;;plat : A, B;inox-profiles-plat;plat-40x3mm-en-inox-304
inox-profiles-plat/0004714_c2140b89f6e54d0fa91f88a602c0cd00.jpeg;G025;schema;;plat : A, B;inox-profiles-plat;plat-40x5mm-en-inox-304
inox-profiles-plat/0004718_c2140b89f6e54d0fa91f88a602c0cd00.jpeg;G025;schema;;plat : A, B;inox-profiles-plat;plat-50x5mm-en-inox-304
inox-profiles-plat/0004720_c2140b89f6e54d0fa91f88a602c0cd00.jpeg;G025;schema;;plat : A, B;inox-profiles-plat;plat-60x5mm-en-inox-304
acier-profiles-large-plat/0004965_large-plat-200x10mm-en-acier-lamine-a-chaud.jpeg;G025;schema;;plat : A, B;acier-profiles-large-plat;large-plat-200x10mm-en-acier-lamine-a-chaud
acier-profiles-large-plat/0004967_large-plat-180x10mm-en-acier-lamine-a-chaud.jpeg;G025;schema;;plat : A, B;acier-profiles-large-plat;large-plat-180x10mm-en-acier-lamine-a-chaud
acier-profiles-large-plat/0002143_large-plat-en-acier-lamine-a-chaud-160x10mm.jpeg;G026;photo;;large plats en pile : calamine grise;acier-profiles-large-plat;large-plat-en-acier-lamine-a-chaud-160x10mm
acier-profiles-large-plat/0004966_large-plat-200x10mm-en-acier-lamine-a-chaud.jpeg;G026;photo;;large plats en pile : calamine grise;acier-profiles-large-plat;large-plat-200x10mm-en-acier-lamine-a-chaud
acier-profiles-large-plat/0004968_large-plat-180x10mm-en-acier-lamine-a-chaud.jpeg;G026;photo;;large plats en pile : calamine grise;acier-profiles-large-plat;large-plat-180x10mm-en-acier-lamine-a-chaud
acier-profiles-plat/0002435_ce43fb87dfbe40e3ae2a3399819dca3d.jpeg;G027;rendu;;plat, acier gris;acier-profiles-plat;plat-100x10mm-en-acier-lamine-a-chaud
acier-profiles-plat/0002456_ce43fb87dfbe40e3ae2a3399819dca3d.jpeg;G027;rendu;;plat, acier gris;acier-profiles-plat;plat-100x5mm-en-acier-lamine-a-chaud
acier-profiles-plat/0002468_ce43fb87dfbe40e3ae2a3399819dca3d.jpeg;G027;rendu;;plat, acier gris;acier-profiles-plat;plat-100x8mm-en-acier-lamine-a-chaud
acier-profiles-plat/0002471_ce43fb87dfbe40e3ae2a3399819dca3d.jpeg;G027;rendu;;plat, acier gris;acier-profiles-plat;plat-10x3mm-en-acier-lamine-a-chaud
acier-profiles-plat/0002507_ce43fb87dfbe40e3ae2a3399819dca3d.jpeg;G027;rendu;;plat, acier gris;acier-profiles-plat;plat-120x10mm-en-acier-lamine-a-chaud
acier-profiles-plat/0002534_ce43fb87dfbe40e3ae2a3399819dca3d.jpeg;G027;rendu;;plat, acier gris;acier-profiles-plat;plat-120x5mm-en-acier-lamine-a-chaud
acier-profiles-plat/0002601_ce43fb87dfbe40e3ae2a3399819dca3d.jpeg;G027;rendu;;plat, acier gris;acier-profiles-plat;plat-140x10mm-en-acier-lamine-a-chaud
acier-profiles-plat/0002634_ce43fb87dfbe40e3ae2a3399819dca3d.jpeg;G027;rendu;;plat, acier gris;acier-profiles-plat;plat-150x10mm-en-acier-lamine-a-chaud
acier-profiles-plat/0002658_ce43fb87dfbe40e3ae2a3399819dca3d.jpeg;G027;rendu;;plat, acier gris;acier-profiles-plat;plat-150x5mm-en-acier-lamine-a-chaud
acier-profiles-plat/0002709_ce43fb87dfbe40e3ae2a3399819dca3d.jpeg;G027;rendu;;plat, acier gris;acier-profiles-plat;plat-20x10mm-en-acier-lamine-a-chaud
acier-profiles-plat/0002718_ce43fb87dfbe40e3ae2a3399819dca3d.jpeg;G027;rendu;;plat, acier gris;acier-profiles-plat;plat-20x3mm-en-acier-lamine-a-chaud
acier-profiles-plat/0002724_ce43fb87dfbe40e3ae2a3399819dca3d.jpeg;G027;rendu;;plat, acier gris;acier-profiles-plat;plat-20x5mm-en-acier-lamine-a-chaud
acier-profiles-plat/0002733_ce43fb87dfbe40e3ae2a3399819dca3d.jpeg;G027;rendu;;plat, acier gris;acier-profiles-plat;plat-25x10mm-en-acier-lamine-a-chaud
acier-profiles-plat/0002742_ce43fb87dfbe40e3ae2a3399819dca3d.jpeg;G027;rendu;;plat, acier gris;acier-profiles-plat;plat-25x3mm-en-acier-lamine-a-chaud
acier-profiles-plat/0002745_ce43fb87dfbe40e3ae2a3399819dca3d.jpeg;G027;rendu;;plat, acier gris;acier-profiles-plat;plat-25x4mm-en-acier-lamine-a-chaud
acier-profiles-plat/0002748_ce43fb87dfbe40e3ae2a3399819dca3d.jpeg;G027;rendu;;plat, acier gris;acier-profiles-plat;plat-25x5mm-en-acier-lamine-a-chaud
acier-profiles-plat/0002757_ce43fb87dfbe40e3ae2a3399819dca3d.jpeg;G027;rendu;;plat, acier gris;acier-profiles-plat;plat-30x10mm-en-acier-lamine-a-chaud
acier-profiles-plat/0002766_ce43fb87dfbe40e3ae2a3399819dca3d.jpeg;G027;rendu;;plat, acier gris;acier-profiles-plat;plat-30x20mm-en-acier-lamine-a-chaud
acier-profiles-plat/0002769_ce43fb87dfbe40e3ae2a3399819dca3d.jpeg;G027;rendu;;plat, acier gris;acier-profiles-plat;plat-30x3mm-en-acier-lamine-a-chaud
acier-profiles-plat/0002775_ce43fb87dfbe40e3ae2a3399819dca3d.jpeg;G027;rendu;;plat, acier gris;acier-profiles-plat;plat-30x5mm-en-acier-lamine-a-chaud
acier-profiles-plat/0002778_ce43fb87dfbe40e3ae2a3399819dca3d.jpeg;G027;rendu;;plat, acier gris;acier-profiles-plat;plat-30x6mm-en-acier-lamine-a-chaud
acier-profiles-plat/0002781_ce43fb87dfbe40e3ae2a3399819dca3d.jpeg;G027;rendu;;plat, acier gris;acier-profiles-plat;plat-30x8mm-en-acier-lamine-a-chaud
acier-profiles-plat/0002819_ce43fb87dfbe40e3ae2a3399819dca3d.jpeg;G027;rendu;;plat, acier gris;acier-profiles-plat;plat-40x10mm-en-acier-lamine-a-chaud
acier-profiles-plat/0002835_ce43fb87dfbe40e3ae2a3399819dca3d.jpeg;G027;rendu;;plat, acier gris;acier-profiles-plat;plat-40x3mm-en-acier-lamine-a-chaud
acier-profiles-plat/0002841_ce43fb87dfbe40e3ae2a3399819dca3d.jpeg;G027;rendu;;plat, acier gris;acier-profiles-plat;plat-40x4mm-en-acier-lamine-a-chaud
acier-profiles-plat/0002844_ce43fb87dfbe40e3ae2a3399819dca3d.jpeg;G027;rendu;;plat, acier gris;acier-profiles-plat;plat-40x5mm-en-acier-lamine-a-chaud
acier-profiles-plat/0002850_ce43fb87dfbe40e3ae2a3399819dca3d.jpeg;G027;rendu;;plat, acier gris;acier-profiles-plat;plat-40x8mm-en-acier-lamine-a-chaud
acier-profiles-plat/0002883_ce43fb87dfbe40e3ae2a3399819dca3d.jpeg;G027;rendu;;plat, acier gris;acier-profiles-plat;plat-50x10mm-en-acier-lamine-a-chaud
acier-profiles-plat/0002922_ce43fb87dfbe40e3ae2a3399819dca3d.jpeg;G027;rendu;;plat, acier gris;acier-profiles-plat;plat-50x3mm-en-acier-lamine-a-chaud
acier-profiles-plat/0002934_ce43fb87dfbe40e3ae2a3399819dca3d.jpeg;G027;rendu;;plat, acier gris;acier-profiles-plat;plat-50x5mm-en-acier-lamine-a-chaud
acier-profiles-plat/0002940_ce43fb87dfbe40e3ae2a3399819dca3d.jpeg;G027;rendu;;plat, acier gris;acier-profiles-plat;plat-50x8mm-en-acier-lamine-a-chaud
acier-profiles-plat/0002943_ce43fb87dfbe40e3ae2a3399819dca3d.jpeg;G027;rendu;;plat, acier gris;acier-profiles-plat;plat-60x10mm-en-acier-lamine-a-chaud
acier-profiles-plat/0002970_ce43fb87dfbe40e3ae2a3399819dca3d.jpeg;G027;rendu;;plat, acier gris;acier-profiles-plat;plat-60x5mm-en-acier-lamine-a-chaud
acier-profiles-plat/0002976_ce43fb87dfbe40e3ae2a3399819dca3d.jpeg;G027;rendu;;plat, acier gris;acier-profiles-plat;plat-60x8mm-en-acier-lamine-a-chaud
acier-profiles-plat/0002979_ce43fb87dfbe40e3ae2a3399819dca3d.jpeg;G027;rendu;;plat, acier gris;acier-profiles-plat;plat-70x10mm-en-acier-lamine-a-chaud
acier-profiles-plat/0003040_ce43fb87dfbe40e3ae2a3399819dca3d.jpeg;G027;rendu;;plat, acier gris;acier-profiles-plat;plat-80x10mm-en-acier-lamine-a-chaud
acier-profiles-plat/0003076_ce43fb87dfbe40e3ae2a3399819dca3d.jpeg;G027;rendu;;plat, acier gris;acier-profiles-plat;plat-80x8mm-en-acier-lamine-a-chaud
acier-profiles-plat/0002437_1dd4b5b814dc4613a7aefd263158b7c7.jpeg;G028;photo;;plats en pile : extrémités peintes jaune;acier-profiles-plat;plat-100x10mm-en-acier-lamine-a-chaud
acier-profiles-plat/0002458_1dd4b5b814dc4613a7aefd263158b7c7.jpeg;G028;photo;;plats en pile : extrémités peintes jaune;acier-profiles-plat;plat-100x5mm-en-acier-lamine-a-chaud
acier-profiles-plat/0002470_1dd4b5b814dc4613a7aefd263158b7c7.jpeg;G028;photo;;plats en pile : extrémités peintes jaune;acier-profiles-plat;plat-100x8mm-en-acier-lamine-a-chaud
acier-profiles-plat/0002473_1dd4b5b814dc4613a7aefd263158b7c7.jpeg;G028;photo;;plats en pile : extrémités peintes jaune;acier-profiles-plat;plat-10x3mm-en-acier-lamine-a-chaud
acier-profiles-plat/0002509_1dd4b5b814dc4613a7aefd263158b7c7.jpeg;G028;photo;;plats en pile : extrémités peintes jaune;acier-profiles-plat;plat-120x10mm-en-acier-lamine-a-chaud
acier-profiles-plat/0002536_1dd4b5b814dc4613a7aefd263158b7c7.jpeg;G028;photo;;plats en pile : extrémités peintes jaune;acier-profiles-plat;plat-120x5mm-en-acier-lamine-a-chaud
acier-profiles-plat/0002603_1dd4b5b814dc4613a7aefd263158b7c7.jpeg;G028;photo;;plats en pile : extrémités peintes jaune;acier-profiles-plat;plat-140x10mm-en-acier-lamine-a-chaud
acier-profiles-plat/0002636_1dd4b5b814dc4613a7aefd263158b7c7.jpeg;G028;photo;;plats en pile : extrémités peintes jaune;acier-profiles-plat;plat-150x10mm-en-acier-lamine-a-chaud
acier-profiles-plat/0002660_1dd4b5b814dc4613a7aefd263158b7c7.jpeg;G028;photo;;plats en pile : extrémités peintes jaune;acier-profiles-plat;plat-150x5mm-en-acier-lamine-a-chaud
acier-profiles-plat/0002711_1dd4b5b814dc4613a7aefd263158b7c7.jpeg;G028;photo;;plats en pile : extrémités peintes jaune;acier-profiles-plat;plat-20x10mm-en-acier-lamine-a-chaud
acier-profiles-plat/0002720_1dd4b5b814dc4613a7aefd263158b7c7.jpeg;G028;photo;;plats en pile : extrémités peintes jaune;acier-profiles-plat;plat-20x3mm-en-acier-lamine-a-chaud
acier-profiles-plat/0002726_1dd4b5b814dc4613a7aefd263158b7c7.jpeg;G028;photo;;plats en pile : extrémités peintes jaune;acier-profiles-plat;plat-20x5mm-en-acier-lamine-a-chaud
acier-profiles-plat/0002735_1dd4b5b814dc4613a7aefd263158b7c7.jpeg;G028;photo;;plats en pile : extrémités peintes jaune;acier-profiles-plat;plat-25x10mm-en-acier-lamine-a-chaud
acier-profiles-plat/0002744_1dd4b5b814dc4613a7aefd263158b7c7.jpeg;G028;photo;;plats en pile : extrémités peintes jaune;acier-profiles-plat;plat-25x3mm-en-acier-lamine-a-chaud
acier-profiles-plat/0002747_1dd4b5b814dc4613a7aefd263158b7c7.jpeg;G028;photo;;plats en pile : extrémités peintes jaune;acier-profiles-plat;plat-25x4mm-en-acier-lamine-a-chaud
acier-profiles-plat/0002750_1dd4b5b814dc4613a7aefd263158b7c7.jpeg;G028;photo;;plats en pile : extrémités peintes jaune;acier-profiles-plat;plat-25x5mm-en-acier-lamine-a-chaud
acier-profiles-plat/0002759_1dd4b5b814dc4613a7aefd263158b7c7.jpeg;G028;photo;;plats en pile : extrémités peintes jaune;acier-profiles-plat;plat-30x10mm-en-acier-lamine-a-chaud
acier-profiles-plat/0002768_1dd4b5b814dc4613a7aefd263158b7c7.jpeg;G028;photo;;plats en pile : extrémités peintes jaune;acier-profiles-plat;plat-30x20mm-en-acier-lamine-a-chaud
acier-profiles-plat/0002771_1dd4b5b814dc4613a7aefd263158b7c7.jpeg;G028;photo;;plats en pile : extrémités peintes jaune;acier-profiles-plat;plat-30x3mm-en-acier-lamine-a-chaud
acier-profiles-plat/0002777_1dd4b5b814dc4613a7aefd263158b7c7.jpeg;G028;photo;;plats en pile : extrémités peintes jaune;acier-profiles-plat;plat-30x5mm-en-acier-lamine-a-chaud
acier-profiles-plat/0002780_1dd4b5b814dc4613a7aefd263158b7c7.jpeg;G028;photo;;plats en pile : extrémités peintes jaune;acier-profiles-plat;plat-30x6mm-en-acier-lamine-a-chaud
acier-profiles-plat/0002783_1dd4b5b814dc4613a7aefd263158b7c7.jpeg;G028;photo;;plats en pile : extrémités peintes jaune;acier-profiles-plat;plat-30x8mm-en-acier-lamine-a-chaud
acier-profiles-plat/0002821_1dd4b5b814dc4613a7aefd263158b7c7.jpeg;G028;photo;;plats en pile : extrémités peintes jaune;acier-profiles-plat;plat-40x10mm-en-acier-lamine-a-chaud
acier-profiles-plat/0002837_1dd4b5b814dc4613a7aefd263158b7c7.jpeg;G028;photo;;plats en pile : extrémités peintes jaune;acier-profiles-plat;plat-40x3mm-en-acier-lamine-a-chaud
acier-profiles-plat/0002843_1dd4b5b814dc4613a7aefd263158b7c7.jpeg;G028;photo;;plats en pile : extrémités peintes jaune;acier-profiles-plat;plat-40x4mm-en-acier-lamine-a-chaud
acier-profiles-plat/0002846_1dd4b5b814dc4613a7aefd263158b7c7.jpeg;G028;photo;;plats en pile : extrémités peintes jaune;acier-profiles-plat;plat-40x5mm-en-acier-lamine-a-chaud
acier-profiles-plat/0002852_1dd4b5b814dc4613a7aefd263158b7c7.jpeg;G028;photo;;plats en pile : extrémités peintes jaune;acier-profiles-plat;plat-40x8mm-en-acier-lamine-a-chaud
acier-profiles-plat/0002885_1dd4b5b814dc4613a7aefd263158b7c7.jpeg;G028;photo;;plats en pile : extrémités peintes jaune;acier-profiles-plat;plat-50x10mm-en-acier-lamine-a-chaud
acier-profiles-plat/0002924_1dd4b5b814dc4613a7aefd263158b7c7.jpeg;G028;photo;;plats en pile : extrémités peintes jaune;acier-profiles-plat;plat-50x3mm-en-acier-lamine-a-chaud
acier-profiles-plat/0002936_1dd4b5b814dc4613a7aefd263158b7c7.jpeg;G028;photo;;plats en pile : extrémités peintes jaune;acier-profiles-plat;plat-50x5mm-en-acier-lamine-a-chaud
acier-profiles-plat/0002942_1dd4b5b814dc4613a7aefd263158b7c7.jpeg;G028;photo;;plats en pile : extrémités peintes jaune;acier-profiles-plat;plat-50x8mm-en-acier-lamine-a-chaud
acier-profiles-plat/0002945_1dd4b5b814dc4613a7aefd263158b7c7.jpeg;G028;photo;;plats en pile : extrémités peintes jaune;acier-profiles-plat;plat-60x10mm-en-acier-lamine-a-chaud
acier-profiles-plat/0002972_1dd4b5b814dc4613a7aefd263158b7c7.jpeg;G028;photo;;plats en pile : extrémités peintes jaune;acier-profiles-plat;plat-60x5mm-en-acier-lamine-a-chaud
acier-profiles-plat/0002978_1dd4b5b814dc4613a7aefd263158b7c7.jpeg;G028;photo;;plats en pile : extrémités peintes jaune;acier-profiles-plat;plat-60x8mm-en-acier-lamine-a-chaud
acier-profiles-plat/0002981_1dd4b5b814dc4613a7aefd263158b7c7.jpeg;G028;photo;;plats en pile : extrémités peintes jaune;acier-profiles-plat;plat-70x10mm-en-acier-lamine-a-chaud
acier-profiles-plat/0003042_1dd4b5b814dc4613a7aefd263158b7c7.jpeg;G028;photo;;plats en pile : extrémités peintes jaune;acier-profiles-plat;plat-80x10mm-en-acier-lamine-a-chaud
acier-profiles-plat/0003078_1dd4b5b814dc4613a7aefd263158b7c7.jpeg;G028;photo;;plats en pile : extrémités peintes jaune;acier-profiles-plat;plat-80x8mm-en-acier-lamine-a-chaud
acier-profiles-rond-plein/0003112_0e6b9c1def5f449f8bd7c62e33796d1a.jpeg;G029;rendu;;rond plein, acier gris;acier-profiles-rond-plein;rond-lisse-10mm-en-acier-laminee-a-chaud
acier-profiles-rond-plein/0003134_0e6b9c1def5f449f8bd7c62e33796d1a.jpeg;G029;rendu;;rond plein, acier gris;acier-profiles-rond-plein;rond-lisse-12mm-en-acier-laminee-a-chaud
acier-profiles-rond-plein/0003138_0e6b9c1def5f449f8bd7c62e33796d1a.jpeg;G029;rendu;;rond plein, acier gris;acier-profiles-rond-plein;rond-lisse-14mm-en-acier-laminee-a-chaud
acier-profiles-rond-plein/0003142_0e6b9c1def5f449f8bd7c62e33796d1a.jpeg;G029;rendu;;rond plein, acier gris;acier-profiles-rond-plein;rond-lisse-16mm-en-acier-laminee-a-chaud
acier-profiles-rond-plein/0003144_0e6b9c1def5f449f8bd7c62e33796d1a.jpeg;G029;rendu;;rond plein, acier gris;acier-profiles-rond-plein;rond-lisse-18mm-en-acier-laminee-a-chaud
acier-profiles-rond-plein/0003146_0e6b9c1def5f449f8bd7c62e33796d1a.jpeg;G029;rendu;;rond plein, acier gris;acier-profiles-rond-plein;rond-lisse-20mm-en-acier-laminee-a-chaud
acier-profiles-rond-plein/0003148_0e6b9c1def5f449f8bd7c62e33796d1a.jpeg;G029;rendu;;rond plein, acier gris;acier-profiles-rond-plein;rond-lisse-22mm-en-acier-laminee-a-chaud
acier-profiles-rond-plein/0003178_0e6b9c1def5f449f8bd7c62e33796d1a.jpeg;G029;rendu;;rond plein, acier gris;acier-profiles-rond-plein;rond-lisse-6mm-en-acier-laminee-a-chaud
acier-profiles-rond-plein/0003188_0e6b9c1def5f449f8bd7c62e33796d1a.jpeg;G029;rendu;;rond plein, acier gris;acier-profiles-rond-plein;rond-lisse-8mm-en-acier-laminee-a-chaud
acier-profiles-rond-plein/0003113_20b3d8c37642497f865a3609338212e0.jpeg;G030;schema;;rond : A;acier-profiles-rond-plein;rond-lisse-10mm-en-acier-laminee-a-chaud
acier-profiles-rond-plein/0003135_20b3d8c37642497f865a3609338212e0.jpeg;G030;schema;;rond : A;acier-profiles-rond-plein;rond-lisse-12mm-en-acier-laminee-a-chaud
acier-profiles-rond-plein/0003139_20b3d8c37642497f865a3609338212e0.jpeg;G030;schema;;rond : A;acier-profiles-rond-plein;rond-lisse-14mm-en-acier-laminee-a-chaud
acier-profiles-rond-plein/0003143_20b3d8c37642497f865a3609338212e0.jpeg;G030;schema;;rond : A;acier-profiles-rond-plein;rond-lisse-16mm-en-acier-laminee-a-chaud
acier-profiles-rond-plein/0003145_20b3d8c37642497f865a3609338212e0.jpeg;G030;schema;;rond : A;acier-profiles-rond-plein;rond-lisse-18mm-en-acier-laminee-a-chaud
acier-profiles-rond-plein/0003147_20b3d8c37642497f865a3609338212e0.jpeg;G030;schema;;rond : A;acier-profiles-rond-plein;rond-lisse-20mm-en-acier-laminee-a-chaud
acier-profiles-rond-plein/0003149_20b3d8c37642497f865a3609338212e0.jpeg;G030;schema;;rond : A;acier-profiles-rond-plein;rond-lisse-22mm-en-acier-laminee-a-chaud
acier-profiles-rond-plein/0003179_20b3d8c37642497f865a3609338212e0.jpeg;G030;schema;;rond : A;acier-profiles-rond-plein;rond-lisse-6mm-en-acier-laminee-a-chaud
acier-profiles-rond-plein/0003189_20b3d8c37642497f865a3609338212e0.jpeg;G030;schema;;rond : A;acier-profiles-rond-plein;rond-lisse-8mm-en-acier-laminee-a-chaud
inox-profiles-rond-plein/0004672_20b3d8c37642497f865a3609338212e0.jpeg;G030;schema;;rond : A;inox-profiles-rond-plein;rond-plein-lisse-diametre-8mm-en-inox
inox-profiles-rond-plein/0004674_20b3d8c37642497f865a3609338212e0.jpeg;G030;schema;;rond : A;inox-profiles-rond-plein;rond-plein-lisse-diametre-10mm-en-inox
inox-profiles-rond-plein/0004676_20b3d8c37642497f865a3609338212e0.jpeg;G030;schema;;rond : A;inox-profiles-rond-plein;rond-plein-lisse-diametre-12mm-en-inox
acier-toles-tole-corten/0001732_c9466469d8bc4d9a8154d4f6bf2efa96.jpeg;G031;schema;;tôle : A, B, C;acier-toles-tole-corten;tole-de-2500x1250x2mm-plane-en-acier-corten
acier-toles-tole-corten/0001735_c9466469d8bc4d9a8154d4f6bf2efa96.jpeg;G031;schema;;tôle : A, B, C;acier-toles-tole-corten;tole-de-2500x1250x3mm-plane-en-acier-corten
acier-toles-tole-corten/0001738_c9466469d8bc4d9a8154d4f6bf2efa96.jpeg;G031;schema;;tôle : A, B, C;acier-toles-tole-corten;tole-de-3000x1500x2mm-plane-en-acier-corten
acier-toles-tole-corten/0001741_c9466469d8bc4d9a8154d4f6bf2efa96.jpeg;G031;schema;;tôle : A, B, C;acier-toles-tole-corten;tole-de-3000x1500x3mm-plane-en-acier-corten
acier-toles-tole-corten/0001745_c9466469d8bc4d9a8154d4f6bf2efa96.jpeg;G031;schema;;tôle : A, B, C;acier-toles-tole-corten;tole-de-2000x1000x3mm-plane-en-acier-corten
acier-toles-tole-galvanisee/0001822_c9466469d8bc4d9a8154d4f6bf2efa96.jpeg;G031;schema;;tôle : A, B, C;acier-toles-tole-galvanisee;tole-de-2000x1000x1mm-en-acier-galvanisee
acier-toles-tole-galvanisee/0001824_c9466469d8bc4d9a8154d4f6bf2efa96.jpeg;G031;schema;;tôle : A, B, C;acier-toles-tole-galvanisee;tole-de-2000x1000x1-5mm-en-acier-galvanisee
acier-toles-tole-galvanisee/0001826_c9466469d8bc4d9a8154d4f6bf2efa96.jpeg;G031;schema;;tôle : A, B, C;acier-toles-tole-galvanisee;tole-de-2000x1000x2mm-en-acier-galvanisee
acier-toles-tole-galvanisee/0001830_c9466469d8bc4d9a8154d4f6bf2efa96.jpeg;G031;schema;;tôle : A, B, C;acier-toles-tole-galvanisee;tole-de-2000x1000x3mm-en-acier-galvanisee
acier-toles-tole-galvanisee/0001838_c9466469d8bc4d9a8154d4f6bf2efa96.jpeg;G031;schema;;tôle : A, B, C;acier-toles-tole-galvanisee;tole-de-2500x1250x1mm-en-acier-galvanisee
acier-toles-tole-galvanisee/0001840_c9466469d8bc4d9a8154d4f6bf2efa96.jpeg;G031;schema;;tôle : A, B, C;acier-toles-tole-galvanisee;tole-de-2500x1250x1-5mm-en-acier-galvanisee
acier-toles-tole-galvanisee/0001842_c9466469d8bc4d9a8154d4f6bf2efa96.jpeg;G031;schema;;tôle : A, B, C;acier-toles-tole-galvanisee;tole-de-2500x1250x2mm-en-acier-galvanisee
acier-toles-tole-galvanisee/0001846_c9466469d8bc4d9a8154d4f6bf2efa96.jpeg;G031;schema;;tôle : A, B, C;acier-toles-tole-galvanisee;tole-de-2500x1250x3mm-en-acier-galvanisee
acier-toles-tole-galvanisee/0001857_c9466469d8bc4d9a8154d4f6bf2efa96.jpeg;G031;schema;;tôle : A, B, C;acier-toles-tole-galvanisee;tole-de-3000x1500x1-5mm-en-acier-galvanisee
acier-toles-tole-galvanisee/0001859_c9466469d8bc4d9a8154d4f6bf2efa96.jpeg;G031;schema;;tôle : A, B, C;acier-toles-tole-galvanisee;tole-de-3000x1500x2mm-en-acier-galvanisee
acier-toles-tole-galvanisee/0001863_c9466469d8bc4d9a8154d4f6bf2efa96.jpeg;G031;schema;;tôle : A, B, C;acier-toles-tole-galvanisee;tole-de-3000x1500x3mm-en-acier-galvanisee
acier-toles-tole-quarto/0002174_c9466469d8bc4d9a8154d4f6bf2efa96.jpeg;G031;schema;;tôle : A, B, C;acier-toles-tole-quarto;tole-de-2000x1000x20mm-en-acier-quarto
acier-toles-tole-laminee-a-chaud/0003872_c9466469d8bc4d9a8154d4f6bf2efa96.jpeg;G031;schema;;tôle : A, B, C;acier-toles-tole-laminee-a-chaud;tole-de-2000x1000x2mm-en-acier-laminee-a-chaud
acier-toles-tole-laminee-a-chaud/0003874_c9466469d8bc4d9a8154d4f6bf2efa96.jpeg;G031;schema;;tôle : A, B, C;acier-toles-tole-laminee-a-chaud;tole-de-2500x1250x2mm-en-acier-laminee-a-chaud
acier-toles-tole-laminee-a-chaud/0003878_c9466469d8bc4d9a8154d4f6bf2efa96.jpeg;G031;schema;;tôle : A, B, C;acier-toles-tole-laminee-a-chaud;tole-de-2000x1000x3mm-en-acier-laminee-a-chaud
acier-toles-tole-laminee-a-chaud/0003880_c9466469d8bc4d9a8154d4f6bf2efa96.jpeg;G031;schema;;tôle : A, B, C;acier-toles-tole-laminee-a-chaud;tole-de-2500x1250x3mm-en-acier-laminee-a-chaud
acier-toles-tole-laminee-a-chaud/0003882_c9466469d8bc4d9a8154d4f6bf2efa96.jpeg;G031;schema;;tôle : A, B, C;acier-toles-tole-laminee-a-chaud;tole-de-3000x1500x3mm-en-acier-laminee-a-chaud
acier-toles-tole-laminee-a-chaud/0003890_c9466469d8bc4d9a8154d4f6bf2efa96.jpeg;G031;schema;;tôle : A, B, C;acier-toles-tole-laminee-a-chaud;tole-de-2000x1000x5mm-en-acier-laminee-a-chaud
acier-toles-tole-laminee-a-chaud/0003906_c9466469d8bc4d9a8154d4f6bf2efa96.jpeg;G031;schema;;tôle : A, B, C;acier-toles-tole-laminee-a-chaud;tole-de-3000x1500x8mm-en-acier-laminee-a-chaud
acier-toles-tole-laminee-a-chaud/0003908_c9466469d8bc4d9a8154d4f6bf2efa96.jpeg;G031;schema;;tôle : A, B, C;acier-toles-tole-laminee-a-chaud;tole-de-2000x1000x10mm-en-acier-laminee-a-chaud
acier-toles-tole-laminee-a-chaud/0003910_c9466469d8bc4d9a8154d4f6bf2efa96.jpeg;G031;schema;;tôle : A, B, C;acier-toles-tole-laminee-a-chaud;tole-de-2500x1250x10mm-en-acier-laminee-a-chaud
acier-toles-tole-laminee-a-chaud/0003912_c9466469d8bc4d9a8154d4f6bf2efa96.jpeg;G031;schema;;tôle : A, B, C;acier-toles-tole-laminee-a-chaud;tole-de-3000x1500x10mm-en-acier-laminee-a-chaud
acier-toles-tole-laminee-a-chaud/0003914_c9466469d8bc4d9a8154d4f6bf2efa96.jpeg;G031;schema;;tôle : A, B, C;acier-toles-tole-laminee-a-chaud;tole-de-2000x1000x12mm-en-acier-laminee-a-chaud
acier-toles-tole-laminee-a-chaud/0003920_c9466469d8bc4d9a8154d4f6bf2efa96.jpeg;G031;schema;;tôle : A, B, C;acier-toles-tole-laminee-a-chaud;tole-de-2500x1250x5mm-en-acier-laminee-a-chaud
acier-toles-tole-laminee-a-chaud/0003922_c9466469d8bc4d9a8154d4f6bf2efa96.jpeg;G031;schema;;tôle : A, B, C;acier-toles-tole-laminee-a-chaud;tole-plane-de-2000x1000x2mm-laserpressplus
acier-toles-tole-laminee-a-chaud/0003924_c9466469d8bc4d9a8154d4f6bf2efa96.jpeg;G031;schema;;tôle : A, B, C;acier-toles-tole-laminee-a-chaud;tole-plane-de-2500x1250x2mm-laserpressplus
acier-toles-tole-laminee-a-chaud/0003926_c9466469d8bc4d9a8154d4f6bf2efa96.jpeg;G031;schema;;tôle : A, B, C;acier-toles-tole-laminee-a-chaud;tole-plane-de-3000x1500x2mm-laserpressplus
acier-toles-tole-laminee-a-chaud/0003928_c9466469d8bc4d9a8154d4f6bf2efa96.jpeg;G031;schema;;tôle : A, B, C;acier-toles-tole-laminee-a-chaud;tole-plane-de-2000x1000x3mm-laserpressplus
acier-toles-tole-laminee-a-chaud/0003930_c9466469d8bc4d9a8154d4f6bf2efa96.jpeg;G031;schema;;tôle : A, B, C;acier-toles-tole-laminee-a-chaud;tole-plane-de-2500x1250x3mm-laserpressplus
acier-toles-tole-laminee-a-chaud/0003932_c9466469d8bc4d9a8154d4f6bf2efa96.jpeg;G031;schema;;tôle : A, B, C;acier-toles-tole-laminee-a-chaud;tole-plane-de-3000x1500x3mm-laserpressplus
acier-toles-tole-laminee-a-chaud/0003934_c9466469d8bc4d9a8154d4f6bf2efa96.jpeg;G031;schema;;tôle : A, B, C;acier-toles-tole-laminee-a-chaud;tole-plane-de-2000x1000x4mm-laserpressplus
acier-toles-tole-laminee-a-chaud/0003936_c9466469d8bc4d9a8154d4f6bf2efa96.jpeg;G031;schema;;tôle : A, B, C;acier-toles-tole-laminee-a-chaud;tole-plane-de-2500x1250x4mm-laserpressplus
acier-toles-tole-laminee-a-chaud/0003938_c9466469d8bc4d9a8154d4f6bf2efa96.jpeg;G031;schema;;tôle : A, B, C;acier-toles-tole-laminee-a-chaud;tole-plane-de-3000x1500x4mm-laserpressplus
acier-toles-tole-laminee-a-chaud/0003940_c9466469d8bc4d9a8154d4f6bf2efa96.jpeg;G031;schema;;tôle : A, B, C;acier-toles-tole-laminee-a-chaud;tole-plane-de-2000x1000x5mm-laserpressplus
acier-toles-tole-laminee-a-chaud/0003942_c9466469d8bc4d9a8154d4f6bf2efa96.jpeg;G031;schema;;tôle : A, B, C;acier-toles-tole-laminee-a-chaud;tole-plane-de-2500x1250x5mm-laserpressplus
acier-toles-tole-laminee-a-chaud/0003944_c9466469d8bc4d9a8154d4f6bf2efa96.jpeg;G031;schema;;tôle : A, B, C;acier-toles-tole-laminee-a-chaud;tole-plane-laserpressplus-240-skinpass-de-3000x1500x5mm
acier-toles-tole-laminee-a-chaud/0003946_c9466469d8bc4d9a8154d4f6bf2efa96.jpeg;G031;schema;;tôle : A, B, C;acier-toles-tole-laminee-a-chaud;tole-plane-de-2000x1000x6mm-laserpressplus
acier-toles-tole-laminee-a-chaud/0003948_c9466469d8bc4d9a8154d4f6bf2efa96.jpeg;G031;schema;;tôle : A, B, C;acier-toles-tole-laminee-a-chaud;tole-plane-de-2500x1250x6mm-laserpressplus
acier-toles-tole-laminee-a-chaud/0003950_c9466469d8bc4d9a8154d4f6bf2efa96.jpeg;G031;schema;;tôle : A, B, C;acier-toles-tole-laminee-a-chaud;tole-plane-de-3000x1500x6mm-laserpressplus
acier-toles-tole-laminee-a-chaud/0003952_c9466469d8bc4d9a8154d4f6bf2efa96.jpeg;G031;schema;;tôle : A, B, C;acier-toles-tole-laminee-a-chaud;tole-plane-de-2000x1000x8mm-laserpressplus
acier-toles-tole-laminee-a-chaud/0003954_c9466469d8bc4d9a8154d4f6bf2efa96.jpeg;G031;schema;;tôle : A, B, C;acier-toles-tole-laminee-a-chaud;tole-plane-de-2500x1250x8mm-laserpressplus
acier-toles-tole-laminee-a-chaud/0003956_c9466469d8bc4d9a8154d4f6bf2efa96.jpeg;G031;schema;;tôle : A, B, C;acier-toles-tole-laminee-a-chaud;tole-plane-de-3000x1500x8mm-laserpressplus
acier-toles-tole-laminee-a-chaud/0003958_c9466469d8bc4d9a8154d4f6bf2efa96.jpeg;G031;schema;;tôle : A, B, C;acier-toles-tole-laminee-a-chaud;tole-plane-de-2000x1000x10mm-laserpressplus
acier-toles-tole-laminee-a-chaud/0003960_c9466469d8bc4d9a8154d4f6bf2efa96.jpeg;G031;schema;;tôle : A, B, C;acier-toles-tole-laminee-a-chaud;tole-plane-de-2500x1250x10mm-laserpressplus
acier-toles-tole-laminee-a-chaud/0003962_c9466469d8bc4d9a8154d4f6bf2efa96.jpeg;G031;schema;;tôle : A, B, C;acier-toles-tole-laminee-a-chaud;tole-plane-de-3000x1500x10mm-laserpressplus
acier-toles-tole-laminee-a-chaud/0003964_c9466469d8bc4d9a8154d4f6bf2efa96.jpeg;G031;schema;;tôle : A, B, C;acier-toles-tole-laminee-a-chaud;tole-plane-de-2000x1000x15mm-laserpressplus
acier-toles-tole-laminee-a-chaud/0003966_c9466469d8bc4d9a8154d4f6bf2efa96.jpeg;G031;schema;;tôle : A, B, C;acier-toles-tole-laminee-a-chaud;tole-plane-de-2500x1250x15mm-laserpressplus
acier-toles-tole-laminee-a-chaud/0003968_c9466469d8bc4d9a8154d4f6bf2efa96.jpeg;G031;schema;;tôle : A, B, C;acier-toles-tole-laminee-a-chaud;tole-plane-de-3000x1500x15mm-laserpressplus
acier-toles-tole-larmee/0003970_c9466469d8bc4d9a8154d4f6bf2efa96.jpeg;G031;schema;;tôle : A, B, C;acier-toles-tole-larmee;tole-de-2000x1000x3-5mm-en-acier-larmee
acier-toles-tole-larmee/0003972_c9466469d8bc4d9a8154d4f6bf2efa96.jpeg;G031;schema;;tôle : A, B, C;acier-toles-tole-larmee;tole-de-2500x1250x3-5mm-en-acier-larmee
acier-toles-tole-larmee/0003974_c9466469d8bc4d9a8154d4f6bf2efa96.jpeg;G031;schema;;tôle : A, B, C;acier-toles-tole-larmee;tole-de-3000x1500x3-5mm-en-acier-larmee
acier-toles-tole-larmee/0003982_c9466469d8bc4d9a8154d4f6bf2efa96.jpeg;G031;schema;;tôle : A, B, C;acier-toles-tole-larmee;tole-de-2000x1000x5-7mm-en-acier-larmee
acier-toles-tole-larmee/0003984_c9466469d8bc4d9a8154d4f6bf2efa96.jpeg;G031;schema;;tôle : A, B, C;acier-toles-tole-larmee;tole-de-2500x1250x5-7mm-en-acier-larmee
acier-toles-tole-larmee/0003985_c9466469d8bc4d9a8154d4f6bf2efa96.jpeg;G031;schema;;tôle : A, B, C;acier-toles-tole-larmee;tole-de-3000x1500x5-7mm-en-acier-larmee
acier-toles-tole-galvanisee/0004006_c9466469d8bc4d9a8154d4f6bf2efa96.jpeg;G031;schema;;tôle : A, B, C;acier-toles-tole-galvanisee;tole-de-3000x1500x1mm-en-acier-galvanisee
acier-toles-tole-laminee-a-froid/0004026_c9466469d8bc4d9a8154d4f6bf2efa96.jpeg;G031;schema;;tôle : A, B, C;acier-toles-tole-laminee-a-froid;tole-de-2000x1000x1mm-en-acier-lamine-a-froid
acier-toles-tole-laminee-a-froid/0004028_c9466469d8bc4d9a8154d4f6bf2efa96.jpeg;G031;schema;;tôle : A, B, C;acier-toles-tole-laminee-a-froid;tole-de-2500x1250x1mm-en-acier-lamine-a-froid
acier-toles-tole-laminee-a-froid/0004030_c9466469d8bc4d9a8154d4f6bf2efa96.jpeg;G031;schema;;tôle : A, B, C;acier-toles-tole-laminee-a-froid;tole-de-3000x1500x1mm-en-acier-lamine-a-froid
acier-toles-tole-laminee-a-froid/0004032_c9466469d8bc4d9a8154d4f6bf2efa96.jpeg;G031;schema;;tôle : A, B, C;acier-toles-tole-laminee-a-froid;tole-de-2000x1000x1-5mm-en-acier-lamine-a-froid
acier-toles-tole-laminee-a-froid/0004034_c9466469d8bc4d9a8154d4f6bf2efa96.jpeg;G031;schema;;tôle : A, B, C;acier-toles-tole-laminee-a-froid;tole-de-2500x1250x1-5mm-en-acier-lamine-a-froid
acier-toles-tole-laminee-a-froid/0004036_c9466469d8bc4d9a8154d4f6bf2efa96.jpeg;G031;schema;;tôle : A, B, C;acier-toles-tole-laminee-a-froid;tole-de-3000x1500x1-5mm-en-acier-lamine-a-froid
acier-toles-tole-laminee-a-froid/0004038_c9466469d8bc4d9a8154d4f6bf2efa96.jpeg;G031;schema;;tôle : A, B, C;acier-toles-tole-laminee-a-froid;tole-de-2000x1000x2mm-en-acier-lamine-a-froid
acier-toles-tole-laminee-a-froid/0004040_c9466469d8bc4d9a8154d4f6bf2efa96.jpeg;G031;schema;;tôle : A, B, C;acier-toles-tole-laminee-a-froid;tole-de-2500x1250x2mm-en-acier-lamine-a-froid
aluminium-toles-tole-plane/0004353_c9466469d8bc4d9a8154d4f6bf2efa96.jpeg;G031;schema;;tôle : A, B, C;aluminium-toles-tole-plane;tole-de-2000x1000x1mm-en-aluminium
aluminium-toles-tole-plane/0004357_c9466469d8bc4d9a8154d4f6bf2efa96.jpeg;G031;schema;;tôle : A, B, C;aluminium-toles-tole-plane;tole-de-3000x1500x1mm-en-aluminium
aluminium-toles-tole-plane/0004359_c9466469d8bc4d9a8154d4f6bf2efa96.jpeg;G031;schema;;tôle : A, B, C;aluminium-toles-tole-plane;tole-de-2000x1000x2mm-en-aluminium
aluminium-toles-tole-plane/0004361_c9466469d8bc4d9a8154d4f6bf2efa96.jpeg;G031;schema;;tôle : A, B, C;aluminium-toles-tole-plane;tole-de-2500x1250x2mm-en-aluminium
aluminium-toles-tole-plane/0004363_c9466469d8bc4d9a8154d4f6bf2efa96.jpeg;G031;schema;;tôle : A, B, C;aluminium-toles-tole-plane;tole-de-3000x1500x2mm-en-aluminium
aluminium-toles-tole-plane/0004365_c9466469d8bc4d9a8154d4f6bf2efa96.jpeg;G031;schema;;tôle : A, B, C;aluminium-toles-tole-plane;tole-de-2500x1250x1mm-en-aluminium
aluminium-toles-tole-plane/0004367_c9466469d8bc4d9a8154d4f6bf2efa96.jpeg;G031;schema;;tôle : A, B, C;aluminium-toles-tole-plane;tole-de-2000x1000x3mm-en-aluminium
aluminium-toles-tole-plane/0004369_c9466469d8bc4d9a8154d4f6bf2efa96.jpeg;G031;schema;;tôle : A, B, C;aluminium-toles-tole-plane;tole-de-2500x1250x3mm-en-aluminium
aluminium-toles-tole-plane/0004371_c9466469d8bc4d9a8154d4f6bf2efa96.jpeg;G031;schema;;tôle : A, B, C;aluminium-toles-tole-plane;tole-de-3000x1500x3mm-en-aluminium
aluminium-toles-tole-striee/0004406_c9466469d8bc4d9a8154d4f6bf2efa96.jpeg;G031;schema;;tôle : A, B, C;aluminium-toles-tole-striee;tole-striee-de-2000x1000x2-5-4mm-en-aluminium
aluminium-toles-tole-striee/0004408_c9466469d8bc4d9a8154d4f6bf2efa96.jpeg;G031;schema;;tôle : A, B, C;aluminium-toles-tole-striee;tole-striee-de-2500x1250x2-5-4mm-en-aluminium
aluminium-toles-tole-striee/0004411_c9466469d8bc4d9a8154d4f6bf2efa96.jpeg;G031;schema;;tôle : A, B, C;aluminium-toles-tole-striee;tole-striee-de-3000x1500x2-5-4mm-en-aluminium
aluminium-toles-tole-striee/0004413_c9466469d8bc4d9a8154d4f6bf2efa96.jpeg;G031;schema;;tôle : A, B, C;aluminium-toles-tole-striee;tole-striee-de-2000x1000x3-5-5mm-en-aluminium
aluminium-toles-tole-striee/0004415_c9466469d8bc4d9a8154d4f6bf2efa96.jpeg;G031;schema;;tôle : A, B, C;aluminium-toles-tole-striee;tole-striee-de-2500x1250x3-5-5mm-en-aluminium
aluminium-toles-tole-striee/0004417_c9466469d8bc4d9a8154d4f6bf2efa96.jpeg;G031;schema;;tôle : A, B, C;aluminium-toles-tole-striee;tole-striee-de-3000x1500x3-5-5mm-en-aluminium
aluminium-toles-tole-striee/0004419_c9466469d8bc4d9a8154d4f6bf2efa96.jpeg;G031;schema;;tôle : A, B, C;aluminium-toles-tole-striee;tole-striee-de-2000x1000x5-7mm-en-aluminium
aluminium-toles-tole-striee/0004421_c9466469d8bc4d9a8154d4f6bf2efa96.jpeg;G031;schema;;tôle : A, B, C;aluminium-toles-tole-striee;tole-striee-de-2500x1250x5-7mm-en-aluminium
aluminium-toles-tole-striee/0004423_c9466469d8bc4d9a8154d4f6bf2efa96.jpeg;G031;schema;;tôle : A, B, C;aluminium-toles-tole-striee;tole-striee-de-3000x1500x5-7mm-en-aluminium
inox-toles-tole-plane-304-brossee/0004648_c9466469d8bc4d9a8154d4f6bf2efa96.jpeg;G031;schema;;tôle : A, B, C;inox-toles-tole-plane-304-brossee;tole-plane-2000x1000x0-8mm-en-inox-304-gr320
inox-toles-tole-plane-304-brossee/0004650_c9466469d8bc4d9a8154d4f6bf2efa96.jpeg;G031;schema;;tôle : A, B, C;inox-toles-tole-plane-304-brossee;tole-2000x1000x1mm-plane-en-inox-304-gr320
inox-toles-tole-plane-304-brossee/0004652_c9466469d8bc4d9a8154d4f6bf2efa96.jpeg;G031;schema;;tôle : A, B, C;inox-toles-tole-plane-304-brossee;tole-2500x1250x1mm-plane-en-inox-304-gr320
inox-toles-tole-plane-304-brossee/0004654_c9466469d8bc4d9a8154d4f6bf2efa96.jpeg;G031;schema;;tôle : A, B, C;inox-toles-tole-plane-304-brossee;tole-3000x1500x1mm-plane-en-inox-304-gr320
inox-toles-tole-plane-304-brossee/0004656_c9466469d8bc4d9a8154d4f6bf2efa96.jpeg;G031;schema;;tôle : A, B, C;inox-toles-tole-plane-304-brossee;tole-2000x1000x2mm-plane-en-inox-304-gr320
inox-toles-tole-plane-304-brossee/0004658_c9466469d8bc4d9a8154d4f6bf2efa96.jpeg;G031;schema;;tôle : A, B, C;inox-toles-tole-plane-304-brossee;tole-2500x1250x2mm-plane-en-inox-304-gr320
inox-toles-tole-plane-304-brossee/0004660_c9466469d8bc4d9a8154d4f6bf2efa96.jpeg;G031;schema;;tôle : A, B, C;inox-toles-tole-plane-304-brossee;tole-3000x1500x2mm-plane-en-inox-304-gr320
inox-toles-tole-plane-304-brossee/0004662_c9466469d8bc4d9a8154d4f6bf2efa96.jpeg;G031;schema;;tôle : A, B, C;inox-toles-tole-plane-304-brossee;tole-2000x1000x3mm-plane-en-inox-304-gr320
inox-toles-tole-plane-304-brossee/0004664_c9466469d8bc4d9a8154d4f6bf2efa96.jpeg;G031;schema;;tôle : A, B, C;inox-toles-tole-plane-304-brossee;tole-2500x1250x3mm-plane-en-inox-304-gr320
inox-toles-tole-plane-304-brossee/0004666_c9466469d8bc4d9a8154d4f6bf2efa96.jpeg;G031;schema;;tôle : A, B, C;inox-toles-tole-plane-304-brossee;tole-3000x1500x3mm-plane-en-inox-304-gr320
acier-toles-tole-corten/0001731_672e4c997303413db8716042b2d67ba9.jpeg;G032;banque;;surface corten rouillée, basse définition;acier-toles-tole-corten;tole-de-2500x1250x2mm-plane-en-acier-corten
acier-toles-tole-corten/0001734_672e4c997303413db8716042b2d67ba9.jpeg;G032;banque;;surface corten rouillée, basse définition;acier-toles-tole-corten;tole-de-2500x1250x3mm-plane-en-acier-corten
acier-toles-tole-corten/0001737_672e4c997303413db8716042b2d67ba9.jpeg;G032;banque;;surface corten rouillée, basse définition;acier-toles-tole-corten;tole-de-3000x1500x2mm-plane-en-acier-corten
acier-toles-tole-corten/0001740_672e4c997303413db8716042b2d67ba9.jpeg;G032;banque;;surface corten rouillée, basse définition;acier-toles-tole-corten;tole-de-3000x1500x3mm-plane-en-acier-corten
acier-toles-tole-corten/0001744_672e4c997303413db8716042b2d67ba9.jpeg;G032;banque;;surface corten rouillée, basse définition;acier-toles-tole-corten;tole-de-2000x1000x3mm-plane-en-acier-corten
acier-toles-tole-corten/0001733_d918159827554d8da08e908b50cda647.jpeg;G033;banque;Adobe Stock (vu à la loupe);pile de tôles, même image que G035;acier-toles-tole-corten;tole-de-2500x1250x2mm-plane-en-acier-corten
acier-toles-tole-corten/0001736_d918159827554d8da08e908b50cda647.jpeg;G033;banque;Adobe Stock (vu à la loupe);pile de tôles, même image que G035;acier-toles-tole-corten;tole-de-2500x1250x3mm-plane-en-acier-corten
acier-toles-tole-corten/0001739_d918159827554d8da08e908b50cda647.jpeg;G033;banque;Adobe Stock (vu à la loupe);pile de tôles, même image que G035;acier-toles-tole-corten;tole-de-3000x1500x2mm-plane-en-acier-corten
acier-toles-tole-corten/0001742_d918159827554d8da08e908b50cda647.jpeg;G033;banque;Adobe Stock (vu à la loupe);pile de tôles, même image que G035;acier-toles-tole-corten;tole-de-3000x1500x3mm-plane-en-acier-corten
acier-toles-tole-corten/0001746_d918159827554d8da08e908b50cda647.jpeg;G033;banque;Adobe Stock (vu à la loupe);pile de tôles, même image que G035;acier-toles-tole-corten;tole-de-2000x1000x3mm-plane-en-acier-corten
acier-toles-tole-galvanisee/0001821_06ac2cf4986043c781756ac8ca0e8fc1.jpeg;G034;banque;;tôles brillantes en usine, image lissée;acier-toles-tole-galvanisee;tole-de-2000x1000x1mm-en-acier-galvanisee
acier-toles-tole-galvanisee/0001823_06ac2cf4986043c781756ac8ca0e8fc1.jpeg;G034;banque;;tôles brillantes en usine, image lissée;acier-toles-tole-galvanisee;tole-de-2000x1000x1-5mm-en-acier-galvanisee
acier-toles-tole-galvanisee/0001825_06ac2cf4986043c781756ac8ca0e8fc1.jpeg;G034;banque;;tôles brillantes en usine, image lissée;acier-toles-tole-galvanisee;tole-de-2000x1000x2mm-en-acier-galvanisee
acier-toles-tole-galvanisee/0001829_06ac2cf4986043c781756ac8ca0e8fc1.jpeg;G034;banque;;tôles brillantes en usine, image lissée;acier-toles-tole-galvanisee;tole-de-2000x1000x3mm-en-acier-galvanisee
acier-toles-tole-galvanisee/0001837_06ac2cf4986043c781756ac8ca0e8fc1.jpeg;G034;banque;;tôles brillantes en usine, image lissée;acier-toles-tole-galvanisee;tole-de-2500x1250x1mm-en-acier-galvanisee
acier-toles-tole-galvanisee/0001839_06ac2cf4986043c781756ac8ca0e8fc1.jpeg;G034;banque;;tôles brillantes en usine, image lissée;acier-toles-tole-galvanisee;tole-de-2500x1250x1-5mm-en-acier-galvanisee
acier-toles-tole-galvanisee/0001841_06ac2cf4986043c781756ac8ca0e8fc1.jpeg;G034;banque;;tôles brillantes en usine, image lissée;acier-toles-tole-galvanisee;tole-de-2500x1250x2mm-en-acier-galvanisee
acier-toles-tole-galvanisee/0001845_06ac2cf4986043c781756ac8ca0e8fc1.jpeg;G034;banque;;tôles brillantes en usine, image lissée;acier-toles-tole-galvanisee;tole-de-2500x1250x3mm-en-acier-galvanisee
acier-toles-tole-galvanisee/0001856_06ac2cf4986043c781756ac8ca0e8fc1.jpeg;G034;banque;;tôles brillantes en usine, image lissée;acier-toles-tole-galvanisee;tole-de-3000x1500x1-5mm-en-acier-galvanisee
acier-toles-tole-galvanisee/0001858_06ac2cf4986043c781756ac8ca0e8fc1.jpeg;G034;banque;;tôles brillantes en usine, image lissée;acier-toles-tole-galvanisee;tole-de-3000x1500x2mm-en-acier-galvanisee
acier-toles-tole-galvanisee/0001862_06ac2cf4986043c781756ac8ca0e8fc1.jpeg;G034;banque;;tôles brillantes en usine, image lissée;acier-toles-tole-galvanisee;tole-de-3000x1500x3mm-en-acier-galvanisee
acier-toles-tole-galvanisee/0004005_06ac2cf4986043c781756ac8ca0e8fc1.jpeg;G034;banque;;tôles brillantes en usine, image lissée;acier-toles-tole-galvanisee;tole-de-3000x1500x1mm-en-acier-galvanisee
acier-toles-tole-laminee-a-chaud/0003871_4b0f447213104a4493f03dbf72bffe39.jpeg;G035;banque;Adobe Stock (visible);pile de tôles laminées;acier-toles-tole-laminee-a-chaud;tole-de-2000x1000x2mm-en-acier-laminee-a-chaud
acier-toles-tole-laminee-a-chaud/0003873_4b0f447213104a4493f03dbf72bffe39.jpeg;G035;banque;Adobe Stock (visible);pile de tôles laminées;acier-toles-tole-laminee-a-chaud;tole-de-2500x1250x2mm-en-acier-laminee-a-chaud
acier-toles-tole-laminee-a-chaud/0003877_4b0f447213104a4493f03dbf72bffe39.jpeg;G035;banque;Adobe Stock (visible);pile de tôles laminées;acier-toles-tole-laminee-a-chaud;tole-de-2000x1000x3mm-en-acier-laminee-a-chaud
acier-toles-tole-laminee-a-chaud/0003879_4b0f447213104a4493f03dbf72bffe39.jpeg;G035;banque;Adobe Stock (visible);pile de tôles laminées;acier-toles-tole-laminee-a-chaud;tole-de-2500x1250x3mm-en-acier-laminee-a-chaud
acier-toles-tole-laminee-a-chaud/0003881_4b0f447213104a4493f03dbf72bffe39.jpeg;G035;banque;Adobe Stock (visible);pile de tôles laminées;acier-toles-tole-laminee-a-chaud;tole-de-3000x1500x3mm-en-acier-laminee-a-chaud
acier-toles-tole-laminee-a-chaud/0003889_4b0f447213104a4493f03dbf72bffe39.jpeg;G035;banque;Adobe Stock (visible);pile de tôles laminées;acier-toles-tole-laminee-a-chaud;tole-de-2000x1000x5mm-en-acier-laminee-a-chaud
acier-toles-tole-laminee-a-chaud/0003905_4b0f447213104a4493f03dbf72bffe39.jpeg;G035;banque;Adobe Stock (visible);pile de tôles laminées;acier-toles-tole-laminee-a-chaud;tole-de-3000x1500x8mm-en-acier-laminee-a-chaud
acier-toles-tole-laminee-a-chaud/0003907_4b0f447213104a4493f03dbf72bffe39.jpeg;G035;banque;Adobe Stock (visible);pile de tôles laminées;acier-toles-tole-laminee-a-chaud;tole-de-2000x1000x10mm-en-acier-laminee-a-chaud
acier-toles-tole-laminee-a-chaud/0003909_4b0f447213104a4493f03dbf72bffe39.jpeg;G035;banque;Adobe Stock (visible);pile de tôles laminées;acier-toles-tole-laminee-a-chaud;tole-de-2500x1250x10mm-en-acier-laminee-a-chaud
acier-toles-tole-laminee-a-chaud/0003911_4b0f447213104a4493f03dbf72bffe39.jpeg;G035;banque;Adobe Stock (visible);pile de tôles laminées;acier-toles-tole-laminee-a-chaud;tole-de-3000x1500x10mm-en-acier-laminee-a-chaud
acier-toles-tole-laminee-a-chaud/0003913_4b0f447213104a4493f03dbf72bffe39.jpeg;G035;banque;Adobe Stock (visible);pile de tôles laminées;acier-toles-tole-laminee-a-chaud;tole-de-2000x1000x12mm-en-acier-laminee-a-chaud
acier-toles-tole-laminee-a-chaud/0003919_4b0f447213104a4493f03dbf72bffe39.jpeg;G035;banque;Adobe Stock (visible);pile de tôles laminées;acier-toles-tole-laminee-a-chaud;tole-de-2500x1250x5mm-en-acier-laminee-a-chaud
acier-toles-tole-laminee-a-chaud/0003921_7236111eec4f4902a8e8910e50f232d4.jpeg;G036;photo;;tôle LaserpressPlus : marquage « LASERPRESSPLUS 240 »;acier-toles-tole-laminee-a-chaud;tole-plane-de-2000x1000x2mm-laserpressplus
acier-toles-tole-laminee-a-chaud/0003923_7236111eec4f4902a8e8910e50f232d4.jpeg;G036;photo;;tôle LaserpressPlus : marquage « LASERPRESSPLUS 240 »;acier-toles-tole-laminee-a-chaud;tole-plane-de-2500x1250x2mm-laserpressplus
acier-toles-tole-laminee-a-chaud/0003925_7236111eec4f4902a8e8910e50f232d4.jpeg;G036;photo;;tôle LaserpressPlus : marquage « LASERPRESSPLUS 240 »;acier-toles-tole-laminee-a-chaud;tole-plane-de-3000x1500x2mm-laserpressplus
acier-toles-tole-laminee-a-chaud/0003927_7236111eec4f4902a8e8910e50f232d4.jpeg;G036;photo;;tôle LaserpressPlus : marquage « LASERPRESSPLUS 240 »;acier-toles-tole-laminee-a-chaud;tole-plane-de-2000x1000x3mm-laserpressplus
acier-toles-tole-laminee-a-chaud/0003929_7236111eec4f4902a8e8910e50f232d4.jpeg;G036;photo;;tôle LaserpressPlus : marquage « LASERPRESSPLUS 240 »;acier-toles-tole-laminee-a-chaud;tole-plane-de-2500x1250x3mm-laserpressplus
acier-toles-tole-laminee-a-chaud/0003931_7236111eec4f4902a8e8910e50f232d4.jpeg;G036;photo;;tôle LaserpressPlus : marquage « LASERPRESSPLUS 240 »;acier-toles-tole-laminee-a-chaud;tole-plane-de-3000x1500x3mm-laserpressplus
acier-toles-tole-laminee-a-chaud/0003933_7236111eec4f4902a8e8910e50f232d4.jpeg;G036;photo;;tôle LaserpressPlus : marquage « LASERPRESSPLUS 240 »;acier-toles-tole-laminee-a-chaud;tole-plane-de-2000x1000x4mm-laserpressplus
acier-toles-tole-laminee-a-chaud/0003935_7236111eec4f4902a8e8910e50f232d4.jpeg;G036;photo;;tôle LaserpressPlus : marquage « LASERPRESSPLUS 240 »;acier-toles-tole-laminee-a-chaud;tole-plane-de-2500x1250x4mm-laserpressplus
acier-toles-tole-laminee-a-chaud/0003937_7236111eec4f4902a8e8910e50f232d4.jpeg;G036;photo;;tôle LaserpressPlus : marquage « LASERPRESSPLUS 240 »;acier-toles-tole-laminee-a-chaud;tole-plane-de-3000x1500x4mm-laserpressplus
acier-toles-tole-laminee-a-chaud/0003939_7236111eec4f4902a8e8910e50f232d4.jpeg;G036;photo;;tôle LaserpressPlus : marquage « LASERPRESSPLUS 240 »;acier-toles-tole-laminee-a-chaud;tole-plane-de-2000x1000x5mm-laserpressplus
acier-toles-tole-laminee-a-chaud/0003941_7236111eec4f4902a8e8910e50f232d4.jpeg;G036;photo;;tôle LaserpressPlus : marquage « LASERPRESSPLUS 240 »;acier-toles-tole-laminee-a-chaud;tole-plane-de-2500x1250x5mm-laserpressplus
acier-toles-tole-laminee-a-chaud/0003943_7236111eec4f4902a8e8910e50f232d4.jpeg;G036;photo;;tôle LaserpressPlus : marquage « LASERPRESSPLUS 240 »;acier-toles-tole-laminee-a-chaud;tole-plane-laserpressplus-240-skinpass-de-3000x1500x5mm
acier-toles-tole-laminee-a-chaud/0003945_7236111eec4f4902a8e8910e50f232d4.jpeg;G036;photo;;tôle LaserpressPlus : marquage « LASERPRESSPLUS 240 »;acier-toles-tole-laminee-a-chaud;tole-plane-de-2000x1000x6mm-laserpressplus
acier-toles-tole-laminee-a-chaud/0003947_7236111eec4f4902a8e8910e50f232d4.jpeg;G036;photo;;tôle LaserpressPlus : marquage « LASERPRESSPLUS 240 »;acier-toles-tole-laminee-a-chaud;tole-plane-de-2500x1250x6mm-laserpressplus
acier-toles-tole-laminee-a-chaud/0003949_7236111eec4f4902a8e8910e50f232d4.jpeg;G036;photo;;tôle LaserpressPlus : marquage « LASERPRESSPLUS 240 »;acier-toles-tole-laminee-a-chaud;tole-plane-de-3000x1500x6mm-laserpressplus
acier-toles-tole-laminee-a-chaud/0003951_7236111eec4f4902a8e8910e50f232d4.jpeg;G036;photo;;tôle LaserpressPlus : marquage « LASERPRESSPLUS 240 »;acier-toles-tole-laminee-a-chaud;tole-plane-de-2000x1000x8mm-laserpressplus
acier-toles-tole-laminee-a-chaud/0003953_7236111eec4f4902a8e8910e50f232d4.jpeg;G036;photo;;tôle LaserpressPlus : marquage « LASERPRESSPLUS 240 »;acier-toles-tole-laminee-a-chaud;tole-plane-de-2500x1250x8mm-laserpressplus
acier-toles-tole-laminee-a-chaud/0003955_7236111eec4f4902a8e8910e50f232d4.jpeg;G036;photo;;tôle LaserpressPlus : marquage « LASERPRESSPLUS 240 »;acier-toles-tole-laminee-a-chaud;tole-plane-de-3000x1500x8mm-laserpressplus
acier-toles-tole-laminee-a-chaud/0003957_7236111eec4f4902a8e8910e50f232d4.jpeg;G036;photo;;tôle LaserpressPlus : marquage « LASERPRESSPLUS 240 »;acier-toles-tole-laminee-a-chaud;tole-plane-de-2000x1000x10mm-laserpressplus
acier-toles-tole-laminee-a-chaud/0003959_7236111eec4f4902a8e8910e50f232d4.jpeg;G036;photo;;tôle LaserpressPlus : marquage « LASERPRESSPLUS 240 »;acier-toles-tole-laminee-a-chaud;tole-plane-de-2500x1250x10mm-laserpressplus
acier-toles-tole-laminee-a-chaud/0003961_7236111eec4f4902a8e8910e50f232d4.jpeg;G036;photo;;tôle LaserpressPlus : marquage « LASERPRESSPLUS 240 »;acier-toles-tole-laminee-a-chaud;tole-plane-de-3000x1500x10mm-laserpressplus
acier-toles-tole-laminee-a-chaud/0003963_7236111eec4f4902a8e8910e50f232d4.jpeg;G036;photo;;tôle LaserpressPlus : marquage « LASERPRESSPLUS 240 »;acier-toles-tole-laminee-a-chaud;tole-plane-de-2000x1000x15mm-laserpressplus
acier-toles-tole-laminee-a-chaud/0003965_7236111eec4f4902a8e8910e50f232d4.jpeg;G036;photo;;tôle LaserpressPlus : marquage « LASERPRESSPLUS 240 »;acier-toles-tole-laminee-a-chaud;tole-plane-de-2500x1250x15mm-laserpressplus
acier-toles-tole-laminee-a-chaud/0003967_7236111eec4f4902a8e8910e50f232d4.jpeg;G036;photo;;tôle LaserpressPlus : marquage « LASERPRESSPLUS 240 »;acier-toles-tole-laminee-a-chaud;tole-plane-de-3000x1500x15mm-laserpressplus
acier-toles-tole-laminee-a-froid/0004025_ef48640afc2e40f8b8c1b0222471157a.jpeg;G037;banque;;tôles brillantes, basse définition;acier-toles-tole-laminee-a-froid;tole-de-2000x1000x1mm-en-acier-lamine-a-froid
acier-toles-tole-laminee-a-froid/0004027_ef48640afc2e40f8b8c1b0222471157a.jpeg;G037;banque;;tôles brillantes, basse définition;acier-toles-tole-laminee-a-froid;tole-de-2500x1250x1mm-en-acier-lamine-a-froid
acier-toles-tole-laminee-a-froid/0004029_ef48640afc2e40f8b8c1b0222471157a.jpeg;G037;banque;;tôles brillantes, basse définition;acier-toles-tole-laminee-a-froid;tole-de-3000x1500x1mm-en-acier-lamine-a-froid
acier-toles-tole-laminee-a-froid/0004031_ef48640afc2e40f8b8c1b0222471157a.jpeg;G037;banque;;tôles brillantes, basse définition;acier-toles-tole-laminee-a-froid;tole-de-2000x1000x1-5mm-en-acier-lamine-a-froid
acier-toles-tole-laminee-a-froid/0004033_ef48640afc2e40f8b8c1b0222471157a.jpeg;G037;banque;;tôles brillantes, basse définition;acier-toles-tole-laminee-a-froid;tole-de-2500x1250x1-5mm-en-acier-lamine-a-froid
acier-toles-tole-laminee-a-froid/0004035_ef48640afc2e40f8b8c1b0222471157a.jpeg;G037;banque;;tôles brillantes, basse définition;acier-toles-tole-laminee-a-froid;tole-de-3000x1500x1-5mm-en-acier-lamine-a-froid
acier-toles-tole-laminee-a-froid/0004037_ef48640afc2e40f8b8c1b0222471157a.jpeg;G037;banque;;tôles brillantes, basse définition;acier-toles-tole-laminee-a-froid;tole-de-2000x1000x2mm-en-acier-lamine-a-froid
acier-toles-tole-laminee-a-froid/0004039_ef48640afc2e40f8b8c1b0222471157a.jpeg;G037;banque;;tôles brillantes, basse définition;acier-toles-tole-laminee-a-froid;tole-de-2500x1250x2mm-en-acier-lamine-a-froid
acier-toles-tole-larmee/0004386_f34b175c6cfe40558cd368a2227784ec.jpeg;G038;photo;;tôle larmée : relief en grains de riz croisés, acier brut;acier-toles-tole-larmee;tole-de-2500x1250x3-5mm-en-acier-larmee
acier-toles-tole-larmee/0004387_f34b175c6cfe40558cd368a2227784ec.jpeg;G038;photo;;tôle larmée : relief en grains de riz croisés, acier brut;acier-toles-tole-larmee;tole-de-2000x1000x3-5mm-en-acier-larmee
acier-toles-tole-larmee/0004388_f34b175c6cfe40558cd368a2227784ec.jpeg;G038;photo;;tôle larmée : relief en grains de riz croisés, acier brut;acier-toles-tole-larmee;tole-de-3000x1500x3-5mm-en-acier-larmee
acier-toles-tole-larmee/0004392_f34b175c6cfe40558cd368a2227784ec.jpeg;G038;photo;;tôle larmée : relief en grains de riz croisés, acier brut;acier-toles-tole-larmee;tole-de-2000x1000x5-7mm-en-acier-larmee
acier-toles-tole-larmee/0004393_f34b175c6cfe40558cd368a2227784ec.jpeg;G038;photo;;tôle larmée : relief en grains de riz croisés, acier brut;acier-toles-tole-larmee;tole-de-2500x1250x5-7mm-en-acier-larmee
acier-toles-tole-larmee/0004394_f34b175c6cfe40558cd368a2227784ec.jpeg;G038;photo;;tôle larmée : relief en grains de riz croisés, acier brut;acier-toles-tole-larmee;tole-de-3000x1500x5-7mm-en-acier-larmee
acier-toles-tole-perforee/0005197_8d9fe7cc2c2f4effa2e5d8b4ef9430dc.jpeg;G039;photo;;tôle perforée à trous aléatoires (origine incertaine);acier-toles-tole-perforee;toles-perforees-aleatoire-2000-x-1000-x-1
acier-toles-tole-perforee/0005186_92c62f3fe8ed48f798b0db943a1d46c7.jpeg;G040;motif;;perforation carrée (C10 U15);acier-toles-tole-perforee;toles-perforees-trous-carres-2000-x-1000-x-2-0-c10-u15
acier-toles-tole-perforee/0005180_0ae017cbbdbe40f6a68a6642c37f1cab.jpeg;G041;motif;;perforation ronde, grands trous;acier-toles-tole-perforee;toles-perforees-trous-ronds-2000-x-1000-x-2-0-r10-t15
acier-toles-tole-perforee/0005182_0ae017cbbdbe40f6a68a6642c37f1cab.jpeg;G041;motif;;perforation ronde, grands trous;acier-toles-tole-perforee;toles-perforees-trous-ronds-2000-x-1000-x-3-0-r10-t15
acier-toles-tole-perforee/0005190_0ae017cbbdbe40f6a68a6642c37f1cab.jpeg;G041;motif;;perforation ronde, grands trous;acier-toles-tole-perforee;toles-perforees-galva-trous-ronds-2000-x-1000-x-2-r10-t15
acier-toles-tole-perforee/0005175_f0c57b06129046aca254cd4004821606.jpeg;G042;motif;;perforation ronde, petits trous;acier-toles-tole-perforee;toles-perforees-trous-ronds-2000-x-1000-x-3-0-r5-t8
acier-toles-tole-perforee/0005189_f0c57b06129046aca254cd4004821606.jpeg;G042;motif;;perforation ronde, petits trous;acier-toles-tole-perforee;toles-perforees-galva-trous-ronds-2000-x-1000-x-2-0-r5-t8
acier-toles-tole-perforee/0005200_f0c57b06129046aca254cd4004821606.jpeg;G042;motif;;perforation ronde, petits trous;acier-toles-tole-perforee;toles-perforees-trous-ronds-2000-x-1000-x-2-r5-t8
acier-toles-tole-quarto/0002173_ca770557973e4a2ab434a6342755a555.jpeg;G043;photo;;tôles quarto épaisses : calamine sombre;acier-toles-tole-quarto;tole-de-2000x1000x20mm-en-acier-quarto
acier-tubes-tube-carre/0003449_a96813615c2c4ada93f185f2e4a1f382.jpeg;G044;rendu;;tube carré, acier gris;acier-tubes-tube-carre;tube-carre-100x100x10mm-en-acier
acier-tubes-tube-carre/0003452_a96813615c2c4ada93f185f2e4a1f382.jpeg;G044;rendu;;tube carré, acier gris;acier-tubes-tube-carre;tube-carre-100x100x3mm-en-acier
acier-tubes-tube-carre/0003455_a96813615c2c4ada93f185f2e4a1f382.jpeg;G044;rendu;;tube carré, acier gris;acier-tubes-tube-carre;tube-carre-100x100x4mm-en-acier
acier-tubes-tube-carre/0003458_a96813615c2c4ada93f185f2e4a1f382.jpeg;G044;rendu;;tube carré, acier gris;acier-tubes-tube-carre;tube-carre-100x100x5mm-en-acier
acier-tubes-tube-carre/0003480_a96813615c2c4ada93f185f2e4a1f382.jpeg;G044;rendu;;tube carré, acier gris;acier-tubes-tube-carre;tube-carre-120x120x4mm-en-acier
acier-tubes-tube-carre/0003483_a96813615c2c4ada93f185f2e4a1f382.jpeg;G044;rendu;;tube carré, acier gris;acier-tubes-tube-carre;tube-carre-120x120x5mm-en-acier
acier-tubes-tube-carre/0003492_a96813615c2c4ada93f185f2e4a1f382.jpeg;G044;rendu;;tube carré, acier gris;acier-tubes-tube-carre;tube-carre-140x140x5mm-en-acier
acier-tubes-tube-carre/0003507_a96813615c2c4ada93f185f2e4a1f382.jpeg;G044;rendu;;tube carré, acier gris;acier-tubes-tube-carre;tube-carre-150x150x5mm-en-acier
acier-tubes-tube-carre/0003516_a96813615c2c4ada93f185f2e4a1f382.jpeg;G044;rendu;;tube carré, acier gris;acier-tubes-tube-carre;tube-carre-15x15x2mm-en-acier
acier-tubes-tube-carre/0003549_a96813615c2c4ada93f185f2e4a1f382.jpeg;G044;rendu;;tube carré, acier gris;acier-tubes-tube-carre;tube-carre-20x20x2mm-en-acier
acier-tubes-tube-carre/0003558_a96813615c2c4ada93f185f2e4a1f382.jpeg;G044;rendu;;tube carré, acier gris;acier-tubes-tube-carre;tube-carre-250x250x6mm-en-acier
acier-tubes-tube-carre/0003567_a96813615c2c4ada93f185f2e4a1f382.jpeg;G044;rendu;;tube carré, acier gris;acier-tubes-tube-carre;tube-carre-25x25x2mm-en-acier
acier-tubes-tube-carre/0003570_a96813615c2c4ada93f185f2e4a1f382.jpeg;G044;rendu;;tube carré, acier gris;acier-tubes-tube-carre;tube-carre-25x25x3mm-en-acier
acier-tubes-tube-carre/0003576_a96813615c2c4ada93f185f2e4a1f382.jpeg;G044;rendu;;tube carré, acier gris;acier-tubes-tube-carre;tube-carre-30x30x2mm-en-acier
acier-tubes-tube-carre/0003579_a96813615c2c4ada93f185f2e4a1f382.jpeg;G044;rendu;;tube carré, acier gris;acier-tubes-tube-carre;tube-carre-30x30x3mm-en-acier
acier-tubes-tube-carre/0003585_a96813615c2c4ada93f185f2e4a1f382.jpeg;G044;rendu;;tube carré, acier gris;acier-tubes-tube-carre;tube-carre-35x35x2mm-en-acier
acier-tubes-tube-carre/0003594_a96813615c2c4ada93f185f2e4a1f382.jpeg;G044;rendu;;tube carré, acier gris;acier-tubes-tube-carre;tube-carre-40x40x2mm-en-acier
acier-tubes-tube-carre/0003597_a96813615c2c4ada93f185f2e4a1f382.jpeg;G044;rendu;;tube carré, acier gris;acier-tubes-tube-carre;tube-carre-40x40x3mm-en-acier
acier-tubes-tube-carre/0003600_a96813615c2c4ada93f185f2e4a1f382.jpeg;G044;rendu;;tube carré, acier gris;acier-tubes-tube-carre;tube-carre-40x40x4mm-en-acier
acier-tubes-tube-carre/0003603_a96813615c2c4ada93f185f2e4a1f382.jpeg;G044;rendu;;tube carré, acier gris;acier-tubes-tube-carre;tube-carre-45x45x2mm-en-acier
acier-tubes-tube-carre/0003606_a96813615c2c4ada93f185f2e4a1f382.jpeg;G044;rendu;;tube carré, acier gris;acier-tubes-tube-carre;tube-carre-45x45x3mm-en-acier
acier-tubes-tube-carre/0003609_a96813615c2c4ada93f185f2e4a1f382.jpeg;G044;rendu;;tube carré, acier gris;acier-tubes-tube-carre;tube-carre-50x50x2mm-en-acier
acier-tubes-tube-carre/0003612_a96813615c2c4ada93f185f2e4a1f382.jpeg;G044;rendu;;tube carré, acier gris;acier-tubes-tube-carre;tube-carre-50x50x3mm-en-acier
acier-tubes-tube-carre/0003615_a96813615c2c4ada93f185f2e4a1f382.jpeg;G044;rendu;;tube carré, acier gris;acier-tubes-tube-carre;tube-carre-50x50x4mm-en-acier
acier-tubes-tube-carre/0003618_a96813615c2c4ada93f185f2e4a1f382.jpeg;G044;rendu;;tube carré, acier gris;acier-tubes-tube-carre;tube-carre-50x50x5mm-en-acier
acier-tubes-tube-carre/0003621_a96813615c2c4ada93f185f2e4a1f382.jpeg;G044;rendu;;tube carré, acier gris;acier-tubes-tube-carre;tube-carre-60x60x2mm-en-acier
acier-tubes-tube-carre/0003624_a96813615c2c4ada93f185f2e4a1f382.jpeg;G044;rendu;;tube carré, acier gris;acier-tubes-tube-carre;tube-carre-60x60x3mm-en-acier
acier-tubes-tube-carre/0003627_a96813615c2c4ada93f185f2e4a1f382.jpeg;G044;rendu;;tube carré, acier gris;acier-tubes-tube-carre;tube-carre-60x60x4mm-en-acier
acier-tubes-tube-carre/0003630_a96813615c2c4ada93f185f2e4a1f382.jpeg;G044;rendu;;tube carré, acier gris;acier-tubes-tube-carre;tube-carre-60x60x5mm-en-acier
acier-tubes-tube-carre/0003636_a96813615c2c4ada93f185f2e4a1f382.jpeg;G044;rendu;;tube carré, acier gris;acier-tubes-tube-carre;tube-carre-70x70x3mm-en-acier
acier-tubes-tube-carre/0003639_a96813615c2c4ada93f185f2e4a1f382.jpeg;G044;rendu;;tube carré, acier gris;acier-tubes-tube-carre;tube-carre-70x70x4mm-en-acier
acier-tubes-tube-carre/0003642_a96813615c2c4ada93f185f2e4a1f382.jpeg;G044;rendu;;tube carré, acier gris;acier-tubes-tube-carre;tube-carre-70x70x5mm-en-acier
acier-tubes-tube-carre/0003651_a96813615c2c4ada93f185f2e4a1f382.jpeg;G044;rendu;;tube carré, acier gris;acier-tubes-tube-carre;tube-carre-80x80x3mm-en-acier
acier-tubes-tube-carre/0003654_a96813615c2c4ada93f185f2e4a1f382.jpeg;G044;rendu;;tube carré, acier gris;acier-tubes-tube-carre;tube-carre-80x80x4mm-en-acier
acier-tubes-tube-carre/0003657_a96813615c2c4ada93f185f2e4a1f382.jpeg;G044;rendu;;tube carré, acier gris;acier-tubes-tube-carre;tube-carre-80x80x5mm-en-acier
acier-tubes-tube-carre/0003666_a96813615c2c4ada93f185f2e4a1f382.jpeg;G044;rendu;;tube carré, acier gris;acier-tubes-tube-carre;tube-carre-90x90x3mm-en-acier
acier-tubes-tube-carre/0003450_a7916f5e912d41b48f1845ec84aaa32d.jpeg;G045;photo;;tubes carrés en pile : acier noir brut, cordon de soudure non visible;acier-tubes-tube-carre;tube-carre-100x100x10mm-en-acier
acier-tubes-tube-carre/0003453_a7916f5e912d41b48f1845ec84aaa32d.jpeg;G045;photo;;tubes carrés en pile : acier noir brut, cordon de soudure non visible;acier-tubes-tube-carre;tube-carre-100x100x3mm-en-acier
acier-tubes-tube-carre/0003456_a7916f5e912d41b48f1845ec84aaa32d.jpeg;G045;photo;;tubes carrés en pile : acier noir brut, cordon de soudure non visible;acier-tubes-tube-carre;tube-carre-100x100x4mm-en-acier
acier-tubes-tube-carre/0003459_a7916f5e912d41b48f1845ec84aaa32d.jpeg;G045;photo;;tubes carrés en pile : acier noir brut, cordon de soudure non visible;acier-tubes-tube-carre;tube-carre-100x100x5mm-en-acier
acier-tubes-tube-carre/0003481_a7916f5e912d41b48f1845ec84aaa32d.jpeg;G045;photo;;tubes carrés en pile : acier noir brut, cordon de soudure non visible;acier-tubes-tube-carre;tube-carre-120x120x4mm-en-acier
acier-tubes-tube-carre/0003484_a7916f5e912d41b48f1845ec84aaa32d.jpeg;G045;photo;;tubes carrés en pile : acier noir brut, cordon de soudure non visible;acier-tubes-tube-carre;tube-carre-120x120x5mm-en-acier
acier-tubes-tube-carre/0003493_a7916f5e912d41b48f1845ec84aaa32d.jpeg;G045;photo;;tubes carrés en pile : acier noir brut, cordon de soudure non visible;acier-tubes-tube-carre;tube-carre-140x140x5mm-en-acier
acier-tubes-tube-carre/0003508_a7916f5e912d41b48f1845ec84aaa32d.jpeg;G045;photo;;tubes carrés en pile : acier noir brut, cordon de soudure non visible;acier-tubes-tube-carre;tube-carre-150x150x5mm-en-acier
acier-tubes-tube-carre/0003517_a7916f5e912d41b48f1845ec84aaa32d.jpeg;G045;photo;;tubes carrés en pile : acier noir brut, cordon de soudure non visible;acier-tubes-tube-carre;tube-carre-15x15x2mm-en-acier
acier-tubes-tube-carre/0003550_a7916f5e912d41b48f1845ec84aaa32d.jpeg;G045;photo;;tubes carrés en pile : acier noir brut, cordon de soudure non visible;acier-tubes-tube-carre;tube-carre-20x20x2mm-en-acier
acier-tubes-tube-carre/0003559_a7916f5e912d41b48f1845ec84aaa32d.jpeg;G045;photo;;tubes carrés en pile : acier noir brut, cordon de soudure non visible;acier-tubes-tube-carre;tube-carre-250x250x6mm-en-acier
acier-tubes-tube-carre/0003568_a7916f5e912d41b48f1845ec84aaa32d.jpeg;G045;photo;;tubes carrés en pile : acier noir brut, cordon de soudure non visible;acier-tubes-tube-carre;tube-carre-25x25x2mm-en-acier
acier-tubes-tube-carre/0003571_a7916f5e912d41b48f1845ec84aaa32d.jpeg;G045;photo;;tubes carrés en pile : acier noir brut, cordon de soudure non visible;acier-tubes-tube-carre;tube-carre-25x25x3mm-en-acier
acier-tubes-tube-carre/0003577_a7916f5e912d41b48f1845ec84aaa32d.jpeg;G045;photo;;tubes carrés en pile : acier noir brut, cordon de soudure non visible;acier-tubes-tube-carre;tube-carre-30x30x2mm-en-acier
acier-tubes-tube-carre/0003580_a7916f5e912d41b48f1845ec84aaa32d.jpeg;G045;photo;;tubes carrés en pile : acier noir brut, cordon de soudure non visible;acier-tubes-tube-carre;tube-carre-30x30x3mm-en-acier
acier-tubes-tube-carre/0003586_a7916f5e912d41b48f1845ec84aaa32d.jpeg;G045;photo;;tubes carrés en pile : acier noir brut, cordon de soudure non visible;acier-tubes-tube-carre;tube-carre-35x35x2mm-en-acier
acier-tubes-tube-carre/0003595_a7916f5e912d41b48f1845ec84aaa32d.jpeg;G045;photo;;tubes carrés en pile : acier noir brut, cordon de soudure non visible;acier-tubes-tube-carre;tube-carre-40x40x2mm-en-acier
acier-tubes-tube-carre/0003598_a7916f5e912d41b48f1845ec84aaa32d.jpeg;G045;photo;;tubes carrés en pile : acier noir brut, cordon de soudure non visible;acier-tubes-tube-carre;tube-carre-40x40x3mm-en-acier
acier-tubes-tube-carre/0003601_a7916f5e912d41b48f1845ec84aaa32d.jpeg;G045;photo;;tubes carrés en pile : acier noir brut, cordon de soudure non visible;acier-tubes-tube-carre;tube-carre-40x40x4mm-en-acier
acier-tubes-tube-carre/0003604_a7916f5e912d41b48f1845ec84aaa32d.jpeg;G045;photo;;tubes carrés en pile : acier noir brut, cordon de soudure non visible;acier-tubes-tube-carre;tube-carre-45x45x2mm-en-acier
acier-tubes-tube-carre/0003607_a7916f5e912d41b48f1845ec84aaa32d.jpeg;G045;photo;;tubes carrés en pile : acier noir brut, cordon de soudure non visible;acier-tubes-tube-carre;tube-carre-45x45x3mm-en-acier
acier-tubes-tube-carre/0003610_a7916f5e912d41b48f1845ec84aaa32d.jpeg;G045;photo;;tubes carrés en pile : acier noir brut, cordon de soudure non visible;acier-tubes-tube-carre;tube-carre-50x50x2mm-en-acier
acier-tubes-tube-carre/0003613_a7916f5e912d41b48f1845ec84aaa32d.jpeg;G045;photo;;tubes carrés en pile : acier noir brut, cordon de soudure non visible;acier-tubes-tube-carre;tube-carre-50x50x3mm-en-acier
acier-tubes-tube-carre/0003616_a7916f5e912d41b48f1845ec84aaa32d.jpeg;G045;photo;;tubes carrés en pile : acier noir brut, cordon de soudure non visible;acier-tubes-tube-carre;tube-carre-50x50x4mm-en-acier
acier-tubes-tube-carre/0003619_a7916f5e912d41b48f1845ec84aaa32d.jpeg;G045;photo;;tubes carrés en pile : acier noir brut, cordon de soudure non visible;acier-tubes-tube-carre;tube-carre-50x50x5mm-en-acier
acier-tubes-tube-carre/0003622_a7916f5e912d41b48f1845ec84aaa32d.jpeg;G045;photo;;tubes carrés en pile : acier noir brut, cordon de soudure non visible;acier-tubes-tube-carre;tube-carre-60x60x2mm-en-acier
acier-tubes-tube-carre/0003625_a7916f5e912d41b48f1845ec84aaa32d.jpeg;G045;photo;;tubes carrés en pile : acier noir brut, cordon de soudure non visible;acier-tubes-tube-carre;tube-carre-60x60x3mm-en-acier
acier-tubes-tube-carre/0003628_a7916f5e912d41b48f1845ec84aaa32d.jpeg;G045;photo;;tubes carrés en pile : acier noir brut, cordon de soudure non visible;acier-tubes-tube-carre;tube-carre-60x60x4mm-en-acier
acier-tubes-tube-carre/0003631_a7916f5e912d41b48f1845ec84aaa32d.jpeg;G045;photo;;tubes carrés en pile : acier noir brut, cordon de soudure non visible;acier-tubes-tube-carre;tube-carre-60x60x5mm-en-acier
acier-tubes-tube-carre/0003637_a7916f5e912d41b48f1845ec84aaa32d.jpeg;G045;photo;;tubes carrés en pile : acier noir brut, cordon de soudure non visible;acier-tubes-tube-carre;tube-carre-70x70x3mm-en-acier
acier-tubes-tube-carre/0003640_a7916f5e912d41b48f1845ec84aaa32d.jpeg;G045;photo;;tubes carrés en pile : acier noir brut, cordon de soudure non visible;acier-tubes-tube-carre;tube-carre-70x70x4mm-en-acier
acier-tubes-tube-carre/0003643_a7916f5e912d41b48f1845ec84aaa32d.jpeg;G045;photo;;tubes carrés en pile : acier noir brut, cordon de soudure non visible;acier-tubes-tube-carre;tube-carre-70x70x5mm-en-acier
acier-tubes-tube-carre/0003652_a7916f5e912d41b48f1845ec84aaa32d.jpeg;G045;photo;;tubes carrés en pile : acier noir brut, cordon de soudure non visible;acier-tubes-tube-carre;tube-carre-80x80x3mm-en-acier
acier-tubes-tube-carre/0003655_a7916f5e912d41b48f1845ec84aaa32d.jpeg;G045;photo;;tubes carrés en pile : acier noir brut, cordon de soudure non visible;acier-tubes-tube-carre;tube-carre-80x80x4mm-en-acier
acier-tubes-tube-carre/0003658_a7916f5e912d41b48f1845ec84aaa32d.jpeg;G045;photo;;tubes carrés en pile : acier noir brut, cordon de soudure non visible;acier-tubes-tube-carre;tube-carre-80x80x5mm-en-acier
acier-tubes-tube-carre/0003667_a7916f5e912d41b48f1845ec84aaa32d.jpeg;G045;photo;;tubes carrés en pile : acier noir brut, cordon de soudure non visible;acier-tubes-tube-carre;tube-carre-90x90x3mm-en-acier
acier-tubes-tube-carre/0003451_a7ebfed5f16b4da79eeecc756272bdc9.jpeg;G046;schema;;tube carré : A, B, C;acier-tubes-tube-carre;tube-carre-100x100x10mm-en-acier
acier-tubes-tube-carre/0003454_a7ebfed5f16b4da79eeecc756272bdc9.jpeg;G046;schema;;tube carré : A, B, C;acier-tubes-tube-carre;tube-carre-100x100x3mm-en-acier
acier-tubes-tube-carre/0003457_a7ebfed5f16b4da79eeecc756272bdc9.jpeg;G046;schema;;tube carré : A, B, C;acier-tubes-tube-carre;tube-carre-100x100x4mm-en-acier
acier-tubes-tube-carre/0003460_a7ebfed5f16b4da79eeecc756272bdc9.jpeg;G046;schema;;tube carré : A, B, C;acier-tubes-tube-carre;tube-carre-100x100x5mm-en-acier
acier-tubes-tube-carre/0003482_a7ebfed5f16b4da79eeecc756272bdc9.jpeg;G046;schema;;tube carré : A, B, C;acier-tubes-tube-carre;tube-carre-120x120x4mm-en-acier
acier-tubes-tube-carre/0003485_a7ebfed5f16b4da79eeecc756272bdc9.jpeg;G046;schema;;tube carré : A, B, C;acier-tubes-tube-carre;tube-carre-120x120x5mm-en-acier
acier-tubes-tube-carre/0003494_a7ebfed5f16b4da79eeecc756272bdc9.jpeg;G046;schema;;tube carré : A, B, C;acier-tubes-tube-carre;tube-carre-140x140x5mm-en-acier
acier-tubes-tube-carre/0003509_a7ebfed5f16b4da79eeecc756272bdc9.jpeg;G046;schema;;tube carré : A, B, C;acier-tubes-tube-carre;tube-carre-150x150x5mm-en-acier
acier-tubes-tube-carre/0003518_a7ebfed5f16b4da79eeecc756272bdc9.jpeg;G046;schema;;tube carré : A, B, C;acier-tubes-tube-carre;tube-carre-15x15x2mm-en-acier
acier-tubes-tube-carre/0003551_a7ebfed5f16b4da79eeecc756272bdc9.jpeg;G046;schema;;tube carré : A, B, C;acier-tubes-tube-carre;tube-carre-20x20x2mm-en-acier
acier-tubes-tube-carre/0003560_a7ebfed5f16b4da79eeecc756272bdc9.jpeg;G046;schema;;tube carré : A, B, C;acier-tubes-tube-carre;tube-carre-250x250x6mm-en-acier
acier-tubes-tube-carre/0003569_a7ebfed5f16b4da79eeecc756272bdc9.jpeg;G046;schema;;tube carré : A, B, C;acier-tubes-tube-carre;tube-carre-25x25x2mm-en-acier
acier-tubes-tube-carre/0003572_a7ebfed5f16b4da79eeecc756272bdc9.jpeg;G046;schema;;tube carré : A, B, C;acier-tubes-tube-carre;tube-carre-25x25x3mm-en-acier
acier-tubes-tube-carre/0003578_a7ebfed5f16b4da79eeecc756272bdc9.jpeg;G046;schema;;tube carré : A, B, C;acier-tubes-tube-carre;tube-carre-30x30x2mm-en-acier
acier-tubes-tube-carre/0003581_a7ebfed5f16b4da79eeecc756272bdc9.jpeg;G046;schema;;tube carré : A, B, C;acier-tubes-tube-carre;tube-carre-30x30x3mm-en-acier
acier-tubes-tube-carre/0003587_a7ebfed5f16b4da79eeecc756272bdc9.jpeg;G046;schema;;tube carré : A, B, C;acier-tubes-tube-carre;tube-carre-35x35x2mm-en-acier
acier-tubes-tube-carre/0003596_a7ebfed5f16b4da79eeecc756272bdc9.jpeg;G046;schema;;tube carré : A, B, C;acier-tubes-tube-carre;tube-carre-40x40x2mm-en-acier
acier-tubes-tube-carre/0003599_a7ebfed5f16b4da79eeecc756272bdc9.jpeg;G046;schema;;tube carré : A, B, C;acier-tubes-tube-carre;tube-carre-40x40x3mm-en-acier
acier-tubes-tube-carre/0003602_a7ebfed5f16b4da79eeecc756272bdc9.jpeg;G046;schema;;tube carré : A, B, C;acier-tubes-tube-carre;tube-carre-40x40x4mm-en-acier
acier-tubes-tube-carre/0003605_a7ebfed5f16b4da79eeecc756272bdc9.jpeg;G046;schema;;tube carré : A, B, C;acier-tubes-tube-carre;tube-carre-45x45x2mm-en-acier
acier-tubes-tube-carre/0003608_a7ebfed5f16b4da79eeecc756272bdc9.jpeg;G046;schema;;tube carré : A, B, C;acier-tubes-tube-carre;tube-carre-45x45x3mm-en-acier
acier-tubes-tube-carre/0003611_a7ebfed5f16b4da79eeecc756272bdc9.jpeg;G046;schema;;tube carré : A, B, C;acier-tubes-tube-carre;tube-carre-50x50x2mm-en-acier
acier-tubes-tube-carre/0003614_a7ebfed5f16b4da79eeecc756272bdc9.jpeg;G046;schema;;tube carré : A, B, C;acier-tubes-tube-carre;tube-carre-50x50x3mm-en-acier
acier-tubes-tube-carre/0003617_a7ebfed5f16b4da79eeecc756272bdc9.jpeg;G046;schema;;tube carré : A, B, C;acier-tubes-tube-carre;tube-carre-50x50x4mm-en-acier
acier-tubes-tube-carre/0003620_a7ebfed5f16b4da79eeecc756272bdc9.jpeg;G046;schema;;tube carré : A, B, C;acier-tubes-tube-carre;tube-carre-50x50x5mm-en-acier
acier-tubes-tube-carre/0003623_a7ebfed5f16b4da79eeecc756272bdc9.jpeg;G046;schema;;tube carré : A, B, C;acier-tubes-tube-carre;tube-carre-60x60x2mm-en-acier
acier-tubes-tube-carre/0003626_a7ebfed5f16b4da79eeecc756272bdc9.jpeg;G046;schema;;tube carré : A, B, C;acier-tubes-tube-carre;tube-carre-60x60x3mm-en-acier
acier-tubes-tube-carre/0003629_a7ebfed5f16b4da79eeecc756272bdc9.jpeg;G046;schema;;tube carré : A, B, C;acier-tubes-tube-carre;tube-carre-60x60x4mm-en-acier
acier-tubes-tube-carre/0003632_a7ebfed5f16b4da79eeecc756272bdc9.jpeg;G046;schema;;tube carré : A, B, C;acier-tubes-tube-carre;tube-carre-60x60x5mm-en-acier
acier-tubes-tube-carre/0003638_a7ebfed5f16b4da79eeecc756272bdc9.jpeg;G046;schema;;tube carré : A, B, C;acier-tubes-tube-carre;tube-carre-70x70x3mm-en-acier
acier-tubes-tube-carre/0003641_a7ebfed5f16b4da79eeecc756272bdc9.jpeg;G046;schema;;tube carré : A, B, C;acier-tubes-tube-carre;tube-carre-70x70x4mm-en-acier
acier-tubes-tube-carre/0003644_a7ebfed5f16b4da79eeecc756272bdc9.jpeg;G046;schema;;tube carré : A, B, C;acier-tubes-tube-carre;tube-carre-70x70x5mm-en-acier
acier-tubes-tube-carre/0003653_a7ebfed5f16b4da79eeecc756272bdc9.jpeg;G046;schema;;tube carré : A, B, C;acier-tubes-tube-carre;tube-carre-80x80x3mm-en-acier
acier-tubes-tube-carre/0003656_a7ebfed5f16b4da79eeecc756272bdc9.jpeg;G046;schema;;tube carré : A, B, C;acier-tubes-tube-carre;tube-carre-80x80x4mm-en-acier
acier-tubes-tube-carre/0003659_a7ebfed5f16b4da79eeecc756272bdc9.jpeg;G046;schema;;tube carré : A, B, C;acier-tubes-tube-carre;tube-carre-80x80x5mm-en-acier
acier-tubes-tube-carre/0003668_a7ebfed5f16b4da79eeecc756272bdc9.jpeg;G046;schema;;tube carré : A, B, C;acier-tubes-tube-carre;tube-carre-90x90x3mm-en-acier
inox-tubes-tube-carre/0004766_a7ebfed5f16b4da79eeecc756272bdc9.jpeg;G046;schema;;tube carré : A, B, C;inox-tubes-tube-carre;tube-carre-20x20x2mm-en-inox-304
inox-tubes-tube-carre/0004768_a7ebfed5f16b4da79eeecc756272bdc9.jpeg;G046;schema;;tube carré : A, B, C;inox-tubes-tube-carre;tube-carre-25x25x2mm-en-inox-304
inox-tubes-tube-carre/0004770_a7ebfed5f16b4da79eeecc756272bdc9.jpeg;G046;schema;;tube carré : A, B, C;inox-tubes-tube-carre;tube-carre-30x30x2mm-en-inox-304
inox-tubes-tube-carre/0004772_a7ebfed5f16b4da79eeecc756272bdc9.jpeg;G046;schema;;tube carré : A, B, C;inox-tubes-tube-carre;tube-carre-35x35x2mm-en-inox-304
inox-tubes-tube-carre/0004774_a7ebfed5f16b4da79eeecc756272bdc9.jpeg;G046;schema;;tube carré : A, B, C;inox-tubes-tube-carre;tube-carre-40x40x2mm-en-inox-304
inox-tubes-tube-carre/0004776_a7ebfed5f16b4da79eeecc756272bdc9.jpeg;G046;schema;;tube carré : A, B, C;inox-tubes-tube-carre;tube-carre-50x50x2mm-en-inox-304
acier-tubes-tube-rectangulaire/0003224_1bb59926d63e40869479a768827af763.jpeg;G047;rendu;;tube rectangulaire, acier gris;acier-tubes-tube-rectangulaire;tube-rectangle-100x50x3mm-en-acier
acier-tubes-tube-rectangulaire/0003226_1bb59926d63e40869479a768827af763.jpeg;G047;rendu;;tube rectangulaire, acier gris;acier-tubes-tube-rectangulaire;tube-rectangle-100x50x4mm-en-acier
acier-tubes-tube-rectangulaire/0003238_1bb59926d63e40869479a768827af763.jpeg;G047;rendu;;tube rectangulaire, acier gris;acier-tubes-tube-rectangulaire;tube-rectangle-120x60x3mm-en-acier
acier-tubes-tube-rectangulaire/0003240_1bb59926d63e40869479a768827af763.jpeg;G047;rendu;;tube rectangulaire, acier gris;acier-tubes-tube-rectangulaire;tube-rectangle-120x60x4mm-en-acier
acier-tubes-tube-rectangulaire/0003302_1bb59926d63e40869479a768827af763.jpeg;G047;rendu;;tube rectangulaire, acier gris;acier-tubes-tube-rectangulaire;tube-rectangle-200x100x5mm-en-acier
acier-tubes-tube-rectangulaire/0003350_1bb59926d63e40869479a768827af763.jpeg;G047;rendu;;tube rectangulaire, acier gris;acier-tubes-tube-rectangulaire;tube-rectangle-30x15x2mm-en-acier
acier-tubes-tube-rectangulaire/0003356_1bb59926d63e40869479a768827af763.jpeg;G047;rendu;;tube rectangulaire, acier gris;acier-tubes-tube-rectangulaire;tube-rectangle-30x20x2mm-en-acier
acier-tubes-tube-rectangulaire/0003371_1bb59926d63e40869479a768827af763.jpeg;G047;rendu;;tube rectangulaire, acier gris;acier-tubes-tube-rectangulaire;tube-rectangle-40x20x2mm-en-acier
acier-tubes-tube-rectangulaire/0003374_1bb59926d63e40869479a768827af763.jpeg;G047;rendu;;tube rectangulaire, acier gris;acier-tubes-tube-rectangulaire;tube-rectangle-40x20x3mm-en-acier
acier-tubes-tube-rectangulaire/0003380_1bb59926d63e40869479a768827af763.jpeg;G047;rendu;;tube rectangulaire, acier gris;acier-tubes-tube-rectangulaire;tube-rectangle-40x30x2mm-en-acier
acier-tubes-tube-rectangulaire/0003383_1bb59926d63e40869479a768827af763.jpeg;G047;rendu;;tube rectangulaire, acier gris;acier-tubes-tube-rectangulaire;tube-rectangle-50x20x2mm-en-acier
acier-tubes-tube-rectangulaire/0003386_1bb59926d63e40869479a768827af763.jpeg;G047;rendu;;tube rectangulaire, acier gris;acier-tubes-tube-rectangulaire;tube-rectangle-50x25x2mm-en-acier
acier-tubes-tube-rectangulaire/0003392_1bb59926d63e40869479a768827af763.jpeg;G047;rendu;;tube rectangulaire, acier gris;acier-tubes-tube-rectangulaire;tube-rectangle-50x30x2mm-en-acier
acier-tubes-tube-rectangulaire/0003395_1bb59926d63e40869479a768827af763.jpeg;G047;rendu;;tube rectangulaire, acier gris;acier-tubes-tube-rectangulaire;tube-rectangle-50x30x3mm-en-acier
acier-tubes-tube-rectangulaire/0003407_1bb59926d63e40869479a768827af763.jpeg;G047;rendu;;tube rectangulaire, acier gris;acier-tubes-tube-rectangulaire;tube-rectangle-60x30x2mm-en-acier
acier-tubes-tube-rectangulaire/0003410_1bb59926d63e40869479a768827af763.jpeg;G047;rendu;;tube rectangulaire, acier gris;acier-tubes-tube-rectangulaire;tube-rectangle-60x30x3mm-en-acier
acier-tubes-tube-rectangulaire/0003413_1bb59926d63e40869479a768827af763.jpeg;G047;rendu;;tube rectangulaire, acier gris;acier-tubes-tube-rectangulaire;tube-rectangle-60x40x2mm-en-acier
acier-tubes-tube-rectangulaire/0003416_1bb59926d63e40869479a768827af763.jpeg;G047;rendu;;tube rectangulaire, acier gris;acier-tubes-tube-rectangulaire;tube-rectangle-60x40x3mm-en-acier
acier-tubes-tube-rectangulaire/0003428_1bb59926d63e40869479a768827af763.jpeg;G047;rendu;;tube rectangulaire, acier gris;acier-tubes-tube-rectangulaire;tube-rectangle-80x40x2mm-en-acier
acier-tubes-tube-rectangulaire/0003431_1bb59926d63e40869479a768827af763.jpeg;G047;rendu;;tube rectangulaire, acier gris;acier-tubes-tube-rectangulaire;tube-rectangle-80x40x3mm-en-acier
acier-tubes-tube-rectangulaire/0003434_1bb59926d63e40869479a768827af763.jpeg;G047;rendu;;tube rectangulaire, acier gris;acier-tubes-tube-rectangulaire;tube-rectangle-80x40x4mm-en-acier
acier-tubes-tube-rectangulaire/0003225_68eeabcee47a4ce78d38c8988bdd3344.jpeg;G048;photo;;tubes rectangulaires en pile : acier brut;acier-tubes-tube-rectangulaire;tube-rectangle-100x50x3mm-en-acier
acier-tubes-tube-rectangulaire/0003227_68eeabcee47a4ce78d38c8988bdd3344.jpeg;G048;photo;;tubes rectangulaires en pile : acier brut;acier-tubes-tube-rectangulaire;tube-rectangle-100x50x4mm-en-acier
acier-tubes-tube-rectangulaire/0003239_68eeabcee47a4ce78d38c8988bdd3344.jpeg;G048;photo;;tubes rectangulaires en pile : acier brut;acier-tubes-tube-rectangulaire;tube-rectangle-120x60x3mm-en-acier
acier-tubes-tube-rectangulaire/0003241_68eeabcee47a4ce78d38c8988bdd3344.jpeg;G048;photo;;tubes rectangulaires en pile : acier brut;acier-tubes-tube-rectangulaire;tube-rectangle-120x60x4mm-en-acier
acier-tubes-tube-rectangulaire/0003303_68eeabcee47a4ce78d38c8988bdd3344.jpeg;G048;photo;;tubes rectangulaires en pile : acier brut;acier-tubes-tube-rectangulaire;tube-rectangle-200x100x5mm-en-acier
acier-tubes-tube-rectangulaire/0003351_68eeabcee47a4ce78d38c8988bdd3344.jpeg;G048;photo;;tubes rectangulaires en pile : acier brut;acier-tubes-tube-rectangulaire;tube-rectangle-30x15x2mm-en-acier
acier-tubes-tube-rectangulaire/0003357_68eeabcee47a4ce78d38c8988bdd3344.jpeg;G048;photo;;tubes rectangulaires en pile : acier brut;acier-tubes-tube-rectangulaire;tube-rectangle-30x20x2mm-en-acier
acier-tubes-tube-rectangulaire/0003372_68eeabcee47a4ce78d38c8988bdd3344.jpeg;G048;photo;;tubes rectangulaires en pile : acier brut;acier-tubes-tube-rectangulaire;tube-rectangle-40x20x2mm-en-acier
acier-tubes-tube-rectangulaire/0003375_68eeabcee47a4ce78d38c8988bdd3344.jpeg;G048;photo;;tubes rectangulaires en pile : acier brut;acier-tubes-tube-rectangulaire;tube-rectangle-40x20x3mm-en-acier
acier-tubes-tube-rectangulaire/0003381_68eeabcee47a4ce78d38c8988bdd3344.jpeg;G048;photo;;tubes rectangulaires en pile : acier brut;acier-tubes-tube-rectangulaire;tube-rectangle-40x30x2mm-en-acier
acier-tubes-tube-rectangulaire/0003384_68eeabcee47a4ce78d38c8988bdd3344.jpeg;G048;photo;;tubes rectangulaires en pile : acier brut;acier-tubes-tube-rectangulaire;tube-rectangle-50x20x2mm-en-acier
acier-tubes-tube-rectangulaire/0003387_68eeabcee47a4ce78d38c8988bdd3344.jpeg;G048;photo;;tubes rectangulaires en pile : acier brut;acier-tubes-tube-rectangulaire;tube-rectangle-50x25x2mm-en-acier
acier-tubes-tube-rectangulaire/0003393_68eeabcee47a4ce78d38c8988bdd3344.jpeg;G048;photo;;tubes rectangulaires en pile : acier brut;acier-tubes-tube-rectangulaire;tube-rectangle-50x30x2mm-en-acier
acier-tubes-tube-rectangulaire/0003396_68eeabcee47a4ce78d38c8988bdd3344.jpeg;G048;photo;;tubes rectangulaires en pile : acier brut;acier-tubes-tube-rectangulaire;tube-rectangle-50x30x3mm-en-acier
acier-tubes-tube-rectangulaire/0003408_68eeabcee47a4ce78d38c8988bdd3344.jpeg;G048;photo;;tubes rectangulaires en pile : acier brut;acier-tubes-tube-rectangulaire;tube-rectangle-60x30x2mm-en-acier
acier-tubes-tube-rectangulaire/0003411_68eeabcee47a4ce78d38c8988bdd3344.jpeg;G048;photo;;tubes rectangulaires en pile : acier brut;acier-tubes-tube-rectangulaire;tube-rectangle-60x30x3mm-en-acier
acier-tubes-tube-rectangulaire/0003414_68eeabcee47a4ce78d38c8988bdd3344.jpeg;G048;photo;;tubes rectangulaires en pile : acier brut;acier-tubes-tube-rectangulaire;tube-rectangle-60x40x2mm-en-acier
acier-tubes-tube-rectangulaire/0003417_68eeabcee47a4ce78d38c8988bdd3344.jpeg;G048;photo;;tubes rectangulaires en pile : acier brut;acier-tubes-tube-rectangulaire;tube-rectangle-60x40x3mm-en-acier
acier-tubes-tube-rectangulaire/0003429_68eeabcee47a4ce78d38c8988bdd3344.jpeg;G048;photo;;tubes rectangulaires en pile : acier brut;acier-tubes-tube-rectangulaire;tube-rectangle-80x40x2mm-en-acier
acier-tubes-tube-rectangulaire/0003432_68eeabcee47a4ce78d38c8988bdd3344.jpeg;G048;photo;;tubes rectangulaires en pile : acier brut;acier-tubes-tube-rectangulaire;tube-rectangle-80x40x3mm-en-acier
acier-tubes-tube-rectangulaire/0003435_68eeabcee47a4ce78d38c8988bdd3344.jpeg;G048;photo;;tubes rectangulaires en pile : acier brut;acier-tubes-tube-rectangulaire;tube-rectangle-80x40x4mm-en-acier
acier-tubes-tube-rectangulaire/0003262_7cb09336ff45488a9196b513349259b3.jpeg;G049;schema;;tube rectangulaire : A, B, C;acier-tubes-tube-rectangulaire;tube-rectangle-100x50x3mm-en-acier
acier-tubes-tube-rectangulaire/0003263_7cb09336ff45488a9196b513349259b3.jpeg;G049;schema;;tube rectangulaire : A, B, C;acier-tubes-tube-rectangulaire;tube-rectangle-100x50x4mm-en-acier
acier-tubes-tube-rectangulaire/0003269_7cb09336ff45488a9196b513349259b3.jpeg;G049;schema;;tube rectangulaire : A, B, C;acier-tubes-tube-rectangulaire;tube-rectangle-120x60x3mm-en-acier
acier-tubes-tube-rectangulaire/0003270_7cb09336ff45488a9196b513349259b3.jpeg;G049;schema;;tube rectangulaire : A, B, C;acier-tubes-tube-rectangulaire;tube-rectangle-120x60x4mm-en-acier
acier-tubes-tube-rectangulaire/0003304_7cb09336ff45488a9196b513349259b3.jpeg;G049;schema;;tube rectangulaire : A, B, C;acier-tubes-tube-rectangulaire;tube-rectangle-200x100x5mm-en-acier
acier-tubes-tube-rectangulaire/0003352_7cb09336ff45488a9196b513349259b3.jpeg;G049;schema;;tube rectangulaire : A, B, C;acier-tubes-tube-rectangulaire;tube-rectangle-30x15x2mm-en-acier
acier-tubes-tube-rectangulaire/0003358_7cb09336ff45488a9196b513349259b3.jpeg;G049;schema;;tube rectangulaire : A, B, C;acier-tubes-tube-rectangulaire;tube-rectangle-30x20x2mm-en-acier
acier-tubes-tube-rectangulaire/0003373_7cb09336ff45488a9196b513349259b3.jpeg;G049;schema;;tube rectangulaire : A, B, C;acier-tubes-tube-rectangulaire;tube-rectangle-40x20x2mm-en-acier
acier-tubes-tube-rectangulaire/0003376_7cb09336ff45488a9196b513349259b3.jpeg;G049;schema;;tube rectangulaire : A, B, C;acier-tubes-tube-rectangulaire;tube-rectangle-40x20x3mm-en-acier
acier-tubes-tube-rectangulaire/0003382_7cb09336ff45488a9196b513349259b3.jpeg;G049;schema;;tube rectangulaire : A, B, C;acier-tubes-tube-rectangulaire;tube-rectangle-40x30x2mm-en-acier
acier-tubes-tube-rectangulaire/0003385_7cb09336ff45488a9196b513349259b3.jpeg;G049;schema;;tube rectangulaire : A, B, C;acier-tubes-tube-rectangulaire;tube-rectangle-50x20x2mm-en-acier
acier-tubes-tube-rectangulaire/0003388_7cb09336ff45488a9196b513349259b3.jpeg;G049;schema;;tube rectangulaire : A, B, C;acier-tubes-tube-rectangulaire;tube-rectangle-50x25x2mm-en-acier
acier-tubes-tube-rectangulaire/0003394_7cb09336ff45488a9196b513349259b3.jpeg;G049;schema;;tube rectangulaire : A, B, C;acier-tubes-tube-rectangulaire;tube-rectangle-50x30x2mm-en-acier
acier-tubes-tube-rectangulaire/0003397_7cb09336ff45488a9196b513349259b3.jpeg;G049;schema;;tube rectangulaire : A, B, C;acier-tubes-tube-rectangulaire;tube-rectangle-50x30x3mm-en-acier
acier-tubes-tube-rectangulaire/0003409_7cb09336ff45488a9196b513349259b3.jpeg;G049;schema;;tube rectangulaire : A, B, C;acier-tubes-tube-rectangulaire;tube-rectangle-60x30x2mm-en-acier
acier-tubes-tube-rectangulaire/0003412_7cb09336ff45488a9196b513349259b3.jpeg;G049;schema;;tube rectangulaire : A, B, C;acier-tubes-tube-rectangulaire;tube-rectangle-60x30x3mm-en-acier
acier-tubes-tube-rectangulaire/0003415_7cb09336ff45488a9196b513349259b3.jpeg;G049;schema;;tube rectangulaire : A, B, C;acier-tubes-tube-rectangulaire;tube-rectangle-60x40x2mm-en-acier
acier-tubes-tube-rectangulaire/0003418_7cb09336ff45488a9196b513349259b3.jpeg;G049;schema;;tube rectangulaire : A, B, C;acier-tubes-tube-rectangulaire;tube-rectangle-60x40x3mm-en-acier
acier-tubes-tube-rectangulaire/0003430_7cb09336ff45488a9196b513349259b3.jpeg;G049;schema;;tube rectangulaire : A, B, C;acier-tubes-tube-rectangulaire;tube-rectangle-80x40x2mm-en-acier
acier-tubes-tube-rectangulaire/0003433_7cb09336ff45488a9196b513349259b3.jpeg;G049;schema;;tube rectangulaire : A, B, C;acier-tubes-tube-rectangulaire;tube-rectangle-80x40x3mm-en-acier
acier-tubes-tube-rectangulaire/0003436_7cb09336ff45488a9196b513349259b3.jpeg;G049;schema;;tube rectangulaire : A, B, C;acier-tubes-tube-rectangulaire;tube-rectangle-80x40x4mm-en-acier
inox-tubes-tube-rectangulaire/0004753_7cb09336ff45488a9196b513349259b3.jpeg;G049;schema;;tube rectangulaire : A, B, C;inox-tubes-tube-rectangulaire;tube-rectangle-40x20x2mm-en-inox-304
acier-tubes-tube-rond/0003682_93bc025889194a1587ec2c3f596fb5df.jpeg;G050;rendu;;tube rond, acier gris;acier-tubes-tube-rond;tube-rond-101-6x3-65mm-en-acier-brut-serie-legere
acier-tubes-tube-rond/0003685_93bc025889194a1587ec2c3f596fb5df.jpeg;G050;rendu;;tube rond, acier gris;acier-tubes-tube-rond;tube-rond-114-3x3-65mm-en-acier-brut-serie-legere
acier-tubes-tube-rond/0003706_93bc025889194a1587ec2c3f596fb5df.jpeg;G050;rendu;;tube rond, acier gris;acier-tubes-tube-rond;tube-rond-17-2-18-x2mm-en-acier-brut-serie-legere
acier-tubes-tube-rond/0003712_93bc025889194a1587ec2c3f596fb5df.jpeg;G050;rendu;;tube rond, acier gris;acier-tubes-tube-rond;tube-rond-21-3x2mm-en-acier-brut-serie-legere
acier-tubes-tube-rond/0003718_93bc025889194a1587ec2c3f596fb5df.jpeg;G050;rendu;;tube rond, acier gris;acier-tubes-tube-rond;tube-rond-26-9x2-5mm-en-acier-brut-serie-legere
acier-tubes-tube-rond/0003721_93bc025889194a1587ec2c3f596fb5df.jpeg;G050;rendu;;tube rond, acier gris;acier-tubes-tube-rond;tube-rond-33-7x2-5mm-en-acier-brut-serie-legere
acier-tubes-tube-rond/0003724_93bc025889194a1587ec2c3f596fb5df.jpeg;G050;rendu;;tube rond, acier gris;acier-tubes-tube-rond;tube-rond-42-4x2-5mm-en-acier-brut-serie-legere
acier-tubes-tube-rond/0003727_93bc025889194a1587ec2c3f596fb5df.jpeg;G050;rendu;;tube rond, acier gris;acier-tubes-tube-rond;tube-rond-48-3x3mm-en-acier-brut-serie-legere
acier-tubes-tube-rond/0003730_93bc025889194a1587ec2c3f596fb5df.jpeg;G050;rendu;;tube rond, acier gris;acier-tubes-tube-rond;tube-rond-60-3x3mm-en-acier-brut-serie-legere
acier-tubes-tube-rond/0003733_93bc025889194a1587ec2c3f596fb5df.jpeg;G050;rendu;;tube rond, acier gris;acier-tubes-tube-rond;tube-rond-76-1x3-25mm-en-acier-brut-serie-legere
acier-tubes-tube-rond/0003736_93bc025889194a1587ec2c3f596fb5df.jpeg;G050;rendu;;tube rond, acier gris;acier-tubes-tube-rond;tube-rond-88-9x3-00mm-en-acier-brut-serie-legere
acier-tubes-tube-rond/0003684_c04852ce9aec40249d1269bd849b1aa6.jpeg;G051;schema;;tube rond : A, B;acier-tubes-tube-rond;tube-rond-101-6x3-65mm-en-acier-brut-serie-legere
acier-tubes-tube-rond/0003687_c04852ce9aec40249d1269bd849b1aa6.jpeg;G051;schema;;tube rond : A, B;acier-tubes-tube-rond;tube-rond-114-3x3-65mm-en-acier-brut-serie-legere
acier-tubes-tube-rond/0003708_c04852ce9aec40249d1269bd849b1aa6.jpeg;G051;schema;;tube rond : A, B;acier-tubes-tube-rond;tube-rond-17-2-18-x2mm-en-acier-brut-serie-legere
acier-tubes-tube-rond/0003714_c04852ce9aec40249d1269bd849b1aa6.jpeg;G051;schema;;tube rond : A, B;acier-tubes-tube-rond;tube-rond-21-3x2mm-en-acier-brut-serie-legere
acier-tubes-tube-rond/0003720_c04852ce9aec40249d1269bd849b1aa6.jpeg;G051;schema;;tube rond : A, B;acier-tubes-tube-rond;tube-rond-26-9x2-5mm-en-acier-brut-serie-legere
acier-tubes-tube-rond/0003723_c04852ce9aec40249d1269bd849b1aa6.jpeg;G051;schema;;tube rond : A, B;acier-tubes-tube-rond;tube-rond-33-7x2-5mm-en-acier-brut-serie-legere
acier-tubes-tube-rond/0003726_c04852ce9aec40249d1269bd849b1aa6.jpeg;G051;schema;;tube rond : A, B;acier-tubes-tube-rond;tube-rond-42-4x2-5mm-en-acier-brut-serie-legere
acier-tubes-tube-rond/0003729_c04852ce9aec40249d1269bd849b1aa6.jpeg;G051;schema;;tube rond : A, B;acier-tubes-tube-rond;tube-rond-48-3x3mm-en-acier-brut-serie-legere
acier-tubes-tube-rond/0003732_c04852ce9aec40249d1269bd849b1aa6.jpeg;G051;schema;;tube rond : A, B;acier-tubes-tube-rond;tube-rond-60-3x3mm-en-acier-brut-serie-legere
acier-tubes-tube-rond/0003735_c04852ce9aec40249d1269bd849b1aa6.jpeg;G051;schema;;tube rond : A, B;acier-tubes-tube-rond;tube-rond-76-1x3-25mm-en-acier-brut-serie-legere
acier-tubes-tube-rond/0003738_c04852ce9aec40249d1269bd849b1aa6.jpeg;G051;schema;;tube rond : A, B;acier-tubes-tube-rond;tube-rond-88-9x3-00mm-en-acier-brut-serie-legere
aluminium-tubes-tube-rond/0004609_c04852ce9aec40249d1269bd849b1aa6.jpeg;G051;schema;;tube rond : A, B;aluminium-tubes-tube-rond;tube-rond-de-20x2mm-en-aluminium
aluminium-tubes-tube-rond/0004611_c04852ce9aec40249d1269bd849b1aa6.jpeg;G051;schema;;tube rond : A, B;aluminium-tubes-tube-rond;tube-rond-de-25x2mm-en-aluminium
aluminium-tubes-tube-rond/0004613_c04852ce9aec40249d1269bd849b1aa6.jpeg;G051;schema;;tube rond : A, B;aluminium-tubes-tube-rond;tube-rond-de-30x2mm-en-aluminium
aluminium-tubes-tube-rond/0004615_c04852ce9aec40249d1269bd849b1aa6.jpeg;G051;schema;;tube rond : A, B;aluminium-tubes-tube-rond;tube-rond-de-35x2mm-en-aluminium
aluminium-tubes-tube-rond/0004617_c04852ce9aec40249d1269bd849b1aa6.jpeg;G051;schema;;tube rond : A, B;aluminium-tubes-tube-rond;tube-rond-de-40x2mm-en-aluminium
inox-tubes-tube-rond/0004732_c04852ce9aec40249d1269bd849b1aa6.jpeg;G051;schema;;tube rond : A, B;inox-tubes-tube-rond;tube-rond-17-2x2mm-en-inox-304
inox-tubes-tube-rond/0004734_c04852ce9aec40249d1269bd849b1aa6.jpeg;G051;schema;;tube rond : A, B;inox-tubes-tube-rond;tube-rond-21-3x2mm-en-inox-304
inox-tubes-tube-rond/0004736_c04852ce9aec40249d1269bd849b1aa6.jpeg;G051;schema;;tube rond : A, B;inox-tubes-tube-rond;tube-rond-26-9x2mm-en-inox-304
inox-tubes-tube-rond/0004738_c04852ce9aec40249d1269bd849b1aa6.jpeg;G051;schema;;tube rond : A, B;inox-tubes-tube-rond;tube-rond-33-7x2mm-en-inox-304
inox-tubes-tube-rond/0004740_c04852ce9aec40249d1269bd849b1aa6.jpeg;G051;schema;;tube rond : A, B;inox-tubes-tube-rond;tube-rond-42-4x2mm-en-inox-304
inox-tubes-tube-rond/0004742_c04852ce9aec40249d1269bd849b1aa6.jpeg;G051;schema;;tube rond : A, B;inox-tubes-tube-rond;tube-rond-48-3x2mm-en-inox-304
inox-tubes-tube-rond/0004744_c04852ce9aec40249d1269bd849b1aa6.jpeg;G051;schema;;tube rond : A, B;inox-tubes-tube-rond;tube-rond-60-3x2mm-en-inox-304
inox-tubes-tube-rond/0004747_c04852ce9aec40249d1269bd849b1aa6.jpeg;G051;schema;;tube rond : A, B;inox-tubes-tube-rond;tube-rond-76-1x2mm-en-inox-304
acier-tubes-tube-rond/0003683_24bc39bf53c84642b960d12b8d0548b4.jpeg;G052;banque;;tubes ronds en pile, basse définition;acier-tubes-tube-rond;tube-rond-101-6x3-65mm-en-acier-brut-serie-legere
acier-tubes-tube-rond/0003686_24bc39bf53c84642b960d12b8d0548b4.jpeg;G052;banque;;tubes ronds en pile, basse définition;acier-tubes-tube-rond;tube-rond-114-3x3-65mm-en-acier-brut-serie-legere
acier-tubes-tube-rond/0003707_24bc39bf53c84642b960d12b8d0548b4.jpeg;G052;banque;;tubes ronds en pile, basse définition;acier-tubes-tube-rond;tube-rond-17-2-18-x2mm-en-acier-brut-serie-legere
acier-tubes-tube-rond/0003713_24bc39bf53c84642b960d12b8d0548b4.jpeg;G052;banque;;tubes ronds en pile, basse définition;acier-tubes-tube-rond;tube-rond-21-3x2mm-en-acier-brut-serie-legere
acier-tubes-tube-rond/0003719_24bc39bf53c84642b960d12b8d0548b4.jpeg;G052;banque;;tubes ronds en pile, basse définition;acier-tubes-tube-rond;tube-rond-26-9x2-5mm-en-acier-brut-serie-legere
acier-tubes-tube-rond/0003722_24bc39bf53c84642b960d12b8d0548b4.jpeg;G052;banque;;tubes ronds en pile, basse définition;acier-tubes-tube-rond;tube-rond-33-7x2-5mm-en-acier-brut-serie-legere
acier-tubes-tube-rond/0003725_24bc39bf53c84642b960d12b8d0548b4.jpeg;G052;banque;;tubes ronds en pile, basse définition;acier-tubes-tube-rond;tube-rond-42-4x2-5mm-en-acier-brut-serie-legere
acier-tubes-tube-rond/0003728_24bc39bf53c84642b960d12b8d0548b4.jpeg;G052;banque;;tubes ronds en pile, basse définition;acier-tubes-tube-rond;tube-rond-48-3x3mm-en-acier-brut-serie-legere
acier-tubes-tube-rond/0003731_24bc39bf53c84642b960d12b8d0548b4.jpeg;G052;banque;;tubes ronds en pile, basse définition;acier-tubes-tube-rond;tube-rond-60-3x3mm-en-acier-brut-serie-legere
acier-tubes-tube-rond/0003734_24bc39bf53c84642b960d12b8d0548b4.jpeg;G052;banque;;tubes ronds en pile, basse définition;acier-tubes-tube-rond;tube-rond-76-1x3-25mm-en-acier-brut-serie-legere
acier-tubes-tube-rond/0003737_24bc39bf53c84642b960d12b8d0548b4.jpeg;G052;banque;;tubes ronds en pile, basse définition;acier-tubes-tube-rond;tube-rond-88-9x3-00mm-en-acier-brut-serie-legere
aluminium-profiles-corniere-egale/0004438_9ea65cbd431c4fc8b77ec3babf8dab61.jpeg;G053;photo;;cornières alu : aluminium brut mat clair;aluminium-profiles-corniere-egale;corniere-egale-20x20x2mm-en-aluminium
aluminium-profiles-corniere-egale/0004440_9ea65cbd431c4fc8b77ec3babf8dab61.jpeg;G053;photo;;cornières alu : aluminium brut mat clair;aluminium-profiles-corniere-egale;corniere-egale-25x25x2mm-en-aluminium
aluminium-profiles-corniere-egale/0004442_9ea65cbd431c4fc8b77ec3babf8dab61.jpeg;G053;photo;;cornières alu : aluminium brut mat clair;aluminium-profiles-corniere-egale;corniere-egale-30x30x2mm-en-aluminium
aluminium-profiles-corniere-egale/0004444_9ea65cbd431c4fc8b77ec3babf8dab61.jpeg;G053;photo;;cornières alu : aluminium brut mat clair;aluminium-profiles-corniere-egale;corniere-egale-30x30x3mm-en-aluminium
aluminium-profiles-corniere-egale/0004448_9ea65cbd431c4fc8b77ec3babf8dab61.jpeg;G053;photo;;cornières alu : aluminium brut mat clair;aluminium-profiles-corniere-egale;corniere-egale-40x40x2mm-en-aluminium
aluminium-profiles-corniere-egale/0004450_9ea65cbd431c4fc8b77ec3babf8dab61.jpeg;G053;photo;;cornières alu : aluminium brut mat clair;aluminium-profiles-corniere-egale;corniere-egale-40x40x3mm-en-aluminium
aluminium-profiles-corniere-egale/0004454_9ea65cbd431c4fc8b77ec3babf8dab61.jpeg;G053;photo;;cornières alu : aluminium brut mat clair;aluminium-profiles-corniere-egale;corniere-egale-50x50x3mm-en-aluminium
aluminium-profiles-corniere-egale/0004460_9ea65cbd431c4fc8b77ec3babf8dab61.jpeg;G053;photo;;cornières alu : aluminium brut mat clair;aluminium-profiles-corniere-egale;corniere-egale-60x60x3mm-en-aluminium
aluminium-profiles-plat/0004530_bb8154a4aad7410bb37ae1141e8b854d.jpeg;G054;photo;;plats alu : aluminium brut;aluminium-profiles-plat;plat-de-20x3mm-en-aluminium
aluminium-profiles-plat/0004532_bb8154a4aad7410bb37ae1141e8b854d.jpeg;G054;photo;;plats alu : aluminium brut;aluminium-profiles-plat;plat-de-25x3mm-en-aluminium
aluminium-profiles-plat/0004534_bb8154a4aad7410bb37ae1141e8b854d.jpeg;G054;photo;;plats alu : aluminium brut;aluminium-profiles-plat;plat-de-30x3mm-en-aluminium
aluminium-profiles-plat/0004536_bb8154a4aad7410bb37ae1141e8b854d.jpeg;G054;photo;;plats alu : aluminium brut;aluminium-profiles-plat;plat-de-30x5mm-en-aluminium
aluminium-profiles-plat/0004540_bb8154a4aad7410bb37ae1141e8b854d.jpeg;G054;photo;;plats alu : aluminium brut;aluminium-profiles-plat;plat-de-40x3mm-en-aluminium
aluminium-profiles-plat/0004542_bb8154a4aad7410bb37ae1141e8b854d.jpeg;G054;photo;;plats alu : aluminium brut;aluminium-profiles-plat;plat-de-40x5mm-en-aluminium
aluminium-profiles-plat/0004546_bb8154a4aad7410bb37ae1141e8b854d.jpeg;G054;photo;;plats alu : aluminium brut;aluminium-profiles-plat;plat-de-50x3mm-en-aluminium
aluminium-profiles-plat/0004548_bb8154a4aad7410bb37ae1141e8b854d.jpeg;G054;photo;;plats alu : aluminium brut;aluminium-profiles-plat;plat-de-50x5mm-en-aluminium
aluminium-profiles-plat/0004552_bb8154a4aad7410bb37ae1141e8b854d.jpeg;G054;photo;;plats alu : aluminium brut;aluminium-profiles-plat;plat-de-60x5mm-en-aluminium
aluminium-profiles-plat/0004554_bb8154a4aad7410bb37ae1141e8b854d.jpeg;G054;photo;;plats alu : aluminium brut;aluminium-profiles-plat;plat-de-80x5mm-en-aluminium
aluminium-profiles-plat/0004556_bb8154a4aad7410bb37ae1141e8b854d.jpeg;G054;photo;;plats alu : aluminium brut;aluminium-profiles-plat;plat-de-100x5mm-en-aluminium
aluminium-profiles-profil-t/0004507_dd3866850de544e48e0a664d8250efde.jpeg;G055;photo;;profil T alu : aluminium brut;aluminium-profiles-profil-t;profil-en-t-20x20x2mm-en-aluminium
aluminium-profiles-profil-t/0004509_dd3866850de544e48e0a664d8250efde.jpeg;G055;photo;;profil T alu : aluminium brut;aluminium-profiles-profil-t;profil-en-t-25x25x2mm-en-aluminium
aluminium-profiles-profil-t/0004511_dd3866850de544e48e0a664d8250efde.jpeg;G055;photo;;profil T alu : aluminium brut;aluminium-profiles-profil-t;profil-en-t-30x30x2mm-en-aluminium
aluminium-profiles-profil-t/0004508_4e535accfe0349cc8ac848af2898d3bb.jpeg;G056;schema;;profil T : A, B, C;aluminium-profiles-profil-t;profil-en-t-20x20x2mm-en-aluminium
aluminium-profiles-profil-t/0004510_4e535accfe0349cc8ac848af2898d3bb.jpeg;G056;schema;;profil T : A, B, C;aluminium-profiles-profil-t;profil-en-t-25x25x2mm-en-aluminium
aluminium-profiles-profil-t/0004512_4e535accfe0349cc8ac848af2898d3bb.jpeg;G056;schema;;profil T : A, B, C;aluminium-profiles-profil-t;profil-en-t-30x30x2mm-en-aluminium
aluminium-profiles-profil-u/0004481_d2fae24968854c59934f29d57e4ac128.jpeg;G057;photo;;profils U alu : paroi fine, aluminium brut;aluminium-profiles-profil-u;profil-en-u-20x20x20x2mm-en-aluminium
aluminium-profiles-profil-u/0004483_d2fae24968854c59934f29d57e4ac128.jpeg;G057;photo;;profils U alu : paroi fine, aluminium brut;aluminium-profiles-profil-u;profil-en-u-25x25x25x2mm-en-aluminium
aluminium-profiles-profil-u/0004485_d2fae24968854c59934f29d57e4ac128.jpeg;G057;photo;;profils U alu : paroi fine, aluminium brut;aluminium-profiles-profil-u;profil-en-u-en-30x30x30x2mm-aluminium
aluminium-profiles-profil-u/0004487_d2fae24968854c59934f29d57e4ac128.jpeg;G057;photo;;profils U alu : paroi fine, aluminium brut;aluminium-profiles-profil-u;profil-en-u-40x40x40x2mm-en-aluminium
aluminium-profiles-profil-u/0004482_cd1adff35d934b97bc40967560f63344.jpeg;G058;schema;;profil U : A, B, C, D;aluminium-profiles-profil-u;profil-en-u-20x20x20x2mm-en-aluminium
aluminium-profiles-profil-u/0004484_cd1adff35d934b97bc40967560f63344.jpeg;G058;schema;;profil U : A, B, C, D;aluminium-profiles-profil-u;profil-en-u-25x25x25x2mm-en-aluminium
aluminium-profiles-profil-u/0004486_cd1adff35d934b97bc40967560f63344.jpeg;G058;schema;;profil U : A, B, C, D;aluminium-profiles-profil-u;profil-en-u-en-30x30x30x2mm-aluminium
aluminium-profiles-profil-u/0004488_cd1adff35d934b97bc40967560f63344.jpeg;G058;schema;;profil U : A, B, C, D;aluminium-profiles-profil-u;profil-en-u-40x40x40x2mm-en-aluminium
aluminium-toles-tole-plane/0004352_44d69f17442543279343b1bda7307530.jpeg;G059;banque;;tôles alu brillantes, basse définition;aluminium-toles-tole-plane;tole-de-2000x1000x1mm-en-aluminium
aluminium-toles-tole-plane/0004356_44d69f17442543279343b1bda7307530.jpeg;G059;banque;;tôles alu brillantes, basse définition;aluminium-toles-tole-plane;tole-de-3000x1500x1mm-en-aluminium
aluminium-toles-tole-plane/0004358_44d69f17442543279343b1bda7307530.jpeg;G059;banque;;tôles alu brillantes, basse définition;aluminium-toles-tole-plane;tole-de-2000x1000x2mm-en-aluminium
aluminium-toles-tole-plane/0004360_44d69f17442543279343b1bda7307530.jpeg;G059;banque;;tôles alu brillantes, basse définition;aluminium-toles-tole-plane;tole-de-2500x1250x2mm-en-aluminium
aluminium-toles-tole-plane/0004362_44d69f17442543279343b1bda7307530.jpeg;G059;banque;;tôles alu brillantes, basse définition;aluminium-toles-tole-plane;tole-de-3000x1500x2mm-en-aluminium
aluminium-toles-tole-plane/0004364_44d69f17442543279343b1bda7307530.jpeg;G059;banque;;tôles alu brillantes, basse définition;aluminium-toles-tole-plane;tole-de-2500x1250x1mm-en-aluminium
aluminium-toles-tole-plane/0004366_44d69f17442543279343b1bda7307530.jpeg;G059;banque;;tôles alu brillantes, basse définition;aluminium-toles-tole-plane;tole-de-2000x1000x3mm-en-aluminium
aluminium-toles-tole-plane/0004368_44d69f17442543279343b1bda7307530.jpeg;G059;banque;;tôles alu brillantes, basse définition;aluminium-toles-tole-plane;tole-de-2500x1250x3mm-en-aluminium
aluminium-toles-tole-plane/0004370_44d69f17442543279343b1bda7307530.jpeg;G059;banque;;tôles alu brillantes, basse définition;aluminium-toles-tole-plane;tole-de-3000x1500x3mm-en-aluminium
aluminium-toles-tole-striee/0004405_0b545054b57d46c7a4d518df819c1381.jpeg;G060;photo;;tôle alu striée : barres en diagonale (quintette);aluminium-toles-tole-striee;tole-striee-de-2000x1000x2-5-4mm-en-aluminium
aluminium-toles-tole-striee/0004407_0b545054b57d46c7a4d518df819c1381.jpeg;G060;photo;;tôle alu striée : barres en diagonale (quintette);aluminium-toles-tole-striee;tole-striee-de-2500x1250x2-5-4mm-en-aluminium
aluminium-toles-tole-striee/0004409_0b545054b57d46c7a4d518df819c1381.jpeg;G060;photo;;tôle alu striée : barres en diagonale (quintette);aluminium-toles-tole-striee;tole-striee-de-3000x1500x2-5-4mm-en-aluminium
aluminium-toles-tole-striee/0004412_0b545054b57d46c7a4d518df819c1381.jpeg;G060;photo;;tôle alu striée : barres en diagonale (quintette);aluminium-toles-tole-striee;tole-striee-de-2000x1000x3-5-5mm-en-aluminium
aluminium-toles-tole-striee/0004414_0b545054b57d46c7a4d518df819c1381.jpeg;G060;photo;;tôle alu striée : barres en diagonale (quintette);aluminium-toles-tole-striee;tole-striee-de-2500x1250x3-5-5mm-en-aluminium
aluminium-toles-tole-striee/0004416_0b545054b57d46c7a4d518df819c1381.jpeg;G060;photo;;tôle alu striée : barres en diagonale (quintette);aluminium-toles-tole-striee;tole-striee-de-3000x1500x3-5-5mm-en-aluminium
aluminium-toles-tole-striee/0004418_0b545054b57d46c7a4d518df819c1381.jpeg;G060;photo;;tôle alu striée : barres en diagonale (quintette);aluminium-toles-tole-striee;tole-striee-de-2000x1000x5-7mm-en-aluminium
aluminium-toles-tole-striee/0004420_0b545054b57d46c7a4d518df819c1381.jpeg;G060;photo;;tôle alu striée : barres en diagonale (quintette);aluminium-toles-tole-striee;tole-striee-de-2500x1250x5-7mm-en-aluminium
aluminium-toles-tole-striee/0004422_0b545054b57d46c7a4d518df819c1381.jpeg;G060;photo;;tôle alu striée : barres en diagonale (quintette);aluminium-toles-tole-striee;tole-striee-de-3000x1500x5-7mm-en-aluminium
aluminium-tubes-tube-carre/0004564_078644d871ff466b8db49e39134ffbce.jpeg;G061;photo;;tubes carrés alu;aluminium-tubes-tube-carre;tube-carre-de-15x15x2mm-en-aluminium
aluminium-tubes-tube-carre/0004566_078644d871ff466b8db49e39134ffbce.jpeg;G061;photo;;tubes carrés alu;aluminium-tubes-tube-carre;tube-carre-de-20x20x2mm-en-aluminium
aluminium-tubes-tube-carre/0004568_078644d871ff466b8db49e39134ffbce.jpeg;G061;photo;;tubes carrés alu;aluminium-tubes-tube-carre;tube-carre-de-25x25x2mm-en-aluminium
aluminium-tubes-tube-carre/0004572_078644d871ff466b8db49e39134ffbce.jpeg;G061;photo;;tubes carrés alu;aluminium-tubes-tube-carre;tube-carre-de-35x35x2mm-en-aluminium
aluminium-tubes-tube-carre/0004574_078644d871ff466b8db49e39134ffbce.jpeg;G061;photo;;tubes carrés alu;aluminium-tubes-tube-carre;tube-carre-de-40x40x2mm-en-aluminium
aluminium-tubes-tube-carre/0004576_078644d871ff466b8db49e39134ffbce.jpeg;G061;photo;;tubes carrés alu;aluminium-tubes-tube-carre;tube-carre-de-40x40x3mm-en-aluminium
aluminium-tubes-tube-carre/0004580_078644d871ff466b8db49e39134ffbce.jpeg;G061;photo;;tubes carrés alu;aluminium-tubes-tube-carre;tube-carre-de-50x50x2mm-en-aluminium
aluminium-tubes-tube-carre/0004857_078644d871ff466b8db49e39134ffbce.jpeg;G061;photo;;tubes carrés alu;aluminium-tubes-tube-carre;tube-carre-de-60x60x3mm-en-aluminium
aluminium-tubes-tube-carre/0004565_80c8fa5449bc4e6aa4dc8ffe7827b261.jpeg;G062;schema;;tube carré : A, B, C;aluminium-tubes-tube-carre;tube-carre-de-15x15x2mm-en-aluminium
aluminium-tubes-tube-carre/0004567_80c8fa5449bc4e6aa4dc8ffe7827b261.jpeg;G062;schema;;tube carré : A, B, C;aluminium-tubes-tube-carre;tube-carre-de-20x20x2mm-en-aluminium
aluminium-tubes-tube-carre/0004569_80c8fa5449bc4e6aa4dc8ffe7827b261.jpeg;G062;schema;;tube carré : A, B, C;aluminium-tubes-tube-carre;tube-carre-de-25x25x2mm-en-aluminium
aluminium-tubes-tube-carre/0004573_80c8fa5449bc4e6aa4dc8ffe7827b261.jpeg;G062;schema;;tube carré : A, B, C;aluminium-tubes-tube-carre;tube-carre-de-35x35x2mm-en-aluminium
aluminium-tubes-tube-carre/0004575_80c8fa5449bc4e6aa4dc8ffe7827b261.jpeg;G062;schema;;tube carré : A, B, C;aluminium-tubes-tube-carre;tube-carre-de-40x40x2mm-en-aluminium
aluminium-tubes-tube-carre/0004577_80c8fa5449bc4e6aa4dc8ffe7827b261.jpeg;G062;schema;;tube carré : A, B, C;aluminium-tubes-tube-carre;tube-carre-de-40x40x3mm-en-aluminium
aluminium-tubes-tube-carre/0004581_80c8fa5449bc4e6aa4dc8ffe7827b261.jpeg;G062;schema;;tube carré : A, B, C;aluminium-tubes-tube-carre;tube-carre-de-50x50x2mm-en-aluminium
aluminium-tubes-tube-carre/0004858_80c8fa5449bc4e6aa4dc8ffe7827b261.jpeg;G062;schema;;tube carré : A, B, C;aluminium-tubes-tube-carre;tube-carre-de-60x60x3mm-en-aluminium
aluminium-tubes-tube-rectangulaire/0004584_ff248b62307a4df491383ee3cf9378d3.jpeg;G063;photo;;tubes rectangulaires alu;aluminium-tubes-tube-rectangulaire;tube-rectangle-de-30x20x2mm-en-aluminium
aluminium-tubes-tube-rectangulaire/0004588_ff248b62307a4df491383ee3cf9378d3.jpeg;G063;photo;;tubes rectangulaires alu;aluminium-tubes-tube-rectangulaire;tube-rectangle-de-50x30x2mm-en-aluminium
aluminium-tubes-tube-rectangulaire/0004592_ff248b62307a4df491383ee3cf9378d3.jpeg;G063;photo;;tubes rectangulaires alu;aluminium-tubes-tube-rectangulaire;tube-rectangle-de-60x30x3mm-en-aluminium
aluminium-tubes-tube-rectangulaire/0004594_ff248b62307a4df491383ee3cf9378d3.jpeg;G063;photo;;tubes rectangulaires alu;aluminium-tubes-tube-rectangulaire;tube-rectangle-de-60x40x2mm-en-aluminium
aluminium-tubes-tube-rectangulaire/0004596_ff248b62307a4df491383ee3cf9378d3.jpeg;G063;photo;;tubes rectangulaires alu;aluminium-tubes-tube-rectangulaire;tube-rectangle-de-60x40x3mm-en-aluminium
aluminium-tubes-tube-rectangulaire/0004585_c21eb1ec1a974da9a33a531c864be4c5.jpeg;G064;schema;;tube rectangulaire : A, B, C;aluminium-tubes-tube-rectangulaire;tube-rectangle-de-30x20x2mm-en-aluminium
aluminium-tubes-tube-rectangulaire/0004589_c21eb1ec1a974da9a33a531c864be4c5.jpeg;G064;schema;;tube rectangulaire : A, B, C;aluminium-tubes-tube-rectangulaire;tube-rectangle-de-50x30x2mm-en-aluminium
aluminium-tubes-tube-rectangulaire/0004593_c21eb1ec1a974da9a33a531c864be4c5.jpeg;G064;schema;;tube rectangulaire : A, B, C;aluminium-tubes-tube-rectangulaire;tube-rectangle-de-60x30x3mm-en-aluminium
aluminium-tubes-tube-rectangulaire/0004595_c21eb1ec1a974da9a33a531c864be4c5.jpeg;G064;schema;;tube rectangulaire : A, B, C;aluminium-tubes-tube-rectangulaire;tube-rectangle-de-60x40x2mm-en-aluminium
aluminium-tubes-tube-rectangulaire/0004597_c21eb1ec1a974da9a33a531c864be4c5.jpeg;G064;schema;;tube rectangulaire : A, B, C;aluminium-tubes-tube-rectangulaire;tube-rectangle-de-60x40x3mm-en-aluminium
aluminium-tubes-tube-rond/0004608_e5425110ce5c466e97b6baa91fd49565.jpeg;G065;photo;;tubes ronds alu;aluminium-tubes-tube-rond;tube-rond-de-20x2mm-en-aluminium
aluminium-tubes-tube-rond/0004610_e5425110ce5c466e97b6baa91fd49565.jpeg;G065;photo;;tubes ronds alu;aluminium-tubes-tube-rond;tube-rond-de-25x2mm-en-aluminium
aluminium-tubes-tube-rond/0004612_e5425110ce5c466e97b6baa91fd49565.jpeg;G065;photo;;tubes ronds alu;aluminium-tubes-tube-rond;tube-rond-de-30x2mm-en-aluminium
aluminium-tubes-tube-rond/0004614_e5425110ce5c466e97b6baa91fd49565.jpeg;G065;photo;;tubes ronds alu;aluminium-tubes-tube-rond;tube-rond-de-35x2mm-en-aluminium
aluminium-tubes-tube-rond/0004616_e5425110ce5c466e97b6baa91fd49565.jpeg;G065;photo;;tubes ronds alu;aluminium-tubes-tube-rond;tube-rond-de-40x2mm-en-aluminium
hors-catalogue/default-image.png;G066;vide;;vignette « NO IMAGE » du site actuel;hors-catalogue;
inox-profiles-corniere-egale/0004680_a35b9e0245624d0886e7b1810eb39945.jpeg;G067;banque;;cornières inox brossé sur fond blanc, image lissée;inox-profiles-corniere-egale;corniere-egale-20x20x3mm-en-inox
inox-profiles-corniere-egale/0004682_a35b9e0245624d0886e7b1810eb39945.jpeg;G067;banque;;cornières inox brossé sur fond blanc, image lissée;inox-profiles-corniere-egale;corniere-egale-25x25x3mm-en-inox
inox-profiles-corniere-egale/0004684_a35b9e0245624d0886e7b1810eb39945.jpeg;G067;banque;;cornières inox brossé sur fond blanc, image lissée;inox-profiles-corniere-egale;corniere-egale-30x30x3mm-en-inox
inox-profiles-corniere-egale/0004686_a35b9e0245624d0886e7b1810eb39945.jpeg;G067;banque;;cornières inox brossé sur fond blanc, image lissée;inox-profiles-corniere-egale;corniere-egale-40x40x4mm-en-inox
inox-profiles-corniere-egale/0004688_a35b9e0245624d0886e7b1810eb39945.jpeg;G067;banque;;cornières inox brossé sur fond blanc, image lissée;inox-profiles-corniere-egale;corniere-egale-50x50x5mm-en-inox
inox-profiles-plat/0004691_615d544f89574d65ba9c62867707314c.jpeg;G068;banque;;plats inox sur fond blanc, image lissée;inox-profiles-plat;plat-20x3mm-en-inox-304
inox-profiles-plat/0004693_615d544f89574d65ba9c62867707314c.jpeg;G068;banque;;plats inox sur fond blanc, image lissée;inox-profiles-plat;plat-20x5mm-en-inox-304
inox-profiles-plat/0004695_615d544f89574d65ba9c62867707314c.jpeg;G068;banque;;plats inox sur fond blanc, image lissée;inox-profiles-plat;plat-25x3mm-en-inox-304
inox-profiles-plat/0004697_615d544f89574d65ba9c62867707314c.jpeg;G068;banque;;plats inox sur fond blanc, image lissée;inox-profiles-plat;plat-25x5mm-en-inox-304
inox-profiles-plat/0004699_615d544f89574d65ba9c62867707314c.jpeg;G068;banque;;plats inox sur fond blanc, image lissée;inox-profiles-plat;plat-30x3mm-en-inox-304
inox-profiles-plat/0004701_615d544f89574d65ba9c62867707314c.jpeg;G068;banque;;plats inox sur fond blanc, image lissée;inox-profiles-plat;plat-30x5mm-en-inox-304
inox-profiles-plat/0004709_615d544f89574d65ba9c62867707314c.jpeg;G068;banque;;plats inox sur fond blanc, image lissée;inox-profiles-plat;plat-40x3mm-en-inox-304
inox-profiles-plat/0004713_615d544f89574d65ba9c62867707314c.jpeg;G068;banque;;plats inox sur fond blanc, image lissée;inox-profiles-plat;plat-40x5mm-en-inox-304
inox-profiles-plat/0004717_615d544f89574d65ba9c62867707314c.jpeg;G068;banque;;plats inox sur fond blanc, image lissée;inox-profiles-plat;plat-50x5mm-en-inox-304
inox-profiles-plat/0004719_615d544f89574d65ba9c62867707314c.jpeg;G068;banque;;plats inox sur fond blanc, image lissée;inox-profiles-plat;plat-60x5mm-en-inox-304
inox-profiles-rond-plein/0004671_50477a3b05364de8add96c574b9e74fe.jpeg;G069;banque;;ronds inox sur fond blanc, image lissée;inox-profiles-rond-plein;rond-plein-lisse-diametre-8mm-en-inox
inox-profiles-rond-plein/0004673_50477a3b05364de8add96c574b9e74fe.jpeg;G069;banque;;ronds inox sur fond blanc, image lissée;inox-profiles-rond-plein;rond-plein-lisse-diametre-10mm-en-inox
inox-profiles-rond-plein/0004675_50477a3b05364de8add96c574b9e74fe.jpeg;G069;banque;;ronds inox sur fond blanc, image lissée;inox-profiles-rond-plein;rond-plein-lisse-diametre-12mm-en-inox
inox-toles-tole-plane-304-brossee/0004647_716749d64e3649fd9030bb356137ead6.jpeg;G070;banque;;tôles inox brossé, image lissée;inox-toles-tole-plane-304-brossee;tole-plane-2000x1000x0-8mm-en-inox-304-gr320
inox-toles-tole-plane-304-brossee/0004649_716749d64e3649fd9030bb356137ead6.jpeg;G070;banque;;tôles inox brossé, image lissée;inox-toles-tole-plane-304-brossee;tole-2000x1000x1mm-plane-en-inox-304-gr320
inox-toles-tole-plane-304-brossee/0004651_716749d64e3649fd9030bb356137ead6.jpeg;G070;banque;;tôles inox brossé, image lissée;inox-toles-tole-plane-304-brossee;tole-2500x1250x1mm-plane-en-inox-304-gr320
inox-toles-tole-plane-304-brossee/0004653_716749d64e3649fd9030bb356137ead6.jpeg;G070;banque;;tôles inox brossé, image lissée;inox-toles-tole-plane-304-brossee;tole-3000x1500x1mm-plane-en-inox-304-gr320
inox-toles-tole-plane-304-brossee/0004655_716749d64e3649fd9030bb356137ead6.jpeg;G070;banque;;tôles inox brossé, image lissée;inox-toles-tole-plane-304-brossee;tole-2000x1000x2mm-plane-en-inox-304-gr320
inox-toles-tole-plane-304-brossee/0004657_716749d64e3649fd9030bb356137ead6.jpeg;G070;banque;;tôles inox brossé, image lissée;inox-toles-tole-plane-304-brossee;tole-2500x1250x2mm-plane-en-inox-304-gr320
inox-toles-tole-plane-304-brossee/0004659_716749d64e3649fd9030bb356137ead6.jpeg;G070;banque;;tôles inox brossé, image lissée;inox-toles-tole-plane-304-brossee;tole-3000x1500x2mm-plane-en-inox-304-gr320
inox-toles-tole-plane-304-brossee/0004661_716749d64e3649fd9030bb356137ead6.jpeg;G070;banque;;tôles inox brossé, image lissée;inox-toles-tole-plane-304-brossee;tole-2000x1000x3mm-plane-en-inox-304-gr320
inox-toles-tole-plane-304-brossee/0004663_716749d64e3649fd9030bb356137ead6.jpeg;G070;banque;;tôles inox brossé, image lissée;inox-toles-tole-plane-304-brossee;tole-2500x1250x3mm-plane-en-inox-304-gr320
inox-toles-tole-plane-304-brossee/0004665_716749d64e3649fd9030bb356137ead6.jpeg;G070;banque;;tôles inox brossé, image lissée;inox-toles-tole-plane-304-brossee;tole-3000x1500x3mm-plane-en-inox-304-gr320
inox-tubes-tube-carre/0004765_9ac5d84b2d744040acfba079593660a3.jpeg;G071;banque;;tubes carrés inox en pyramide sur fond blanc;inox-tubes-tube-carre;tube-carre-20x20x2mm-en-inox-304
inox-tubes-tube-carre/0004767_9ac5d84b2d744040acfba079593660a3.jpeg;G071;banque;;tubes carrés inox en pyramide sur fond blanc;inox-tubes-tube-carre;tube-carre-25x25x2mm-en-inox-304
inox-tubes-tube-carre/0004769_9ac5d84b2d744040acfba079593660a3.jpeg;G071;banque;;tubes carrés inox en pyramide sur fond blanc;inox-tubes-tube-carre;tube-carre-30x30x2mm-en-inox-304
inox-tubes-tube-carre/0004771_9ac5d84b2d744040acfba079593660a3.jpeg;G071;banque;;tubes carrés inox en pyramide sur fond blanc;inox-tubes-tube-carre;tube-carre-35x35x2mm-en-inox-304
inox-tubes-tube-carre/0004773_9ac5d84b2d744040acfba079593660a3.jpeg;G071;banque;;tubes carrés inox en pyramide sur fond blanc;inox-tubes-tube-carre;tube-carre-40x40x2mm-en-inox-304
inox-tubes-tube-carre/0004775_9ac5d84b2d744040acfba079593660a3.jpeg;G071;banque;;tubes carrés inox en pyramide sur fond blanc;inox-tubes-tube-carre;tube-carre-50x50x2mm-en-inox-304
inox-tubes-tube-rectangulaire/0004752_38d4f77e35c44ecca7f16a3ecd3676eb.jpeg;G072;banque;;tubes rectangulaires inox sur fond blanc;inox-tubes-tube-rectangulaire;tube-rectangle-40x20x2mm-en-inox-304
inox-tubes-tube-rond/0004731_4a7d457c65f94bc080cf4f2854e99f52.jpeg;G073;banque;;tubes ronds inox en pyramide sur fond blanc;inox-tubes-tube-rond;tube-rond-17-2x2mm-en-inox-304
inox-tubes-tube-rond/0004733_4a7d457c65f94bc080cf4f2854e99f52.jpeg;G073;banque;;tubes ronds inox en pyramide sur fond blanc;inox-tubes-tube-rond;tube-rond-21-3x2mm-en-inox-304
inox-tubes-tube-rond/0004735_4a7d457c65f94bc080cf4f2854e99f52.jpeg;G073;banque;;tubes ronds inox en pyramide sur fond blanc;inox-tubes-tube-rond;tube-rond-26-9x2mm-en-inox-304
inox-tubes-tube-rond/0004737_4a7d457c65f94bc080cf4f2854e99f52.jpeg;G073;banque;;tubes ronds inox en pyramide sur fond blanc;inox-tubes-tube-rond;tube-rond-33-7x2mm-en-inox-304
inox-tubes-tube-rond/0004739_4a7d457c65f94bc080cf4f2854e99f52.jpeg;G073;banque;;tubes ronds inox en pyramide sur fond blanc;inox-tubes-tube-rond;tube-rond-42-4x2mm-en-inox-304
inox-tubes-tube-rond/0004741_4a7d457c65f94bc080cf4f2854e99f52.jpeg;G073;banque;;tubes ronds inox en pyramide sur fond blanc;inox-tubes-tube-rond;tube-rond-48-3x2mm-en-inox-304
inox-tubes-tube-rond/0004743_4a7d457c65f94bc080cf4f2854e99f52.jpeg;G073;banque;;tubes ronds inox en pyramide sur fond blanc;inox-tubes-tube-rond;tube-rond-60-3x2mm-en-inox-304
inox-tubes-tube-rond/0004746_4a7d457c65f94bc080cf4f2854e99f52.jpeg;G073;banque;;tubes ronds inox en pyramide sur fond blanc;inox-tubes-tube-rond;tube-rond-76-1x2mm-en-inox-304
jardin-cloture-amenagement-bordures/0005238_bordure-en-acier-corten-15025-x-2500mm.jpeg;G074;ambiance;;bordure corten au jardin;jardin-cloture-amenagement-bordures;bordure-en-acier-corten-150-25-x-2500mm
jardin-cloture-amenagement-bordures/0005245_bordure-en-acier-galvanise-15025-x-2500mm.jpeg;G075;ambiance;;bordure galvanisée au jardin;jardin-cloture-amenagement-bordures;bordure-en-acier-galvanise-150-25-x-2500mm
jardin-cloture-amenagement-bordures/0005239_bordure-en-acier-corten-15025-x-2500mm.jpeg;G076;packshot;;bordure : bande avec retour plié en tête (forme du 150/25);jardin-cloture-amenagement-bordures;bordure-en-acier-corten-150-25-x-2500mm
jardin-cloture-amenagement-bordures/0005246_bordure-en-acier-galvanise-15025-x-2500mm.jpeg;G076;packshot;;bordure : bande avec retour plié en tête (forme du 150/25);jardin-cloture-amenagement-bordures;bordure-en-acier-galvanise-150-25-x-2500mm
jardin-cloture-clotures-fixations/0004839_72bb0675675d4aa592f7e4cfa30b2f4d.jpeg;G077;packshot;;clé de montage brides rapides, bandeau Grosjean;jardin-cloture-clotures-fixations;cle-de-montage-bride-rapide
jardin-cloture-clotures-fixations/0004844_65c72d63757645099bad50fde9b1ab4e.jpeg;G078;packshot;;fixation bride 30 NV noir : vis, écrou, bride plastique noire;jardin-cloture-clotures-fixations;fixation-bride-30-nv-noir
jardin-cloture-clotures-fixations/0004845_5a92a74c31624cbd946b4cae93b78394.jpeg;G079;packshot;;fixations brides 30 NV noir (50 pièces);jardin-cloture-clotures-fixations;kit-50-fixations-brides-30-nv-noir
jardin-cloture-clotures-fixations/0004846_9f733380e1ca416e8c113b2fabda822c.jpeg;G080;packshot;;bride rapide inox;jardin-cloture-clotures-fixations;bride-rapide-en-inox
jardin-cloture-clotures-fixations/0004842_e38c4492ee6a486398ac7ba6047c28a9.jpeg;G081;packshot;;kit 12 serveurs Clogriff : cale plastique noire;jardin-cloture-clotures-fixations;kit-12-serveurs-clogriff-64
jardin-cloture-clotures-fixations/0004843_491cd5517de244ebacd631361137cc45.jpeg;G082;packshot;;kit 12 serveurs Clogriff en sachet;jardin-cloture-clotures-fixations;kit-12-serveurs-clogriff-64
jardin-cloture-clotures-panneaux-rigides/0004896_55fe1c3dd03d41bcabb9f0d8459c5963.jpeg;G083;ambiance;;panneau Plis 205 fil 5/4 RAL 6005 posé;jardin-cloture-clotures-panneaux-rigides;panneaux-medium-3d-fils-5-4-h-1m53-vert-ral-6005
jardin-cloture-clotures-panneaux-rigides/0004897_55fe1c3dd03d41bcabb9f0d8459c5963.jpeg;G083;ambiance;;panneau Plis 205 fil 5/4 RAL 6005 posé;jardin-cloture-clotures-panneaux-rigides;panneaux-medium-3d-fils-5-4-h-1m73-vert-ral-6005
jardin-cloture-clotures-panneaux-rigides/0004898_55fe1c3dd03d41bcabb9f0d8459c5963.jpeg;G083;ambiance;;panneau Plis 205 fil 5/4 RAL 6005 posé;jardin-cloture-clotures-panneaux-rigides;panneaux-medium-3d-fils-5-4-h-1m93-vert-ral-6005
jardin-cloture-clotures-panneaux-rigides/0004899_8317b0bb2ad64f4e8ccc71f43d021731.jpeg;G083;ambiance;;panneau Plis 205 fil 5/4 RAL 6005 posé;jardin-cloture-clotures-panneaux-rigides;panneaux-medium-3d-fils-5-4-h-1m53-noir-ral-9005
jardin-cloture-clotures-panneaux-rigides/0004900_panneaux-medium-3d-fils-54-h1m73-noir-ral-9005.jpeg;G083;ambiance;;panneau Plis 205 fil 5/4 RAL 6005 posé;jardin-cloture-clotures-panneaux-rigides;panneaux-medium-3d-fils-5-4-h-1m73-noir-ral-9005
jardin-cloture-clotures-panneaux-rigides/0004901_8317b0bb2ad64f4e8ccc71f43d021731.jpeg;G083;ambiance;;panneau Plis 205 fil 5/4 RAL 6005 posé;jardin-cloture-clotures-panneaux-rigides;panneaux-medium-3d-fils-5-4-h-1m93-noir-ral-9005
jardin-cloture-clotures-panneaux-rigides/0004902_a039030e4c9e4c9d8a25bf192ce8b374.jpeg;G083;ambiance;;panneau Plis 205 fil 5/4 RAL 6005 posé;jardin-cloture-clotures-panneaux-rigides;panneaux-medium-3d-fils-5-4-h-1m53-gris-ral-7016
jardin-cloture-clotures-panneaux-rigides/0004903_a039030e4c9e4c9d8a25bf192ce8b374.jpeg;G083;ambiance;;panneau Plis 205 fil 5/4 RAL 6005 posé;jardin-cloture-clotures-panneaux-rigides;panneaux-medium-3d-fils-5-4-h-1m73-gris-ral-7016
jardin-cloture-clotures-panneaux-rigides/0004904_a039030e4c9e4c9d8a25bf192ce8b374.jpeg;G083;ambiance;;panneau Plis 205 fil 5/4 RAL 6005 posé;jardin-cloture-clotures-panneaux-rigides;panneaux-medium-3d-fils-5-4-h-1m93-gris-ral-7016
jardin-cloture-clotures-panneaux-rigides/0004907_f0815ef21ddb4994bcd183d7a95129b3.jpeg;G083;ambiance;;panneau Plis 205 fil 5/4 RAL 6005 posé;jardin-cloture-clotures-panneaux-rigides;panneaux-plis-205-fils-5-5-3d-h-1m73-noir-ral-9005
jardin-cloture-clotures-panneaux-rigides/0004908_panneaux-plis-205-fils-55-3d-h-1m93-noir-ral-9005.jpeg;G083;ambiance;;panneau Plis 205 fil 5/4 RAL 6005 posé;jardin-cloture-clotures-panneaux-rigides;panneaux-plis-205-fils-5-5-3d-h-1m93-noir-ral-9005
jardin-cloture-clotures-panneaux-rigides/0004910_3114fabcd75a4b50a13ae67121557cf4.jpeg;G083;ambiance;;panneau Plis 205 fil 5/4 RAL 6005 posé;jardin-cloture-clotures-panneaux-rigides;panneaux-plis-205-fils-5-5-3d-h-1m73-gris-7016
jardin-cloture-clotures-panneaux-rigides/0004911_3114fabcd75a4b50a13ae67121557cf4.jpeg;G083;ambiance;;panneau Plis 205 fil 5/4 RAL 6005 posé;jardin-cloture-clotures-panneaux-rigides;panneaux-plis-205-fils-5-5-3d-h-1m93-gris-7016
jardin-cloture-clotures-panneaux-rigides/0004936_ecc6340a836a4f0a9114e94987f4545c.jpeg;G084;photo;;panneaux de clôture sur palette : vert foncé;jardin-cloture-clotures-panneaux-rigides;panneaux-plis-205-fils-5-5-3d-h-1m73-noir-ral-9005
jardin-cloture-clotures-panneaux-rigides/0004937_ecc6340a836a4f0a9114e94987f4545c.jpeg;G084;photo;;panneaux de clôture sur palette : vert foncé;jardin-cloture-clotures-panneaux-rigides;panneaux-plis-205-fils-5-5-3d-h-1m93-noir-ral-9005
jardin-cloture-clotures-panneaux-rigides/0004944_ecc6340a836a4f0a9114e94987f4545c.jpeg;G084;photo;;panneaux de clôture sur palette : vert foncé;jardin-cloture-clotures-panneaux-rigides;panneaux-medium-3d-fils-5-4-h-1m53-noir-ral-9005
jardin-cloture-clotures-panneaux-rigides/0004945_panneaux-medium-3d-fils-54-h1m73-noir-ral-9005.jpeg;G084;photo;;panneaux de clôture sur palette : vert foncé;jardin-cloture-clotures-panneaux-rigides;panneaux-medium-3d-fils-5-4-h-1m73-noir-ral-9005
jardin-cloture-clotures-panneaux-rigides/0004946_ecc6340a836a4f0a9114e94987f4545c.jpeg;G084;photo;;panneaux de clôture sur palette : vert foncé;jardin-cloture-clotures-panneaux-rigides;panneaux-medium-3d-fils-5-4-h-1m93-noir-ral-9005
jardin-cloture-clotures-panneaux-rigides/0004939_730f52a466874b4fb84fd8e2b48e6449.jpeg;G085;photo;;panneaux de clôture sur palettes;jardin-cloture-clotures-panneaux-rigides;panneaux-plis-205-fils-5-5-3d-h-1m73-gris-7016
jardin-cloture-clotures-panneaux-rigides/0004940_730f52a466874b4fb84fd8e2b48e6449.jpeg;G085;photo;;panneaux de clôture sur palettes;jardin-cloture-clotures-panneaux-rigides;panneaux-plis-205-fils-5-5-3d-h-1m93-gris-7016
jardin-cloture-clotures-panneaux-rigides/0004947_730f52a466874b4fb84fd8e2b48e6449.jpeg;G085;photo;;panneaux de clôture sur palettes;jardin-cloture-clotures-panneaux-rigides;panneaux-medium-3d-fils-5-4-h-1m53-gris-ral-7016
jardin-cloture-clotures-panneaux-rigides/0004948_730f52a466874b4fb84fd8e2b48e6449.jpeg;G085;photo;;panneaux de clôture sur palettes;jardin-cloture-clotures-panneaux-rigides;panneaux-medium-3d-fils-5-4-h-1m73-gris-ral-7016
jardin-cloture-clotures-panneaux-rigides/0004949_730f52a466874b4fb84fd8e2b48e6449.jpeg;G085;photo;;panneaux de clôture sur palettes;jardin-cloture-clotures-panneaux-rigides;panneaux-medium-3d-fils-5-4-h-1m93-gris-ral-7016
jardin-cloture-clotures-panneaux-rigides/0004941_345b263236d64be3919b9a88a13602b3.jpeg;G086;photo;;panneaux de clôture sur palette;jardin-cloture-clotures-panneaux-rigides;panneaux-medium-3d-fils-5-4-h-1m53-vert-ral-6005
jardin-cloture-clotures-panneaux-rigides/0004942_345b263236d64be3919b9a88a13602b3.jpeg;G086;photo;;panneaux de clôture sur palette;jardin-cloture-clotures-panneaux-rigides;panneaux-medium-3d-fils-5-4-h-1m73-vert-ral-6005
jardin-cloture-clotures-panneaux-rigides/0004943_345b263236d64be3919b9a88a13602b3.jpeg;G086;photo;;panneaux de clôture sur palette;jardin-cloture-clotures-panneaux-rigides;panneaux-medium-3d-fils-5-4-h-1m93-vert-ral-6005
jardin-cloture-clotures-poteaux/0004875_44feafb7670a4e628b6892c51c15b3ab.jpeg;G087;ambiance;;poteau Clogriff 64 posé, RAL 6005;jardin-cloture-clotures-poteaux;poteau-de-cloture-clogriff-64-2m00-vert-ral-6005
jardin-cloture-clotures-poteaux/0004876_44feafb7670a4e628b6892c51c15b3ab.jpeg;G087;ambiance;;poteau Clogriff 64 posé, RAL 6005;jardin-cloture-clotures-poteaux;poteau-de-cloture-clogriff-64-2m30-vert-ral-6005
jardin-cloture-clotures-poteaux/0004877_44feafb7670a4e628b6892c51c15b3ab.jpeg;G087;ambiance;;poteau Clogriff 64 posé, RAL 6005;jardin-cloture-clotures-poteaux;poteau-de-cloture-clogriff-64-2m50-vert-ral-6005
jardin-cloture-clotures-poteaux/0004879_b943349689ec4c6ca3bba4bfadb55db9.jpeg;G087;ambiance;;poteau Clogriff 64 posé, RAL 6005;jardin-cloture-clotures-poteaux;poteau-de-cloture-clogriff-64-2m00-noir-ral-9005
jardin-cloture-clotures-poteaux/0004880_b943349689ec4c6ca3bba4bfadb55db9.jpeg;G087;ambiance;;poteau Clogriff 64 posé, RAL 6005;jardin-cloture-clotures-poteaux;poteau-de-cloture-clogriff-64-2m30-noir-ral-9005
jardin-cloture-clotures-poteaux/0004881_b943349689ec4c6ca3bba4bfadb55db9.jpeg;G087;ambiance;;poteau Clogriff 64 posé, RAL 6005;jardin-cloture-clotures-poteaux;poteau-de-cloture-clogriff-64-2m50-noir-ral-9005
jardin-cloture-clotures-poteaux/0004885_poteau-de-cloture-clogriff-64-2m00-gris-ral-7016.jpeg;G087;ambiance;;poteau Clogriff 64 posé, RAL 6005;jardin-cloture-clotures-poteaux;poteau-de-cloture-clogriff-64-2m00-gris-ral-7016
jardin-cloture-clotures-poteaux/0004886_373a60c43e634f1288b0487c3f70ea60.jpeg;G087;ambiance;;poteau Clogriff 64 posé, RAL 6005;jardin-cloture-clotures-poteaux;poteau-de-cloture-clogriff-64-2m50-vert-ral-7016
jardin-cloture-clotures-poteaux/0004887_ae575272fed141ffb2a32c8985df4327.jpeg;G088;ambiance;;poteau Cloplus 40 posé, RAL 6005, légende « (ALU) »;jardin-cloture-clotures-poteaux;poteau-de-cloture-cloplus-40-2m00-vert-ral-6005
jardin-cloture-clotures-poteaux/0004888_ae575272fed141ffb2a32c8985df4327.jpeg;G088;ambiance;;poteau Cloplus 40 posé, RAL 6005, légende « (ALU) »;jardin-cloture-clotures-poteaux;poteau-de-cloture-cloplus-40-2m30-vert-ral-6005
jardin-cloture-clotures-poteaux/0004889_ae575272fed141ffb2a32c8985df4327.jpeg;G088;ambiance;;poteau Cloplus 40 posé, RAL 6005, légende « (ALU) »;jardin-cloture-clotures-poteaux;poteau-de-cloture-cloplus-40-2m50-vert-ral-6005
jardin-cloture-clotures-poteaux/0004890_96f2fbf2a318465097bcaa24518e94cb.jpeg;G088;ambiance;;poteau Cloplus 40 posé, RAL 6005, légende « (ALU) »;jardin-cloture-clotures-poteaux;poteau-de-cloture-cloplus-40-2m00-noir-ral-9005
jardin-cloture-clotures-poteaux/0004891_96f2fbf2a318465097bcaa24518e94cb.jpeg;G088;ambiance;;poteau Cloplus 40 posé, RAL 6005, légende « (ALU) »;jardin-cloture-clotures-poteaux;poteau-de-cloture-cloplus-40-2m50-noir-ral-9005
jardin-cloture-clotures-poteaux/0004892_2e6acae7bac2449e928270e06c154fa4.jpeg;G088;ambiance;;poteau Cloplus 40 posé, RAL 6005, légende « (ALU) »;jardin-cloture-clotures-poteaux;poteau-de-cloture-cloplus-40-2m00-gris-ral-7016
jardin-cloture-clotures-poteaux/0004893_2e6acae7bac2449e928270e06c154fa4.jpeg;G088;ambiance;;poteau Cloplus 40 posé, RAL 6005, légende « (ALU) »;jardin-cloture-clotures-poteaux;poteau-de-cloture-cloplus-40-2m30-gris-ral-7016
jardin-cloture-clotures-poteaux/0004894_2e6acae7bac2449e928270e06c154fa4.jpeg;G088;ambiance;;poteau Cloplus 40 posé, RAL 6005, légende « (ALU) »;jardin-cloture-clotures-poteaux;poteau-de-cloture-cloplus-40-2m50-gris-ral-7016
jardin-cloture-clotures-poteaux/0004895_96f2fbf2a318465097bcaa24518e94cb.jpeg;G088;ambiance;;poteau Cloplus 40 posé, RAL 6005, légende « (ALU) »;jardin-cloture-clotures-poteaux;poteau-de-cloture-cloplus-40-2m30-noir-ral-9005
quincaillerie-caillebotis-marches/0005067_940aa60af337488380a780163987e4e8.jpeg;G089;packshot;;marches caillebotis perforées antidérapantes, logo Gi;quincaillerie-caillebotis-marches;plancher-securit-pcp-o2-1000x1000mm
quincaillerie-caillebotis-marches/0005051_e6f172b18b5e45e4b44a9b52e47fcfc1.jpeg;G090;packshot;;marche caillebotis perforée, logo Gi;quincaillerie-caillebotis-marches;marche-securit-pcp-o2-achil-800-x-250mm
quincaillerie-caillebotis-marches/0005053_e6f172b18b5e45e4b44a9b52e47fcfc1.jpeg;G090;packshot;;marche caillebotis perforée, logo Gi;quincaillerie-caillebotis-marches;marche-securit-pcp-o2-achil-900x250mm
quincaillerie-caillebotis-marches/0005055_e6f172b18b5e45e4b44a9b52e47fcfc1.jpeg;G090;packshot;;marche caillebotis perforée, logo Gi;quincaillerie-caillebotis-marches;marche-securit-pcp-o2-achil-1000x250mm
quincaillerie-caillebotis-marches/0005057_fe0e8e79878745b0ac8a0166af617a0a.jpeg;G091;packshot;;marche caillebotis à grille, logo Gi;quincaillerie-caillebotis-marches;marche-d-escalier-caillebotis-1000x230mm
quincaillerie-caillebotis-marches/0005059_fe0e8e79878745b0ac8a0166af617a0a.jpeg;G091;packshot;;marche caillebotis à grille, logo Gi;quincaillerie-caillebotis-marches;marche-d-escalier-caillebotis-900x230mm
quincaillerie-caillebotis-marches/0005061_fe0e8e79878745b0ac8a0166af617a0a.jpeg;G091;packshot;;marche caillebotis à grille, logo Gi;quincaillerie-caillebotis-marches;marche-d-escalier-caillebotis-800x230mm
quincaillerie-caillebotis-marches/0005063_fe0e8e79878745b0ac8a0166af617a0a.jpeg;G091;packshot;;marche caillebotis à grille, logo Gi;quincaillerie-caillebotis-marches;marche-d-escalier-caillebotis-700x230mm
quincaillerie-caillebotis-marches/0005065_fe0e8e79878745b0ac8a0166af617a0a.jpeg;G091;packshot;;marche caillebotis à grille, logo Gi;quincaillerie-caillebotis-marches;marche-d-escalier-caillebotis-600x200mm
quincaillerie-caillebotis-marches/0005068_6c7cdb5dfb654922a05b4321f9012704.jpeg;G092;packshot;;caillebotis galvanisés en pile, logo Gi;quincaillerie-caillebotis-marches;caillebotis-galvanise-400x1000mm-33-33-30-2
quincaillerie-caillebotis-marches/0005070_6c7cdb5dfb654922a05b4321f9012704.jpeg;G092;packshot;;caillebotis galvanisés en pile, logo Gi;quincaillerie-caillebotis-marches;caillebotis-galvanise-500x1000mm-33-33-30-2
quincaillerie-caillebotis-marches/0005072_6c7cdb5dfb654922a05b4321f9012704.jpeg;G092;packshot;;caillebotis galvanisés en pile, logo Gi;quincaillerie-caillebotis-marches;caillebotis-galvanise-600x-1000mm-33-33-30-2
quincaillerie-caillebotis-marches/0005074_6c7cdb5dfb654922a05b4321f9012704.jpeg;G092;packshot;;caillebotis galvanisés en pile, logo Gi;quincaillerie-caillebotis-marches;caillebotis-galvanise-700x-1000mm-33-33-30-2
quincaillerie-caillebotis-marches/0005076_6c7cdb5dfb654922a05b4321f9012704.jpeg;G092;packshot;;caillebotis galvanisés en pile, logo Gi;quincaillerie-caillebotis-marches;caillebotis-galvanise-800x-1000mm-33-33-30-2
quincaillerie-caillebotis-marches/0005078_6c7cdb5dfb654922a05b4321f9012704.jpeg;G092;packshot;;caillebotis galvanisés en pile, logo Gi;quincaillerie-caillebotis-marches;caillebotis-galvanise-900x-1000mm-33-33-30-2
quincaillerie-caillebotis-marches/0005080_6c7cdb5dfb654922a05b4321f9012704.jpeg;G092;packshot;;caillebotis galvanisés en pile, logo Gi;quincaillerie-caillebotis-marches;caillebotis-galvanise-1000x-1000mm-33-33-30-2
quincaillerie-caillebotis-marches/0005082_6c7cdb5dfb654922a05b4321f9012704.jpeg;G092;packshot;;caillebotis galvanisés en pile, logo Gi;quincaillerie-caillebotis-marches;caillebotis-galvanise-1010x1190mm-70-70-25-2
quincaillerie-caillebotis-marches/0005084_6c7cdb5dfb654922a05b4321f9012704.jpeg;G092;packshot;;caillebotis galvanisés en pile, logo Gi;quincaillerie-caillebotis-marches;caillebotis-galvanise-1200x-1000mm-33-33-30-2
quincaillerie-caillebotis-marches/0005086_6c7cdb5dfb654922a05b4321f9012704.jpeg;G092;packshot;;caillebotis galvanisés en pile, logo Gi;quincaillerie-caillebotis-marches;caillebotis-galvanises-1200x-1000mm-33-33-30-3
quincaillerie-caillebotis-marches/0005058_b7ef002650b94490b5e1472492a340c2.jpeg;G093;photo;;caillebotis galvanisés au dépôt;quincaillerie-caillebotis-marches;marche-d-escalier-caillebotis-1000x230mm
quincaillerie-caillebotis-marches/0005060_b7ef002650b94490b5e1472492a340c2.jpeg;G093;photo;;caillebotis galvanisés au dépôt;quincaillerie-caillebotis-marches;marche-d-escalier-caillebotis-900x230mm
quincaillerie-caillebotis-marches/0005062_b7ef002650b94490b5e1472492a340c2.jpeg;G093;photo;;caillebotis galvanisés au dépôt;quincaillerie-caillebotis-marches;marche-d-escalier-caillebotis-800x230mm
quincaillerie-caillebotis-marches/0005064_b7ef002650b94490b5e1472492a340c2.jpeg;G093;photo;;caillebotis galvanisés au dépôt;quincaillerie-caillebotis-marches;marche-d-escalier-caillebotis-700x230mm
quincaillerie-caillebotis-marches/0005066_b7ef002650b94490b5e1472492a340c2.jpeg;G093;photo;;caillebotis galvanisés au dépôt;quincaillerie-caillebotis-marches;marche-d-escalier-caillebotis-600x200mm
quincaillerie-caillebotis-marches/0005089_d6776fe095cc47ad95ae715325d5b198.jpeg;G094;photo;aucun (vu à la loupe);marche perforée galvanisée : relief antidérapant, trou de fixation latéral (origine incertaine);quincaillerie-caillebotis-marches;marche-securit-pcp-o2-achil-800-x-250mm
quincaillerie-caillebotis-marches/0005090_d6776fe095cc47ad95ae715325d5b198.jpeg;G094;photo;aucun (vu à la loupe);marche perforée galvanisée : relief antidérapant, trou de fixation latéral (origine incertaine);quincaillerie-caillebotis-marches;marche-securit-pcp-o2-achil-900x250mm
quincaillerie-caillebotis-marches/0005091_d6776fe095cc47ad95ae715325d5b198.jpeg;G094;photo;aucun (vu à la loupe);marche perforée galvanisée : relief antidérapant, trou de fixation latéral (origine incertaine);quincaillerie-caillebotis-marches;marche-securit-pcp-o2-achil-1000x250mm
quincaillerie-caillebotis-marches/0005092_0da4a27b991742c383155abca3d496f9.jpeg;G095;photo;aucun (vu à la loupe);caillebotis galvanisés en pile : maille rectangulaire, barres porteuses (origine incertaine);quincaillerie-caillebotis-marches;caillebotis-galvanise-400x1000mm-33-33-30-2
quincaillerie-caillebotis-marches/0005093_0da4a27b991742c383155abca3d496f9.jpeg;G095;photo;aucun (vu à la loupe);caillebotis galvanisés en pile : maille rectangulaire, barres porteuses (origine incertaine);quincaillerie-caillebotis-marches;caillebotis-galvanise-500x1000mm-33-33-30-2
quincaillerie-caillebotis-marches/0005094_0da4a27b991742c383155abca3d496f9.jpeg;G095;photo;aucun (vu à la loupe);caillebotis galvanisés en pile : maille rectangulaire, barres porteuses (origine incertaine);quincaillerie-caillebotis-marches;caillebotis-galvanise-600x-1000mm-33-33-30-2
quincaillerie-caillebotis-marches/0005095_0da4a27b991742c383155abca3d496f9.jpeg;G095;photo;aucun (vu à la loupe);caillebotis galvanisés en pile : maille rectangulaire, barres porteuses (origine incertaine);quincaillerie-caillebotis-marches;caillebotis-galvanise-700x-1000mm-33-33-30-2
quincaillerie-caillebotis-marches/0005096_0da4a27b991742c383155abca3d496f9.jpeg;G095;photo;aucun (vu à la loupe);caillebotis galvanisés en pile : maille rectangulaire, barres porteuses (origine incertaine);quincaillerie-caillebotis-marches;caillebotis-galvanise-800x-1000mm-33-33-30-2
quincaillerie-caillebotis-marches/0005097_0da4a27b991742c383155abca3d496f9.jpeg;G095;photo;aucun (vu à la loupe);caillebotis galvanisés en pile : maille rectangulaire, barres porteuses (origine incertaine);quincaillerie-caillebotis-marches;caillebotis-galvanise-900x-1000mm-33-33-30-2
quincaillerie-caillebotis-marches/0005098_0da4a27b991742c383155abca3d496f9.jpeg;G095;photo;aucun (vu à la loupe);caillebotis galvanisés en pile : maille rectangulaire, barres porteuses (origine incertaine);quincaillerie-caillebotis-marches;caillebotis-galvanise-1000x-1000mm-33-33-30-2
quincaillerie-caillebotis-marches/0005099_0da4a27b991742c383155abca3d496f9.jpeg;G095;photo;aucun (vu à la loupe);caillebotis galvanisés en pile : maille rectangulaire, barres porteuses (origine incertaine);quincaillerie-caillebotis-marches;caillebotis-galvanise-1010x1190mm-70-70-25-2
quincaillerie-caillebotis-marches/0005100_0da4a27b991742c383155abca3d496f9.jpeg;G095;photo;aucun (vu à la loupe);caillebotis galvanisés en pile : maille rectangulaire, barres porteuses (origine incertaine);quincaillerie-caillebotis-marches;caillebotis-galvanise-1200x-1000mm-33-33-30-2
quincaillerie-caillebotis-marches/0005101_0da4a27b991742c383155abca3d496f9.jpeg;G095;photo;aucun (vu à la loupe);caillebotis galvanisés en pile : maille rectangulaire, barres porteuses (origine incertaine);quincaillerie-caillebotis-marches;caillebotis-galvanises-1200x-1000mm-33-33-30-3
quincaillerie-outillage/0005145_21c824bdbb2341dd892922f49cbe60bf.jpeg;G096;packshot;;meuleuse Flex : photo fabricant;quincaillerie-outillage;meuleuse-d-angle-flex-l-1001-1010w-125-mm
quincaillerie-outillage/0005146_256e1bde058a490ba49eb99bfab86b75.jpeg;G097;schema;;meuleuse Flex : plan coté fabricant;quincaillerie-outillage;meuleuse-d-angle-flex-l-1001-1010w-125-mm
quincaillerie-protection-chimie-colles-etancheite/0005022_f5c2208bccd4452d8fe021e3057168de.jpeg;G098;packshot;;DL Chemicals Parasilico : cartouche détourée;quincaillerie-protection-chimie-colles-etancheite;dl-chemicals-parasilico-am85-1-300ml-transparent
quincaillerie-protection-chimie-colles-etancheite/0005023_6032948e10a640dda4f372ea3f7485f8.jpeg;G099;packshot;;DL Chemicals Parabond 600 : cartouche détourée;quincaillerie-protection-chimie-colles-etancheite;dl-chemicals-parabond-600-290ml-gris
quincaillerie-protection-chimie-colles-etancheite/0005026_222b8c420e0e446fba3bf272b9035e44.jpeg;G100;packshot;;DL Chemicals Parabond 800 : cartouche détourée;quincaillerie-protection-chimie-colles-etancheite;dl-chemicals-parabond-800-290ml
quincaillerie-protection-chimie-colles-etancheite/0005024_1fb620f2a0ca47b9be67e699d60c06e1.jpeg;G101;packshot;;DL Chemicals Parachim : cartouche détourée;quincaillerie-protection-chimie-colles-etancheite;dl-chemicals-parachim-vinylester-300ml
quincaillerie-protection-chimie-colles-etancheite/0005025_b0570a776df345ed9a80acc579920a30.jpeg;G102;rayon;;cartouches Parachim en rayon;quincaillerie-protection-chimie-colles-etancheite;dl-chemicals-parachim-vinylester-300ml
quincaillerie-protection-chimie-galvanisation-a-froid/0005013_11108bd9798b49ed98af53b263715a08.jpeg;G103;packshot;;gamme Zinga : visuel fabricant;quincaillerie-protection-chimie-galvanisation-a-froid;zinga-film-galvanisant-2kg
quincaillerie-protection-chimie-galvanisation-a-froid/0005007_11108bd9798b49ed98af53b263715a08.jpeg;G103;packshot;;gamme Zinga : visuel fabricant;quincaillerie-protection-chimie-galvanisation-a-froid;zinga-film-galvanisant-1kg
quincaillerie-protection-chimie-galvanisation-a-froid/0005000_922daabf10b74abaa5ba9ae1ada1e593.jpeg;G104;packshot;;Zingatar / Zingatarfree : visuel fabricant;quincaillerie-protection-chimie-galvanisation-a-froid;zinga-zingatarfree-5l
quincaillerie-protection-chimie-galvanisation-a-froid/0005002_922daabf10b74abaa5ba9ae1ada1e593.jpeg;G104;packshot;;Zingatar / Zingatarfree : visuel fabricant;quincaillerie-protection-chimie-galvanisation-a-froid;zinga-zingatarfree-1l
quincaillerie-protection-chimie-galvanisation-a-froid/0005004_47154b38881f489aacb151f3658cb5ac.jpeg;G105;packshot;;Zingasolv : visuel fabricant;quincaillerie-protection-chimie-galvanisation-a-froid;zinga-zingasolv-1l
quincaillerie-protection-chimie-galvanisation-a-froid/0005009_zingaspray-500ml.jpeg;G106;packshot;;Zingaspray : visuel fabricant;quincaillerie-protection-chimie-galvanisation-a-froid;zingaspray-500ml
quincaillerie-protection-chimie-galvanisation-a-froid/0005011_8890917dc6904cffa888f11f1723aea7.jpeg;G107;packshot;;Zingaluspray : visuel fabricant;quincaillerie-protection-chimie-galvanisation-a-froid;zingaluspray-500ml
quincaillerie-protection-chimie-galvanisation-a-froid/0005003_c80adcd54a4b4d148eb3793c861f0ddf.jpeg;G108;rayon;;Zingatarfree en rayon;quincaillerie-protection-chimie-galvanisation-a-froid;zinga-zingatarfree-1l
quincaillerie-protection-chimie-galvanisation-a-froid/0005005_68b6789b55694cc19c86ec067f69c623.jpeg;G109;rayon;;Zingasolv en rayon;quincaillerie-protection-chimie-galvanisation-a-froid;zinga-zingasolv-1l
quincaillerie-protection-chimie-galvanisation-a-froid/0005008_96fbcc478755487a92d5a59369d05eb9.jpeg;G110;rayon;;Zinga 1 kg en rayon;quincaillerie-protection-chimie-galvanisation-a-froid;zinga-film-galvanisant-1kg
quincaillerie-protection-chimie-galvanisation-a-froid/0005010_zingaspray-500ml.jpeg;G111;rayon;;Zingaspray en rayon;quincaillerie-protection-chimie-galvanisation-a-froid;zingaspray-500ml
quincaillerie-protection-chimie-galvanisation-a-froid/0005012_502e001e497b4342bf21ed30386e3f84.jpeg;G112;rayon;;Zingaluspray en rayon;quincaillerie-protection-chimie-galvanisation-a-froid;zingaluspray-500ml
quincaillerie-protection-chimie-galvanisation-a-froid/0005001_ffe124d9372d41c6bd10d23e7dde3cf0.jpeg;G113;rayon;;Zingatarfree 5 L en rayon;quincaillerie-protection-chimie-galvanisation-a-froid;zinga-zingatarfree-5l
quincaillerie-protection-chimie-peintures-primaires/0005033_efb9c86d937b4b96b49169bb0b0ddede.jpeg;G114;banque;;pot de peinture générique gris-bleu (pas le produit);quincaillerie-protection-chimie-peintures-primaires;primer-anticorrosion-5l-gris-ral-7016
quincaillerie-protection-chimie-peintures-primaires/0005032_efb9c86d937b4b96b49169bb0b0ddede.jpeg;G114;banque;;pot de peinture générique gris-bleu (pas le produit);quincaillerie-protection-chimie-peintures-primaires;primer-anticorrosion-1l-gris-ral-7016
quincaillerie-protection-chimie-peintures-primaires/0005029_499ef9347d6e43f09ea7e44f3027b15f.jpeg;G115;banque;;pot de peinture générique brun (pas le produit);quincaillerie-protection-chimie-peintures-primaires;primer-anticorrosion-1l-brun-rouge-ral-8012
quincaillerie-protection-chimie-peintures-primaires/0005031_499ef9347d6e43f09ea7e44f3027b15f.jpeg;G115;banque;;pot de peinture générique brun (pas le produit);quincaillerie-protection-chimie-peintures-primaires;primer-anticorrosion-5l-brun-rouge-ral-8012
quincaillerie-protection-chimie-peintures-primaires/0005030_4308b70261fa4d75b41878ab944046c6.jpeg;G116;banque;;pot de peinture générique blanc (pas le produit);quincaillerie-protection-chimie-peintures-primaires;primer-anticorrosion-1l-blanc-ral-9010
quincaillerie-protection-chimie-peintures-primaires/0005034_b84068e5688d4bd784eae274a08ef9dd.jpeg;G117;banque;;pot de peinture générique noir (pas le produit);quincaillerie-protection-chimie-peintures-primaires;primer-anticorrosion-1l-noir-ral-9005
quincaillerie-protection-chimie-peintures-primaires/0005035_55c8f0b757054f699927cd92a57a275e.jpeg;G118;rayon;;étiquette All Meta Prim Coat;quincaillerie-protection-chimie-peintures-primaires;primer-anticorrosion-1l-noir-ral-9005
quincaillerie-protection-chimie-peintures-primaires/0005036_ccc9c6d498464af88101fc03e831deac.jpeg;G119;rayon;;Vibol Prim Coat RAL 7016 en rayon;quincaillerie-protection-chimie-peintures-primaires;primer-anticorrosion-1l-gris-ral-7016
quincaillerie-protection-chimie-peintures-primaires/0005037_9c0d748bc8594becaea1c6db6cf77b67.jpeg;G120;rayon;;Vibol Prim Coat RAL 8012 5 L en rayon;quincaillerie-protection-chimie-peintures-primaires;primer-anticorrosion-5l-brun-rouge-ral-8012
quincaillerie-protection-chimie-peintures-primaires/0005038_2dc4a2a4653b422086bfd9c4a9b4231b.jpeg;G121;rayon;;Vibol Prim Coat en rayon;quincaillerie-protection-chimie-peintures-primaires;primer-anticorrosion-1l-blanc-ral-9010
quincaillerie-protection-chimie-peintures-primaires/0005039_602a5c609cdd418cb9b57f8567dceacb.jpeg;G122;rayon;;Vibol Prim Coat RAL 8012 1 L en rayon;quincaillerie-protection-chimie-peintures-primaires;primer-anticorrosion-1l-brun-rouge-ral-8012
quincaillerie-visserie/0004094_068c4102eb004d67be382f01c7011752.jpeg;G123;photo;;sachet de vis TH P5 6,3x55 + Vulca : tête hexagonale, rondelle EPDM, zingué blanc;quincaillerie-visserie;vis-autoforante-pour-acier-6-3x-65-tete-hexagonale-de-10mm
quincaillerie-visserie/0004096_a4e4cae3917048d1bedaf6f21fbfe287.jpeg;G124;photo;;sachet de vis TH P5 6,3x100 + Vulca;quincaillerie-visserie;vis-autoforante-pour-acier-6-3x-100-tete-hexagonale-de-10mm
quincaillerie-visserie/0004102_0617f558a7e946e6b9c2443bca9e59dc.jpeg;G125;photo;;sachet de vis TH P5 6,3x76 : zingué jaune;quincaillerie-visserie;vis-a-bois-6-3x-75-tete-hexagonale-de-10mm
quincaillerie-visserie/0004103_898ddad0a93c4e3790de637445cd4c6d.jpeg;G126;photo;;sachet de vis TH 6,3x100 Rapidbois + Vulca : zingué jaune;quincaillerie-visserie;vis-a-bois-6-3x-100-tete-hexagonale-de-10mm
quincaillerie-visserie/0004104_3cba36203d9945f59cbe3704fa510dfa.jpeg;G127;photo;;sachet de vis TH 6,3x55 Rapidbois + Vulca;quincaillerie-visserie;vis-a-bois-6-3x-130-tete-hexagonale-de-10mm
quincaillerie-visserie/0004105_9698a98826b14082a4798c6308cc5d5f.jpeg;G128;photo;;sachet de vis TH 6,3x100 + Vulca;quincaillerie-visserie;vis-a-bois-6-3x-150-tete-hexagonale-de-10mm
toiture-bardage-bardage-imitation-bois/0005128_tasseau-40x40-71x300cm-parement-chene-clair.jpeg;G129;rendu;;tasseaux imitation bois « Version Maxi » (fabricant);toiture-bardage-bardage-imitation-bois;tasseau-40x40-71x300cm-parement-chene-clair
toiture-bardage-bardage-imitation-bois/0005132_tasseau-40x40-71x250cm-parement-chene-clair.jpeg;G129;rendu;;tasseaux imitation bois « Version Maxi » (fabricant);toiture-bardage-bardage-imitation-bois;tasseau-40x40-71x250cm-parement-chene-clair
toiture-bardage-bardage-imitation-bois/0005129_tasseau-40x40-71x300cm-parement-chene-clair.jpeg;G130;rendu;;tasseaux imitation bois en vue rapprochée (fabricant);toiture-bardage-bardage-imitation-bois;tasseau-40x40-71x300cm-parement-chene-clair
toiture-bardage-bardage-imitation-bois/0005133_tasseau-40x40-71x250cm-parement-chene-clair.jpeg;G130;rendu;;tasseaux imitation bois en vue rapprochée (fabricant);toiture-bardage-bardage-imitation-bois;tasseau-40x40-71x250cm-parement-chene-clair
toiture-bardage-bardage-imitation-bois/0005130_tasseau-40x40-71x300cm-parement-chene-clair.jpeg;G131;ambiance;;bardage imitation bois posé (rendu fabricant);toiture-bardage-bardage-imitation-bois;tasseau-40x40-71x300cm-parement-chene-clair
toiture-bardage-bardage-imitation-bois/0005134_tasseau-40x40-71x250cm-parement-chene-clair.jpeg;G131;ambiance;;bardage imitation bois posé (rendu fabricant);toiture-bardage-bardage-imitation-bois;tasseau-40x40-71x250cm-parement-chene-clair
toiture-bardage-bardage-imitation-bois/0005131_tasseau-40x40-71x300cm-parement-chene-clair.jpeg;G132;schema;;profil de tasseau coté : 40 mm, 37 mm, largeur 710 mm (fabricant);toiture-bardage-bardage-imitation-bois;tasseau-40x40-71x300cm-parement-chene-clair
toiture-bardage-bardage-imitation-bois/0005135_tasseau-40x40-71x250cm-parement-chene-clair.jpeg;G132;schema;;profil de tasseau coté : 40 mm, 37 mm, largeur 710 mm (fabricant);toiture-bardage-bardage-imitation-bois;tasseau-40x40-71x250cm-parement-chene-clair
toiture-bardage-panneaux-isoles-eurocopre-monolamiera-eco/0004918_3abf8c3b41dd4920b3d535e1a0a41634.jpeg;G133;photo;;panneaux isolés en pile au dépôt : âme mousse crème, parements acier gris;toiture-bardage-panneaux-isoles-eurocopre-monolamiera-eco;panneau-isole-eco-30mm-610x105cm-ral-7016
toiture-bardage-panneaux-isoles-eurocopre-monolamiera-eco/0004920_3abf8c3b41dd4920b3d535e1a0a41634.jpeg;G133;photo;;panneaux isolés en pile au dépôt : âme mousse crème, parements acier gris;toiture-bardage-panneaux-isoles-eurocopre-monolamiera-eco;panneau-isole-eco-30mm-560x105cm-ral-7016
toiture-bardage-panneaux-isoles-eurocopre-monolamiera-eco/0004922_3abf8c3b41dd4920b3d535e1a0a41634.jpeg;G133;photo;;panneaux isolés en pile au dépôt : âme mousse crème, parements acier gris;toiture-bardage-panneaux-isoles-eurocopre-monolamiera-eco;panneau-isole-eco-30mm-510x105cm-ral-7016
toiture-bardage-panneaux-isoles-eurocopre-monolamiera-eco/0004924_3abf8c3b41dd4920b3d535e1a0a41634.jpeg;G133;photo;;panneaux isolés en pile au dépôt : âme mousse crème, parements acier gris;toiture-bardage-panneaux-isoles-eurocopre-monolamiera-eco;panneau-isole-eco-30mm-460x105cm-ral-7016
toiture-bardage-panneaux-isoles-eurocopre-monolamiera-eco/0004926_3abf8c3b41dd4920b3d535e1a0a41634.jpeg;G133;photo;;panneaux isolés en pile au dépôt : âme mousse crème, parements acier gris;toiture-bardage-panneaux-isoles-eurocopre-monolamiera-eco;panneau-isole-eco-30mm-410x105cm-ral-7016
toiture-bardage-panneaux-isoles-eurocopre-monolamiera-eco/0004928_3abf8c3b41dd4920b3d535e1a0a41634.jpeg;G133;photo;;panneaux isolés en pile au dépôt : âme mousse crème, parements acier gris;toiture-bardage-panneaux-isoles-eurocopre-monolamiera-eco;panneau-isole-eco-30mm-360x105cm-ral-7016
toiture-bardage-panneaux-isoles-eurocopre-monolamiera-eco/0004930_3abf8c3b41dd4920b3d535e1a0a41634.jpeg;G133;photo;;panneaux isolés en pile au dépôt : âme mousse crème, parements acier gris;toiture-bardage-panneaux-isoles-eurocopre-monolamiera-eco;panneau-isole-eco-30mm-310x105cm-ral-7016
toiture-bardage-panneaux-isoles-eurocopre-monolamiera-eco/0004932_3abf8c3b41dd4920b3d535e1a0a41634.jpeg;G133;photo;;panneaux isolés en pile au dépôt : âme mousse crème, parements acier gris;toiture-bardage-panneaux-isoles-eurocopre-monolamiera-eco;panneau-isole-eco-30mm-260x105cm-ral-7016
toiture-bardage-panneaux-isoles-eurocopre-monolamiera-eco/0004919_47d9e88972e34317bcc70fe7adc95ea7.jpeg;G134;photo;;panneaux isolés en pile au dépôt;toiture-bardage-panneaux-isoles-eurocopre-monolamiera-eco;panneau-isole-eco-30mm-610x105cm-ral-7016
toiture-bardage-panneaux-isoles-eurocopre-monolamiera-eco/0004921_47d9e88972e34317bcc70fe7adc95ea7.jpeg;G134;photo;;panneaux isolés en pile au dépôt;toiture-bardage-panneaux-isoles-eurocopre-monolamiera-eco;panneau-isole-eco-30mm-560x105cm-ral-7016
toiture-bardage-panneaux-isoles-eurocopre-monolamiera-eco/0004923_47d9e88972e34317bcc70fe7adc95ea7.jpeg;G134;photo;;panneaux isolés en pile au dépôt;toiture-bardage-panneaux-isoles-eurocopre-monolamiera-eco;panneau-isole-eco-30mm-510x105cm-ral-7016
toiture-bardage-panneaux-isoles-eurocopre-monolamiera-eco/0004925_47d9e88972e34317bcc70fe7adc95ea7.jpeg;G134;photo;;panneaux isolés en pile au dépôt;toiture-bardage-panneaux-isoles-eurocopre-monolamiera-eco;panneau-isole-eco-30mm-460x105cm-ral-7016
toiture-bardage-panneaux-isoles-eurocopre-monolamiera-eco/0004927_47d9e88972e34317bcc70fe7adc95ea7.jpeg;G134;photo;;panneaux isolés en pile au dépôt;toiture-bardage-panneaux-isoles-eurocopre-monolamiera-eco;panneau-isole-eco-30mm-410x105cm-ral-7016
toiture-bardage-panneaux-isoles-eurocopre-monolamiera-eco/0004929_47d9e88972e34317bcc70fe7adc95ea7.jpeg;G134;photo;;panneaux isolés en pile au dépôt;toiture-bardage-panneaux-isoles-eurocopre-monolamiera-eco;panneau-isole-eco-30mm-360x105cm-ral-7016
toiture-bardage-panneaux-isoles-eurocopre-monolamiera-eco/0004931_47d9e88972e34317bcc70fe7adc95ea7.jpeg;G134;photo;;panneaux isolés en pile au dépôt;toiture-bardage-panneaux-isoles-eurocopre-monolamiera-eco;panneau-isole-eco-30mm-310x105cm-ral-7016
toiture-bardage-panneaux-isoles-eurocopre-monolamiera-eco/0004933_47d9e88972e34317bcc70fe7adc95ea7.jpeg;G134;photo;;panneaux isolés en pile au dépôt;toiture-bardage-panneaux-isoles-eurocopre-monolamiera-eco;panneau-isole-eco-30mm-260x105cm-ral-7016
toiture-bardage-toles-profilees-profil-30-200-1000/0003835_tole-302001000-ral-7016-200x105cm.jpeg;G135;rendu;;tôle profil 30.200.1000, gris (Grosjean);toiture-bardage-toles-profilees-profil-30-200-1000;tole-30-200-1000-ral-7016-200x105cm
toiture-bardage-toles-profilees-profil-30-200-1000/0003838_tole-302001000-ral-7016-250x105cm.jpeg;G135;rendu;;tôle profil 30.200.1000, gris (Grosjean);toiture-bardage-toles-profilees-profil-30-200-1000;tole-30-200-1000-ral-7016-250x105cm
toiture-bardage-toles-profilees-profil-30-200-1000/0003841_702dee596f2d4351b951eabee9e81779.jpeg;G135;rendu;;tôle profil 30.200.1000, gris (Grosjean);toiture-bardage-toles-profilees-profil-30-200-1000;tole-30-200-1000-ral-7016-300x105cm
toiture-bardage-toles-profilees-profil-30-200-1000/0003844_702dee596f2d4351b951eabee9e81779.jpeg;G135;rendu;;tôle profil 30.200.1000, gris (Grosjean);toiture-bardage-toles-profilees-profil-30-200-1000;tole-30-200-1000-ral-7016-350x105cm
toiture-bardage-toles-profilees-profil-30-200-1000/0003847_702dee596f2d4351b951eabee9e81779.jpeg;G135;rendu;;tôle profil 30.200.1000, gris (Grosjean);toiture-bardage-toles-profilees-profil-30-200-1000;tole-30-200-1000-ral-7016-400x105cm
toiture-bardage-toles-profilees-profil-30-200-1000/0003850_702dee596f2d4351b951eabee9e81779.jpeg;G135;rendu;;tôle profil 30.200.1000, gris (Grosjean);toiture-bardage-toles-profilees-profil-30-200-1000;tole-30-200-1000-ral-7016-450x105cm
toiture-bardage-toles-profilees-profil-30-200-1000/0003853_702dee596f2d4351b951eabee9e81779.jpeg;G135;rendu;;tôle profil 30.200.1000, gris (Grosjean);toiture-bardage-toles-profilees-profil-30-200-1000;tole-30-200-1000-ral-7016-500x105cm
toiture-bardage-toles-profilees-profil-30-200-1000/0003836_tole-302001000-ral-7016-200x105cm.jpeg;G136;photo;;tôle profilée trapézoïdale, métal nu (origine incertaine);toiture-bardage-toles-profilees-profil-30-200-1000;tole-30-200-1000-ral-7016-200x105cm
toiture-bardage-toles-profilees-profil-30-200-1000/0003839_tole-302001000-ral-7016-250x105cm.jpeg;G136;photo;;tôle profilée trapézoïdale, métal nu (origine incertaine);toiture-bardage-toles-profilees-profil-30-200-1000;tole-30-200-1000-ral-7016-250x105cm
toiture-bardage-toles-profilees-profil-30-200-1000/0003842_28566dc4b37e4ee5a9fae1d55c2764b5.jpeg;G136;photo;;tôle profilée trapézoïdale, métal nu (origine incertaine);toiture-bardage-toles-profilees-profil-30-200-1000;tole-30-200-1000-ral-7016-300x105cm
toiture-bardage-toles-profilees-profil-30-200-1000/0003845_28566dc4b37e4ee5a9fae1d55c2764b5.jpeg;G136;photo;;tôle profilée trapézoïdale, métal nu (origine incertaine);toiture-bardage-toles-profilees-profil-30-200-1000;tole-30-200-1000-ral-7016-350x105cm
toiture-bardage-toles-profilees-profil-30-200-1000/0003848_28566dc4b37e4ee5a9fae1d55c2764b5.jpeg;G136;photo;;tôle profilée trapézoïdale, métal nu (origine incertaine);toiture-bardage-toles-profilees-profil-30-200-1000;tole-30-200-1000-ral-7016-400x105cm
toiture-bardage-toles-profilees-profil-30-200-1000/0003851_28566dc4b37e4ee5a9fae1d55c2764b5.jpeg;G136;photo;;tôle profilée trapézoïdale, métal nu (origine incertaine);toiture-bardage-toles-profilees-profil-30-200-1000;tole-30-200-1000-ral-7016-450x105cm
toiture-bardage-toles-profilees-profil-30-200-1000/0003854_28566dc4b37e4ee5a9fae1d55c2764b5.jpeg;G136;photo;;tôle profilée trapézoïdale, métal nu (origine incertaine);toiture-bardage-toles-profilees-profil-30-200-1000;tole-30-200-1000-ral-7016-500x105cm
toiture-bardage-toles-profilees-profil-30-200-1000/0003837_tole-302001000-ral-7016-200x105cm.jpeg;G137;schema;;tôle profilée : longueur utile, longueur (Grosjean);toiture-bardage-toles-profilees-profil-30-200-1000;tole-30-200-1000-ral-7016-200x105cm
toiture-bardage-toles-profilees-profil-30-200-1000/0003840_tole-302001000-ral-7016-250x105cm.jpeg;G137;schema;;tôle profilée : longueur utile, longueur (Grosjean);toiture-bardage-toles-profilees-profil-30-200-1000;tole-30-200-1000-ral-7016-250x105cm
toiture-bardage-toles-profilees-profil-30-200-1000/0003843_7300cd6b24a64805a1090d65329b7aab.jpeg;G137;schema;;tôle profilée : longueur utile, longueur (Grosjean);toiture-bardage-toles-profilees-profil-30-200-1000;tole-30-200-1000-ral-7016-300x105cm
toiture-bardage-toles-profilees-profil-30-200-1000/0003846_7300cd6b24a64805a1090d65329b7aab.jpeg;G137;schema;;tôle profilée : longueur utile, longueur (Grosjean);toiture-bardage-toles-profilees-profil-30-200-1000;tole-30-200-1000-ral-7016-350x105cm
toiture-bardage-toles-profilees-profil-30-200-1000/0003849_7300cd6b24a64805a1090d65329b7aab.jpeg;G137;schema;;tôle profilée : longueur utile, longueur (Grosjean);toiture-bardage-toles-profilees-profil-30-200-1000;tole-30-200-1000-ral-7016-400x105cm
toiture-bardage-toles-profilees-profil-30-200-1000/0003852_7300cd6b24a64805a1090d65329b7aab.jpeg;G137;schema;;tôle profilée : longueur utile, longueur (Grosjean);toiture-bardage-toles-profilees-profil-30-200-1000;tole-30-200-1000-ral-7016-450x105cm
toiture-bardage-toles-profilees-profil-30-200-1000/0003855_7300cd6b24a64805a1090d65329b7aab.jpeg;G137;schema;;tôle profilée : longueur utile, longueur (Grosjean);toiture-bardage-toles-profilees-profil-30-200-1000;tole-30-200-1000-ral-7016-500x105cm
