id_produit;produit;rang;url
66;Rond à béton crénelé de 6mm de diamètre en acier laminé à froid;1;https://www.aciersgrosjean.be/images/thumbs/0001069_rond-a-beton-crenele-de-6mm-de-diametre-en-acier-lamine-a-froid_625.jpeg
67;Rond à béton de 8mm de diamètre en acier laminé à chaud;1;https://www.aciersgrosjean.be/images/thumbs/0001070_rond-a-beton-de-8mm-de-diametre-en-acier-lamine-a-chaud-test_625.jpeg
68;Rond à béton de 10mm de diamètre en acier laminé à chaud;1;https://www.aciersgrosjean.be/images/thumbs/0001071_268a319ef96b4ccd8ee4af547e223fa2_625.jpeg
69;Rond à béton de 12mm de diamètre en acier laminé à chaud;1;https://www.aciersgrosjean.be/images/thumbs/0001072_268a319ef96b4ccd8ee4af547e223fa2_625.jpeg
70;Rond à béton de 14mm de diamètre en acier laminé à chaud;1;https://www.aciersgrosjean.be/images/thumbs/0001073_268a319ef96b4ccd8ee4af547e223fa2_625.jpeg
71;Rond à béton de 16mm de diamètre en acier laminé à chaud;1;https://www.aciersgrosjean.be/images/thumbs/0001074_268a319ef96b4ccd8ee4af547e223fa2_625.jpeg
73;Rond à béton de 20mm de diamètre en acier laminé à chaud;1;https://www.aciersgrosjean.be/images/thumbs/0001076_268a319ef96b4ccd8ee4af547e223fa2_625.jpeg
119;Carré plein de 6x6mm en acier;1;https://www.aciersgrosjean.be/images/thumbs/0005106_1974c1114e75479792190a683f0cbbd6_625.jpeg
119;Carré plein de 6x6mm en acier;2;https://www.aciersgrosjean.be/images/thumbs/0005106_1974c1114e75479792190a683f0cbbd6.jpeg
119;Carré plein de 6x6mm en acier;3;https://www.aciersgrosjean.be/images/thumbs/0001149_d9830754331949be911c0f314a59613a.jpeg
120;Carré plein de 8x8mm en acier;1;https://www.aciersgrosjean.be/images/thumbs/0001150_1974c1114e75479792190a683f0cbbd6_625.jpeg
120;Carré plein de 8x8mm en acier;2;https://www.aciersgrosjean.be/images/thumbs/0001150_1974c1114e75479792190a683f0cbbd6.jpeg
120;Carré plein de 8x8mm en acier;3;https://www.aciersgrosjean.be/images/thumbs/0001151_d9830754331949be911c0f314a59613a.jpeg
121;Carré plein de 10x10mm en acier;1;https://www.aciersgrosjean.be/images/thumbs/0001152_1974c1114e75479792190a683f0cbbd6_625.jpeg
121;Carré plein de 10x10mm en acier;2;https://www.aciersgrosjean.be/images/thumbs/0001152_1974c1114e75479792190a683f0cbbd6.jpeg
121;Carré plein de 10x10mm en acier;3;https://www.aciersgrosjean.be/images/thumbs/0001153_d9830754331949be911c0f314a59613a.jpeg
122;Carré plein de 12x12mm en acier;1;https://www.aciersgrosjean.be/images/thumbs/0001154_1974c1114e75479792190a683f0cbbd6_625.jpeg
122;Carré plein de 12x12mm en acier;2;https://www.aciersgrosjean.be/images/thumbs/0001154_1974c1114e75479792190a683f0cbbd6.jpeg
122;Carré plein de 12x12mm en acier;3;https://www.aciersgrosjean.be/images/thumbs/0001155_d9830754331949be911c0f314a59613a.jpeg
122;Carré plein de 12x12mm en acier;4;https://www.aciersgrosjean.be/images/thumbs/0001697_98679ea2461e48a29e76c1f7c0284d25.jpeg
123;Carré plein de 14x14mm en acier;1;https://www.aciersgrosjean.be/images/thumbs/0001156_1974c1114e75479792190a683f0cbbd6_625.jpeg
123;Carré plein de 14x14mm en acier;2;https://www.aciersgrosjean.be/images/thumbs/0001156_1974c1114e75479792190a683f0cbbd6.jpeg
123;Carré plein de 14x14mm en acier;3;https://www.aciersgrosjean.be/images/thumbs/0001157_d9830754331949be911c0f314a59613a.jpeg
125;Cornière égale 20x20x3mm Acier LAC;1;https://www.aciersgrosjean.be/images/thumbs/0001201_1d6d2f584e27476b9e2172b3446a3961_625.jpeg
125;Cornière égale 20x20x3mm Acier LAC;2;https://www.aciersgrosjean.be/images/thumbs/0001201_1d6d2f584e27476b9e2172b3446a3961.jpeg
125;Cornière égale 20x20x3mm Acier LAC;3;https://www.aciersgrosjean.be/images/thumbs/0001202_d7b5f83c2bc643f29a57d9147f31965a.jpeg
125;Cornière égale 20x20x3mm Acier LAC;4;https://www.aciersgrosjean.be/images/thumbs/0001224_0fa741891730488eafb1f4b926c0da74.jpeg
127;Cornière égale 25x25x3mm Acier LAC;1;https://www.aciersgrosjean.be/images/thumbs/0001205_1d6d2f584e27476b9e2172b3446a3961_625.jpeg
127;Cornière égale 25x25x3mm Acier LAC;2;https://www.aciersgrosjean.be/images/thumbs/0001205_1d6d2f584e27476b9e2172b3446a3961.jpeg
127;Cornière égale 25x25x3mm Acier LAC;3;https://www.aciersgrosjean.be/images/thumbs/0001206_d7b5f83c2bc643f29a57d9147f31965a.jpeg
127;Cornière égale 25x25x3mm Acier LAC;4;https://www.aciersgrosjean.be/images/thumbs/0001226_0fa741891730488eafb1f4b926c0da74.jpeg
135;Large plat en acier laminé à chaud 160x10mm;1;https://www.aciersgrosjean.be/images/thumbs/0002141_large-plat-en-acier-lamine-a-chaud-160x10mm_625.jpeg
135;Large plat en acier laminé à chaud 160x10mm;2;https://www.aciersgrosjean.be/images/thumbs/0002141_large-plat-en-acier-lamine-a-chaud-160x10mm.jpeg
135;Large plat en acier laminé à chaud 160x10mm;3;https://www.aciersgrosjean.be/images/thumbs/0002142_large-plat-en-acier-lamine-a-chaud-160x10mm.jpeg
135;Large plat en acier laminé à chaud 160x10mm;4;https://www.aciersgrosjean.be/images/thumbs/0002143_large-plat-en-acier-lamine-a-chaud-160x10mm.jpeg
138;Large plat 180x10mm en acier laminé à chaud;1;https://www.aciersgrosjean.be/images/thumbs/0002133_large-plat-180x10mm-en-acier-lamine-a-chaud_625.jpeg
138;Large plat 180x10mm en acier laminé à chaud;2;https://www.aciersgrosjean.be/images/thumbs/0002133_large-plat-180x10mm-en-acier-lamine-a-chaud.jpeg
138;Large plat 180x10mm en acier laminé à chaud;3;https://www.aciersgrosjean.be/images/thumbs/0004967_large-plat-180x10mm-en-acier-lamine-a-chaud.jpeg
138;Large plat 180x10mm en acier laminé à chaud;4;https://www.aciersgrosjean.be/images/thumbs/0004968_large-plat-180x10mm-en-acier-lamine-a-chaud.jpeg
139;Plat 10x3mm en acier laminé à chaud;1;https://www.aciersgrosjean.be/images/thumbs/0002471_ce43fb87dfbe40e3ae2a3399819dca3d_625.jpeg
139;Plat 10x3mm en acier laminé à chaud;2;https://www.aciersgrosjean.be/images/thumbs/0002471_ce43fb87dfbe40e3ae2a3399819dca3d.jpeg
139;Plat 10x3mm en acier laminé à chaud;3;https://www.aciersgrosjean.be/images/thumbs/0002472_c2140b89f6e54d0fa91f88a602c0cd00.jpeg
139;Plat 10x3mm en acier laminé à chaud;4;https://www.aciersgrosjean.be/images/thumbs/0002473_1dd4b5b814dc4613a7aefd263158b7c7.jpeg
144;Rond lisse 16mm en acier laminée à chaud;1;https://www.aciersgrosjean.be/images/thumbs/0003142_0e6b9c1def5f449f8bd7c62e33796d1a_625.jpeg
144;Rond lisse 16mm en acier laminée à chaud;2;https://www.aciersgrosjean.be/images/thumbs/0003142_0e6b9c1def5f449f8bd7c62e33796d1a.jpeg
144;Rond lisse 16mm en acier laminée à chaud;3;https://www.aciersgrosjean.be/images/thumbs/0003143_20b3d8c37642497f865a3609338212e0.jpeg
145;Rond lisse 6mm en acier laminée à chaud;1;https://www.aciersgrosjean.be/images/thumbs/0003178_0e6b9c1def5f449f8bd7c62e33796d1a_625.jpeg
145;Rond lisse 6mm en acier laminée à chaud;2;https://www.aciersgrosjean.be/images/thumbs/0003178_0e6b9c1def5f449f8bd7c62e33796d1a.jpeg
145;Rond lisse 6mm en acier laminée à chaud;3;https://www.aciersgrosjean.be/images/thumbs/0003179_20b3d8c37642497f865a3609338212e0.jpeg
146;Rond lisse 8mm en acier laminée à chaud;1;https://www.aciersgrosjean.be/images/thumbs/0003188_0e6b9c1def5f449f8bd7c62e33796d1a_625.jpeg
146;Rond lisse 8mm en acier laminée à chaud;2;https://www.aciersgrosjean.be/images/thumbs/0003188_0e6b9c1def5f449f8bd7c62e33796d1a.jpeg
146;Rond lisse 8mm en acier laminée à chaud;3;https://www.aciersgrosjean.be/images/thumbs/0003189_20b3d8c37642497f865a3609338212e0.jpeg
147;Rond lisse 10mm en acier laminée à chaud;1;https://www.aciersgrosjean.be/images/thumbs/0003112_0e6b9c1def5f449f8bd7c62e33796d1a_625.jpeg
147;Rond lisse 10mm en acier laminée à chaud;2;https://www.aciersgrosjean.be/images/thumbs/0003112_0e6b9c1def5f449f8bd7c62e33796d1a.jpeg
147;Rond lisse 10mm en acier laminée à chaud;3;https://www.aciersgrosjean.be/images/thumbs/0003113_20b3d8c37642497f865a3609338212e0.jpeg
148;Rond lisse 12mm en acier laminée à chaud;1;https://www.aciersgrosjean.be/images/thumbs/0003134_0e6b9c1def5f449f8bd7c62e33796d1a_625.jpeg
148;Rond lisse 12mm en acier laminée à chaud;2;https://www.aciersgrosjean.be/images/thumbs/0003134_0e6b9c1def5f449f8bd7c62e33796d1a.jpeg
148;Rond lisse 12mm en acier laminée à chaud;3;https://www.aciersgrosjean.be/images/thumbs/0003135_20b3d8c37642497f865a3609338212e0.jpeg
154;Fer en T 20x3mm en acier laminé à chaud;1;https://www.aciersgrosjean.be/images/thumbs/0003203_3bd0ad7b7d244fd7867325d4b861a955_625.jpeg
154;Fer en T 20x3mm en acier laminé à chaud;2;https://www.aciersgrosjean.be/images/thumbs/0003203_3bd0ad7b7d244fd7867325d4b861a955.jpeg
154;Fer en T 20x3mm en acier laminé à chaud;3;https://www.aciersgrosjean.be/images/thumbs/0003204_44f621b173e84271b36aa08dea10fa65.jpeg
154;Fer en T 20x3mm en acier laminé à chaud;4;https://www.aciersgrosjean.be/images/thumbs/0003205_b8e4eb159ce34a1cb2d37fe378f81e58.jpeg
155;Fer en T 30x4mm en acier laminé à chaud;1;https://www.aciersgrosjean.be/images/thumbs/0003206_3bd0ad7b7d244fd7867325d4b861a955_625.jpeg
155;Fer en T 30x4mm en acier laminé à chaud;2;https://www.aciersgrosjean.be/images/thumbs/0003206_3bd0ad7b7d244fd7867325d4b861a955.jpeg
155;Fer en T 30x4mm en acier laminé à chaud;3;https://www.aciersgrosjean.be/images/thumbs/0003207_44f621b173e84271b36aa08dea10fa65.jpeg
155;Fer en T 30x4mm en acier laminé à chaud;4;https://www.aciersgrosjean.be/images/thumbs/0003208_b8e4eb159ce34a1cb2d37fe378f81e58.jpeg
156;Fer en T 40x5mm en acier laminé à chaud;1;https://www.aciersgrosjean.be/images/thumbs/0003209_3bd0ad7b7d244fd7867325d4b861a955_625.jpeg
156;Fer en T 40x5mm en acier laminé à chaud;2;https://www.aciersgrosjean.be/images/thumbs/0003209_3bd0ad7b7d244fd7867325d4b861a955.jpeg
156;Fer en T 40x5mm en acier laminé à chaud;3;https://www.aciersgrosjean.be/images/thumbs/0003210_44f621b173e84271b36aa08dea10fa65.jpeg
156;Fer en T 40x5mm en acier laminé à chaud;4;https://www.aciersgrosjean.be/images/thumbs/0003211_b8e4eb159ce34a1cb2d37fe378f81e58.jpeg
157;Fer en T 50x6mm en acier laminé à chaud;1;https://www.aciersgrosjean.be/images/thumbs/0003212_3bd0ad7b7d244fd7867325d4b861a955_625.jpeg
157;Fer en T 50x6mm en acier laminé à chaud;2;https://www.aciersgrosjean.be/images/thumbs/0003212_3bd0ad7b7d244fd7867325d4b861a955.jpeg
157;Fer en T 50x6mm en acier laminé à chaud;3;https://www.aciersgrosjean.be/images/thumbs/0003213_44f621b173e84271b36aa08dea10fa65.jpeg
157;Fer en T 50x6mm en acier laminé à chaud;4;https://www.aciersgrosjean.be/images/thumbs/0003214_b8e4eb159ce34a1cb2d37fe378f81e58.jpeg
158;Poutrelle IPE 180 en acier;1;https://www.aciersgrosjean.be/images/thumbs/0003797_301d853d94904278bab6df7a5e4e9837_625.jpeg
158;Poutrelle IPE 180 en acier;2;https://www.aciersgrosjean.be/images/thumbs/0003797_301d853d94904278bab6df7a5e4e9837.jpeg
158;Poutrelle IPE 180 en acier;3;https://www.aciersgrosjean.be/images/thumbs/0003798_865646b7f22d4415a556de7af7de1a3a.jpeg
158;Poutrelle IPE 180 en acier;4;https://www.aciersgrosjean.be/images/thumbs/0003799_6f329e0775024112b648699a75024e37.jpeg
161;Carré plein de 16x16mm en acier;1;https://www.aciersgrosjean.be/images/thumbs/0001160_1974c1114e75479792190a683f0cbbd6_625.jpeg
161;Carré plein de 16x16mm en acier;2;https://www.aciersgrosjean.be/images/thumbs/0001160_1974c1114e75479792190a683f0cbbd6.jpeg
161;Carré plein de 16x16mm en acier;3;https://www.aciersgrosjean.be/images/thumbs/0001161_b8e4eb159ce34a1cb2d37fe378f81e58.jpeg
163;Carré plein de 20x20mm en acier;1;https://www.aciersgrosjean.be/images/thumbs/0001164_1974c1114e75479792190a683f0cbbd6_625.jpeg
163;Carré plein de 20x20mm en acier;2;https://www.aciersgrosjean.be/images/thumbs/0001164_1974c1114e75479792190a683f0cbbd6.jpeg
163;Carré plein de 20x20mm en acier;3;https://www.aciersgrosjean.be/images/thumbs/0001165_d9830754331949be911c0f314a59613a.jpeg
181;Cornière égale 30x30x3mm Acier LAC;1;https://www.aciersgrosjean.be/images/thumbs/0001212_1d6d2f584e27476b9e2172b3446a3961_625.jpeg
181;Cornière égale 30x30x3mm Acier LAC;2;https://www.aciersgrosjean.be/images/thumbs/0001212_1d6d2f584e27476b9e2172b3446a3961.jpeg
181;Cornière égale 30x30x3mm Acier LAC;3;https://www.aciersgrosjean.be/images/thumbs/0001213_d7b5f83c2bc643f29a57d9147f31965a.jpeg
181;Cornière égale 30x30x3mm Acier LAC;4;https://www.aciersgrosjean.be/images/thumbs/0001229_0fa741891730488eafb1f4b926c0da74.jpeg
188;Cornière égale 40x40x3mm Acier LAC;1;https://www.aciersgrosjean.be/images/thumbs/0001240_1d6d2f584e27476b9e2172b3446a3961_625.jpeg
188;Cornière égale 40x40x3mm Acier LAC;2;https://www.aciersgrosjean.be/images/thumbs/0001240_1d6d2f584e27476b9e2172b3446a3961.jpeg
188;Cornière égale 40x40x3mm Acier LAC;3;https://www.aciersgrosjean.be/images/thumbs/0001241_d7b5f83c2bc643f29a57d9147f31965a.jpeg
188;Cornière égale 40x40x3mm Acier LAC;4;https://www.aciersgrosjean.be/images/thumbs/0001242_0fa741891730488eafb1f4b926c0da74.jpeg
188;Cornière égale 40x40x3mm Acier LAC;5;https://www.aciersgrosjean.be/images/thumbs/0001625_eccd109726c54e3aac071221770781d8.jpeg
189;Cornière égale 40x40x4mm Acier LAC;1;https://www.aciersgrosjean.be/images/thumbs/0001243_1d6d2f584e27476b9e2172b3446a3961_625.jpeg
189;Cornière égale 40x40x4mm Acier LAC;2;https://www.aciersgrosjean.be/images/thumbs/0001243_1d6d2f584e27476b9e2172b3446a3961.jpeg
189;Cornière égale 40x40x4mm Acier LAC;3;https://www.aciersgrosjean.be/images/thumbs/0001244_d7b5f83c2bc643f29a57d9147f31965a.jpeg
189;Cornière égale 40x40x4mm Acier LAC;4;https://www.aciersgrosjean.be/images/thumbs/0001245_0fa741891730488eafb1f4b926c0da74.jpeg
194;Cornière égale 50x50x3mm Acier LAC;1;https://www.aciersgrosjean.be/images/thumbs/0001258_1d6d2f584e27476b9e2172b3446a3961_625.jpeg
194;Cornière égale 50x50x3mm Acier LAC;2;https://www.aciersgrosjean.be/images/thumbs/0001258_1d6d2f584e27476b9e2172b3446a3961.jpeg
194;Cornière égale 50x50x3mm Acier LAC;3;https://www.aciersgrosjean.be/images/thumbs/0001259_d7b5f83c2bc643f29a57d9147f31965a.jpeg
194;Cornière égale 50x50x3mm Acier LAC;4;https://www.aciersgrosjean.be/images/thumbs/0001260_0fa741891730488eafb1f4b926c0da74.jpeg
196;Cornière égale 50x50x5mm Acier LAC;1;https://www.aciersgrosjean.be/images/thumbs/0001264_1d6d2f584e27476b9e2172b3446a3961_625.jpeg
196;Cornière égale 50x50x5mm Acier LAC;2;https://www.aciersgrosjean.be/images/thumbs/0001264_1d6d2f584e27476b9e2172b3446a3961.jpeg
196;Cornière égale 50x50x5mm Acier LAC;3;https://www.aciersgrosjean.be/images/thumbs/0001265_d7b5f83c2bc643f29a57d9147f31965a.jpeg
196;Cornière égale 50x50x5mm Acier LAC;4;https://www.aciersgrosjean.be/images/thumbs/0001266_0fa741891730488eafb1f4b926c0da74.jpeg
200;Cornière égale 60x60x6mm Acier LAC;1;https://www.aciersgrosjean.be/images/thumbs/0001276_1d6d2f584e27476b9e2172b3446a3961_625.jpeg
200;Cornière égale 60x60x6mm Acier LAC;2;https://www.aciersgrosjean.be/images/thumbs/0001276_1d6d2f584e27476b9e2172b3446a3961.jpeg
200;Cornière égale 60x60x6mm Acier LAC;3;https://www.aciersgrosjean.be/images/thumbs/0001277_d7b5f83c2bc643f29a57d9147f31965a.jpeg
200;Cornière égale 60x60x6mm Acier LAC;4;https://www.aciersgrosjean.be/images/thumbs/0001278_0fa741891730488eafb1f4b926c0da74.jpeg
213;Cornière égale 80x80x8mm Acier LAC;1;https://www.aciersgrosjean.be/images/thumbs/0001317_1d6d2f584e27476b9e2172b3446a3961_625.jpeg
213;Cornière égale 80x80x8mm Acier LAC;2;https://www.aciersgrosjean.be/images/thumbs/0001317_1d6d2f584e27476b9e2172b3446a3961.jpeg
213;Cornière égale 80x80x8mm Acier LAC;3;https://www.aciersgrosjean.be/images/thumbs/0001318_d7b5f83c2bc643f29a57d9147f31965a.jpeg
213;Cornière égale 80x80x8mm Acier LAC;4;https://www.aciersgrosjean.be/images/thumbs/0001337_0fa741891730488eafb1f4b926c0da74.jpeg
219;Cornière égale 100x100x10mm Acier LAC;1;https://www.aciersgrosjean.be/images/thumbs/0001345_1d6d2f584e27476b9e2172b3446a3961_625.jpeg
219;Cornière égale 100x100x10mm Acier LAC;2;https://www.aciersgrosjean.be/images/thumbs/0001345_1d6d2f584e27476b9e2172b3446a3961.jpeg
219;Cornière égale 100x100x10mm Acier LAC;3;https://www.aciersgrosjean.be/images/thumbs/0001346_d7b5f83c2bc643f29a57d9147f31965a.jpeg
219;Cornière égale 100x100x10mm Acier LAC;4;https://www.aciersgrosjean.be/images/thumbs/0001347_0fa741891730488eafb1f4b926c0da74.jpeg
219;Cornière égale 100x100x10mm Acier LAC;5;https://www.aciersgrosjean.be/images/thumbs/0001628_eccd109726c54e3aac071221770781d8.jpeg
228;Poutrelle IPE 200 en acier;1;https://www.aciersgrosjean.be/images/thumbs/0003804_301d853d94904278bab6df7a5e4e9837_625.jpeg
228;Poutrelle IPE 200 en acier;2;https://www.aciersgrosjean.be/images/thumbs/0003804_301d853d94904278bab6df7a5e4e9837.jpeg
228;Poutrelle IPE 200 en acier;3;https://www.aciersgrosjean.be/images/thumbs/0003805_865646b7f22d4415a556de7af7de1a3a.jpeg
228;Poutrelle IPE 200 en acier;4;https://www.aciersgrosjean.be/images/thumbs/0003806_6f329e0775024112b648699a75024e37.jpeg
229;Poutrelle IPE 240 en acier;1;https://www.aciersgrosjean.be/images/thumbs/0003817_poutrelle-ipe-240-en-acier_625.jpeg
229;Poutrelle IPE 240 en acier;2;https://www.aciersgrosjean.be/images/thumbs/0003817_poutrelle-ipe-240-en-acier.jpeg
229;Poutrelle IPE 240 en acier;3;https://www.aciersgrosjean.be/images/thumbs/0003818_poutrelle-ipe-240-en-acier.jpeg
229;Poutrelle IPE 240 en acier;4;https://www.aciersgrosjean.be/images/thumbs/0003819_poutrelle-ipe-240-en-acier.jpeg
231;Poutrelle IPE 100 en acier;1;https://www.aciersgrosjean.be/images/thumbs/0003776_301d853d94904278bab6df7a5e4e9837_625.jpeg
231;Poutrelle IPE 100 en acier;2;https://www.aciersgrosjean.be/images/thumbs/0003776_301d853d94904278bab6df7a5e4e9837.jpeg
231;Poutrelle IPE 100 en acier;3;https://www.aciersgrosjean.be/images/thumbs/0003777_865646b7f22d4415a556de7af7de1a3a.jpeg
231;Poutrelle IPE 100 en acier;4;https://www.aciersgrosjean.be/images/thumbs/0003778_6f329e0775024112b648699a75024e37.jpeg
232;Poutrelle IPE 120 en acier;1;https://www.aciersgrosjean.be/images/thumbs/0003782_301d853d94904278bab6df7a5e4e9837_625.jpeg
232;Poutrelle IPE 120 en acier;2;https://www.aciersgrosjean.be/images/thumbs/0003782_301d853d94904278bab6df7a5e4e9837.jpeg
232;Poutrelle IPE 120 en acier;3;https://www.aciersgrosjean.be/images/thumbs/0003783_865646b7f22d4415a556de7af7de1a3a.jpeg
232;Poutrelle IPE 120 en acier;4;https://www.aciersgrosjean.be/images/thumbs/0003784_6f329e0775024112b648699a75024e37.jpeg
233;Poutrelle IPE 140 en acier;1;https://www.aciersgrosjean.be/images/thumbs/0003785_301d853d94904278bab6df7a5e4e9837_625.jpeg
233;Poutrelle IPE 140 en acier;2;https://www.aciersgrosjean.be/images/thumbs/0003785_301d853d94904278bab6df7a5e4e9837.jpeg
233;Poutrelle IPE 140 en acier;3;https://www.aciersgrosjean.be/images/thumbs/0005517_865646b7f22d4415a556de7af7de1a3a.jpeg
233;Poutrelle IPE 140 en acier;4;https://www.aciersgrosjean.be/images/thumbs/0003787_6f329e0775024112b648699a75024e37.jpeg
234;Poutrelle IPE 160 en acier;1;https://www.aciersgrosjean.be/images/thumbs/0003791_301d853d94904278bab6df7a5e4e9837_625.jpeg
234;Poutrelle IPE 160 en acier;2;https://www.aciersgrosjean.be/images/thumbs/0003791_301d853d94904278bab6df7a5e4e9837.jpeg
234;Poutrelle IPE 160 en acier;3;https://www.aciersgrosjean.be/images/thumbs/0003792_865646b7f22d4415a556de7af7de1a3a.jpeg
234;Poutrelle IPE 160 en acier;4;https://www.aciersgrosjean.be/images/thumbs/0003793_6f329e0775024112b648699a75024e37.jpeg
235;Poutrelle IPE 220 en acier;1;https://www.aciersgrosjean.be/images/thumbs/0003810_301d853d94904278bab6df7a5e4e9837_625.jpeg
235;Poutrelle IPE 220 en acier;2;https://www.aciersgrosjean.be/images/thumbs/0003810_301d853d94904278bab6df7a5e4e9837.jpeg
235;Poutrelle IPE 220 en acier;3;https://www.aciersgrosjean.be/images/thumbs/0003811_865646b7f22d4415a556de7af7de1a3a.jpeg
235;Poutrelle IPE 220 en acier;4;https://www.aciersgrosjean.be/images/thumbs/0003812_6f329e0775024112b648699a75024e37.jpeg
236;Poutrelle IPE 270;1;https://www.aciersgrosjean.be/images/thumbs/0001958_301d853d94904278bab6df7a5e4e9837_625.jpeg
236;Poutrelle IPE 270;2;https://www.aciersgrosjean.be/images/thumbs/0001958_301d853d94904278bab6df7a5e4e9837.jpeg
236;Poutrelle IPE 270;3;https://www.aciersgrosjean.be/images/thumbs/0001959_6f329e0775024112b648699a75024e37.jpeg
237;Poutrelle IPE 300;1;https://www.aciersgrosjean.be/images/thumbs/0001964_301d853d94904278bab6df7a5e4e9837_625.jpeg
237;Poutrelle IPE 300;2;https://www.aciersgrosjean.be/images/thumbs/0001964_301d853d94904278bab6df7a5e4e9837.jpeg
237;Poutrelle IPE 300;3;https://www.aciersgrosjean.be/images/thumbs/0001965_6f329e0775024112b648699a75024e37.jpeg
238;Poutrelle IPE 330;1;https://www.aciersgrosjean.be/images/thumbs/0001970_301d853d94904278bab6df7a5e4e9837_625.jpeg
238;Poutrelle IPE 330;2;https://www.aciersgrosjean.be/images/thumbs/0001970_301d853d94904278bab6df7a5e4e9837.jpeg
238;Poutrelle IPE 330;3;https://www.aciersgrosjean.be/images/thumbs/0001971_6f329e0775024112b648699a75024e37.jpeg
258;Fer en T 60x7mm en acier laminé à chaud;1;https://www.aciersgrosjean.be/images/thumbs/0003215_3bd0ad7b7d244fd7867325d4b861a955_625.jpeg
258;Fer en T 60x7mm en acier laminé à chaud;2;https://www.aciersgrosjean.be/images/thumbs/0003215_3bd0ad7b7d244fd7867325d4b861a955.jpeg
258;Fer en T 60x7mm en acier laminé à chaud;3;https://www.aciersgrosjean.be/images/thumbs/0003216_44f621b173e84271b36aa08dea10fa65.jpeg
258;Fer en T 60x7mm en acier laminé à chaud;4;https://www.aciersgrosjean.be/images/thumbs/0003217_b8e4eb159ce34a1cb2d37fe378f81e58.jpeg
276;Plat 80x8mm en acier laminé à chaud;1;https://www.aciersgrosjean.be/images/thumbs/0003076_ce43fb87dfbe40e3ae2a3399819dca3d_625.jpeg
276;Plat 80x8mm en acier laminé à chaud;2;https://www.aciersgrosjean.be/images/thumbs/0003076_ce43fb87dfbe40e3ae2a3399819dca3d.jpeg
276;Plat 80x8mm en acier laminé à chaud;3;https://www.aciersgrosjean.be/images/thumbs/0003077_c2140b89f6e54d0fa91f88a602c0cd00.jpeg
276;Plat 80x8mm en acier laminé à chaud;4;https://www.aciersgrosjean.be/images/thumbs/0003078_1dd4b5b814dc4613a7aefd263158b7c7.jpeg
288;Plat 80x10mm en acier laminé à chaud;1;https://www.aciersgrosjean.be/images/thumbs/0003040_ce43fb87dfbe40e3ae2a3399819dca3d_625.jpeg
288;Plat 80x10mm en acier laminé à chaud;2;https://www.aciersgrosjean.be/images/thumbs/0003040_ce43fb87dfbe40e3ae2a3399819dca3d.jpeg
288;Plat 80x10mm en acier laminé à chaud;3;https://www.aciersgrosjean.be/images/thumbs/0003041_c2140b89f6e54d0fa91f88a602c0cd00.jpeg
288;Plat 80x10mm en acier laminé à chaud;4;https://www.aciersgrosjean.be/images/thumbs/0003042_1dd4b5b814dc4613a7aefd263158b7c7.jpeg
307;Plat 70x10mm en acier laminé à chaud;1;https://www.aciersgrosjean.be/images/thumbs/0002979_ce43fb87dfbe40e3ae2a3399819dca3d_625.jpeg
307;Plat 70x10mm en acier laminé à chaud;2;https://www.aciersgrosjean.be/images/thumbs/0002979_ce43fb87dfbe40e3ae2a3399819dca3d.jpeg
307;Plat 70x10mm en acier laminé à chaud;3;https://www.aciersgrosjean.be/images/thumbs/0002980_c2140b89f6e54d0fa91f88a602c0cd00.jpeg
307;Plat 70x10mm en acier laminé à chaud;4;https://www.aciersgrosjean.be/images/thumbs/0002981_1dd4b5b814dc4613a7aefd263158b7c7.jpeg
308;Plat 60x8mm en acier laminé à chaud;1;https://www.aciersgrosjean.be/images/thumbs/0002976_ce43fb87dfbe40e3ae2a3399819dca3d_625.jpeg
308;Plat 60x8mm en acier laminé à chaud;2;https://www.aciersgrosjean.be/images/thumbs/0002976_ce43fb87dfbe40e3ae2a3399819dca3d.jpeg
308;Plat 60x8mm en acier laminé à chaud;3;https://www.aciersgrosjean.be/images/thumbs/0002977_c2140b89f6e54d0fa91f88a602c0cd00.jpeg
308;Plat 60x8mm en acier laminé à chaud;4;https://www.aciersgrosjean.be/images/thumbs/0002978_1dd4b5b814dc4613a7aefd263158b7c7.jpeg
310;Plat 60x5mm en acier laminé à chaud;1;https://www.aciersgrosjean.be/images/thumbs/0002970_ce43fb87dfbe40e3ae2a3399819dca3d_625.jpeg
310;Plat 60x5mm en acier laminé à chaud;2;https://www.aciersgrosjean.be/images/thumbs/0002970_ce43fb87dfbe40e3ae2a3399819dca3d.jpeg
310;Plat 60x5mm en acier laminé à chaud;3;https://www.aciersgrosjean.be/images/thumbs/0002971_c2140b89f6e54d0fa91f88a602c0cd00.jpeg
310;Plat 60x5mm en acier laminé à chaud;4;https://www.aciersgrosjean.be/images/thumbs/0002972_1dd4b5b814dc4613a7aefd263158b7c7.jpeg
319;Plat 60x10mm en acier laminé à chaud;1;https://www.aciersgrosjean.be/images/thumbs/0002943_ce43fb87dfbe40e3ae2a3399819dca3d_625.jpeg
319;Plat 60x10mm en acier laminé à chaud;2;https://www.aciersgrosjean.be/images/thumbs/0002943_ce43fb87dfbe40e3ae2a3399819dca3d.jpeg
319;Plat 60x10mm en acier laminé à chaud;3;https://www.aciersgrosjean.be/images/thumbs/0002944_c2140b89f6e54d0fa91f88a602c0cd00.jpeg
319;Plat 60x10mm en acier laminé à chaud;4;https://www.aciersgrosjean.be/images/thumbs/0002945_1dd4b5b814dc4613a7aefd263158b7c7.jpeg
320;Plat 50x8mm en acier laminé à chaud;1;https://www.aciersgrosjean.be/images/thumbs/0002940_ce43fb87dfbe40e3ae2a3399819dca3d_625.jpeg
320;Plat 50x8mm en acier laminé à chaud;2;https://www.aciersgrosjean.be/images/thumbs/0002940_ce43fb87dfbe40e3ae2a3399819dca3d.jpeg
320;Plat 50x8mm en acier laminé à chaud;3;https://www.aciersgrosjean.be/images/thumbs/0002941_c2140b89f6e54d0fa91f88a602c0cd00.jpeg
320;Plat 50x8mm en acier laminé à chaud;4;https://www.aciersgrosjean.be/images/thumbs/0002942_1dd4b5b814dc4613a7aefd263158b7c7.jpeg
322;Plat 50x5mm en acier laminé à chaud;1;https://www.aciersgrosjean.be/images/thumbs/0002934_ce43fb87dfbe40e3ae2a3399819dca3d_625.jpeg
322;Plat 50x5mm en acier laminé à chaud;2;https://www.aciersgrosjean.be/images/thumbs/0002934_ce43fb87dfbe40e3ae2a3399819dca3d.jpeg
322;Plat 50x5mm en acier laminé à chaud;3;https://www.aciersgrosjean.be/images/thumbs/0002935_c2140b89f6e54d0fa91f88a602c0cd00.jpeg
322;Plat 50x5mm en acier laminé à chaud;4;https://www.aciersgrosjean.be/images/thumbs/0002936_1dd4b5b814dc4613a7aefd263158b7c7.jpeg
326;Plat 50x3mm en acier laminé à chaud;1;https://www.aciersgrosjean.be/images/thumbs/0002922_ce43fb87dfbe40e3ae2a3399819dca3d_625.jpeg
326;Plat 50x3mm en acier laminé à chaud;2;https://www.aciersgrosjean.be/images/thumbs/0002922_ce43fb87dfbe40e3ae2a3399819dca3d.jpeg
326;Plat 50x3mm en acier laminé à chaud;3;https://www.aciersgrosjean.be/images/thumbs/0002923_c2140b89f6e54d0fa91f88a602c0cd00.jpeg
326;Plat 50x3mm en acier laminé à chaud;4;https://www.aciersgrosjean.be/images/thumbs/0002924_1dd4b5b814dc4613a7aefd263158b7c7.jpeg
331;Plat 50x10mm en acier laminé à chaud;1;https://www.aciersgrosjean.be/images/thumbs/0002883_ce43fb87dfbe40e3ae2a3399819dca3d_625.jpeg
331;Plat 50x10mm en acier laminé à chaud;2;https://www.aciersgrosjean.be/images/thumbs/0002883_ce43fb87dfbe40e3ae2a3399819dca3d.jpeg
331;Plat 50x10mm en acier laminé à chaud;3;https://www.aciersgrosjean.be/images/thumbs/0002884_c2140b89f6e54d0fa91f88a602c0cd00.jpeg
331;Plat 50x10mm en acier laminé à chaud;4;https://www.aciersgrosjean.be/images/thumbs/0002885_1dd4b5b814dc4613a7aefd263158b7c7.jpeg
341;Plat 20x5mm en acier laminé à chaud;1;https://www.aciersgrosjean.be/images/thumbs/0002724_ce43fb87dfbe40e3ae2a3399819dca3d_625.jpeg
341;Plat 20x5mm en acier laminé à chaud;2;https://www.aciersgrosjean.be/images/thumbs/0002724_ce43fb87dfbe40e3ae2a3399819dca3d.jpeg
341;Plat 20x5mm en acier laminé à chaud;3;https://www.aciersgrosjean.be/images/thumbs/0002725_c2140b89f6e54d0fa91f88a602c0cd00.jpeg
341;Plat 20x5mm en acier laminé à chaud;4;https://www.aciersgrosjean.be/images/thumbs/0002726_1dd4b5b814dc4613a7aefd263158b7c7.jpeg
346;Plat 20x10mm en acier laminé à chaud;1;https://www.aciersgrosjean.be/images/thumbs/0002709_ce43fb87dfbe40e3ae2a3399819dca3d_625.jpeg
346;Plat 20x10mm en acier laminé à chaud;2;https://www.aciersgrosjean.be/images/thumbs/0002709_ce43fb87dfbe40e3ae2a3399819dca3d.jpeg
346;Plat 20x10mm en acier laminé à chaud;3;https://www.aciersgrosjean.be/images/thumbs/0002710_c2140b89f6e54d0fa91f88a602c0cd00.jpeg
346;Plat 20x10mm en acier laminé à chaud;4;https://www.aciersgrosjean.be/images/thumbs/0002711_1dd4b5b814dc4613a7aefd263158b7c7.jpeg
347;Plat 30x6mm en acier laminé à chaud;1;https://www.aciersgrosjean.be/images/thumbs/0002778_ce43fb87dfbe40e3ae2a3399819dca3d_625.jpeg
347;Plat 30x6mm en acier laminé à chaud;2;https://www.aciersgrosjean.be/images/thumbs/0002778_ce43fb87dfbe40e3ae2a3399819dca3d.jpeg
347;Plat 30x6mm en acier laminé à chaud;3;https://www.aciersgrosjean.be/images/thumbs/0002779_c2140b89f6e54d0fa91f88a602c0cd00.jpeg
347;Plat 30x6mm en acier laminé à chaud;4;https://www.aciersgrosjean.be/images/thumbs/0002780_1dd4b5b814dc4613a7aefd263158b7c7.jpeg
351;Plat 30x10mm en acier laminé à chaud;1;https://www.aciersgrosjean.be/images/thumbs/0002757_ce43fb87dfbe40e3ae2a3399819dca3d_625.jpeg
351;Plat 30x10mm en acier laminé à chaud;2;https://www.aciersgrosjean.be/images/thumbs/0002757_ce43fb87dfbe40e3ae2a3399819dca3d.jpeg
351;Plat 30x10mm en acier laminé à chaud;3;https://www.aciersgrosjean.be/images/thumbs/0002758_c2140b89f6e54d0fa91f88a602c0cd00.jpeg
351;Plat 30x10mm en acier laminé à chaud;4;https://www.aciersgrosjean.be/images/thumbs/0002759_1dd4b5b814dc4613a7aefd263158b7c7.jpeg
356;Cornière inégale 200x100x10mm Acier LAC;1;https://www.aciersgrosjean.be/images/thumbs/0002111_568045700be845c698dae4d193f03345_625.jpeg
356;Cornière inégale 200x100x10mm Acier LAC;2;https://www.aciersgrosjean.be/images/thumbs/0002111_568045700be845c698dae4d193f03345.jpeg
356;Cornière inégale 200x100x10mm Acier LAC;3;https://www.aciersgrosjean.be/images/thumbs/0002112_8c63b248380742a58cb7ee70c535c6c8.jpeg
365;Plat 25x4mm en acier laminé à chaud;1;https://www.aciersgrosjean.be/images/thumbs/0002745_ce43fb87dfbe40e3ae2a3399819dca3d_625.jpeg
365;Plat 25x4mm en acier laminé à chaud;2;https://www.aciersgrosjean.be/images/thumbs/0002745_ce43fb87dfbe40e3ae2a3399819dca3d.jpeg
365;Plat 25x4mm en acier laminé à chaud;3;https://www.aciersgrosjean.be/images/thumbs/0002746_c2140b89f6e54d0fa91f88a602c0cd00.jpeg
365;Plat 25x4mm en acier laminé à chaud;4;https://www.aciersgrosjean.be/images/thumbs/0002747_1dd4b5b814dc4613a7aefd263158b7c7.jpeg
371;Plat 40x5mm en acier laminé à chaud;1;https://www.aciersgrosjean.be/images/thumbs/0002844_ce43fb87dfbe40e3ae2a3399819dca3d_625.jpeg
371;Plat 40x5mm en acier laminé à chaud;2;https://www.aciersgrosjean.be/images/thumbs/0002844_ce43fb87dfbe40e3ae2a3399819dca3d.jpeg
371;Plat 40x5mm en acier laminé à chaud;3;https://www.aciersgrosjean.be/images/thumbs/0002845_c2140b89f6e54d0fa91f88a602c0cd00.jpeg
371;Plat 40x5mm en acier laminé à chaud;4;https://www.aciersgrosjean.be/images/thumbs/0002846_1dd4b5b814dc4613a7aefd263158b7c7.jpeg
376;Cornière inégale 100x50x6mm Acier LAC;1;https://www.aciersgrosjean.be/images/thumbs/0002073_568045700be845c698dae4d193f03345_625.jpeg
376;Cornière inégale 100x50x6mm Acier LAC;2;https://www.aciersgrosjean.be/images/thumbs/0002073_568045700be845c698dae4d193f03345.jpeg
376;Cornière inégale 100x50x6mm Acier LAC;3;https://www.aciersgrosjean.be/images/thumbs/0002074_8c63b248380742a58cb7ee70c535c6c8.jpeg
380;Plat 40x10mm en acier laminé à chaud;1;https://www.aciersgrosjean.be/images/thumbs/0002819_ce43fb87dfbe40e3ae2a3399819dca3d_625.jpeg
380;Plat 40x10mm en acier laminé à chaud;2;https://www.aciersgrosjean.be/images/thumbs/0002819_ce43fb87dfbe40e3ae2a3399819dca3d.jpeg
380;Plat 40x10mm en acier laminé à chaud;3;https://www.aciersgrosjean.be/images/thumbs/0002820_c2140b89f6e54d0fa91f88a602c0cd00.jpeg
380;Plat 40x10mm en acier laminé à chaud;4;https://www.aciersgrosjean.be/images/thumbs/0002821_1dd4b5b814dc4613a7aefd263158b7c7.jpeg
385;Cornière inégale 70x50x6mm Acier LAC;1;https://www.aciersgrosjean.be/images/thumbs/0002051_568045700be845c698dae4d193f03345_625.jpeg
385;Cornière inégale 70x50x6mm Acier LAC;2;https://www.aciersgrosjean.be/images/thumbs/0002051_568045700be845c698dae4d193f03345.jpeg
385;Cornière inégale 70x50x6mm Acier LAC;3;https://www.aciersgrosjean.be/images/thumbs/0002052_8c63b248380742a58cb7ee70c535c6c8.jpeg
387;Plat 25x3mm en acier laminé à chaud;1;https://www.aciersgrosjean.be/images/thumbs/0002742_ce43fb87dfbe40e3ae2a3399819dca3d_625.jpeg
387;Plat 25x3mm en acier laminé à chaud;2;https://www.aciersgrosjean.be/images/thumbs/0002742_ce43fb87dfbe40e3ae2a3399819dca3d.jpeg
387;Plat 25x3mm en acier laminé à chaud;3;https://www.aciersgrosjean.be/images/thumbs/0002743_c2140b89f6e54d0fa91f88a602c0cd00.jpeg
387;Plat 25x3mm en acier laminé à chaud;4;https://www.aciersgrosjean.be/images/thumbs/0002744_1dd4b5b814dc4613a7aefd263158b7c7.jpeg
388;Plat 25x10mm en acier laminé à chaud;1;https://www.aciersgrosjean.be/images/thumbs/0002733_ce43fb87dfbe40e3ae2a3399819dca3d_625.jpeg
388;Plat 25x10mm en acier laminé à chaud;2;https://www.aciersgrosjean.be/images/thumbs/0002733_ce43fb87dfbe40e3ae2a3399819dca3d.jpeg
388;Plat 25x10mm en acier laminé à chaud;3;https://www.aciersgrosjean.be/images/thumbs/0002734_c2140b89f6e54d0fa91f88a602c0cd00.jpeg
388;Plat 25x10mm en acier laminé à chaud;4;https://www.aciersgrosjean.be/images/thumbs/0002735_1dd4b5b814dc4613a7aefd263158b7c7.jpeg
398;Plat 40x3mm en acier laminé à chaud;1;https://www.aciersgrosjean.be/images/thumbs/0002835_ce43fb87dfbe40e3ae2a3399819dca3d_625.jpeg
398;Plat 40x3mm en acier laminé à chaud;2;https://www.aciersgrosjean.be/images/thumbs/0002835_ce43fb87dfbe40e3ae2a3399819dca3d.jpeg
398;Plat 40x3mm en acier laminé à chaud;3;https://www.aciersgrosjean.be/images/thumbs/0002836_c2140b89f6e54d0fa91f88a602c0cd00.jpeg
398;Plat 40x3mm en acier laminé à chaud;4;https://www.aciersgrosjean.be/images/thumbs/0002837_1dd4b5b814dc4613a7aefd263158b7c7.jpeg
403;Plat 20x3mm en acier laminé à chaud;1;https://www.aciersgrosjean.be/images/thumbs/0002718_ce43fb87dfbe40e3ae2a3399819dca3d_625.jpeg
403;Plat 20x3mm en acier laminé à chaud;2;https://www.aciersgrosjean.be/images/thumbs/0002718_ce43fb87dfbe40e3ae2a3399819dca3d.jpeg
403;Plat 20x3mm en acier laminé à chaud;3;https://www.aciersgrosjean.be/images/thumbs/0002719_c2140b89f6e54d0fa91f88a602c0cd00.jpeg
403;Plat 20x3mm en acier laminé à chaud;4;https://www.aciersgrosjean.be/images/thumbs/0002720_1dd4b5b814dc4613a7aefd263158b7c7.jpeg
420;Plat 25x5mm en acier laminé à chaud;1;https://www.aciersgrosjean.be/images/thumbs/0002748_ce43fb87dfbe40e3ae2a3399819dca3d_625.jpeg
420;Plat 25x5mm en acier laminé à chaud;2;https://www.aciersgrosjean.be/images/thumbs/0002748_ce43fb87dfbe40e3ae2a3399819dca3d.jpeg
420;Plat 25x5mm en acier laminé à chaud;3;https://www.aciersgrosjean.be/images/thumbs/0002749_c2140b89f6e54d0fa91f88a602c0cd00.jpeg
420;Plat 25x5mm en acier laminé à chaud;4;https://www.aciersgrosjean.be/images/thumbs/0002750_1dd4b5b814dc4613a7aefd263158b7c7.jpeg
422;Plat 40x4mm en acier laminé à chaud;1;https://www.aciersgrosjean.be/images/thumbs/0002841_ce43fb87dfbe40e3ae2a3399819dca3d_625.jpeg
422;Plat 40x4mm en acier laminé à chaud;2;https://www.aciersgrosjean.be/images/thumbs/0002841_ce43fb87dfbe40e3ae2a3399819dca3d.jpeg
422;Plat 40x4mm en acier laminé à chaud;3;https://www.aciersgrosjean.be/images/thumbs/0002842_c2140b89f6e54d0fa91f88a602c0cd00.jpeg
422;Plat 40x4mm en acier laminé à chaud;4;https://www.aciersgrosjean.be/images/thumbs/0002843_1dd4b5b814dc4613a7aefd263158b7c7.jpeg
426;Plat 30x5mm en acier laminé à chaud;1;https://www.aciersgrosjean.be/images/thumbs/0002775_ce43fb87dfbe40e3ae2a3399819dca3d_625.jpeg
426;Plat 30x5mm en acier laminé à chaud;2;https://www.aciersgrosjean.be/images/thumbs/0002775_ce43fb87dfbe40e3ae2a3399819dca3d.jpeg
426;Plat 30x5mm en acier laminé à chaud;3;https://www.aciersgrosjean.be/images/thumbs/0002776_c2140b89f6e54d0fa91f88a602c0cd00.jpeg
426;Plat 30x5mm en acier laminé à chaud;4;https://www.aciersgrosjean.be/images/thumbs/0002777_1dd4b5b814dc4613a7aefd263158b7c7.jpeg
427;Plat 30x8mm en acier laminé à chaud;1;https://www.aciersgrosjean.be/images/thumbs/0002781_ce43fb87dfbe40e3ae2a3399819dca3d_625.jpeg
427;Plat 30x8mm en acier laminé à chaud;2;https://www.aciersgrosjean.be/images/thumbs/0002781_ce43fb87dfbe40e3ae2a3399819dca3d.jpeg
427;Plat 30x8mm en acier laminé à chaud;3;https://www.aciersgrosjean.be/images/thumbs/0002782_c2140b89f6e54d0fa91f88a602c0cd00.jpeg
427;Plat 30x8mm en acier laminé à chaud;4;https://www.aciersgrosjean.be/images/thumbs/0002783_1dd4b5b814dc4613a7aefd263158b7c7.jpeg
431;Plat 30x3mm en acier laminé à chaud;1;https://www.aciersgrosjean.be/images/thumbs/0002769_ce43fb87dfbe40e3ae2a3399819dca3d_625.jpeg
431;Plat 30x3mm en acier laminé à chaud;2;https://www.aciersgrosjean.be/images/thumbs/0002769_ce43fb87dfbe40e3ae2a3399819dca3d.jpeg
431;Plat 30x3mm en acier laminé à chaud;3;https://www.aciersgrosjean.be/images/thumbs/0002770_c2140b89f6e54d0fa91f88a602c0cd00.jpeg
431;Plat 30x3mm en acier laminé à chaud;4;https://www.aciersgrosjean.be/images/thumbs/0002771_1dd4b5b814dc4613a7aefd263158b7c7.jpeg
435;Large plat 200x10mm en acier laminé à chaud;1;https://www.aciersgrosjean.be/images/thumbs/0002123_large-plat-200x10mm-en-acier-lamine-a-chaud_625.jpeg
435;Large plat 200x10mm en acier laminé à chaud;2;https://www.aciersgrosjean.be/images/thumbs/0002123_large-plat-200x10mm-en-acier-lamine-a-chaud.jpeg
435;Large plat 200x10mm en acier laminé à chaud;3;https://www.aciersgrosjean.be/images/thumbs/0004965_large-plat-200x10mm-en-acier-lamine-a-chaud.jpeg
435;Large plat 200x10mm en acier laminé à chaud;4;https://www.aciersgrosjean.be/images/thumbs/0004966_large-plat-200x10mm-en-acier-lamine-a-chaud.jpeg
439;Cornière inégale 60x40x5mm Acier LAC;1;https://www.aciersgrosjean.be/images/thumbs/0002043_568045700be845c698dae4d193f03345_625.jpeg
439;Cornière inégale 60x40x5mm Acier LAC;2;https://www.aciersgrosjean.be/images/thumbs/0002043_568045700be845c698dae4d193f03345.jpeg
439;Cornière inégale 60x40x5mm Acier LAC;3;https://www.aciersgrosjean.be/images/thumbs/0002044_8c63b248380742a58cb7ee70c535c6c8.jpeg
447;Plat 30x20mm en acier laminé à chaud;1;https://www.aciersgrosjean.be/images/thumbs/0002766_ce43fb87dfbe40e3ae2a3399819dca3d_625.jpeg
447;Plat 30x20mm en acier laminé à chaud;2;https://www.aciersgrosjean.be/images/thumbs/0002766_ce43fb87dfbe40e3ae2a3399819dca3d.jpeg
447;Plat 30x20mm en acier laminé à chaud;3;https://www.aciersgrosjean.be/images/thumbs/0002767_c2140b89f6e54d0fa91f88a602c0cd00.jpeg
447;Plat 30x20mm en acier laminé à chaud;4;https://www.aciersgrosjean.be/images/thumbs/0002768_1dd4b5b814dc4613a7aefd263158b7c7.jpeg
448;Plat 40x8mm en acier laminé à chaud;1;https://www.aciersgrosjean.be/images/thumbs/0002850_ce43fb87dfbe40e3ae2a3399819dca3d_625.jpeg
448;Plat 40x8mm en acier laminé à chaud;2;https://www.aciersgrosjean.be/images/thumbs/0002850_ce43fb87dfbe40e3ae2a3399819dca3d.jpeg
448;Plat 40x8mm en acier laminé à chaud;3;https://www.aciersgrosjean.be/images/thumbs/0002851_c2140b89f6e54d0fa91f88a602c0cd00.jpeg
448;Plat 40x8mm en acier laminé à chaud;4;https://www.aciersgrosjean.be/images/thumbs/0002852_1dd4b5b814dc4613a7aefd263158b7c7.jpeg
450;Cornière inégale 150x100x10mm Acier LAC;1;https://www.aciersgrosjean.be/images/thumbs/0002103_568045700be845c698dae4d193f03345_625.jpeg
450;Cornière inégale 150x100x10mm Acier LAC;2;https://www.aciersgrosjean.be/images/thumbs/0002103_568045700be845c698dae4d193f03345.jpeg
450;Cornière inégale 150x100x10mm Acier LAC;3;https://www.aciersgrosjean.be/images/thumbs/0002104_8c63b248380742a58cb7ee70c535c6c8.jpeg
461;Plat 140x10mm en acier laminé à chaud;1;https://www.aciersgrosjean.be/images/thumbs/0002601_ce43fb87dfbe40e3ae2a3399819dca3d_625.jpeg
461;Plat 140x10mm en acier laminé à chaud;2;https://www.aciersgrosjean.be/images/thumbs/0002601_ce43fb87dfbe40e3ae2a3399819dca3d.jpeg
461;Plat 140x10mm en acier laminé à chaud;3;https://www.aciersgrosjean.be/images/thumbs/0002602_c2140b89f6e54d0fa91f88a602c0cd00.jpeg
461;Plat 140x10mm en acier laminé à chaud;4;https://www.aciersgrosjean.be/images/thumbs/0002603_1dd4b5b814dc4613a7aefd263158b7c7.jpeg
479;Plat 120x10mm en acier laminé à chaud;1;https://www.aciersgrosjean.be/images/thumbs/0002507_ce43fb87dfbe40e3ae2a3399819dca3d_625.jpeg
479;Plat 120x10mm en acier laminé à chaud;2;https://www.aciersgrosjean.be/images/thumbs/0002507_ce43fb87dfbe40e3ae2a3399819dca3d.jpeg
479;Plat 120x10mm en acier laminé à chaud;3;https://www.aciersgrosjean.be/images/thumbs/0002508_c2140b89f6e54d0fa91f88a602c0cd00.jpeg
479;Plat 120x10mm en acier laminé à chaud;4;https://www.aciersgrosjean.be/images/thumbs/0002509_1dd4b5b814dc4613a7aefd263158b7c7.jpeg
508;Rond lisse 20mm en acier laminée à chaud;1;https://www.aciersgrosjean.be/images/thumbs/0003146_0e6b9c1def5f449f8bd7c62e33796d1a_625.jpeg
508;Rond lisse 20mm en acier laminée à chaud;2;https://www.aciersgrosjean.be/images/thumbs/0003146_0e6b9c1def5f449f8bd7c62e33796d1a.jpeg
508;Rond lisse 20mm en acier laminée à chaud;3;https://www.aciersgrosjean.be/images/thumbs/0003147_20b3d8c37642497f865a3609338212e0.jpeg
509;Rond lisse 22mm en acier laminée à chaud;1;https://www.aciersgrosjean.be/images/thumbs/0003148_0e6b9c1def5f449f8bd7c62e33796d1a_625.jpeg
509;Rond lisse 22mm en acier laminée à chaud;2;https://www.aciersgrosjean.be/images/thumbs/0003148_0e6b9c1def5f449f8bd7c62e33796d1a.jpeg
509;Rond lisse 22mm en acier laminée à chaud;3;https://www.aciersgrosjean.be/images/thumbs/0003149_20b3d8c37642497f865a3609338212e0.jpeg
519;Plat 100x5mm en acier laminé à chaud;1;https://www.aciersgrosjean.be/images/thumbs/0002456_ce43fb87dfbe40e3ae2a3399819dca3d_625.jpeg
519;Plat 100x5mm en acier laminé à chaud;2;https://www.aciersgrosjean.be/images/thumbs/0002456_ce43fb87dfbe40e3ae2a3399819dca3d.jpeg
519;Plat 100x5mm en acier laminé à chaud;3;https://www.aciersgrosjean.be/images/thumbs/0002457_c2140b89f6e54d0fa91f88a602c0cd00.jpeg
519;Plat 100x5mm en acier laminé à chaud;4;https://www.aciersgrosjean.be/images/thumbs/0002458_1dd4b5b814dc4613a7aefd263158b7c7.jpeg
520;Plat 100x8mm en acier laminé à chaud;1;https://www.aciersgrosjean.be/images/thumbs/0002468_ce43fb87dfbe40e3ae2a3399819dca3d_625.jpeg
520;Plat 100x8mm en acier laminé à chaud;2;https://www.aciersgrosjean.be/images/thumbs/0002468_ce43fb87dfbe40e3ae2a3399819dca3d.jpeg
520;Plat 100x8mm en acier laminé à chaud;3;https://www.aciersgrosjean.be/images/thumbs/0002469_c2140b89f6e54d0fa91f88a602c0cd00.jpeg
520;Plat 100x8mm en acier laminé à chaud;4;https://www.aciersgrosjean.be/images/thumbs/0002470_1dd4b5b814dc4613a7aefd263158b7c7.jpeg
523;Plat 120x5mm en acier laminé à chaud;1;https://www.aciersgrosjean.be/images/thumbs/0002534_ce43fb87dfbe40e3ae2a3399819dca3d_625.jpeg
523;Plat 120x5mm en acier laminé à chaud;2;https://www.aciersgrosjean.be/images/thumbs/0002534_ce43fb87dfbe40e3ae2a3399819dca3d.jpeg
523;Plat 120x5mm en acier laminé à chaud;3;https://www.aciersgrosjean.be/images/thumbs/0002535_c2140b89f6e54d0fa91f88a602c0cd00.jpeg
523;Plat 120x5mm en acier laminé à chaud;4;https://www.aciersgrosjean.be/images/thumbs/0002536_1dd4b5b814dc4613a7aefd263158b7c7.jpeg
533;Plat 150x10mm en acier laminé à chaud;1;https://www.aciersgrosjean.be/images/thumbs/0002634_ce43fb87dfbe40e3ae2a3399819dca3d_625.jpeg
533;Plat 150x10mm en acier laminé à chaud;2;https://www.aciersgrosjean.be/images/thumbs/0002634_ce43fb87dfbe40e3ae2a3399819dca3d.jpeg
533;Plat 150x10mm en acier laminé à chaud;3;https://www.aciersgrosjean.be/images/thumbs/0002635_c2140b89f6e54d0fa91f88a602c0cd00.jpeg
533;Plat 150x10mm en acier laminé à chaud;4;https://www.aciersgrosjean.be/images/thumbs/0002636_1dd4b5b814dc4613a7aefd263158b7c7.jpeg
535;Plat 100x10mm en acier laminé à chaud;1;https://www.aciersgrosjean.be/images/thumbs/0002435_ce43fb87dfbe40e3ae2a3399819dca3d_625.jpeg
535;Plat 100x10mm en acier laminé à chaud;2;https://www.aciersgrosjean.be/images/thumbs/0002435_ce43fb87dfbe40e3ae2a3399819dca3d.jpeg
535;Plat 100x10mm en acier laminé à chaud;3;https://www.aciersgrosjean.be/images/thumbs/0002436_c2140b89f6e54d0fa91f88a602c0cd00.jpeg
535;Plat 100x10mm en acier laminé à chaud;4;https://www.aciersgrosjean.be/images/thumbs/0002437_1dd4b5b814dc4613a7aefd263158b7c7.jpeg
540;Rond lisse 14mm en acier laminée à chaud;1;https://www.aciersgrosjean.be/images/thumbs/0003138_0e6b9c1def5f449f8bd7c62e33796d1a_625.jpeg
540;Rond lisse 14mm en acier laminée à chaud;2;https://www.aciersgrosjean.be/images/thumbs/0003138_0e6b9c1def5f449f8bd7c62e33796d1a.jpeg
540;Rond lisse 14mm en acier laminée à chaud;3;https://www.aciersgrosjean.be/images/thumbs/0003139_20b3d8c37642497f865a3609338212e0.jpeg
546;Plat 150x5mm en acier laminé à chaud;1;https://www.aciersgrosjean.be/images/thumbs/0002658_ce43fb87dfbe40e3ae2a3399819dca3d_625.jpeg
546;Plat 150x5mm en acier laminé à chaud;2;https://www.aciersgrosjean.be/images/thumbs/0002658_ce43fb87dfbe40e3ae2a3399819dca3d.jpeg
546;Plat 150x5mm en acier laminé à chaud;3;https://www.aciersgrosjean.be/images/thumbs/0002659_c2140b89f6e54d0fa91f88a602c0cd00.jpeg
546;Plat 150x5mm en acier laminé à chaud;4;https://www.aciersgrosjean.be/images/thumbs/0002660_1dd4b5b814dc4613a7aefd263158b7c7.jpeg
549;Rond lisse 18mm en acier laminée à chaud;1;https://www.aciersgrosjean.be/images/thumbs/0003144_0e6b9c1def5f449f8bd7c62e33796d1a_625.jpeg
549;Rond lisse 18mm en acier laminée à chaud;2;https://www.aciersgrosjean.be/images/thumbs/0003144_0e6b9c1def5f449f8bd7c62e33796d1a.jpeg
549;Rond lisse 18mm en acier laminée à chaud;3;https://www.aciersgrosjean.be/images/thumbs/0003145_20b3d8c37642497f865a3609338212e0.jpeg
554;Tube carré 15x15x2mm en acier;1;https://www.aciersgrosjean.be/images/thumbs/0003516_a96813615c2c4ada93f185f2e4a1f382_625.jpeg
554;Tube carré 15x15x2mm en acier;2;https://www.aciersgrosjean.be/images/thumbs/0003516_a96813615c2c4ada93f185f2e4a1f382.jpeg
554;Tube carré 15x15x2mm en acier;3;https://www.aciersgrosjean.be/images/thumbs/0003517_a7916f5e912d41b48f1845ec84aaa32d.jpeg
554;Tube carré 15x15x2mm en acier;4;https://www.aciersgrosjean.be/images/thumbs/0003518_a7ebfed5f16b4da79eeecc756272bdc9.jpeg
556;Tube carré 20x20x2mm en acier;1;https://www.aciersgrosjean.be/images/thumbs/0003549_a96813615c2c4ada93f185f2e4a1f382_625.jpeg
556;Tube carré 20x20x2mm en acier;2;https://www.aciersgrosjean.be/images/thumbs/0003549_a96813615c2c4ada93f185f2e4a1f382.jpeg
556;Tube carré 20x20x2mm en acier;3;https://www.aciersgrosjean.be/images/thumbs/0003550_a7916f5e912d41b48f1845ec84aaa32d.jpeg
556;Tube carré 20x20x2mm en acier;4;https://www.aciersgrosjean.be/images/thumbs/0003551_a7ebfed5f16b4da79eeecc756272bdc9.jpeg
558;Tube carré 25x25x2mm en acier;1;https://www.aciersgrosjean.be/images/thumbs/0003567_a96813615c2c4ada93f185f2e4a1f382_625.jpeg
558;Tube carré 25x25x2mm en acier;2;https://www.aciersgrosjean.be/images/thumbs/0003567_a96813615c2c4ada93f185f2e4a1f382.jpeg
558;Tube carré 25x25x2mm en acier;3;https://www.aciersgrosjean.be/images/thumbs/0003568_a7916f5e912d41b48f1845ec84aaa32d.jpeg
558;Tube carré 25x25x2mm en acier;4;https://www.aciersgrosjean.be/images/thumbs/0003569_a7ebfed5f16b4da79eeecc756272bdc9.jpeg
559;Tube carré 25x25x3mm en acier;1;https://www.aciersgrosjean.be/images/thumbs/0003570_a96813615c2c4ada93f185f2e4a1f382_625.jpeg
559;Tube carré 25x25x3mm en acier;2;https://www.aciersgrosjean.be/images/thumbs/0003570_a96813615c2c4ada93f185f2e4a1f382.jpeg
559;Tube carré 25x25x3mm en acier;3;https://www.aciersgrosjean.be/images/thumbs/0003571_a7916f5e912d41b48f1845ec84aaa32d.jpeg
559;Tube carré 25x25x3mm en acier;4;https://www.aciersgrosjean.be/images/thumbs/0003572_a7ebfed5f16b4da79eeecc756272bdc9.jpeg
561;Tube carré 30x30x2mm en acier;1;https://www.aciersgrosjean.be/images/thumbs/0003576_a96813615c2c4ada93f185f2e4a1f382_625.jpeg
561;Tube carré 30x30x2mm en acier;2;https://www.aciersgrosjean.be/images/thumbs/0003576_a96813615c2c4ada93f185f2e4a1f382.jpeg
561;Tube carré 30x30x2mm en acier;3;https://www.aciersgrosjean.be/images/thumbs/0003577_a7916f5e912d41b48f1845ec84aaa32d.jpeg
561;Tube carré 30x30x2mm en acier;4;https://www.aciersgrosjean.be/images/thumbs/0003578_a7ebfed5f16b4da79eeecc756272bdc9.jpeg
562;Tube carré 30x30x3mm en acier;1;https://www.aciersgrosjean.be/images/thumbs/0003579_a96813615c2c4ada93f185f2e4a1f382_625.jpeg
562;Tube carré 30x30x3mm en acier;2;https://www.aciersgrosjean.be/images/thumbs/0003579_a96813615c2c4ada93f185f2e4a1f382.jpeg
562;Tube carré 30x30x3mm en acier;3;https://www.aciersgrosjean.be/images/thumbs/0003580_a7916f5e912d41b48f1845ec84aaa32d.jpeg
562;Tube carré 30x30x3mm en acier;4;https://www.aciersgrosjean.be/images/thumbs/0003581_a7ebfed5f16b4da79eeecc756272bdc9.jpeg
564;Tube carré 35x35x2mm en acier;1;https://www.aciersgrosjean.be/images/thumbs/0003585_a96813615c2c4ada93f185f2e4a1f382_625.jpeg
564;Tube carré 35x35x2mm en acier;2;https://www.aciersgrosjean.be/images/thumbs/0003585_a96813615c2c4ada93f185f2e4a1f382.jpeg
564;Tube carré 35x35x2mm en acier;3;https://www.aciersgrosjean.be/images/thumbs/0003586_a7916f5e912d41b48f1845ec84aaa32d.jpeg
564;Tube carré 35x35x2mm en acier;4;https://www.aciersgrosjean.be/images/thumbs/0003587_a7ebfed5f16b4da79eeecc756272bdc9.jpeg
567;Tube carré 40x40x2mm en acier;1;https://www.aciersgrosjean.be/images/thumbs/0003594_a96813615c2c4ada93f185f2e4a1f382_625.jpeg
567;Tube carré 40x40x2mm en acier;2;https://www.aciersgrosjean.be/images/thumbs/0003594_a96813615c2c4ada93f185f2e4a1f382.jpeg
567;Tube carré 40x40x2mm en acier;3;https://www.aciersgrosjean.be/images/thumbs/0003595_a7916f5e912d41b48f1845ec84aaa32d.jpeg
567;Tube carré 40x40x2mm en acier;4;https://www.aciersgrosjean.be/images/thumbs/0003596_a7ebfed5f16b4da79eeecc756272bdc9.jpeg
568;Tube carré 40x40x3mm en acier;1;https://www.aciersgrosjean.be/images/thumbs/0003597_a96813615c2c4ada93f185f2e4a1f382_625.jpeg
568;Tube carré 40x40x3mm en acier;2;https://www.aciersgrosjean.be/images/thumbs/0003597_a96813615c2c4ada93f185f2e4a1f382.jpeg
568;Tube carré 40x40x3mm en acier;3;https://www.aciersgrosjean.be/images/thumbs/0003598_a7916f5e912d41b48f1845ec84aaa32d.jpeg
568;Tube carré 40x40x3mm en acier;4;https://www.aciersgrosjean.be/images/thumbs/0003599_a7ebfed5f16b4da79eeecc756272bdc9.jpeg
569;Tube carré 40x40x4mm en acier;1;https://www.aciersgrosjean.be/images/thumbs/0003600_a96813615c2c4ada93f185f2e4a1f382_625.jpeg
569;Tube carré 40x40x4mm en acier;2;https://www.aciersgrosjean.be/images/thumbs/0003600_a96813615c2c4ada93f185f2e4a1f382.jpeg
569;Tube carré 40x40x4mm en acier;3;https://www.aciersgrosjean.be/images/thumbs/0003601_a7916f5e912d41b48f1845ec84aaa32d.jpeg
569;Tube carré 40x40x4mm en acier;4;https://www.aciersgrosjean.be/images/thumbs/0003602_a7ebfed5f16b4da79eeecc756272bdc9.jpeg
570;Tube carré 45x45x2mm en acier;1;https://www.aciersgrosjean.be/images/thumbs/0003603_a96813615c2c4ada93f185f2e4a1f382_625.jpeg
570;Tube carré 45x45x2mm en acier;2;https://www.aciersgrosjean.be/images/thumbs/0003603_a96813615c2c4ada93f185f2e4a1f382.jpeg
570;Tube carré 45x45x2mm en acier;3;https://www.aciersgrosjean.be/images/thumbs/0003604_a7916f5e912d41b48f1845ec84aaa32d.jpeg
570;Tube carré 45x45x2mm en acier;4;https://www.aciersgrosjean.be/images/thumbs/0003605_a7ebfed5f16b4da79eeecc756272bdc9.jpeg
571;Tube carré 45x45x3mm en acier;1;https://www.aciersgrosjean.be/images/thumbs/0003606_a96813615c2c4ada93f185f2e4a1f382_625.jpeg
571;Tube carré 45x45x3mm en acier;2;https://www.aciersgrosjean.be/images/thumbs/0003606_a96813615c2c4ada93f185f2e4a1f382.jpeg
571;Tube carré 45x45x3mm en acier;3;https://www.aciersgrosjean.be/images/thumbs/0003607_a7916f5e912d41b48f1845ec84aaa32d.jpeg
571;Tube carré 45x45x3mm en acier;4;https://www.aciersgrosjean.be/images/thumbs/0003608_a7ebfed5f16b4da79eeecc756272bdc9.jpeg
572;Tube carré 50x50x2mm en acier;1;https://www.aciersgrosjean.be/images/thumbs/0003609_a96813615c2c4ada93f185f2e4a1f382_625.jpeg
572;Tube carré 50x50x2mm en acier;2;https://www.aciersgrosjean.be/images/thumbs/0003609_a96813615c2c4ada93f185f2e4a1f382.jpeg
572;Tube carré 50x50x2mm en acier;3;https://www.aciersgrosjean.be/images/thumbs/0003610_a7916f5e912d41b48f1845ec84aaa32d.jpeg
572;Tube carré 50x50x2mm en acier;4;https://www.aciersgrosjean.be/images/thumbs/0003611_a7ebfed5f16b4da79eeecc756272bdc9.jpeg
573;Tube carré 50x50x3mm en acier;1;https://www.aciersgrosjean.be/images/thumbs/0003612_a96813615c2c4ada93f185f2e4a1f382_625.jpeg
573;Tube carré 50x50x3mm en acier;2;https://www.aciersgrosjean.be/images/thumbs/0003612_a96813615c2c4ada93f185f2e4a1f382.jpeg
573;Tube carré 50x50x3mm en acier;3;https://www.aciersgrosjean.be/images/thumbs/0003613_a7916f5e912d41b48f1845ec84aaa32d.jpeg
573;Tube carré 50x50x3mm en acier;4;https://www.aciersgrosjean.be/images/thumbs/0003614_a7ebfed5f16b4da79eeecc756272bdc9.jpeg
574;Tube carré 50x50x4mm en acier;1;https://www.aciersgrosjean.be/images/thumbs/0003615_a96813615c2c4ada93f185f2e4a1f382_625.jpeg
574;Tube carré 50x50x4mm en acier;2;https://www.aciersgrosjean.be/images/thumbs/0003615_a96813615c2c4ada93f185f2e4a1f382.jpeg
574;Tube carré 50x50x4mm en acier;3;https://www.aciersgrosjean.be/images/thumbs/0003616_a7916f5e912d41b48f1845ec84aaa32d.jpeg
574;Tube carré 50x50x4mm en acier;4;https://www.aciersgrosjean.be/images/thumbs/0003617_a7ebfed5f16b4da79eeecc756272bdc9.jpeg
575;Tube carré 50x50x5mm en acier;1;https://www.aciersgrosjean.be/images/thumbs/0003618_a96813615c2c4ada93f185f2e4a1f382_625.jpeg
575;Tube carré 50x50x5mm en acier;2;https://www.aciersgrosjean.be/images/thumbs/0003618_a96813615c2c4ada93f185f2e4a1f382.jpeg
575;Tube carré 50x50x5mm en acier;3;https://www.aciersgrosjean.be/images/thumbs/0003619_a7916f5e912d41b48f1845ec84aaa32d.jpeg
575;Tube carré 50x50x5mm en acier;4;https://www.aciersgrosjean.be/images/thumbs/0003620_a7ebfed5f16b4da79eeecc756272bdc9.jpeg
576;Tube carré 60x60x2mm en acier;1;https://www.aciersgrosjean.be/images/thumbs/0003621_a96813615c2c4ada93f185f2e4a1f382_625.jpeg
576;Tube carré 60x60x2mm en acier;2;https://www.aciersgrosjean.be/images/thumbs/0003621_a96813615c2c4ada93f185f2e4a1f382.jpeg
576;Tube carré 60x60x2mm en acier;3;https://www.aciersgrosjean.be/images/thumbs/0003622_a7916f5e912d41b48f1845ec84aaa32d.jpeg
576;Tube carré 60x60x2mm en acier;4;https://www.aciersgrosjean.be/images/thumbs/0003623_a7ebfed5f16b4da79eeecc756272bdc9.jpeg
577;Tube carré 60x60x3mm en acier;1;https://www.aciersgrosjean.be/images/thumbs/0003624_a96813615c2c4ada93f185f2e4a1f382_625.jpeg
577;Tube carré 60x60x3mm en acier;2;https://www.aciersgrosjean.be/images/thumbs/0003624_a96813615c2c4ada93f185f2e4a1f382.jpeg
577;Tube carré 60x60x3mm en acier;3;https://www.aciersgrosjean.be/images/thumbs/0003625_a7916f5e912d41b48f1845ec84aaa32d.jpeg
577;Tube carré 60x60x3mm en acier;4;https://www.aciersgrosjean.be/images/thumbs/0003626_a7ebfed5f16b4da79eeecc756272bdc9.jpeg
578;Tube carré 60x60x4mm en acier;1;https://www.aciersgrosjean.be/images/thumbs/0003627_a96813615c2c4ada93f185f2e4a1f382_625.jpeg
578;Tube carré 60x60x4mm en acier;2;https://www.aciersgrosjean.be/images/thumbs/0003627_a96813615c2c4ada93f185f2e4a1f382.jpeg
578;Tube carré 60x60x4mm en acier;3;https://www.aciersgrosjean.be/images/thumbs/0003628_a7916f5e912d41b48f1845ec84aaa32d.jpeg
578;Tube carré 60x60x4mm en acier;4;https://www.aciersgrosjean.be/images/thumbs/0003629_a7ebfed5f16b4da79eeecc756272bdc9.jpeg
579;Tube carré 60x60x5mm en acier;1;https://www.aciersgrosjean.be/images/thumbs/0003630_a96813615c2c4ada93f185f2e4a1f382_625.jpeg
579;Tube carré 60x60x5mm en acier;2;https://www.aciersgrosjean.be/images/thumbs/0003630_a96813615c2c4ada93f185f2e4a1f382.jpeg
579;Tube carré 60x60x5mm en acier;3;https://www.aciersgrosjean.be/images/thumbs/0003631_a7916f5e912d41b48f1845ec84aaa32d.jpeg
579;Tube carré 60x60x5mm en acier;4;https://www.aciersgrosjean.be/images/thumbs/0003632_a7ebfed5f16b4da79eeecc756272bdc9.jpeg
581;Tube carré 70x70x3mm en acier;1;https://www.aciersgrosjean.be/images/thumbs/0003636_a96813615c2c4ada93f185f2e4a1f382_625.jpeg
581;Tube carré 70x70x3mm en acier;2;https://www.aciersgrosjean.be/images/thumbs/0003636_a96813615c2c4ada93f185f2e4a1f382.jpeg
581;Tube carré 70x70x3mm en acier;3;https://www.aciersgrosjean.be/images/thumbs/0003637_a7916f5e912d41b48f1845ec84aaa32d.jpeg
581;Tube carré 70x70x3mm en acier;4;https://www.aciersgrosjean.be/images/thumbs/0003638_a7ebfed5f16b4da79eeecc756272bdc9.jpeg
582;Tube carré 70x70x4mm en acier;1;https://www.aciersgrosjean.be/images/thumbs/0003639_a96813615c2c4ada93f185f2e4a1f382_625.jpeg
582;Tube carré 70x70x4mm en acier;2;https://www.aciersgrosjean.be/images/thumbs/0003639_a96813615c2c4ada93f185f2e4a1f382.jpeg
582;Tube carré 70x70x4mm en acier;3;https://www.aciersgrosjean.be/images/thumbs/0003640_a7916f5e912d41b48f1845ec84aaa32d.jpeg
582;Tube carré 70x70x4mm en acier;4;https://www.aciersgrosjean.be/images/thumbs/0003641_a7ebfed5f16b4da79eeecc756272bdc9.jpeg
583;Tube carré 70x70x5mm en acier;1;https://www.aciersgrosjean.be/images/thumbs/0003642_a96813615c2c4ada93f185f2e4a1f382_625.jpeg
583;Tube carré 70x70x5mm en acier;2;https://www.aciersgrosjean.be/images/thumbs/0003642_a96813615c2c4ada93f185f2e4a1f382.jpeg
583;Tube carré 70x70x5mm en acier;3;https://www.aciersgrosjean.be/images/thumbs/0003643_a7916f5e912d41b48f1845ec84aaa32d.jpeg
583;Tube carré 70x70x5mm en acier;4;https://www.aciersgrosjean.be/images/thumbs/0003644_a7ebfed5f16b4da79eeecc756272bdc9.jpeg
586;Tube carré 80x80x3mm en acier;1;https://www.aciersgrosjean.be/images/thumbs/0003651_a96813615c2c4ada93f185f2e4a1f382_625.jpeg
586;Tube carré 80x80x3mm en acier;2;https://www.aciersgrosjean.be/images/thumbs/0003651_a96813615c2c4ada93f185f2e4a1f382.jpeg
586;Tube carré 80x80x3mm en acier;3;https://www.aciersgrosjean.be/images/thumbs/0003652_a7916f5e912d41b48f1845ec84aaa32d.jpeg
586;Tube carré 80x80x3mm en acier;4;https://www.aciersgrosjean.be/images/thumbs/0003653_a7ebfed5f16b4da79eeecc756272bdc9.jpeg
587;Tube carré 80x80x4mm en acier;1;https://www.aciersgrosjean.be/images/thumbs/0003654_a96813615c2c4ada93f185f2e4a1f382_625.jpeg
587;Tube carré 80x80x4mm en acier;2;https://www.aciersgrosjean.be/images/thumbs/0003654_a96813615c2c4ada93f185f2e4a1f382.jpeg
587;Tube carré 80x80x4mm en acier;3;https://www.aciersgrosjean.be/images/thumbs/0003655_a7916f5e912d41b48f1845ec84aaa32d.jpeg
587;Tube carré 80x80x4mm en acier;4;https://www.aciersgrosjean.be/images/thumbs/0003656_a7ebfed5f16b4da79eeecc756272bdc9.jpeg
588;Tube carré 80x80x5mm en acier;1;https://www.aciersgrosjean.be/images/thumbs/0003657_a96813615c2c4ada93f185f2e4a1f382_625.jpeg
588;Tube carré 80x80x5mm en acier;2;https://www.aciersgrosjean.be/images/thumbs/0003657_a96813615c2c4ada93f185f2e4a1f382.jpeg
588;Tube carré 80x80x5mm en acier;3;https://www.aciersgrosjean.be/images/thumbs/0003658_a7916f5e912d41b48f1845ec84aaa32d.jpeg
588;Tube carré 80x80x5mm en acier;4;https://www.aciersgrosjean.be/images/thumbs/0003659_a7ebfed5f16b4da79eeecc756272bdc9.jpeg
591;Tube carré 90x90x3mm en acier;1;https://www.aciersgrosjean.be/images/thumbs/0003666_a96813615c2c4ada93f185f2e4a1f382_625.jpeg
591;Tube carré 90x90x3mm en acier;2;https://www.aciersgrosjean.be/images/thumbs/0003666_a96813615c2c4ada93f185f2e4a1f382.jpeg
591;Tube carré 90x90x3mm en acier;3;https://www.aciersgrosjean.be/images/thumbs/0003667_a7916f5e912d41b48f1845ec84aaa32d.jpeg
591;Tube carré 90x90x3mm en acier;4;https://www.aciersgrosjean.be/images/thumbs/0003668_a7ebfed5f16b4da79eeecc756272bdc9.jpeg
595;Tube carré 100x100x3mm en acier;1;https://www.aciersgrosjean.be/images/thumbs/0003452_a96813615c2c4ada93f185f2e4a1f382_625.jpeg
595;Tube carré 100x100x3mm en acier;2;https://www.aciersgrosjean.be/images/thumbs/0003452_a96813615c2c4ada93f185f2e4a1f382.jpeg
595;Tube carré 100x100x3mm en acier;3;https://www.aciersgrosjean.be/images/thumbs/0003453_a7916f5e912d41b48f1845ec84aaa32d.jpeg
595;Tube carré 100x100x3mm en acier;4;https://www.aciersgrosjean.be/images/thumbs/0003454_a7ebfed5f16b4da79eeecc756272bdc9.jpeg
596;Tube carré 100x100x4mm en acier;1;https://www.aciersgrosjean.be/images/thumbs/0003455_a96813615c2c4ada93f185f2e4a1f382_625.jpeg
596;Tube carré 100x100x4mm en acier;2;https://www.aciersgrosjean.be/images/thumbs/0003455_a96813615c2c4ada93f185f2e4a1f382.jpeg
596;Tube carré 100x100x4mm en acier;3;https://www.aciersgrosjean.be/images/thumbs/0003456_a7916f5e912d41b48f1845ec84aaa32d.jpeg
596;Tube carré 100x100x4mm en acier;4;https://www.aciersgrosjean.be/images/thumbs/0003457_a7ebfed5f16b4da79eeecc756272bdc9.jpeg
597;Tube carré 100x100x5mm en acier;1;https://www.aciersgrosjean.be/images/thumbs/0003458_a96813615c2c4ada93f185f2e4a1f382_625.jpeg
597;Tube carré 100x100x5mm en acier;2;https://www.aciersgrosjean.be/images/thumbs/0003458_a96813615c2c4ada93f185f2e4a1f382.jpeg
597;Tube carré 100x100x5mm en acier;3;https://www.aciersgrosjean.be/images/thumbs/0003459_a7916f5e912d41b48f1845ec84aaa32d.jpeg
597;Tube carré 100x100x5mm en acier;4;https://www.aciersgrosjean.be/images/thumbs/0003460_a7ebfed5f16b4da79eeecc756272bdc9.jpeg
600;Tube carré 100x100x10mm en acier;1;https://www.aciersgrosjean.be/images/thumbs/0003449_a96813615c2c4ada93f185f2e4a1f382_625.jpeg
600;Tube carré 100x100x10mm en acier;2;https://www.aciersgrosjean.be/images/thumbs/0003449_a96813615c2c4ada93f185f2e4a1f382.jpeg
600;Tube carré 100x100x10mm en acier;3;https://www.aciersgrosjean.be/images/thumbs/0003450_a7916f5e912d41b48f1845ec84aaa32d.jpeg
600;Tube carré 100x100x10mm en acier;4;https://www.aciersgrosjean.be/images/thumbs/0003451_a7ebfed5f16b4da79eeecc756272bdc9.jpeg
603;Tube carré 120x120x4mm en acier;1;https://www.aciersgrosjean.be/images/thumbs/0003480_a96813615c2c4ada93f185f2e4a1f382_625.jpeg
603;Tube carré 120x120x4mm en acier;2;https://www.aciersgrosjean.be/images/thumbs/0003480_a96813615c2c4ada93f185f2e4a1f382.jpeg
603;Tube carré 120x120x4mm en acier;3;https://www.aciersgrosjean.be/images/thumbs/0003481_a7916f5e912d41b48f1845ec84aaa32d.jpeg
603;Tube carré 120x120x4mm en acier;4;https://www.aciersgrosjean.be/images/thumbs/0003482_a7ebfed5f16b4da79eeecc756272bdc9.jpeg
604;Tube carré 120x120x5mm en acier;1;https://www.aciersgrosjean.be/images/thumbs/0003483_a96813615c2c4ada93f185f2e4a1f382_625.jpeg
604;Tube carré 120x120x5mm en acier;2;https://www.aciersgrosjean.be/images/thumbs/0003483_a96813615c2c4ada93f185f2e4a1f382.jpeg
604;Tube carré 120x120x5mm en acier;3;https://www.aciersgrosjean.be/images/thumbs/0003484_a7916f5e912d41b48f1845ec84aaa32d.jpeg
604;Tube carré 120x120x5mm en acier;4;https://www.aciersgrosjean.be/images/thumbs/0003485_a7ebfed5f16b4da79eeecc756272bdc9.jpeg
608;Tube carré 140x140x5mm en acier;1;https://www.aciersgrosjean.be/images/thumbs/0003492_a96813615c2c4ada93f185f2e4a1f382_625.jpeg
608;Tube carré 140x140x5mm en acier;2;https://www.aciersgrosjean.be/images/thumbs/0003492_a96813615c2c4ada93f185f2e4a1f382.jpeg
608;Tube carré 140x140x5mm en acier;3;https://www.aciersgrosjean.be/images/thumbs/0003493_a7916f5e912d41b48f1845ec84aaa32d.jpeg
608;Tube carré 140x140x5mm en acier;4;https://www.aciersgrosjean.be/images/thumbs/0003494_a7ebfed5f16b4da79eeecc756272bdc9.jpeg
612;Tube carré 150x150x5mm en acier;1;https://www.aciersgrosjean.be/images/thumbs/0003507_a96813615c2c4ada93f185f2e4a1f382_625.jpeg
612;Tube carré 150x150x5mm en acier;2;https://www.aciersgrosjean.be/images/thumbs/0003507_a96813615c2c4ada93f185f2e4a1f382.jpeg
612;Tube carré 150x150x5mm en acier;3;https://www.aciersgrosjean.be/images/thumbs/0003508_a7916f5e912d41b48f1845ec84aaa32d.jpeg
612;Tube carré 150x150x5mm en acier;4;https://www.aciersgrosjean.be/images/thumbs/0003509_a7ebfed5f16b4da79eeecc756272bdc9.jpeg
626;Tube carré 250x250x6mm en acier;1;https://www.aciersgrosjean.be/images/thumbs/0003558_a96813615c2c4ada93f185f2e4a1f382_625.jpeg
626;Tube carré 250x250x6mm en acier;2;https://www.aciersgrosjean.be/images/thumbs/0003558_a96813615c2c4ada93f185f2e4a1f382.jpeg
626;Tube carré 250x250x6mm en acier;3;https://www.aciersgrosjean.be/images/thumbs/0003559_a7916f5e912d41b48f1845ec84aaa32d.jpeg
626;Tube carré 250x250x6mm en acier;4;https://www.aciersgrosjean.be/images/thumbs/0003560_a7ebfed5f16b4da79eeecc756272bdc9.jpeg
631;Tube rectangle 30x15x2mm en acier;1;https://www.aciersgrosjean.be/images/thumbs/0003350_1bb59926d63e40869479a768827af763_625.jpeg
631;Tube rectangle 30x15x2mm en acier;2;https://www.aciersgrosjean.be/images/thumbs/0003350_1bb59926d63e40869479a768827af763.jpeg
631;Tube rectangle 30x15x2mm en acier;3;https://www.aciersgrosjean.be/images/thumbs/0003351_68eeabcee47a4ce78d38c8988bdd3344.jpeg
631;Tube rectangle 30x15x2mm en acier;4;https://www.aciersgrosjean.be/images/thumbs/0003352_7cb09336ff45488a9196b513349259b3.jpeg
633;Tube rectangle 30x20x2mm en acier;1;https://www.aciersgrosjean.be/images/thumbs/0003356_1bb59926d63e40869479a768827af763_625.jpeg
633;Tube rectangle 30x20x2mm en acier;2;https://www.aciersgrosjean.be/images/thumbs/0003356_1bb59926d63e40869479a768827af763.jpeg
633;Tube rectangle 30x20x2mm en acier;3;https://www.aciersgrosjean.be/images/thumbs/0003357_68eeabcee47a4ce78d38c8988bdd3344.jpeg
633;Tube rectangle 30x20x2mm en acier;4;https://www.aciersgrosjean.be/images/thumbs/0003358_7cb09336ff45488a9196b513349259b3.jpeg
637;Tube rectangle 40x20x2mm en acier;1;https://www.aciersgrosjean.be/images/thumbs/0003371_1bb59926d63e40869479a768827af763_625.jpeg
637;Tube rectangle 40x20x2mm en acier;2;https://www.aciersgrosjean.be/images/thumbs/0003371_1bb59926d63e40869479a768827af763.jpeg
637;Tube rectangle 40x20x2mm en acier;3;https://www.aciersgrosjean.be/images/thumbs/0003372_68eeabcee47a4ce78d38c8988bdd3344.jpeg
637;Tube rectangle 40x20x2mm en acier;4;https://www.aciersgrosjean.be/images/thumbs/0003373_7cb09336ff45488a9196b513349259b3.jpeg
638;Tube rectangle 40x20x3mm en acier;1;https://www.aciersgrosjean.be/images/thumbs/0003374_1bb59926d63e40869479a768827af763_625.jpeg
638;Tube rectangle 40x20x3mm en acier;2;https://www.aciersgrosjean.be/images/thumbs/0003374_1bb59926d63e40869479a768827af763.jpeg
638;Tube rectangle 40x20x3mm en acier;3;https://www.aciersgrosjean.be/images/thumbs/0003375_68eeabcee47a4ce78d38c8988bdd3344.jpeg
638;Tube rectangle 40x20x3mm en acier;4;https://www.aciersgrosjean.be/images/thumbs/0003376_7cb09336ff45488a9196b513349259b3.jpeg
640;Tube rectangle 40x30x2mm en acier;1;https://www.aciersgrosjean.be/images/thumbs/0003380_1bb59926d63e40869479a768827af763_625.jpeg
640;Tube rectangle 40x30x2mm en acier;2;https://www.aciersgrosjean.be/images/thumbs/0003380_1bb59926d63e40869479a768827af763.jpeg
640;Tube rectangle 40x30x2mm en acier;3;https://www.aciersgrosjean.be/images/thumbs/0003381_68eeabcee47a4ce78d38c8988bdd3344.jpeg
640;Tube rectangle 40x30x2mm en acier;4;https://www.aciersgrosjean.be/images/thumbs/0003382_7cb09336ff45488a9196b513349259b3.jpeg
641;Tube rectangle 50x20x2mm en acier;1;https://www.aciersgrosjean.be/images/thumbs/0003383_1bb59926d63e40869479a768827af763_625.jpeg
641;Tube rectangle 50x20x2mm en acier;2;https://www.aciersgrosjean.be/images/thumbs/0003383_1bb59926d63e40869479a768827af763.jpeg
641;Tube rectangle 50x20x2mm en acier;3;https://www.aciersgrosjean.be/images/thumbs/0003384_68eeabcee47a4ce78d38c8988bdd3344.jpeg
641;Tube rectangle 50x20x2mm en acier;4;https://www.aciersgrosjean.be/images/thumbs/0003385_7cb09336ff45488a9196b513349259b3.jpeg
642;Tube rectangle 50x25x2mm en acier;1;https://www.aciersgrosjean.be/images/thumbs/0003386_1bb59926d63e40869479a768827af763_625.jpeg
642;Tube rectangle 50x25x2mm en acier;2;https://www.aciersgrosjean.be/images/thumbs/0003386_1bb59926d63e40869479a768827af763.jpeg
642;Tube rectangle 50x25x2mm en acier;3;https://www.aciersgrosjean.be/images/thumbs/0003387_68eeabcee47a4ce78d38c8988bdd3344.jpeg
642;Tube rectangle 50x25x2mm en acier;4;https://www.aciersgrosjean.be/images/thumbs/0003388_7cb09336ff45488a9196b513349259b3.jpeg
644;Tube rectangle 50x30x2mm en acier;1;https://www.aciersgrosjean.be/images/thumbs/0003392_1bb59926d63e40869479a768827af763_625.jpeg
644;Tube rectangle 50x30x2mm en acier;2;https://www.aciersgrosjean.be/images/thumbs/0003392_1bb59926d63e40869479a768827af763.jpeg
644;Tube rectangle 50x30x2mm en acier;3;https://www.aciersgrosjean.be/images/thumbs/0003393_68eeabcee47a4ce78d38c8988bdd3344.jpeg
644;Tube rectangle 50x30x2mm en acier;4;https://www.aciersgrosjean.be/images/thumbs/0003394_7cb09336ff45488a9196b513349259b3.jpeg
645;Tube rectangle 50x30x3mm en acier;1;https://www.aciersgrosjean.be/images/thumbs/0003395_1bb59926d63e40869479a768827af763_625.jpeg
645;Tube rectangle 50x30x3mm en acier;2;https://www.aciersgrosjean.be/images/thumbs/0003395_1bb59926d63e40869479a768827af763.jpeg
645;Tube rectangle 50x30x3mm en acier;3;https://www.aciersgrosjean.be/images/thumbs/0003396_68eeabcee47a4ce78d38c8988bdd3344.jpeg
645;Tube rectangle 50x30x3mm en acier;4;https://www.aciersgrosjean.be/images/thumbs/0003397_7cb09336ff45488a9196b513349259b3.jpeg
649;Tube rectangle 60x30x2mm en acier;1;https://www.aciersgrosjean.be/images/thumbs/0003407_1bb59926d63e40869479a768827af763_625.jpeg
649;Tube rectangle 60x30x2mm en acier;2;https://www.aciersgrosjean.be/images/thumbs/0003407_1bb59926d63e40869479a768827af763.jpeg
649;Tube rectangle 60x30x2mm en acier;3;https://www.aciersgrosjean.be/images/thumbs/0003408_68eeabcee47a4ce78d38c8988bdd3344.jpeg
649;Tube rectangle 60x30x2mm en acier;4;https://www.aciersgrosjean.be/images/thumbs/0003409_7cb09336ff45488a9196b513349259b3.jpeg
650;Tube rectangle 60x30x3mm en acier;1;https://www.aciersgrosjean.be/images/thumbs/0003410_1bb59926d63e40869479a768827af763_625.jpeg
650;Tube rectangle 60x30x3mm en acier;2;https://www.aciersgrosjean.be/images/thumbs/0003410_1bb59926d63e40869479a768827af763.jpeg
650;Tube rectangle 60x30x3mm en acier;3;https://www.aciersgrosjean.be/images/thumbs/0003411_68eeabcee47a4ce78d38c8988bdd3344.jpeg
650;Tube rectangle 60x30x3mm en acier;4;https://www.aciersgrosjean.be/images/thumbs/0003412_7cb09336ff45488a9196b513349259b3.jpeg
651;Tube rectangle 60x40x2mm en acier;1;https://www.aciersgrosjean.be/images/thumbs/0003413_1bb59926d63e40869479a768827af763_625.jpeg
651;Tube rectangle 60x40x2mm en acier;2;https://www.aciersgrosjean.be/images/thumbs/0003413_1bb59926d63e40869479a768827af763.jpeg
651;Tube rectangle 60x40x2mm en acier;3;https://www.aciersgrosjean.be/images/thumbs/0003414_68eeabcee47a4ce78d38c8988bdd3344.jpeg
651;Tube rectangle 60x40x2mm en acier;4;https://www.aciersgrosjean.be/images/thumbs/0003415_7cb09336ff45488a9196b513349259b3.jpeg
652;Tube rectangle 60x40x3mm en acier;1;https://www.aciersgrosjean.be/images/thumbs/0003416_1bb59926d63e40869479a768827af763_625.jpeg
652;Tube rectangle 60x40x3mm en acier;2;https://www.aciersgrosjean.be/images/thumbs/0003416_1bb59926d63e40869479a768827af763.jpeg
652;Tube rectangle 60x40x3mm en acier;3;https://www.aciersgrosjean.be/images/thumbs/0003417_68eeabcee47a4ce78d38c8988bdd3344.jpeg
652;Tube rectangle 60x40x3mm en acier;4;https://www.aciersgrosjean.be/images/thumbs/0003418_7cb09336ff45488a9196b513349259b3.jpeg
656;Tube rectangle 80x40x2mm en acier;1;https://www.aciersgrosjean.be/images/thumbs/0003428_1bb59926d63e40869479a768827af763_625.jpeg
656;Tube rectangle 80x40x2mm en acier;2;https://www.aciersgrosjean.be/images/thumbs/0003428_1bb59926d63e40869479a768827af763.jpeg
656;Tube rectangle 80x40x2mm en acier;3;https://www.aciersgrosjean.be/images/thumbs/0003429_68eeabcee47a4ce78d38c8988bdd3344.jpeg
656;Tube rectangle 80x40x2mm en acier;4;https://www.aciersgrosjean.be/images/thumbs/0003430_7cb09336ff45488a9196b513349259b3.jpeg
657;Tube rectangle 80x40x3mm en acier;1;https://www.aciersgrosjean.be/images/thumbs/0003431_1bb59926d63e40869479a768827af763_625.jpeg
657;Tube rectangle 80x40x3mm en acier;2;https://www.aciersgrosjean.be/images/thumbs/0003431_1bb59926d63e40869479a768827af763.jpeg
657;Tube rectangle 80x40x3mm en acier;3;https://www.aciersgrosjean.be/images/thumbs/0003432_68eeabcee47a4ce78d38c8988bdd3344.jpeg
657;Tube rectangle 80x40x3mm en acier;4;https://www.aciersgrosjean.be/images/thumbs/0003433_7cb09336ff45488a9196b513349259b3.jpeg
658;Tube rectangle 80x40x4mm en acier;1;https://www.aciersgrosjean.be/images/thumbs/0003434_1bb59926d63e40869479a768827af763_625.jpeg
658;Tube rectangle 80x40x4mm en acier;2;https://www.aciersgrosjean.be/images/thumbs/0003434_1bb59926d63e40869479a768827af763.jpeg
658;Tube rectangle 80x40x4mm en acier;3;https://www.aciersgrosjean.be/images/thumbs/0003435_68eeabcee47a4ce78d38c8988bdd3344.jpeg
658;Tube rectangle 80x40x4mm en acier;4;https://www.aciersgrosjean.be/images/thumbs/0003436_7cb09336ff45488a9196b513349259b3.jpeg
663;Tube rectangle 100x50x3mm en acier;1;https://www.aciersgrosjean.be/images/thumbs/0003224_1bb59926d63e40869479a768827af763_625.jpeg
663;Tube rectangle 100x50x3mm en acier;2;https://www.aciersgrosjean.be/images/thumbs/0003224_1bb59926d63e40869479a768827af763.jpeg
663;Tube rectangle 100x50x3mm en acier;3;https://www.aciersgrosjean.be/images/thumbs/0003225_68eeabcee47a4ce78d38c8988bdd3344.jpeg
663;Tube rectangle 100x50x3mm en acier;4;https://www.aciersgrosjean.be/images/thumbs/0003262_7cb09336ff45488a9196b513349259b3.jpeg
664;Tube rectangle 100x50x4mm en acier;1;https://www.aciersgrosjean.be/images/thumbs/0003226_1bb59926d63e40869479a768827af763_625.jpeg
664;Tube rectangle 100x50x4mm en acier;2;https://www.aciersgrosjean.be/images/thumbs/0003226_1bb59926d63e40869479a768827af763.jpeg
664;Tube rectangle 100x50x4mm en acier;3;https://www.aciersgrosjean.be/images/thumbs/0003227_68eeabcee47a4ce78d38c8988bdd3344.jpeg
664;Tube rectangle 100x50x4mm en acier;4;https://www.aciersgrosjean.be/images/thumbs/0003263_7cb09336ff45488a9196b513349259b3.jpeg
670;Tube rectangle 120x60x3mm en acier;1;https://www.aciersgrosjean.be/images/thumbs/0003238_1bb59926d63e40869479a768827af763_625.jpeg
670;Tube rectangle 120x60x3mm en acier;2;https://www.aciersgrosjean.be/images/thumbs/0003238_1bb59926d63e40869479a768827af763.jpeg
670;Tube rectangle 120x60x3mm en acier;3;https://www.aciersgrosjean.be/images/thumbs/0003239_68eeabcee47a4ce78d38c8988bdd3344.jpeg
670;Tube rectangle 120x60x3mm en acier;4;https://www.aciersgrosjean.be/images/thumbs/0003269_7cb09336ff45488a9196b513349259b3.jpeg
671;Tube rectangle 120x60x4mm en acier;1;https://www.aciersgrosjean.be/images/thumbs/0003240_1bb59926d63e40869479a768827af763_625.jpeg
671;Tube rectangle 120x60x4mm en acier;2;https://www.aciersgrosjean.be/images/thumbs/0003240_1bb59926d63e40869479a768827af763.jpeg
671;Tube rectangle 120x60x4mm en acier;3;https://www.aciersgrosjean.be/images/thumbs/0003241_68eeabcee47a4ce78d38c8988bdd3344.jpeg
671;Tube rectangle 120x60x4mm en acier;4;https://www.aciersgrosjean.be/images/thumbs/0003270_7cb09336ff45488a9196b513349259b3.jpeg
689;Tube rectangle 200x100x5mm en acier;1;https://www.aciersgrosjean.be/images/thumbs/0003302_1bb59926d63e40869479a768827af763_625.jpeg
689;Tube rectangle 200x100x5mm en acier;2;https://www.aciersgrosjean.be/images/thumbs/0003302_1bb59926d63e40869479a768827af763.jpeg
689;Tube rectangle 200x100x5mm en acier;3;https://www.aciersgrosjean.be/images/thumbs/0003303_68eeabcee47a4ce78d38c8988bdd3344.jpeg
689;Tube rectangle 200x100x5mm en acier;4;https://www.aciersgrosjean.be/images/thumbs/0003304_7cb09336ff45488a9196b513349259b3.jpeg
703;Tube rond 17,2(18)x2mm en acier brut série légère;1;https://www.aciersgrosjean.be/images/thumbs/0003706_93bc025889194a1587ec2c3f596fb5df_625.jpeg
703;Tube rond 17,2(18)x2mm en acier brut série légère;2;https://www.aciersgrosjean.be/images/thumbs/0003706_93bc025889194a1587ec2c3f596fb5df.jpeg
703;Tube rond 17,2(18)x2mm en acier brut série légère;3;https://www.aciersgrosjean.be/images/thumbs/0003707_24bc39bf53c84642b960d12b8d0548b4.jpeg
703;Tube rond 17,2(18)x2mm en acier brut série légère;4;https://www.aciersgrosjean.be/images/thumbs/0003708_c04852ce9aec40249d1269bd849b1aa6.jpeg
704;Tube rond 21,3x2mm en acier brut série légère;1;https://www.aciersgrosjean.be/images/thumbs/0003712_93bc025889194a1587ec2c3f596fb5df_625.jpeg
704;Tube rond 21,3x2mm en acier brut série légère;2;https://www.aciersgrosjean.be/images/thumbs/0003712_93bc025889194a1587ec2c3f596fb5df.jpeg
704;Tube rond 21,3x2mm en acier brut série légère;3;https://www.aciersgrosjean.be/images/thumbs/0003713_24bc39bf53c84642b960d12b8d0548b4.jpeg
704;Tube rond 21,3x2mm en acier brut série légère;4;https://www.aciersgrosjean.be/images/thumbs/0003714_c04852ce9aec40249d1269bd849b1aa6.jpeg
705;Tube rond 26,9x2,5mm en acier brut série légère;1;https://www.aciersgrosjean.be/images/thumbs/0003718_93bc025889194a1587ec2c3f596fb5df_625.jpeg
705;Tube rond 26,9x2,5mm en acier brut série légère;2;https://www.aciersgrosjean.be/images/thumbs/0003718_93bc025889194a1587ec2c3f596fb5df.jpeg
705;Tube rond 26,9x2,5mm en acier brut série légère;3;https://www.aciersgrosjean.be/images/thumbs/0003719_24bc39bf53c84642b960d12b8d0548b4.jpeg
705;Tube rond 26,9x2,5mm en acier brut série légère;4;https://www.aciersgrosjean.be/images/thumbs/0003720_c04852ce9aec40249d1269bd849b1aa6.jpeg
706;Tube rond 33,7x2,5mm en acier brut série légère;1;https://www.aciersgrosjean.be/images/thumbs/0003721_93bc025889194a1587ec2c3f596fb5df_625.jpeg
706;Tube rond 33,7x2,5mm en acier brut série légère;2;https://www.aciersgrosjean.be/images/thumbs/0003721_93bc025889194a1587ec2c3f596fb5df.jpeg
706;Tube rond 33,7x2,5mm en acier brut série légère;3;https://www.aciersgrosjean.be/images/thumbs/0003722_24bc39bf53c84642b960d12b8d0548b4.jpeg
706;Tube rond 33,7x2,5mm en acier brut série légère;4;https://www.aciersgrosjean.be/images/thumbs/0003723_c04852ce9aec40249d1269bd849b1aa6.jpeg
707;Tube rond 42,4x2,5mm en acier brut série légère;1;https://www.aciersgrosjean.be/images/thumbs/0003724_93bc025889194a1587ec2c3f596fb5df_625.jpeg
707;Tube rond 42,4x2,5mm en acier brut série légère;2;https://www.aciersgrosjean.be/images/thumbs/0003724_93bc025889194a1587ec2c3f596fb5df.jpeg
707;Tube rond 42,4x2,5mm en acier brut série légère;3;https://www.aciersgrosjean.be/images/thumbs/0003725_24bc39bf53c84642b960d12b8d0548b4.jpeg
707;Tube rond 42,4x2,5mm en acier brut série légère;4;https://www.aciersgrosjean.be/images/thumbs/0003726_c04852ce9aec40249d1269bd849b1aa6.jpeg
708;Tube rond 48,3x3mm en acier brut série légère;1;https://www.aciersgrosjean.be/images/thumbs/0003727_93bc025889194a1587ec2c3f596fb5df_625.jpeg
708;Tube rond 48,3x3mm en acier brut série légère;2;https://www.aciersgrosjean.be/images/thumbs/0003727_93bc025889194a1587ec2c3f596fb5df.jpeg
708;Tube rond 48,3x3mm en acier brut série légère;3;https://www.aciersgrosjean.be/images/thumbs/0003728_24bc39bf53c84642b960d12b8d0548b4.jpeg
708;Tube rond 48,3x3mm en acier brut série légère;4;https://www.aciersgrosjean.be/images/thumbs/0003729_c04852ce9aec40249d1269bd849b1aa6.jpeg
709;Tube rond 60,3x3mm en acier brut série légère;1;https://www.aciersgrosjean.be/images/thumbs/0003730_93bc025889194a1587ec2c3f596fb5df_625.jpeg
709;Tube rond 60,3x3mm en acier brut série légère;2;https://www.aciersgrosjean.be/images/thumbs/0003730_93bc025889194a1587ec2c3f596fb5df.jpeg
709;Tube rond 60,3x3mm en acier brut série légère;3;https://www.aciersgrosjean.be/images/thumbs/0003731_24bc39bf53c84642b960d12b8d0548b4.jpeg
709;Tube rond 60,3x3mm en acier brut série légère;4;https://www.aciersgrosjean.be/images/thumbs/0003732_c04852ce9aec40249d1269bd849b1aa6.jpeg
710;Tube rond 76,1x3,25mm en acier brut série légère;1;https://www.aciersgrosjean.be/images/thumbs/0003733_93bc025889194a1587ec2c3f596fb5df_625.jpeg
710;Tube rond 76,1x3,25mm en acier brut série légère;2;https://www.aciersgrosjean.be/images/thumbs/0003733_93bc025889194a1587ec2c3f596fb5df.jpeg
710;Tube rond 76,1x3,25mm en acier brut série légère;3;https://www.aciersgrosjean.be/images/thumbs/0003734_24bc39bf53c84642b960d12b8d0548b4.jpeg
710;Tube rond 76,1x3,25mm en acier brut série légère;4;https://www.aciersgrosjean.be/images/thumbs/0003735_c04852ce9aec40249d1269bd849b1aa6.jpeg
711;Tube rond 88,9x3,00mm en acier brut série légère;1;https://www.aciersgrosjean.be/images/thumbs/0003736_93bc025889194a1587ec2c3f596fb5df_625.jpeg
711;Tube rond 88,9x3,00mm en acier brut série légère;2;https://www.aciersgrosjean.be/images/thumbs/0003736_93bc025889194a1587ec2c3f596fb5df.jpeg
711;Tube rond 88,9x3,00mm en acier brut série légère;3;https://www.aciersgrosjean.be/images/thumbs/0003737_24bc39bf53c84642b960d12b8d0548b4.jpeg
711;Tube rond 88,9x3,00mm en acier brut série légère;4;https://www.aciersgrosjean.be/images/thumbs/0003738_c04852ce9aec40249d1269bd849b1aa6.jpeg
712;Tube rond 101,6x3,65mm en acier brut série légère;1;https://www.aciersgrosjean.be/images/thumbs/0003682_93bc025889194a1587ec2c3f596fb5df_625.jpeg
712;Tube rond 101,6x3,65mm en acier brut série légère;2;https://www.aciersgrosjean.be/images/thumbs/0003682_93bc025889194a1587ec2c3f596fb5df.jpeg
712;Tube rond 101,6x3,65mm en acier brut série légère;3;https://www.aciersgrosjean.be/images/thumbs/0003683_24bc39bf53c84642b960d12b8d0548b4.jpeg
712;Tube rond 101,6x3,65mm en acier brut série légère;4;https://www.aciersgrosjean.be/images/thumbs/0003684_c04852ce9aec40249d1269bd849b1aa6.jpeg
713;Tube rond 114,3x3,65mm en acier brut série légère;1;https://www.aciersgrosjean.be/images/thumbs/0003685_93bc025889194a1587ec2c3f596fb5df_625.jpeg
713;Tube rond 114,3x3,65mm en acier brut série légère;2;https://www.aciersgrosjean.be/images/thumbs/0003685_93bc025889194a1587ec2c3f596fb5df.jpeg
713;Tube rond 114,3x3,65mm en acier brut série légère;3;https://www.aciersgrosjean.be/images/thumbs/0003686_24bc39bf53c84642b960d12b8d0548b4.jpeg
713;Tube rond 114,3x3,65mm en acier brut série légère;4;https://www.aciersgrosjean.be/images/thumbs/0003687_c04852ce9aec40249d1269bd849b1aa6.jpeg
722;Treillis soudé avec dépassants 150x150x6mm 5,95m x 2,35m;1;https://www.aciersgrosjean.be/images/thumbs/0002147_e37096cff2ef4119b298a402ccbc2a09_625.jpeg
722;Treillis soudé avec dépassants 150x150x6mm 5,95m x 2,35m;2;https://www.aciersgrosjean.be/images/thumbs/0002147_e37096cff2ef4119b298a402ccbc2a09.jpeg
722;Treillis soudé avec dépassants 150x150x6mm 5,95m x 2,35m;3;https://www.aciersgrosjean.be/images/thumbs/0002148_4ede0b981ad04119bbf3a5b103714996.jpeg
723;Treillis soudé avec dépassants 150x150x8mm 5,95m x 2,35m;1;https://www.aciersgrosjean.be/images/thumbs/0002145_e37096cff2ef4119b298a402ccbc2a09_625.jpeg
723;Treillis soudé avec dépassants 150x150x8mm 5,95m x 2,35m;2;https://www.aciersgrosjean.be/images/thumbs/0002145_e37096cff2ef4119b298a402ccbc2a09.jpeg
723;Treillis soudé avec dépassants 150x150x8mm 5,95m x 2,35m;3;https://www.aciersgrosjean.be/images/thumbs/0002146_4ede0b981ad04119bbf3a5b103714996.jpeg
724;Treillis soudé avec dépassants 150x150x10mm 5,95m x 2,35m;1;https://www.aciersgrosjean.be/images/thumbs/0002151_e37096cff2ef4119b298a402ccbc2a09_625.jpeg
724;Treillis soudé avec dépassants 150x150x10mm 5,95m x 2,35m;2;https://www.aciersgrosjean.be/images/thumbs/0002151_e37096cff2ef4119b298a402ccbc2a09.jpeg
724;Treillis soudé avec dépassants 150x150x10mm 5,95m x 2,35m;3;https://www.aciersgrosjean.be/images/thumbs/0002152_4ede0b981ad04119bbf3a5b103714996.jpeg
725;Treillis soudé avec dépassants 150x150x12mm 5,95m x 2,35m;1;https://www.aciersgrosjean.be/images/thumbs/0002149_e37096cff2ef4119b298a402ccbc2a09_625.jpeg
725;Treillis soudé avec dépassants 150x150x12mm 5,95m x 2,35m;2;https://www.aciersgrosjean.be/images/thumbs/0002149_e37096cff2ef4119b298a402ccbc2a09.jpeg
725;Treillis soudé avec dépassants 150x150x12mm 5,95m x 2,35m;3;https://www.aciersgrosjean.be/images/thumbs/0002150_4ede0b981ad04119bbf3a5b103714996.jpeg
729;Tôle de 2000x1000x2mm en acier laminée à chaud;1;https://www.aciersgrosjean.be/images/thumbs/0003871_4b0f447213104a4493f03dbf72bffe39_625.jpeg
729;Tôle de 2000x1000x2mm en acier laminée à chaud;2;https://www.aciersgrosjean.be/images/thumbs/0003871_4b0f447213104a4493f03dbf72bffe39.jpeg
729;Tôle de 2000x1000x2mm en acier laminée à chaud;3;https://www.aciersgrosjean.be/images/thumbs/0003872_c9466469d8bc4d9a8154d4f6bf2efa96.jpeg
730;Tôle de 2500x1250x2mm en acier laminée à chaud;1;https://www.aciersgrosjean.be/images/thumbs/0003873_4b0f447213104a4493f03dbf72bffe39_625.jpeg
730;Tôle de 2500x1250x2mm en acier laminée à chaud;2;https://www.aciersgrosjean.be/images/thumbs/0003873_4b0f447213104a4493f03dbf72bffe39.jpeg
730;Tôle de 2500x1250x2mm en acier laminée à chaud;3;https://www.aciersgrosjean.be/images/thumbs/0003874_c9466469d8bc4d9a8154d4f6bf2efa96.jpeg
732;Tôle de 2000x1000x3mm en acier laminée à chaud;1;https://www.aciersgrosjean.be/images/thumbs/0003877_4b0f447213104a4493f03dbf72bffe39_625.jpeg
732;Tôle de 2000x1000x3mm en acier laminée à chaud;2;https://www.aciersgrosjean.be/images/thumbs/0003877_4b0f447213104a4493f03dbf72bffe39.jpeg
732;Tôle de 2000x1000x3mm en acier laminée à chaud;3;https://www.aciersgrosjean.be/images/thumbs/0003878_c9466469d8bc4d9a8154d4f6bf2efa96.jpeg
733;Tôle de 2500x1250x3mm en acier laminée à chaud;1;https://www.aciersgrosjean.be/images/thumbs/0003879_4b0f447213104a4493f03dbf72bffe39_625.jpeg
733;Tôle de 2500x1250x3mm en acier laminée à chaud;2;https://www.aciersgrosjean.be/images/thumbs/0003879_4b0f447213104a4493f03dbf72bffe39.jpeg
733;Tôle de 2500x1250x3mm en acier laminée à chaud;3;https://www.aciersgrosjean.be/images/thumbs/0003880_c9466469d8bc4d9a8154d4f6bf2efa96.jpeg
734;Tôle de 3000x1500x3mm en acier laminée à chaud;1;https://www.aciersgrosjean.be/images/thumbs/0003881_4b0f447213104a4493f03dbf72bffe39_625.jpeg
734;Tôle de 3000x1500x3mm en acier laminée à chaud;2;https://www.aciersgrosjean.be/images/thumbs/0003881_4b0f447213104a4493f03dbf72bffe39.jpeg
734;Tôle de 3000x1500x3mm en acier laminée à chaud;3;https://www.aciersgrosjean.be/images/thumbs/0003882_c9466469d8bc4d9a8154d4f6bf2efa96.jpeg
738;Tôle de 2000x1000x5mm en acier laminée à chaud;1;https://www.aciersgrosjean.be/images/thumbs/0003889_4b0f447213104a4493f03dbf72bffe39_625.jpeg
738;Tôle de 2000x1000x5mm en acier laminée à chaud;2;https://www.aciersgrosjean.be/images/thumbs/0003889_4b0f447213104a4493f03dbf72bffe39.jpeg
738;Tôle de 2000x1000x5mm en acier laminée à chaud;3;https://www.aciersgrosjean.be/images/thumbs/0003890_c9466469d8bc4d9a8154d4f6bf2efa96.jpeg
739;Tôle de 2500x1250x5mm en acier laminée à chaud;1;https://www.aciersgrosjean.be/images/thumbs/0003919_4b0f447213104a4493f03dbf72bffe39_625.jpeg
739;Tôle de 2500x1250x5mm en acier laminée à chaud;2;https://www.aciersgrosjean.be/images/thumbs/0003919_4b0f447213104a4493f03dbf72bffe39.jpeg
739;Tôle de 2500x1250x5mm en acier laminée à chaud;3;https://www.aciersgrosjean.be/images/thumbs/0003920_c9466469d8bc4d9a8154d4f6bf2efa96.jpeg
746;Tôle de 3000x1500x8mm en acier laminée à chaud;1;https://www.aciersgrosjean.be/images/thumbs/0003905_4b0f447213104a4493f03dbf72bffe39_625.jpeg
746;Tôle de 3000x1500x8mm en acier laminée à chaud;2;https://www.aciersgrosjean.be/images/thumbs/0003905_4b0f447213104a4493f03dbf72bffe39.jpeg
746;Tôle de 3000x1500x8mm en acier laminée à chaud;3;https://www.aciersgrosjean.be/images/thumbs/0003906_c9466469d8bc4d9a8154d4f6bf2efa96.jpeg
747;Tôle de 2000x1000x10mm en acier laminée à chaud;1;https://www.aciersgrosjean.be/images/thumbs/0003907_4b0f447213104a4493f03dbf72bffe39_625.jpeg
747;Tôle de 2000x1000x10mm en acier laminée à chaud;2;https://www.aciersgrosjean.be/images/thumbs/0003907_4b0f447213104a4493f03dbf72bffe39.jpeg
747;Tôle de 2000x1000x10mm en acier laminée à chaud;3;https://www.aciersgrosjean.be/images/thumbs/0003908_c9466469d8bc4d9a8154d4f6bf2efa96.jpeg
748;Tôle de 2500x1250x10mm en acier laminée à chaud;1;https://www.aciersgrosjean.be/images/thumbs/0003909_4b0f447213104a4493f03dbf72bffe39_625.jpeg
748;Tôle de 2500x1250x10mm en acier laminée à chaud;2;https://www.aciersgrosjean.be/images/thumbs/0003909_4b0f447213104a4493f03dbf72bffe39.jpeg
748;Tôle de 2500x1250x10mm en acier laminée à chaud;3;https://www.aciersgrosjean.be/images/thumbs/0003910_c9466469d8bc4d9a8154d4f6bf2efa96.jpeg
749;Tôle de 3000x1500x10mm en acier laminée à chaud;1;https://www.aciersgrosjean.be/images/thumbs/0003911_4b0f447213104a4493f03dbf72bffe39_625.jpeg
749;Tôle de 3000x1500x10mm en acier laminée à chaud;2;https://www.aciersgrosjean.be/images/thumbs/0003911_4b0f447213104a4493f03dbf72bffe39.jpeg
749;Tôle de 3000x1500x10mm en acier laminée à chaud;3;https://www.aciersgrosjean.be/images/thumbs/0003912_c9466469d8bc4d9a8154d4f6bf2efa96.jpeg
750;Tôle de 2000x1000x12mm en acier laminée à chaud;1;https://www.aciersgrosjean.be/images/thumbs/0003913_4b0f447213104a4493f03dbf72bffe39_625.jpeg
750;Tôle de 2000x1000x12mm en acier laminée à chaud;2;https://www.aciersgrosjean.be/images/thumbs/0003913_4b0f447213104a4493f03dbf72bffe39.jpeg
750;Tôle de 2000x1000x12mm en acier laminée à chaud;3;https://www.aciersgrosjean.be/images/thumbs/0003914_c9466469d8bc4d9a8154d4f6bf2efa96.jpeg
753;Tôle plane de 2000x1000x2mm LaserpressPlus®;1;https://www.aciersgrosjean.be/images/thumbs/0003921_7236111eec4f4902a8e8910e50f232d4_625.jpeg
753;Tôle plane de 2000x1000x2mm LaserpressPlus®;2;https://www.aciersgrosjean.be/images/thumbs/0003921_7236111eec4f4902a8e8910e50f232d4.jpeg
753;Tôle plane de 2000x1000x2mm LaserpressPlus®;3;https://www.aciersgrosjean.be/images/thumbs/0003922_c9466469d8bc4d9a8154d4f6bf2efa96.jpeg
754;Tôle plane de 2500x1250x2mm LaserpressPlus®;1;https://www.aciersgrosjean.be/images/thumbs/0003923_7236111eec4f4902a8e8910e50f232d4_625.jpeg
754;Tôle plane de 2500x1250x2mm LaserpressPlus®;2;https://www.aciersgrosjean.be/images/thumbs/0003923_7236111eec4f4902a8e8910e50f232d4.jpeg
754;Tôle plane de 2500x1250x2mm LaserpressPlus®;3;https://www.aciersgrosjean.be/images/thumbs/0003924_c9466469d8bc4d9a8154d4f6bf2efa96.jpeg
755;Tôle plane de 3000x1500x2mm LaserpressPlus®;1;https://www.aciersgrosjean.be/images/thumbs/0003925_7236111eec4f4902a8e8910e50f232d4_625.jpeg
755;Tôle plane de 3000x1500x2mm LaserpressPlus®;2;https://www.aciersgrosjean.be/images/thumbs/0003925_7236111eec4f4902a8e8910e50f232d4.jpeg
755;Tôle plane de 3000x1500x2mm LaserpressPlus®;3;https://www.aciersgrosjean.be/images/thumbs/0003926_c9466469d8bc4d9a8154d4f6bf2efa96.jpeg
756;Tôle plane de 2000x1000x3mm LaserpressPlus®;1;https://www.aciersgrosjean.be/images/thumbs/0003927_7236111eec4f4902a8e8910e50f232d4_625.jpeg
756;Tôle plane de 2000x1000x3mm LaserpressPlus®;2;https://www.aciersgrosjean.be/images/thumbs/0003927_7236111eec4f4902a8e8910e50f232d4.jpeg
756;Tôle plane de 2000x1000x3mm LaserpressPlus®;3;https://www.aciersgrosjean.be/images/thumbs/0003928_c9466469d8bc4d9a8154d4f6bf2efa96.jpeg
757;Tôle plane de 2500x1250x3mm LaserpressPlus®;1;https://www.aciersgrosjean.be/images/thumbs/0003929_7236111eec4f4902a8e8910e50f232d4_625.jpeg
757;Tôle plane de 2500x1250x3mm LaserpressPlus®;2;https://www.aciersgrosjean.be/images/thumbs/0003929_7236111eec4f4902a8e8910e50f232d4.jpeg
757;Tôle plane de 2500x1250x3mm LaserpressPlus®;3;https://www.aciersgrosjean.be/images/thumbs/0003930_c9466469d8bc4d9a8154d4f6bf2efa96.jpeg
758;Tôle plane de 3000x1500x3mm LaserpressPlus®;1;https://www.aciersgrosjean.be/images/thumbs/0003931_7236111eec4f4902a8e8910e50f232d4_625.jpeg
758;Tôle plane de 3000x1500x3mm LaserpressPlus®;2;https://www.aciersgrosjean.be/images/thumbs/0003931_7236111eec4f4902a8e8910e50f232d4.jpeg
758;Tôle plane de 3000x1500x3mm LaserpressPlus®;3;https://www.aciersgrosjean.be/images/thumbs/0003932_c9466469d8bc4d9a8154d4f6bf2efa96.jpeg
759;Tôle plane de 2000x1000x4mm LaserpressPlus®;1;https://www.aciersgrosjean.be/images/thumbs/0003933_7236111eec4f4902a8e8910e50f232d4_625.jpeg
759;Tôle plane de 2000x1000x4mm LaserpressPlus®;2;https://www.aciersgrosjean.be/images/thumbs/0003933_7236111eec4f4902a8e8910e50f232d4.jpeg
759;Tôle plane de 2000x1000x4mm LaserpressPlus®;3;https://www.aciersgrosjean.be/images/thumbs/0003934_c9466469d8bc4d9a8154d4f6bf2efa96.jpeg
760;Tôle plane de 2500x1250x4mm LaserpressPlus®;1;https://www.aciersgrosjean.be/images/thumbs/0003935_7236111eec4f4902a8e8910e50f232d4_625.jpeg
760;Tôle plane de 2500x1250x4mm LaserpressPlus®;2;https://www.aciersgrosjean.be/images/thumbs/0003935_7236111eec4f4902a8e8910e50f232d4.jpeg
760;Tôle plane de 2500x1250x4mm LaserpressPlus®;3;https://www.aciersgrosjean.be/images/thumbs/0003936_c9466469d8bc4d9a8154d4f6bf2efa96.jpeg
761;Tôle plane de 3000x1500x4mm LaserpressPlus®;1;https://www.aciersgrosjean.be/images/thumbs/0003937_7236111eec4f4902a8e8910e50f232d4_625.jpeg
761;Tôle plane de 3000x1500x4mm LaserpressPlus®;2;https://www.aciersgrosjean.be/images/thumbs/0003937_7236111eec4f4902a8e8910e50f232d4.jpeg
761;Tôle plane de 3000x1500x4mm LaserpressPlus®;3;https://www.aciersgrosjean.be/images/thumbs/0003938_c9466469d8bc4d9a8154d4f6bf2efa96.jpeg
762;Tôle plane de 2000x1000x5mm LaserpressPlus®;1;https://www.aciersgrosjean.be/images/thumbs/0003939_7236111eec4f4902a8e8910e50f232d4_625.jpeg
762;Tôle plane de 2000x1000x5mm LaserpressPlus®;2;https://www.aciersgrosjean.be/images/thumbs/0003939_7236111eec4f4902a8e8910e50f232d4.jpeg
762;Tôle plane de 2000x1000x5mm LaserpressPlus®;3;https://www.aciersgrosjean.be/images/thumbs/0003940_c9466469d8bc4d9a8154d4f6bf2efa96.jpeg
763;Tôle plane de 2500x1250x5mm LaserpressPlus®;1;https://www.aciersgrosjean.be/images/thumbs/0003941_7236111eec4f4902a8e8910e50f232d4_625.jpeg
763;Tôle plane de 2500x1250x5mm LaserpressPlus®;2;https://www.aciersgrosjean.be/images/thumbs/0003941_7236111eec4f4902a8e8910e50f232d4.jpeg
763;Tôle plane de 2500x1250x5mm LaserpressPlus®;3;https://www.aciersgrosjean.be/images/thumbs/0003942_c9466469d8bc4d9a8154d4f6bf2efa96.jpeg
764;Tôle plane LaserpressPlus® 240 skinpass de 3000x1500x5mm;1;https://www.aciersgrosjean.be/images/thumbs/0003943_7236111eec4f4902a8e8910e50f232d4_625.jpeg
764;Tôle plane LaserpressPlus® 240 skinpass de 3000x1500x5mm;2;https://www.aciersgrosjean.be/images/thumbs/0003943_7236111eec4f4902a8e8910e50f232d4.jpeg
764;Tôle plane LaserpressPlus® 240 skinpass de 3000x1500x5mm;3;https://www.aciersgrosjean.be/images/thumbs/0003944_c9466469d8bc4d9a8154d4f6bf2efa96.jpeg
765;Tôle plane de 2000x1000x6mm LaserpressPlus®;1;https://www.aciersgrosjean.be/images/thumbs/0003945_7236111eec4f4902a8e8910e50f232d4_625.jpeg
765;Tôle plane de 2000x1000x6mm LaserpressPlus®;2;https://www.aciersgrosjean.be/images/thumbs/0003945_7236111eec4f4902a8e8910e50f232d4.jpeg
765;Tôle plane de 2000x1000x6mm LaserpressPlus®;3;https://www.aciersgrosjean.be/images/thumbs/0003946_c9466469d8bc4d9a8154d4f6bf2efa96.jpeg
766;Tôle plane de 2500x1250x6mm LaserpressPlus®;1;https://www.aciersgrosjean.be/images/thumbs/0003947_7236111eec4f4902a8e8910e50f232d4_625.jpeg
766;Tôle plane de 2500x1250x6mm LaserpressPlus®;2;https://www.aciersgrosjean.be/images/thumbs/0003947_7236111eec4f4902a8e8910e50f232d4.jpeg
766;Tôle plane de 2500x1250x6mm LaserpressPlus®;3;https://www.aciersgrosjean.be/images/thumbs/0003948_c9466469d8bc4d9a8154d4f6bf2efa96.jpeg
767;Tôle plane de 3000x1500x6mm LaserpressPlus®;1;https://www.aciersgrosjean.be/images/thumbs/0003949_7236111eec4f4902a8e8910e50f232d4_625.jpeg
767;Tôle plane de 3000x1500x6mm LaserpressPlus®;2;https://www.aciersgrosjean.be/images/thumbs/0003949_7236111eec4f4902a8e8910e50f232d4.jpeg
767;Tôle plane de 3000x1500x6mm LaserpressPlus®;3;https://www.aciersgrosjean.be/images/thumbs/0003950_c9466469d8bc4d9a8154d4f6bf2efa96.jpeg
768;Tôle plane de 2000x1000x8mm LaserpressPlus®;1;https://www.aciersgrosjean.be/images/thumbs/0003951_7236111eec4f4902a8e8910e50f232d4_625.jpeg
768;Tôle plane de 2000x1000x8mm LaserpressPlus®;2;https://www.aciersgrosjean.be/images/thumbs/0003951_7236111eec4f4902a8e8910e50f232d4.jpeg
768;Tôle plane de 2000x1000x8mm LaserpressPlus®;3;https://www.aciersgrosjean.be/images/thumbs/0003952_c9466469d8bc4d9a8154d4f6bf2efa96.jpeg
769;Tôle plane de 2500x1250x8mm LaserpressPlus®;1;https://www.aciersgrosjean.be/images/thumbs/0003953_7236111eec4f4902a8e8910e50f232d4_625.jpeg
769;Tôle plane de 2500x1250x8mm LaserpressPlus®;2;https://www.aciersgrosjean.be/images/thumbs/0003953_7236111eec4f4902a8e8910e50f232d4.jpeg
769;Tôle plane de 2500x1250x8mm LaserpressPlus®;3;https://www.aciersgrosjean.be/images/thumbs/0003954_c9466469d8bc4d9a8154d4f6bf2efa96.jpeg
770;Tôle plane de 3000x1500x8mm LaserpressPlus®;1;https://www.aciersgrosjean.be/images/thumbs/0003955_7236111eec4f4902a8e8910e50f232d4_625.jpeg
770;Tôle plane de 3000x1500x8mm LaserpressPlus®;2;https://www.aciersgrosjean.be/images/thumbs/0003955_7236111eec4f4902a8e8910e50f232d4.jpeg
770;Tôle plane de 3000x1500x8mm LaserpressPlus®;3;https://www.aciersgrosjean.be/images/thumbs/0003956_c9466469d8bc4d9a8154d4f6bf2efa96.jpeg
771;Tôle plane de 2000x1000x10mm LaserpressPlus®;1;https://www.aciersgrosjean.be/images/thumbs/0003957_7236111eec4f4902a8e8910e50f232d4_625.jpeg
771;Tôle plane de 2000x1000x10mm LaserpressPlus®;2;https://www.aciersgrosjean.be/images/thumbs/0003957_7236111eec4f4902a8e8910e50f232d4.jpeg
771;Tôle plane de 2000x1000x10mm LaserpressPlus®;3;https://www.aciersgrosjean.be/images/thumbs/0003958_c9466469d8bc4d9a8154d4f6bf2efa96.jpeg
772;Tôle plane de 2500x1250x10mm LaserpressPlus®;1;https://www.aciersgrosjean.be/images/thumbs/0003959_7236111eec4f4902a8e8910e50f232d4_625.jpeg
772;Tôle plane de 2500x1250x10mm LaserpressPlus®;2;https://www.aciersgrosjean.be/images/thumbs/0003959_7236111eec4f4902a8e8910e50f232d4.jpeg
772;Tôle plane de 2500x1250x10mm LaserpressPlus®;3;https://www.aciersgrosjean.be/images/thumbs/0003960_c9466469d8bc4d9a8154d4f6bf2efa96.jpeg
773;Tôle plane de 3000x1500x10mm LaserpressPlus®;1;https://www.aciersgrosjean.be/images/thumbs/0003961_7236111eec4f4902a8e8910e50f232d4_625.jpeg
773;Tôle plane de 3000x1500x10mm LaserpressPlus®;2;https://www.aciersgrosjean.be/images/thumbs/0003961_7236111eec4f4902a8e8910e50f232d4.jpeg
773;Tôle plane de 3000x1500x10mm LaserpressPlus®;3;https://www.aciersgrosjean.be/images/thumbs/0003962_c9466469d8bc4d9a8154d4f6bf2efa96.jpeg
774;Tôle plane de 2000x1000x15mm LaserpressPlus®;1;https://www.aciersgrosjean.be/images/thumbs/0003963_7236111eec4f4902a8e8910e50f232d4_625.jpeg
774;Tôle plane de 2000x1000x15mm LaserpressPlus®;2;https://www.aciersgrosjean.be/images/thumbs/0003963_7236111eec4f4902a8e8910e50f232d4.jpeg
774;Tôle plane de 2000x1000x15mm LaserpressPlus®;3;https://www.aciersgrosjean.be/images/thumbs/0003964_c9466469d8bc4d9a8154d4f6bf2efa96.jpeg
775;Tôle plane de 2500x1250x15mm LaserpressPlus®;1;https://www.aciersgrosjean.be/images/thumbs/0003965_7236111eec4f4902a8e8910e50f232d4_625.jpeg
775;Tôle plane de 2500x1250x15mm LaserpressPlus®;2;https://www.aciersgrosjean.be/images/thumbs/0003965_7236111eec4f4902a8e8910e50f232d4.jpeg
775;Tôle plane de 2500x1250x15mm LaserpressPlus®;3;https://www.aciersgrosjean.be/images/thumbs/0003966_c9466469d8bc4d9a8154d4f6bf2efa96.jpeg
776;Tôle plane de 3000x1500x15mm LaserpressPlus®;1;https://www.aciersgrosjean.be/images/thumbs/0003967_7236111eec4f4902a8e8910e50f232d4_625.jpeg
776;Tôle plane de 3000x1500x15mm LaserpressPlus®;2;https://www.aciersgrosjean.be/images/thumbs/0003967_7236111eec4f4902a8e8910e50f232d4.jpeg
776;Tôle plane de 3000x1500x15mm LaserpressPlus®;3;https://www.aciersgrosjean.be/images/thumbs/0003968_c9466469d8bc4d9a8154d4f6bf2efa96.jpeg
777;Tôle de 2000x1000x3/5mm en acier larmée;1;https://www.aciersgrosjean.be/images/thumbs/0004387_f34b175c6cfe40558cd368a2227784ec_625.jpeg
777;Tôle de 2000x1000x3/5mm en acier larmée;2;https://www.aciersgrosjean.be/images/thumbs/0004387_f34b175c6cfe40558cd368a2227784ec.jpeg
777;Tôle de 2000x1000x3/5mm en acier larmée;3;https://www.aciersgrosjean.be/images/thumbs/0003970_c9466469d8bc4d9a8154d4f6bf2efa96.jpeg
778;Tôle de 2500x1250x3/5mm en acier larmée;1;https://www.aciersgrosjean.be/images/thumbs/0004386_f34b175c6cfe40558cd368a2227784ec_625.jpeg
778;Tôle de 2500x1250x3/5mm en acier larmée;2;https://www.aciersgrosjean.be/images/thumbs/0004386_f34b175c6cfe40558cd368a2227784ec.jpeg
778;Tôle de 2500x1250x3/5mm en acier larmée;3;https://www.aciersgrosjean.be/images/thumbs/0003972_c9466469d8bc4d9a8154d4f6bf2efa96.jpeg
779;Tôle de 3000x1500x3/5mm en acier larmée;1;https://www.aciersgrosjean.be/images/thumbs/0004388_f34b175c6cfe40558cd368a2227784ec_625.jpeg
779;Tôle de 3000x1500x3/5mm en acier larmée;2;https://www.aciersgrosjean.be/images/thumbs/0004388_f34b175c6cfe40558cd368a2227784ec.jpeg
779;Tôle de 3000x1500x3/5mm en acier larmée;3;https://www.aciersgrosjean.be/images/thumbs/0003974_c9466469d8bc4d9a8154d4f6bf2efa96.jpeg
783;Tôle de 2000x1000x5/7mm en acier larmée;1;https://www.aciersgrosjean.be/images/thumbs/0004392_f34b175c6cfe40558cd368a2227784ec_625.jpeg
783;Tôle de 2000x1000x5/7mm en acier larmée;2;https://www.aciersgrosjean.be/images/thumbs/0004392_f34b175c6cfe40558cd368a2227784ec.jpeg
783;Tôle de 2000x1000x5/7mm en acier larmée;3;https://www.aciersgrosjean.be/images/thumbs/0003982_c9466469d8bc4d9a8154d4f6bf2efa96.jpeg
784;Tôle de 2500x1250x5/7mm en acier larmée;1;https://www.aciersgrosjean.be/images/thumbs/0004393_f34b175c6cfe40558cd368a2227784ec_625.jpeg
784;Tôle de 2500x1250x5/7mm en acier larmée;2;https://www.aciersgrosjean.be/images/thumbs/0004393_f34b175c6cfe40558cd368a2227784ec.jpeg
784;Tôle de 2500x1250x5/7mm en acier larmée;3;https://www.aciersgrosjean.be/images/thumbs/0003984_c9466469d8bc4d9a8154d4f6bf2efa96.jpeg
785;Tôle de 3000x1500x5/7mm en acier larmée;1;https://www.aciersgrosjean.be/images/thumbs/0003985_c9466469d8bc4d9a8154d4f6bf2efa96_625.jpeg
785;Tôle de 3000x1500x5/7mm en acier larmée;2;https://www.aciersgrosjean.be/images/thumbs/0003985_c9466469d8bc4d9a8154d4f6bf2efa96.jpeg
785;Tôle de 3000x1500x5/7mm en acier larmée;3;https://www.aciersgrosjean.be/images/thumbs/0004394_f34b175c6cfe40558cd368a2227784ec.jpeg
804;Tôle de 2000x1000x1mm en acier galvanisée;1;https://www.aciersgrosjean.be/images/thumbs/0001821_06ac2cf4986043c781756ac8ca0e8fc1_625.jpeg
804;Tôle de 2000x1000x1mm en acier galvanisée;2;https://www.aciersgrosjean.be/images/thumbs/0001821_06ac2cf4986043c781756ac8ca0e8fc1.jpeg
804;Tôle de 2000x1000x1mm en acier galvanisée;3;https://www.aciersgrosjean.be/images/thumbs/0001822_c9466469d8bc4d9a8154d4f6bf2efa96.jpeg
805;Tôle de 2500x1250x1mm en acier galvanisée;1;https://www.aciersgrosjean.be/images/thumbs/0001837_06ac2cf4986043c781756ac8ca0e8fc1_625.jpeg
805;Tôle de 2500x1250x1mm en acier galvanisée;2;https://www.aciersgrosjean.be/images/thumbs/0001837_06ac2cf4986043c781756ac8ca0e8fc1.jpeg
805;Tôle de 2500x1250x1mm en acier galvanisée;3;https://www.aciersgrosjean.be/images/thumbs/0001838_c9466469d8bc4d9a8154d4f6bf2efa96.jpeg
806;Tôle de 3000x1500x1mm en acier galvanisée;1;https://www.aciersgrosjean.be/images/thumbs/0004005_06ac2cf4986043c781756ac8ca0e8fc1_625.jpeg
806;Tôle de 3000x1500x1mm en acier galvanisée;2;https://www.aciersgrosjean.be/images/thumbs/0004005_06ac2cf4986043c781756ac8ca0e8fc1.jpeg
806;Tôle de 3000x1500x1mm en acier galvanisée;3;https://www.aciersgrosjean.be/images/thumbs/0004006_c9466469d8bc4d9a8154d4f6bf2efa96.jpeg
807;Tôle de 2000x1000x1,5mm en acier galvanisée;1;https://www.aciersgrosjean.be/images/thumbs/0001823_06ac2cf4986043c781756ac8ca0e8fc1_625.jpeg
807;Tôle de 2000x1000x1,5mm en acier galvanisée;2;https://www.aciersgrosjean.be/images/thumbs/0001823_06ac2cf4986043c781756ac8ca0e8fc1.jpeg
807;Tôle de 2000x1000x1,5mm en acier galvanisée;3;https://www.aciersgrosjean.be/images/thumbs/0001824_c9466469d8bc4d9a8154d4f6bf2efa96.jpeg
808;Tôle de 2500x1250x1,5mm en acier galvanisée;1;https://www.aciersgrosjean.be/images/thumbs/0001839_06ac2cf4986043c781756ac8ca0e8fc1_625.jpeg
808;Tôle de 2500x1250x1,5mm en acier galvanisée;2;https://www.aciersgrosjean.be/images/thumbs/0001839_06ac2cf4986043c781756ac8ca0e8fc1.jpeg
808;Tôle de 2500x1250x1,5mm en acier galvanisée;3;https://www.aciersgrosjean.be/images/thumbs/0001840_c9466469d8bc4d9a8154d4f6bf2efa96.jpeg
809;Tôle de 3000x1500x1,5mm en acier galvanisée;1;https://www.aciersgrosjean.be/images/thumbs/0001856_06ac2cf4986043c781756ac8ca0e8fc1_625.jpeg
809;Tôle de 3000x1500x1,5mm en acier galvanisée;2;https://www.aciersgrosjean.be/images/thumbs/0001856_06ac2cf4986043c781756ac8ca0e8fc1.jpeg
809;Tôle de 3000x1500x1,5mm en acier galvanisée;3;https://www.aciersgrosjean.be/images/thumbs/0001857_c9466469d8bc4d9a8154d4f6bf2efa96.jpeg
810;Tôle de 2000x1000x2mm en acier galvanisée;1;https://www.aciersgrosjean.be/images/thumbs/0001825_06ac2cf4986043c781756ac8ca0e8fc1_625.jpeg
810;Tôle de 2000x1000x2mm en acier galvanisée;2;https://www.aciersgrosjean.be/images/thumbs/0001825_06ac2cf4986043c781756ac8ca0e8fc1.jpeg
810;Tôle de 2000x1000x2mm en acier galvanisée;3;https://www.aciersgrosjean.be/images/thumbs/0001826_c9466469d8bc4d9a8154d4f6bf2efa96.jpeg
811;Tôle de 2500x1250x2mm en acier galvanisée;1;https://www.aciersgrosjean.be/images/thumbs/0001841_06ac2cf4986043c781756ac8ca0e8fc1_625.jpeg
811;Tôle de 2500x1250x2mm en acier galvanisée;2;https://www.aciersgrosjean.be/images/thumbs/0001841_06ac2cf4986043c781756ac8ca0e8fc1.jpeg
811;Tôle de 2500x1250x2mm en acier galvanisée;3;https://www.aciersgrosjean.be/images/thumbs/0001842_c9466469d8bc4d9a8154d4f6bf2efa96.jpeg
812;Tôle de 3000x1500x2mm en acier galvanisée;1;https://www.aciersgrosjean.be/images/thumbs/0001858_06ac2cf4986043c781756ac8ca0e8fc1_625.jpeg
812;Tôle de 3000x1500x2mm en acier galvanisée;2;https://www.aciersgrosjean.be/images/thumbs/0001858_06ac2cf4986043c781756ac8ca0e8fc1.jpeg
812;Tôle de 3000x1500x2mm en acier galvanisée;3;https://www.aciersgrosjean.be/images/thumbs/0001859_c9466469d8bc4d9a8154d4f6bf2efa96.jpeg
816;Tôle de 2000x1000x3mm en acier galvanisée;1;https://www.aciersgrosjean.be/images/thumbs/0001829_06ac2cf4986043c781756ac8ca0e8fc1_625.jpeg
816;Tôle de 2000x1000x3mm en acier galvanisée;2;https://www.aciersgrosjean.be/images/thumbs/0001829_06ac2cf4986043c781756ac8ca0e8fc1.jpeg
816;Tôle de 2000x1000x3mm en acier galvanisée;3;https://www.aciersgrosjean.be/images/thumbs/0001830_c9466469d8bc4d9a8154d4f6bf2efa96.jpeg
817;Tôle de 2500x1250x3mm en acier galvanisée;1;https://www.aciersgrosjean.be/images/thumbs/0001845_06ac2cf4986043c781756ac8ca0e8fc1_625.jpeg
817;Tôle de 2500x1250x3mm en acier galvanisée;2;https://www.aciersgrosjean.be/images/thumbs/0001845_06ac2cf4986043c781756ac8ca0e8fc1.jpeg
817;Tôle de 2500x1250x3mm en acier galvanisée;3;https://www.aciersgrosjean.be/images/thumbs/0001846_c9466469d8bc4d9a8154d4f6bf2efa96.jpeg
818;Tôle de 3000x1500x3mm en acier galvanisée;1;https://www.aciersgrosjean.be/images/thumbs/0001862_06ac2cf4986043c781756ac8ca0e8fc1_625.jpeg
818;Tôle de 3000x1500x3mm en acier galvanisée;2;https://www.aciersgrosjean.be/images/thumbs/0001862_06ac2cf4986043c781756ac8ca0e8fc1.jpeg
818;Tôle de 3000x1500x3mm en acier galvanisée;3;https://www.aciersgrosjean.be/images/thumbs/0001863_c9466469d8bc4d9a8154d4f6bf2efa96.jpeg
828;Tôle de 2000x1000x1mm en acier laminé à froid;1;https://www.aciersgrosjean.be/images/thumbs/0004025_ef48640afc2e40f8b8c1b0222471157a_625.jpeg
828;Tôle de 2000x1000x1mm en acier laminé à froid;2;https://www.aciersgrosjean.be/images/thumbs/0004025_ef48640afc2e40f8b8c1b0222471157a.jpeg
828;Tôle de 2000x1000x1mm en acier laminé à froid;3;https://www.aciersgrosjean.be/images/thumbs/0004026_c9466469d8bc4d9a8154d4f6bf2efa96.jpeg
829;Tôle de 2500x1250x1mm en acier laminé à froid;1;https://www.aciersgrosjean.be/images/thumbs/0004027_ef48640afc2e40f8b8c1b0222471157a_625.jpeg
829;Tôle de 2500x1250x1mm en acier laminé à froid;2;https://www.aciersgrosjean.be/images/thumbs/0004027_ef48640afc2e40f8b8c1b0222471157a.jpeg
829;Tôle de 2500x1250x1mm en acier laminé à froid;3;https://www.aciersgrosjean.be/images/thumbs/0004028_c9466469d8bc4d9a8154d4f6bf2efa96.jpeg
830;Tôle de 3000x1500x1mm en acier laminé à froid;1;https://www.aciersgrosjean.be/images/thumbs/0004029_ef48640afc2e40f8b8c1b0222471157a_625.jpeg
830;Tôle de 3000x1500x1mm en acier laminé à froid;2;https://www.aciersgrosjean.be/images/thumbs/0004029_ef48640afc2e40f8b8c1b0222471157a.jpeg
830;Tôle de 3000x1500x1mm en acier laminé à froid;3;https://www.aciersgrosjean.be/images/thumbs/0004030_c9466469d8bc4d9a8154d4f6bf2efa96.jpeg
831;Tôle de 2000x1000x1,5mm en acier laminé à froid;1;https://www.aciersgrosjean.be/images/thumbs/0004031_ef48640afc2e40f8b8c1b0222471157a_625.jpeg
831;Tôle de 2000x1000x1,5mm en acier laminé à froid;2;https://www.aciersgrosjean.be/images/thumbs/0004031_ef48640afc2e40f8b8c1b0222471157a.jpeg
831;Tôle de 2000x1000x1,5mm en acier laminé à froid;3;https://www.aciersgrosjean.be/images/thumbs/0004032_c9466469d8bc4d9a8154d4f6bf2efa96.jpeg
832;Tôle de 2500x1250x1,5mm en acier laminé à froid;1;https://www.aciersgrosjean.be/images/thumbs/0004033_ef48640afc2e40f8b8c1b0222471157a_625.jpeg
832;Tôle de 2500x1250x1,5mm en acier laminé à froid;2;https://www.aciersgrosjean.be/images/thumbs/0004033_ef48640afc2e40f8b8c1b0222471157a.jpeg
832;Tôle de 2500x1250x1,5mm en acier laminé à froid;3;https://www.aciersgrosjean.be/images/thumbs/0004034_c9466469d8bc4d9a8154d4f6bf2efa96.jpeg
833;Tôle de 3000x1500x1,5mm en acier laminé à froid;1;https://www.aciersgrosjean.be/images/thumbs/0004035_ef48640afc2e40f8b8c1b0222471157a_625.jpeg
833;Tôle de 3000x1500x1,5mm en acier laminé à froid;2;https://www.aciersgrosjean.be/images/thumbs/0004035_ef48640afc2e40f8b8c1b0222471157a.jpeg
833;Tôle de 3000x1500x1,5mm en acier laminé à froid;3;https://www.aciersgrosjean.be/images/thumbs/0004036_c9466469d8bc4d9a8154d4f6bf2efa96.jpeg
834;Tôle de 2000x1000x2mm en acier laminé à froid;1;https://www.aciersgrosjean.be/images/thumbs/0004037_ef48640afc2e40f8b8c1b0222471157a_625.jpeg
834;Tôle de 2000x1000x2mm en acier laminé à froid;2;https://www.aciersgrosjean.be/images/thumbs/0004037_ef48640afc2e40f8b8c1b0222471157a.jpeg
834;Tôle de 2000x1000x2mm en acier laminé à froid;3;https://www.aciersgrosjean.be/images/thumbs/0004038_c9466469d8bc4d9a8154d4f6bf2efa96.jpeg
835;Tôle de 2500x1250x2mm en acier laminé à froid;1;https://www.aciersgrosjean.be/images/thumbs/0004039_ef48640afc2e40f8b8c1b0222471157a_625.jpeg
835;Tôle de 2500x1250x2mm en acier laminé à froid;2;https://www.aciersgrosjean.be/images/thumbs/0004039_ef48640afc2e40f8b8c1b0222471157a.jpeg
835;Tôle de 2500x1250x2mm en acier laminé à froid;3;https://www.aciersgrosjean.be/images/thumbs/0004040_c9466469d8bc4d9a8154d4f6bf2efa96.jpeg
844;Tôle de 2500x1250x2mm plane en acier Corten;1;https://www.aciersgrosjean.be/images/thumbs/0001731_672e4c997303413db8716042b2d67ba9_625.jpeg
844;Tôle de 2500x1250x2mm plane en acier Corten;2;https://www.aciersgrosjean.be/images/thumbs/0001731_672e4c997303413db8716042b2d67ba9.jpeg
844;Tôle de 2500x1250x2mm plane en acier Corten;3;https://www.aciersgrosjean.be/images/thumbs/0001732_c9466469d8bc4d9a8154d4f6bf2efa96.jpeg
844;Tôle de 2500x1250x2mm plane en acier Corten;4;https://www.aciersgrosjean.be/images/thumbs/0001733_d918159827554d8da08e908b50cda647.jpeg
845;Tôle de 3000x1500x2mm plane en acier Corten;1;https://www.aciersgrosjean.be/images/thumbs/0001737_672e4c997303413db8716042b2d67ba9_625.jpeg
845;Tôle de 3000x1500x2mm plane en acier Corten;2;https://www.aciersgrosjean.be/images/thumbs/0001737_672e4c997303413db8716042b2d67ba9.jpeg
845;Tôle de 3000x1500x2mm plane en acier Corten;3;https://www.aciersgrosjean.be/images/thumbs/0001738_c9466469d8bc4d9a8154d4f6bf2efa96.jpeg
845;Tôle de 3000x1500x2mm plane en acier Corten;4;https://www.aciersgrosjean.be/images/thumbs/0001739_d918159827554d8da08e908b50cda647.jpeg
846;Tôle de 2000x1000x3mm plane en acier Corten;1;https://www.aciersgrosjean.be/images/thumbs/0001744_672e4c997303413db8716042b2d67ba9_625.jpeg
846;Tôle de 2000x1000x3mm plane en acier Corten;2;https://www.aciersgrosjean.be/images/thumbs/0001744_672e4c997303413db8716042b2d67ba9.jpeg
846;Tôle de 2000x1000x3mm plane en acier Corten;3;https://www.aciersgrosjean.be/images/thumbs/0001745_c9466469d8bc4d9a8154d4f6bf2efa96.jpeg
846;Tôle de 2000x1000x3mm plane en acier Corten;4;https://www.aciersgrosjean.be/images/thumbs/0001746_d918159827554d8da08e908b50cda647.jpeg
847;Tôle de 2500x1250x3mm plane en acier Corten;1;https://www.aciersgrosjean.be/images/thumbs/0001734_672e4c997303413db8716042b2d67ba9_625.jpeg
847;Tôle de 2500x1250x3mm plane en acier Corten;2;https://www.aciersgrosjean.be/images/thumbs/0001734_672e4c997303413db8716042b2d67ba9.jpeg
847;Tôle de 2500x1250x3mm plane en acier Corten;3;https://www.aciersgrosjean.be/images/thumbs/0001735_c9466469d8bc4d9a8154d4f6bf2efa96.jpeg
847;Tôle de 2500x1250x3mm plane en acier Corten;4;https://www.aciersgrosjean.be/images/thumbs/0001736_d918159827554d8da08e908b50cda647.jpeg
848;Tôle de 3000x1500x3mm plane en acier Corten;1;https://www.aciersgrosjean.be/images/thumbs/0001740_672e4c997303413db8716042b2d67ba9_625.jpeg
848;Tôle de 3000x1500x3mm plane en acier Corten;2;https://www.aciersgrosjean.be/images/thumbs/0001740_672e4c997303413db8716042b2d67ba9.jpeg
848;Tôle de 3000x1500x3mm plane en acier Corten;3;https://www.aciersgrosjean.be/images/thumbs/0001741_c9466469d8bc4d9a8154d4f6bf2efa96.jpeg
848;Tôle de 3000x1500x3mm plane en acier Corten;4;https://www.aciersgrosjean.be/images/thumbs/0001742_d918159827554d8da08e908b50cda647.jpeg
876;Tôle de 2000x1000x20mm en acier Quarto;1;https://www.aciersgrosjean.be/images/thumbs/0002173_ca770557973e4a2ab434a6342755a555_625.jpeg
876;Tôle de 2000x1000x20mm en acier Quarto;2;https://www.aciersgrosjean.be/images/thumbs/0002173_ca770557973e4a2ab434a6342755a555.jpeg
876;Tôle de 2000x1000x20mm en acier Quarto;3;https://www.aciersgrosjean.be/images/thumbs/0002174_c9466469d8bc4d9a8154d4f6bf2efa96.jpeg
930;Cornière égale 20x20x2mm en aluminium;1;https://www.aciersgrosjean.be/images/thumbs/0004438_9ea65cbd431c4fc8b77ec3babf8dab61_625.jpeg
930;Cornière égale 20x20x2mm en aluminium;2;https://www.aciersgrosjean.be/images/thumbs/0004438_9ea65cbd431c4fc8b77ec3babf8dab61.jpeg
930;Cornière égale 20x20x2mm en aluminium;3;https://www.aciersgrosjean.be/images/thumbs/0004439_d7b5f83c2bc643f29a57d9147f31965a.jpeg
931;Cornière égale 25x25x2mm en aluminium;1;https://www.aciersgrosjean.be/images/thumbs/0004440_9ea65cbd431c4fc8b77ec3babf8dab61_625.jpeg
931;Cornière égale 25x25x2mm en aluminium;2;https://www.aciersgrosjean.be/images/thumbs/0004440_9ea65cbd431c4fc8b77ec3babf8dab61.jpeg
931;Cornière égale 25x25x2mm en aluminium;3;https://www.aciersgrosjean.be/images/thumbs/0004441_d7b5f83c2bc643f29a57d9147f31965a.jpeg
932;Cornière égale 30x30x2mm en aluminium;1;https://www.aciersgrosjean.be/images/thumbs/0004442_9ea65cbd431c4fc8b77ec3babf8dab61_625.jpeg
932;Cornière égale 30x30x2mm en aluminium;2;https://www.aciersgrosjean.be/images/thumbs/0004442_9ea65cbd431c4fc8b77ec3babf8dab61.jpeg
932;Cornière égale 30x30x2mm en aluminium;3;https://www.aciersgrosjean.be/images/thumbs/0004443_d7b5f83c2bc643f29a57d9147f31965a.jpeg
933;Cornière égale 30x30x3mm en aluminium;1;https://www.aciersgrosjean.be/images/thumbs/0004444_9ea65cbd431c4fc8b77ec3babf8dab61_625.jpeg
933;Cornière égale 30x30x3mm en aluminium;2;https://www.aciersgrosjean.be/images/thumbs/0004444_9ea65cbd431c4fc8b77ec3babf8dab61.jpeg
933;Cornière égale 30x30x3mm en aluminium;3;https://www.aciersgrosjean.be/images/thumbs/0004445_d7b5f83c2bc643f29a57d9147f31965a.jpeg
935;Cornière égale 40x40x2mm en aluminium;1;https://www.aciersgrosjean.be/images/thumbs/0004448_9ea65cbd431c4fc8b77ec3babf8dab61_625.jpeg
935;Cornière égale 40x40x2mm en aluminium;2;https://www.aciersgrosjean.be/images/thumbs/0004448_9ea65cbd431c4fc8b77ec3babf8dab61.jpeg
935;Cornière égale 40x40x2mm en aluminium;3;https://www.aciersgrosjean.be/images/thumbs/0004449_d7b5f83c2bc643f29a57d9147f31965a.jpeg
936;Cornière égale 40x40x3mm en aluminium;1;https://www.aciersgrosjean.be/images/thumbs/0004450_9ea65cbd431c4fc8b77ec3babf8dab61_625.jpeg
936;Cornière égale 40x40x3mm en aluminium;2;https://www.aciersgrosjean.be/images/thumbs/0004450_9ea65cbd431c4fc8b77ec3babf8dab61.jpeg
936;Cornière égale 40x40x3mm en aluminium;3;https://www.aciersgrosjean.be/images/thumbs/0004451_d7b5f83c2bc643f29a57d9147f31965a.jpeg
938;Cornière égale 50x50x3mm en aluminium;1;https://www.aciersgrosjean.be/images/thumbs/0004454_9ea65cbd431c4fc8b77ec3babf8dab61_625.jpeg
938;Cornière égale 50x50x3mm en aluminium;2;https://www.aciersgrosjean.be/images/thumbs/0004454_9ea65cbd431c4fc8b77ec3babf8dab61.jpeg
938;Cornière égale 50x50x3mm en aluminium;3;https://www.aciersgrosjean.be/images/thumbs/0004455_d7b5f83c2bc643f29a57d9147f31965a.jpeg
941;Cornière égale 60x60x3mm en aluminium;1;https://www.aciersgrosjean.be/images/thumbs/0004460_9ea65cbd431c4fc8b77ec3babf8dab61_625.jpeg
941;Cornière égale 60x60x3mm en aluminium;2;https://www.aciersgrosjean.be/images/thumbs/0004460_9ea65cbd431c4fc8b77ec3babf8dab61.jpeg
941;Cornière égale 60x60x3mm en aluminium;3;https://www.aciersgrosjean.be/images/thumbs/0004461_d7b5f83c2bc643f29a57d9147f31965a.jpeg
949;Profil en U 20x20x20x2mm en Aluminium;1;https://www.aciersgrosjean.be/images/thumbs/0004481_d2fae24968854c59934f29d57e4ac128_625.jpeg
949;Profil en U 20x20x20x2mm en Aluminium;2;https://www.aciersgrosjean.be/images/thumbs/0004481_d2fae24968854c59934f29d57e4ac128.jpeg
949;Profil en U 20x20x20x2mm en Aluminium;3;https://www.aciersgrosjean.be/images/thumbs/0004482_cd1adff35d934b97bc40967560f63344.jpeg
950;Profil en U 25x25x25x2mm en Aluminium;1;https://www.aciersgrosjean.be/images/thumbs/0004483_d2fae24968854c59934f29d57e4ac128_625.jpeg
950;Profil en U 25x25x25x2mm en Aluminium;2;https://www.aciersgrosjean.be/images/thumbs/0004483_d2fae24968854c59934f29d57e4ac128.jpeg
950;Profil en U 25x25x25x2mm en Aluminium;3;https://www.aciersgrosjean.be/images/thumbs/0004484_cd1adff35d934b97bc40967560f63344.jpeg
951;Profil en U en 30x30x30x2mm Aluminium;1;https://www.aciersgrosjean.be/images/thumbs/0004485_d2fae24968854c59934f29d57e4ac128_625.jpeg
951;Profil en U en 30x30x30x2mm Aluminium;2;https://www.aciersgrosjean.be/images/thumbs/0004485_d2fae24968854c59934f29d57e4ac128.jpeg
951;Profil en U en 30x30x30x2mm Aluminium;3;https://www.aciersgrosjean.be/images/thumbs/0004486_cd1adff35d934b97bc40967560f63344.jpeg
952;Profil en U 40x40x40x2mm en Aluminium;1;https://www.aciersgrosjean.be/images/thumbs/0004487_d2fae24968854c59934f29d57e4ac128_625.jpeg
952;Profil en U 40x40x40x2mm en Aluminium;2;https://www.aciersgrosjean.be/images/thumbs/0004487_d2fae24968854c59934f29d57e4ac128.jpeg
952;Profil en U 40x40x40x2mm en Aluminium;3;https://www.aciersgrosjean.be/images/thumbs/0004488_cd1adff35d934b97bc40967560f63344.jpeg
959;Tube carré de 15x15x2mm en aluminium;1;https://www.aciersgrosjean.be/images/thumbs/0004564_078644d871ff466b8db49e39134ffbce_625.jpeg
959;Tube carré de 15x15x2mm en aluminium;2;https://www.aciersgrosjean.be/images/thumbs/0004564_078644d871ff466b8db49e39134ffbce.jpeg
959;Tube carré de 15x15x2mm en aluminium;3;https://www.aciersgrosjean.be/images/thumbs/0004565_80c8fa5449bc4e6aa4dc8ffe7827b261.jpeg
960;Tube carré de 20x20x2mm en aluminium;1;https://www.aciersgrosjean.be/images/thumbs/0004566_078644d871ff466b8db49e39134ffbce_625.jpeg
960;Tube carré de 20x20x2mm en aluminium;2;https://www.aciersgrosjean.be/images/thumbs/0004566_078644d871ff466b8db49e39134ffbce.jpeg
960;Tube carré de 20x20x2mm en aluminium;3;https://www.aciersgrosjean.be/images/thumbs/0004567_80c8fa5449bc4e6aa4dc8ffe7827b261.jpeg
961;Tube carré de 25x25x2mm en aluminium;1;https://www.aciersgrosjean.be/images/thumbs/0004568_078644d871ff466b8db49e39134ffbce_625.jpeg
961;Tube carré de 25x25x2mm en aluminium;2;https://www.aciersgrosjean.be/images/thumbs/0004568_078644d871ff466b8db49e39134ffbce.jpeg
961;Tube carré de 25x25x2mm en aluminium;3;https://www.aciersgrosjean.be/images/thumbs/0004569_80c8fa5449bc4e6aa4dc8ffe7827b261.jpeg
963;Tube carré de 35x35x2mm en aluminium;1;https://www.aciersgrosjean.be/images/thumbs/0004572_078644d871ff466b8db49e39134ffbce_625.jpeg
963;Tube carré de 35x35x2mm en aluminium;2;https://www.aciersgrosjean.be/images/thumbs/0004572_078644d871ff466b8db49e39134ffbce.jpeg
963;Tube carré de 35x35x2mm en aluminium;3;https://www.aciersgrosjean.be/images/thumbs/0004573_80c8fa5449bc4e6aa4dc8ffe7827b261.jpeg
964;Tube carré de 40x40x2mm en aluminium;1;https://www.aciersgrosjean.be/images/thumbs/0004574_078644d871ff466b8db49e39134ffbce_625.jpeg
964;Tube carré de 40x40x2mm en aluminium;2;https://www.aciersgrosjean.be/images/thumbs/0004574_078644d871ff466b8db49e39134ffbce.jpeg
964;Tube carré de 40x40x2mm en aluminium;3;https://www.aciersgrosjean.be/images/thumbs/0004575_80c8fa5449bc4e6aa4dc8ffe7827b261.jpeg
965;Tube carré de 40x40x3mm en aluminium;1;https://www.aciersgrosjean.be/images/thumbs/0004576_078644d871ff466b8db49e39134ffbce_625.jpeg
965;Tube carré de 40x40x3mm en aluminium;2;https://www.aciersgrosjean.be/images/thumbs/0004576_078644d871ff466b8db49e39134ffbce.jpeg
965;Tube carré de 40x40x3mm en aluminium;3;https://www.aciersgrosjean.be/images/thumbs/0004577_80c8fa5449bc4e6aa4dc8ffe7827b261.jpeg
967;Tube carré de 50x50x2mm en aluminium;1;https://www.aciersgrosjean.be/images/thumbs/0004580_078644d871ff466b8db49e39134ffbce_625.jpeg
967;Tube carré de 50x50x2mm en aluminium;2;https://www.aciersgrosjean.be/images/thumbs/0004580_078644d871ff466b8db49e39134ffbce.jpeg
967;Tube carré de 50x50x2mm en aluminium;3;https://www.aciersgrosjean.be/images/thumbs/0004581_80c8fa5449bc4e6aa4dc8ffe7827b261.jpeg
969;Tube rectangle de 30x20x2mm en aluminium;1;https://www.aciersgrosjean.be/images/thumbs/0004584_ff248b62307a4df491383ee3cf9378d3_625.jpeg
969;Tube rectangle de 30x20x2mm en aluminium;2;https://www.aciersgrosjean.be/images/thumbs/0004584_ff248b62307a4df491383ee3cf9378d3.jpeg
969;Tube rectangle de 30x20x2mm en aluminium;3;https://www.aciersgrosjean.be/images/thumbs/0004585_c21eb1ec1a974da9a33a531c864be4c5.jpeg
971;Tube rectangle de 50x30x2mm en aluminium;1;https://www.aciersgrosjean.be/images/thumbs/0004588_ff248b62307a4df491383ee3cf9378d3_625.jpeg
971;Tube rectangle de 50x30x2mm en aluminium;2;https://www.aciersgrosjean.be/images/thumbs/0004588_ff248b62307a4df491383ee3cf9378d3.jpeg
971;Tube rectangle de 50x30x2mm en aluminium;3;https://www.aciersgrosjean.be/images/thumbs/0004589_c21eb1ec1a974da9a33a531c864be4c5.jpeg
973;Tube rectangle de 60x30x3mm en aluminium;1;https://www.aciersgrosjean.be/images/thumbs/0004592_ff248b62307a4df491383ee3cf9378d3_625.jpeg
973;Tube rectangle de 60x30x3mm en aluminium;2;https://www.aciersgrosjean.be/images/thumbs/0004592_ff248b62307a4df491383ee3cf9378d3.jpeg
973;Tube rectangle de 60x30x3mm en aluminium;3;https://www.aciersgrosjean.be/images/thumbs/0004593_c21eb1ec1a974da9a33a531c864be4c5.jpeg
974;Tube rectangle de 60x40x2mm en aluminium;1;https://www.aciersgrosjean.be/images/thumbs/0004594_ff248b62307a4df491383ee3cf9378d3_625.jpeg
974;Tube rectangle de 60x40x2mm en aluminium;2;https://www.aciersgrosjean.be/images/thumbs/0004594_ff248b62307a4df491383ee3cf9378d3.jpeg
974;Tube rectangle de 60x40x2mm en aluminium;3;https://www.aciersgrosjean.be/images/thumbs/0004595_c21eb1ec1a974da9a33a531c864be4c5.jpeg
975;Tube rectangle de 60x40x3mm en aluminium;1;https://www.aciersgrosjean.be/images/thumbs/0004596_ff248b62307a4df491383ee3cf9378d3_625.jpeg
975;Tube rectangle de 60x40x3mm en aluminium;2;https://www.aciersgrosjean.be/images/thumbs/0004596_ff248b62307a4df491383ee3cf9378d3.jpeg
975;Tube rectangle de 60x40x3mm en aluminium;3;https://www.aciersgrosjean.be/images/thumbs/0004597_c21eb1ec1a974da9a33a531c864be4c5.jpeg
979;Profil en T 20x20x2mm en aluminium;1;https://www.aciersgrosjean.be/images/thumbs/0004507_dd3866850de544e48e0a664d8250efde_625.jpeg
979;Profil en T 20x20x2mm en aluminium;2;https://www.aciersgrosjean.be/images/thumbs/0004507_dd3866850de544e48e0a664d8250efde.jpeg
979;Profil en T 20x20x2mm en aluminium;3;https://www.aciersgrosjean.be/images/thumbs/0004508_4e535accfe0349cc8ac848af2898d3bb.jpeg
980;Profil en T 25x25x2mm en aluminium;1;https://www.aciersgrosjean.be/images/thumbs/0004509_dd3866850de544e48e0a664d8250efde_625.jpeg
980;Profil en T 25x25x2mm en aluminium;2;https://www.aciersgrosjean.be/images/thumbs/0004509_dd3866850de544e48e0a664d8250efde.jpeg
980;Profil en T 25x25x2mm en aluminium;3;https://www.aciersgrosjean.be/images/thumbs/0004510_4e535accfe0349cc8ac848af2898d3bb.jpeg
981;Profil en T 30x30x2mm en aluminium;1;https://www.aciersgrosjean.be/images/thumbs/0004511_dd3866850de544e48e0a664d8250efde_625.jpeg
981;Profil en T 30x30x2mm en aluminium;2;https://www.aciersgrosjean.be/images/thumbs/0004511_dd3866850de544e48e0a664d8250efde.jpeg
981;Profil en T 30x30x2mm en aluminium;3;https://www.aciersgrosjean.be/images/thumbs/0004512_4e535accfe0349cc8ac848af2898d3bb.jpeg
988;Plat de 20x3mm en aluminium;1;https://www.aciersgrosjean.be/images/thumbs/0004530_bb8154a4aad7410bb37ae1141e8b854d_625.jpeg
988;Plat de 20x3mm en aluminium;2;https://www.aciersgrosjean.be/images/thumbs/0004530_bb8154a4aad7410bb37ae1141e8b854d.jpeg
988;Plat de 20x3mm en aluminium;3;https://www.aciersgrosjean.be/images/thumbs/0004531_c2140b89f6e54d0fa91f88a602c0cd00.jpeg
989;Plat de 25x3mm en aluminium;1;https://www.aciersgrosjean.be/images/thumbs/0004532_bb8154a4aad7410bb37ae1141e8b854d_625.jpeg
989;Plat de 25x3mm en aluminium;2;https://www.aciersgrosjean.be/images/thumbs/0004532_bb8154a4aad7410bb37ae1141e8b854d.jpeg
989;Plat de 25x3mm en aluminium;3;https://www.aciersgrosjean.be/images/thumbs/0004533_c2140b89f6e54d0fa91f88a602c0cd00.jpeg
990;Plat de 30x3mm en aluminium;1;https://www.aciersgrosjean.be/images/thumbs/0004534_bb8154a4aad7410bb37ae1141e8b854d_625.jpeg
990;Plat de 30x3mm en aluminium;2;https://www.aciersgrosjean.be/images/thumbs/0004534_bb8154a4aad7410bb37ae1141e8b854d.jpeg
990;Plat de 30x3mm en aluminium;3;https://www.aciersgrosjean.be/images/thumbs/0004535_c2140b89f6e54d0fa91f88a602c0cd00.jpeg
991;Plat de 30x5mm en aluminium;1;https://www.aciersgrosjean.be/images/thumbs/0004536_bb8154a4aad7410bb37ae1141e8b854d_625.jpeg
991;Plat de 30x5mm en aluminium;2;https://www.aciersgrosjean.be/images/thumbs/0004536_bb8154a4aad7410bb37ae1141e8b854d.jpeg
991;Plat de 30x5mm en aluminium;3;https://www.aciersgrosjean.be/images/thumbs/0004537_c2140b89f6e54d0fa91f88a602c0cd00.jpeg
993;Plat de 40x3mm en aluminium;1;https://www.aciersgrosjean.be/images/thumbs/0004540_bb8154a4aad7410bb37ae1141e8b854d_625.jpeg
993;Plat de 40x3mm en aluminium;2;https://www.aciersgrosjean.be/images/thumbs/0004540_bb8154a4aad7410bb37ae1141e8b854d.jpeg
993;Plat de 40x3mm en aluminium;3;https://www.aciersgrosjean.be/images/thumbs/0004541_c2140b89f6e54d0fa91f88a602c0cd00.jpeg
994;Plat de 40x5mm en aluminium;1;https://www.aciersgrosjean.be/images/thumbs/0004542_bb8154a4aad7410bb37ae1141e8b854d_625.jpeg
994;Plat de 40x5mm en aluminium;2;https://www.aciersgrosjean.be/images/thumbs/0004542_bb8154a4aad7410bb37ae1141e8b854d.jpeg
994;Plat de 40x5mm en aluminium;3;https://www.aciersgrosjean.be/images/thumbs/0004543_c2140b89f6e54d0fa91f88a602c0cd00.jpeg
996;Plat de 50x3mm en aluminium;1;https://www.aciersgrosjean.be/images/thumbs/0004546_bb8154a4aad7410bb37ae1141e8b854d_625.jpeg
996;Plat de 50x3mm en aluminium;2;https://www.aciersgrosjean.be/images/thumbs/0004546_bb8154a4aad7410bb37ae1141e8b854d.jpeg
996;Plat de 50x3mm en aluminium;3;https://www.aciersgrosjean.be/images/thumbs/0004547_c2140b89f6e54d0fa91f88a602c0cd00.jpeg
997;Plat de 50x5mm en aluminium;1;https://www.aciersgrosjean.be/images/thumbs/0004548_bb8154a4aad7410bb37ae1141e8b854d_625.jpeg
997;Plat de 50x5mm en aluminium;2;https://www.aciersgrosjean.be/images/thumbs/0004548_bb8154a4aad7410bb37ae1141e8b854d.jpeg
997;Plat de 50x5mm en aluminium;3;https://www.aciersgrosjean.be/images/thumbs/0004549_c2140b89f6e54d0fa91f88a602c0cd00.jpeg
999;Plat de 60x5mm en aluminium;1;https://www.aciersgrosjean.be/images/thumbs/0004552_bb8154a4aad7410bb37ae1141e8b854d_625.jpeg
999;Plat de 60x5mm en aluminium;2;https://www.aciersgrosjean.be/images/thumbs/0004552_bb8154a4aad7410bb37ae1141e8b854d.jpeg
999;Plat de 60x5mm en aluminium;3;https://www.aciersgrosjean.be/images/thumbs/0004553_c2140b89f6e54d0fa91f88a602c0cd00.jpeg
1000;Plat de 80x5mm en aluminium;1;https://www.aciersgrosjean.be/images/thumbs/0004554_bb8154a4aad7410bb37ae1141e8b854d_625.jpeg
1000;Plat de 80x5mm en aluminium;2;https://www.aciersgrosjean.be/images/thumbs/0004554_bb8154a4aad7410bb37ae1141e8b854d.jpeg
1000;Plat de 80x5mm en aluminium;3;https://www.aciersgrosjean.be/images/thumbs/0004555_c2140b89f6e54d0fa91f88a602c0cd00.jpeg
1001;Plat de 100x5mm en aluminium;1;https://www.aciersgrosjean.be/images/thumbs/0004556_bb8154a4aad7410bb37ae1141e8b854d_625.jpeg
1001;Plat de 100x5mm en aluminium;2;https://www.aciersgrosjean.be/images/thumbs/0004556_bb8154a4aad7410bb37ae1141e8b854d.jpeg
1001;Plat de 100x5mm en aluminium;3;https://www.aciersgrosjean.be/images/thumbs/0004557_c2140b89f6e54d0fa91f88a602c0cd00.jpeg
1003;Tube rond de 20x2mm en aluminium;1;https://www.aciersgrosjean.be/images/thumbs/0004608_e5425110ce5c466e97b6baa91fd49565_625.jpeg
1003;Tube rond de 20x2mm en aluminium;2;https://www.aciersgrosjean.be/images/thumbs/0004608_e5425110ce5c466e97b6baa91fd49565.jpeg
1003;Tube rond de 20x2mm en aluminium;3;https://www.aciersgrosjean.be/images/thumbs/0004609_c04852ce9aec40249d1269bd849b1aa6.jpeg
1004;Tube rond de 25x2mm en aluminium;1;https://www.aciersgrosjean.be/images/thumbs/0004610_e5425110ce5c466e97b6baa91fd49565_625.jpeg
1004;Tube rond de 25x2mm en aluminium;2;https://www.aciersgrosjean.be/images/thumbs/0004610_e5425110ce5c466e97b6baa91fd49565.jpeg
1004;Tube rond de 25x2mm en aluminium;3;https://www.aciersgrosjean.be/images/thumbs/0004611_c04852ce9aec40249d1269bd849b1aa6.jpeg
1005;Tube rond de 30x2mm en aluminium;1;https://www.aciersgrosjean.be/images/thumbs/0004612_e5425110ce5c466e97b6baa91fd49565_625.jpeg
1005;Tube rond de 30x2mm en aluminium;2;https://www.aciersgrosjean.be/images/thumbs/0004612_e5425110ce5c466e97b6baa91fd49565.jpeg
1005;Tube rond de 30x2mm en aluminium;3;https://www.aciersgrosjean.be/images/thumbs/0004613_c04852ce9aec40249d1269bd849b1aa6.jpeg
1006;Tube rond de 35x2mm en aluminium;1;https://www.aciersgrosjean.be/images/thumbs/0004614_e5425110ce5c466e97b6baa91fd49565_625.jpeg
1006;Tube rond de 35x2mm en aluminium;2;https://www.aciersgrosjean.be/images/thumbs/0004614_e5425110ce5c466e97b6baa91fd49565.jpeg
1006;Tube rond de 35x2mm en aluminium;3;https://www.aciersgrosjean.be/images/thumbs/0004615_c04852ce9aec40249d1269bd849b1aa6.jpeg
1007;Tube rond de 40x2mm en aluminium;1;https://www.aciersgrosjean.be/images/thumbs/0004616_e5425110ce5c466e97b6baa91fd49565_625.jpeg
1007;Tube rond de 40x2mm en aluminium;2;https://www.aciersgrosjean.be/images/thumbs/0004616_e5425110ce5c466e97b6baa91fd49565.jpeg
1007;Tube rond de 40x2mm en aluminium;3;https://www.aciersgrosjean.be/images/thumbs/0004617_c04852ce9aec40249d1269bd849b1aa6.jpeg
1011;Tôle de 2000x1000x1mm en aluminium;1;https://www.aciersgrosjean.be/images/thumbs/0004352_44d69f17442543279343b1bda7307530_625.jpeg
1011;Tôle de 2000x1000x1mm en aluminium;2;https://www.aciersgrosjean.be/images/thumbs/0004352_44d69f17442543279343b1bda7307530.jpeg
1011;Tôle de 2000x1000x1mm en aluminium;3;https://www.aciersgrosjean.be/images/thumbs/0004353_c9466469d8bc4d9a8154d4f6bf2efa96.jpeg
1012;Tôle de 2500x1250x1mm en aluminium;1;https://www.aciersgrosjean.be/images/thumbs/0004364_44d69f17442543279343b1bda7307530_625.jpeg
1012;Tôle de 2500x1250x1mm en aluminium;2;https://www.aciersgrosjean.be/images/thumbs/0004364_44d69f17442543279343b1bda7307530.jpeg
1012;Tôle de 2500x1250x1mm en aluminium;3;https://www.aciersgrosjean.be/images/thumbs/0004365_c9466469d8bc4d9a8154d4f6bf2efa96.jpeg
1013;Tôle de 3000x1500x1mm en aluminium;1;https://www.aciersgrosjean.be/images/thumbs/0004356_44d69f17442543279343b1bda7307530_625.jpeg
1013;Tôle de 3000x1500x1mm en aluminium;2;https://www.aciersgrosjean.be/images/thumbs/0004356_44d69f17442543279343b1bda7307530.jpeg
1013;Tôle de 3000x1500x1mm en aluminium;3;https://www.aciersgrosjean.be/images/thumbs/0004357_c9466469d8bc4d9a8154d4f6bf2efa96.jpeg
1014;Tôle de 2000x1000x2mm en aluminium;1;https://www.aciersgrosjean.be/images/thumbs/0004358_44d69f17442543279343b1bda7307530_625.jpeg
1014;Tôle de 2000x1000x2mm en aluminium;2;https://www.aciersgrosjean.be/images/thumbs/0004358_44d69f17442543279343b1bda7307530.jpeg
1014;Tôle de 2000x1000x2mm en aluminium;3;https://www.aciersgrosjean.be/images/thumbs/0004359_c9466469d8bc4d9a8154d4f6bf2efa96.jpeg
1015;Tôle de 2500x1250x2mm en aluminium;1;https://www.aciersgrosjean.be/images/thumbs/0004360_44d69f17442543279343b1bda7307530_625.jpeg
1015;Tôle de 2500x1250x2mm en aluminium;2;https://www.aciersgrosjean.be/images/thumbs/0004360_44d69f17442543279343b1bda7307530.jpeg
1015;Tôle de 2500x1250x2mm en aluminium;3;https://www.aciersgrosjean.be/images/thumbs/0004361_c9466469d8bc4d9a8154d4f6bf2efa96.jpeg
1016;Tôle de 3000x1500x2mm en aluminium;1;https://www.aciersgrosjean.be/images/thumbs/0004362_44d69f17442543279343b1bda7307530_625.jpeg
1016;Tôle de 3000x1500x2mm en aluminium;2;https://www.aciersgrosjean.be/images/thumbs/0004362_44d69f17442543279343b1bda7307530.jpeg
1016;Tôle de 3000x1500x2mm en aluminium;3;https://www.aciersgrosjean.be/images/thumbs/0004363_c9466469d8bc4d9a8154d4f6bf2efa96.jpeg
1017;Tôle de 2000x1000x3mm en aluminium;1;https://www.aciersgrosjean.be/images/thumbs/0004366_44d69f17442543279343b1bda7307530_625.jpeg
1017;Tôle de 2000x1000x3mm en aluminium;2;https://www.aciersgrosjean.be/images/thumbs/0004366_44d69f17442543279343b1bda7307530.jpeg
1017;Tôle de 2000x1000x3mm en aluminium;3;https://www.aciersgrosjean.be/images/thumbs/0004367_c9466469d8bc4d9a8154d4f6bf2efa96.jpeg
1018;Tôle de 2500x1250x3mm en aluminium;1;https://www.aciersgrosjean.be/images/thumbs/0004368_44d69f17442543279343b1bda7307530_625.jpeg
1018;Tôle de 2500x1250x3mm en aluminium;2;https://www.aciersgrosjean.be/images/thumbs/0004368_44d69f17442543279343b1bda7307530.jpeg
1018;Tôle de 2500x1250x3mm en aluminium;3;https://www.aciersgrosjean.be/images/thumbs/0004369_c9466469d8bc4d9a8154d4f6bf2efa96.jpeg
1019;Tôle de 3000x1500x3mm en aluminium;1;https://www.aciersgrosjean.be/images/thumbs/0004370_44d69f17442543279343b1bda7307530_625.jpeg
1019;Tôle de 3000x1500x3mm en aluminium;2;https://www.aciersgrosjean.be/images/thumbs/0004370_44d69f17442543279343b1bda7307530.jpeg
1019;Tôle de 3000x1500x3mm en aluminium;3;https://www.aciersgrosjean.be/images/thumbs/0004371_c9466469d8bc4d9a8154d4f6bf2efa96.jpeg
1026;Tôle striée de 2000x1000x2,5/4mm en aluminium;1;https://www.aciersgrosjean.be/images/thumbs/0004405_0b545054b57d46c7a4d518df819c1381_625.jpeg
1026;Tôle striée de 2000x1000x2,5/4mm en aluminium;2;https://www.aciersgrosjean.be/images/thumbs/0004405_0b545054b57d46c7a4d518df819c1381.jpeg
1026;Tôle striée de 2000x1000x2,5/4mm en aluminium;3;https://www.aciersgrosjean.be/images/thumbs/0004406_c9466469d8bc4d9a8154d4f6bf2efa96.jpeg
1027;Tôle striée de 2500x1250x2,5/4mm en aluminium;1;https://www.aciersgrosjean.be/images/thumbs/0004407_0b545054b57d46c7a4d518df819c1381_625.jpeg
1027;Tôle striée de 2500x1250x2,5/4mm en aluminium;2;https://www.aciersgrosjean.be/images/thumbs/0004407_0b545054b57d46c7a4d518df819c1381.jpeg
1027;Tôle striée de 2500x1250x2,5/4mm en aluminium;3;https://www.aciersgrosjean.be/images/thumbs/0004408_c9466469d8bc4d9a8154d4f6bf2efa96.jpeg
1028;Tôle striée de 3000x1500x2,5/4mm en aluminium;1;https://www.aciersgrosjean.be/images/thumbs/0004409_0b545054b57d46c7a4d518df819c1381_625.jpeg
1028;Tôle striée de 3000x1500x2,5/4mm en aluminium;2;https://www.aciersgrosjean.be/images/thumbs/0004409_0b545054b57d46c7a4d518df819c1381.jpeg
1028;Tôle striée de 3000x1500x2,5/4mm en aluminium;3;https://www.aciersgrosjean.be/images/thumbs/0004411_c9466469d8bc4d9a8154d4f6bf2efa96.jpeg
1029;Tôle striée de 2000x1000x3,5/5mm en aluminium;1;https://www.aciersgrosjean.be/images/thumbs/0004412_0b545054b57d46c7a4d518df819c1381_625.jpeg
1029;Tôle striée de 2000x1000x3,5/5mm en aluminium;2;https://www.aciersgrosjean.be/images/thumbs/0004412_0b545054b57d46c7a4d518df819c1381.jpeg
1029;Tôle striée de 2000x1000x3,5/5mm en aluminium;3;https://www.aciersgrosjean.be/images/thumbs/0004413_c9466469d8bc4d9a8154d4f6bf2efa96.jpeg
1030;Tôle striée de 2500x1250x3,5/5mm en aluminium;1;https://www.aciersgrosjean.be/images/thumbs/0004414_0b545054b57d46c7a4d518df819c1381_625.jpeg
1030;Tôle striée de 2500x1250x3,5/5mm en aluminium;2;https://www.aciersgrosjean.be/images/thumbs/0004414_0b545054b57d46c7a4d518df819c1381.jpeg
1030;Tôle striée de 2500x1250x3,5/5mm en aluminium;3;https://www.aciersgrosjean.be/images/thumbs/0004415_c9466469d8bc4d9a8154d4f6bf2efa96.jpeg
1031;Tôle striée de 3000x1500x3,5/5mm en aluminium;1;https://www.aciersgrosjean.be/images/thumbs/0004416_0b545054b57d46c7a4d518df819c1381_625.jpeg
1031;Tôle striée de 3000x1500x3,5/5mm en aluminium;2;https://www.aciersgrosjean.be/images/thumbs/0004416_0b545054b57d46c7a4d518df819c1381.jpeg
1031;Tôle striée de 3000x1500x3,5/5mm en aluminium;3;https://www.aciersgrosjean.be/images/thumbs/0004417_c9466469d8bc4d9a8154d4f6bf2efa96.jpeg
1032;Tôle striée de 2000x1000x5/7mm en aluminium;1;https://www.aciersgrosjean.be/images/thumbs/0004418_0b545054b57d46c7a4d518df819c1381_625.jpeg
1032;Tôle striée de 2000x1000x5/7mm en aluminium;2;https://www.aciersgrosjean.be/images/thumbs/0004418_0b545054b57d46c7a4d518df819c1381.jpeg
1032;Tôle striée de 2000x1000x5/7mm en aluminium;3;https://www.aciersgrosjean.be/images/thumbs/0004419_c9466469d8bc4d9a8154d4f6bf2efa96.jpeg
1033;Tôle striée de 2500x1250x5/7mm en aluminium;1;https://www.aciersgrosjean.be/images/thumbs/0004420_0b545054b57d46c7a4d518df819c1381_625.jpeg
1033;Tôle striée de 2500x1250x5/7mm en aluminium;2;https://www.aciersgrosjean.be/images/thumbs/0004420_0b545054b57d46c7a4d518df819c1381.jpeg
1033;Tôle striée de 2500x1250x5/7mm en aluminium;3;https://www.aciersgrosjean.be/images/thumbs/0004421_c9466469d8bc4d9a8154d4f6bf2efa96.jpeg
1034;Tôle striée de 3000x1500x5/7mm en aluminium;1;https://www.aciersgrosjean.be/images/thumbs/0004422_0b545054b57d46c7a4d518df819c1381_625.jpeg
1034;Tôle striée de 3000x1500x5/7mm en aluminium;2;https://www.aciersgrosjean.be/images/thumbs/0004422_0b545054b57d46c7a4d518df819c1381.jpeg
1034;Tôle striée de 3000x1500x5/7mm en aluminium;3;https://www.aciersgrosjean.be/images/thumbs/0004423_c9466469d8bc4d9a8154d4f6bf2efa96.jpeg
1037;Tôle plane 2000x1000x0,8mm en Inox 304 GR320;1;https://www.aciersgrosjean.be/images/thumbs/0004647_716749d64e3649fd9030bb356137ead6_625.jpeg
1037;Tôle plane 2000x1000x0,8mm en Inox 304 GR320;2;https://www.aciersgrosjean.be/images/thumbs/0004647_716749d64e3649fd9030bb356137ead6.jpeg
1037;Tôle plane 2000x1000x0,8mm en Inox 304 GR320;3;https://www.aciersgrosjean.be/images/thumbs/0004648_c9466469d8bc4d9a8154d4f6bf2efa96.jpeg
1038;Tôle 2000x1000x1mm plane en Inox 304 GR320;1;https://www.aciersgrosjean.be/images/thumbs/0004649_716749d64e3649fd9030bb356137ead6_625.jpeg
1038;Tôle 2000x1000x1mm plane en Inox 304 GR320;2;https://www.aciersgrosjean.be/images/thumbs/0004649_716749d64e3649fd9030bb356137ead6.jpeg
1038;Tôle 2000x1000x1mm plane en Inox 304 GR320;3;https://www.aciersgrosjean.be/images/thumbs/0004650_c9466469d8bc4d9a8154d4f6bf2efa96.jpeg
1039;Tôle 2500x1250x1mm plane en Inox 304 GR320;1;https://www.aciersgrosjean.be/images/thumbs/0004651_716749d64e3649fd9030bb356137ead6_625.jpeg
1039;Tôle 2500x1250x1mm plane en Inox 304 GR320;2;https://www.aciersgrosjean.be/images/thumbs/0004651_716749d64e3649fd9030bb356137ead6.jpeg
1039;Tôle 2500x1250x1mm plane en Inox 304 GR320;3;https://www.aciersgrosjean.be/images/thumbs/0004652_c9466469d8bc4d9a8154d4f6bf2efa96.jpeg
1040;Tôle 3000x1500x1mm plane en Inox 304 GR320;1;https://www.aciersgrosjean.be/images/thumbs/0004653_716749d64e3649fd9030bb356137ead6_625.jpeg
1040;Tôle 3000x1500x1mm plane en Inox 304 GR320;2;https://www.aciersgrosjean.be/images/thumbs/0004653_716749d64e3649fd9030bb356137ead6.jpeg
1040;Tôle 3000x1500x1mm plane en Inox 304 GR320;3;https://www.aciersgrosjean.be/images/thumbs/0004654_c9466469d8bc4d9a8154d4f6bf2efa96.jpeg
1041;Tôle 2000x1000x2mm plane en Inox 304 GR320;1;https://www.aciersgrosjean.be/images/thumbs/0004655_716749d64e3649fd9030bb356137ead6_625.jpeg
1041;Tôle 2000x1000x2mm plane en Inox 304 GR320;2;https://www.aciersgrosjean.be/images/thumbs/0004655_716749d64e3649fd9030bb356137ead6.jpeg
1041;Tôle 2000x1000x2mm plane en Inox 304 GR320;3;https://www.aciersgrosjean.be/images/thumbs/0004656_c9466469d8bc4d9a8154d4f6bf2efa96.jpeg
1042;Tôle 2500x1250x2mm plane en Inox 304 GR320;1;https://www.aciersgrosjean.be/images/thumbs/0004657_716749d64e3649fd9030bb356137ead6_625.jpeg
1042;Tôle 2500x1250x2mm plane en Inox 304 GR320;2;https://www.aciersgrosjean.be/images/thumbs/0004657_716749d64e3649fd9030bb356137ead6.jpeg
1042;Tôle 2500x1250x2mm plane en Inox 304 GR320;3;https://www.aciersgrosjean.be/images/thumbs/0004658_c9466469d8bc4d9a8154d4f6bf2efa96.jpeg
1043;Tôle 3000x1500x2mm plane en Inox 304 GR320;1;https://www.aciersgrosjean.be/images/thumbs/0004659_716749d64e3649fd9030bb356137ead6_625.jpeg
1043;Tôle 3000x1500x2mm plane en Inox 304 GR320;2;https://www.aciersgrosjean.be/images/thumbs/0004659_716749d64e3649fd9030bb356137ead6.jpeg
1043;Tôle 3000x1500x2mm plane en Inox 304 GR320;3;https://www.aciersgrosjean.be/images/thumbs/0004660_c9466469d8bc4d9a8154d4f6bf2efa96.jpeg
1044;Tôle 2000x1000x3mm plane en Inox 304 GR320;1;https://www.aciersgrosjean.be/images/thumbs/0004661_716749d64e3649fd9030bb356137ead6_625.jpeg
1044;Tôle 2000x1000x3mm plane en Inox 304 GR320;2;https://www.aciersgrosjean.be/images/thumbs/0004661_716749d64e3649fd9030bb356137ead6.jpeg
1044;Tôle 2000x1000x3mm plane en Inox 304 GR320;3;https://www.aciersgrosjean.be/images/thumbs/0004662_c9466469d8bc4d9a8154d4f6bf2efa96.jpeg
1045;Tôle 2500x1250x3mm plane en Inox 304 GR320;1;https://www.aciersgrosjean.be/images/thumbs/0004663_716749d64e3649fd9030bb356137ead6_625.jpeg
1045;Tôle 2500x1250x3mm plane en Inox 304 GR320;2;https://www.aciersgrosjean.be/images/thumbs/0004663_716749d64e3649fd9030bb356137ead6.jpeg
1045;Tôle 2500x1250x3mm plane en Inox 304 GR320;3;https://www.aciersgrosjean.be/images/thumbs/0004664_c9466469d8bc4d9a8154d4f6bf2efa96.jpeg
1046;Tôle 3000x1500x3mm plane en Inox 304 GR320;1;https://www.aciersgrosjean.be/images/thumbs/0004665_716749d64e3649fd9030bb356137ead6_625.jpeg
1046;Tôle 3000x1500x3mm plane en Inox 304 GR320;2;https://www.aciersgrosjean.be/images/thumbs/0004665_716749d64e3649fd9030bb356137ead6.jpeg
1046;Tôle 3000x1500x3mm plane en Inox 304 GR320;3;https://www.aciersgrosjean.be/images/thumbs/0004666_c9466469d8bc4d9a8154d4f6bf2efa96.jpeg
1048;Rond plein lisse diamètre 8mm en Inox;1;https://www.aciersgrosjean.be/images/thumbs/0004671_50477a3b05364de8add96c574b9e74fe_625.jpeg
1048;Rond plein lisse diamètre 8mm en Inox;2;https://www.aciersgrosjean.be/images/thumbs/0004671_50477a3b05364de8add96c574b9e74fe.jpeg
1048;Rond plein lisse diamètre 8mm en Inox;3;https://www.aciersgrosjean.be/images/thumbs/0004672_20b3d8c37642497f865a3609338212e0.jpeg
1049;Rond plein lisse diamètre 10mm en Inox;1;https://www.aciersgrosjean.be/images/thumbs/0004673_50477a3b05364de8add96c574b9e74fe_625.jpeg
1049;Rond plein lisse diamètre 10mm en Inox;2;https://www.aciersgrosjean.be/images/thumbs/0004673_50477a3b05364de8add96c574b9e74fe.jpeg
1049;Rond plein lisse diamètre 10mm en Inox;3;https://www.aciersgrosjean.be/images/thumbs/0004674_20b3d8c37642497f865a3609338212e0.jpeg
1050;Rond plein lisse diamètre 12mm en Inox;1;https://www.aciersgrosjean.be/images/thumbs/0004675_50477a3b05364de8add96c574b9e74fe_625.jpeg
1050;Rond plein lisse diamètre 12mm en Inox;2;https://www.aciersgrosjean.be/images/thumbs/0004675_50477a3b05364de8add96c574b9e74fe.jpeg
1050;Rond plein lisse diamètre 12mm en Inox;3;https://www.aciersgrosjean.be/images/thumbs/0004676_20b3d8c37642497f865a3609338212e0.jpeg
1052;Cornière égale 20x20x3mm en Inox;1;https://www.aciersgrosjean.be/images/thumbs/0004680_a35b9e0245624d0886e7b1810eb39945_625.jpeg
1052;Cornière égale 20x20x3mm en Inox;2;https://www.aciersgrosjean.be/images/thumbs/0004680_a35b9e0245624d0886e7b1810eb39945.jpeg
1052;Cornière égale 20x20x3mm en Inox;3;https://www.aciersgrosjean.be/images/thumbs/0004681_d7b5f83c2bc643f29a57d9147f31965a.jpeg
1053;Cornière égale 25x25x3mm en Inox;1;https://www.aciersgrosjean.be/images/thumbs/0004682_a35b9e0245624d0886e7b1810eb39945_625.jpeg
1053;Cornière égale 25x25x3mm en Inox;2;https://www.aciersgrosjean.be/images/thumbs/0004682_a35b9e0245624d0886e7b1810eb39945.jpeg
1053;Cornière égale 25x25x3mm en Inox;3;https://www.aciersgrosjean.be/images/thumbs/0004683_d7b5f83c2bc643f29a57d9147f31965a.jpeg
1054;Cornière égale 30x30x3mm en Inox;1;https://www.aciersgrosjean.be/images/thumbs/0004684_a35b9e0245624d0886e7b1810eb39945_625.jpeg
1054;Cornière égale 30x30x3mm en Inox;2;https://www.aciersgrosjean.be/images/thumbs/0004684_a35b9e0245624d0886e7b1810eb39945.jpeg
1054;Cornière égale 30x30x3mm en Inox;3;https://www.aciersgrosjean.be/images/thumbs/0004685_d7b5f83c2bc643f29a57d9147f31965a.jpeg
1055;Cornière égale 40x40x4mm en Inox;1;https://www.aciersgrosjean.be/images/thumbs/0004686_a35b9e0245624d0886e7b1810eb39945_625.jpeg
1055;Cornière égale 40x40x4mm en Inox;2;https://www.aciersgrosjean.be/images/thumbs/0004686_a35b9e0245624d0886e7b1810eb39945.jpeg
1055;Cornière égale 40x40x4mm en Inox;3;https://www.aciersgrosjean.be/images/thumbs/0004687_d7b5f83c2bc643f29a57d9147f31965a.jpeg
1056;Cornière égale 50x50x5mm en Inox;1;https://www.aciersgrosjean.be/images/thumbs/0004688_a35b9e0245624d0886e7b1810eb39945_625.jpeg
1056;Cornière égale 50x50x5mm en Inox;2;https://www.aciersgrosjean.be/images/thumbs/0004688_a35b9e0245624d0886e7b1810eb39945.jpeg
1056;Cornière égale 50x50x5mm en Inox;3;https://www.aciersgrosjean.be/images/thumbs/0004689_d7b5f83c2bc643f29a57d9147f31965a.jpeg
1057;Plat 20x3mm en Inox 304;1;https://www.aciersgrosjean.be/images/thumbs/0004691_615d544f89574d65ba9c62867707314c_625.jpeg
1057;Plat 20x3mm en Inox 304;2;https://www.aciersgrosjean.be/images/thumbs/0004691_615d544f89574d65ba9c62867707314c.jpeg
1057;Plat 20x3mm en Inox 304;3;https://www.aciersgrosjean.be/images/thumbs/0004692_c2140b89f6e54d0fa91f88a602c0cd00.jpeg
1058;Plat 20x5mm en Inox 304;1;https://www.aciersgrosjean.be/images/thumbs/0004693_615d544f89574d65ba9c62867707314c_625.jpeg
1058;Plat 20x5mm en Inox 304;2;https://www.aciersgrosjean.be/images/thumbs/0004693_615d544f89574d65ba9c62867707314c.jpeg
1058;Plat 20x5mm en Inox 304;3;https://www.aciersgrosjean.be/images/thumbs/0004694_c2140b89f6e54d0fa91f88a602c0cd00.jpeg
1059;Plat 25x3mm en Inox 304;1;https://www.aciersgrosjean.be/images/thumbs/0004695_615d544f89574d65ba9c62867707314c_625.jpeg
1059;Plat 25x3mm en Inox 304;2;https://www.aciersgrosjean.be/images/thumbs/0004695_615d544f89574d65ba9c62867707314c.jpeg
1059;Plat 25x3mm en Inox 304;3;https://www.aciersgrosjean.be/images/thumbs/0004696_c2140b89f6e54d0fa91f88a602c0cd00.jpeg
1060;Plat 25x5mm en Inox 304;1;https://www.aciersgrosjean.be/images/thumbs/0004697_615d544f89574d65ba9c62867707314c_625.jpeg
1060;Plat 25x5mm en Inox 304;2;https://www.aciersgrosjean.be/images/thumbs/0004697_615d544f89574d65ba9c62867707314c.jpeg
1060;Plat 25x5mm en Inox 304;3;https://www.aciersgrosjean.be/images/thumbs/0004698_c2140b89f6e54d0fa91f88a602c0cd00.jpeg
1061;Plat 30x3mm en Inox 304;1;https://www.aciersgrosjean.be/images/thumbs/0004699_615d544f89574d65ba9c62867707314c_625.jpeg
1061;Plat 30x3mm en Inox 304;2;https://www.aciersgrosjean.be/images/thumbs/0004699_615d544f89574d65ba9c62867707314c.jpeg
1061;Plat 30x3mm en Inox 304;3;https://www.aciersgrosjean.be/images/thumbs/0004700_c2140b89f6e54d0fa91f88a602c0cd00.jpeg
1062;Plat 30x5mm en Inox 304;1;https://www.aciersgrosjean.be/images/thumbs/0004701_615d544f89574d65ba9c62867707314c_625.jpeg
1062;Plat 30x5mm en Inox 304;2;https://www.aciersgrosjean.be/images/thumbs/0004701_615d544f89574d65ba9c62867707314c.jpeg
1062;Plat 30x5mm en Inox 304;3;https://www.aciersgrosjean.be/images/thumbs/0004702_c2140b89f6e54d0fa91f88a602c0cd00.jpeg
1066;Plat 40x3mm en Inox 304;1;https://www.aciersgrosjean.be/images/thumbs/0004709_615d544f89574d65ba9c62867707314c_625.jpeg
1066;Plat 40x3mm en Inox 304;2;https://www.aciersgrosjean.be/images/thumbs/0004709_615d544f89574d65ba9c62867707314c.jpeg
1066;Plat 40x3mm en Inox 304;3;https://www.aciersgrosjean.be/images/thumbs/0004710_c2140b89f6e54d0fa91f88a602c0cd00.jpeg
1068;Plat 40x5mm en Inox 304;1;https://www.aciersgrosjean.be/images/thumbs/0004713_615d544f89574d65ba9c62867707314c_625.jpeg
1068;Plat 40x5mm en Inox 304;2;https://www.aciersgrosjean.be/images/thumbs/0004713_615d544f89574d65ba9c62867707314c.jpeg
1068;Plat 40x5mm en Inox 304;3;https://www.aciersgrosjean.be/images/thumbs/0004714_c2140b89f6e54d0fa91f88a602c0cd00.jpeg
1070;Plat 50x5mm en Inox 304;1;https://www.aciersgrosjean.be/images/thumbs/0004717_615d544f89574d65ba9c62867707314c_625.jpeg
1070;Plat 50x5mm en Inox 304;2;https://www.aciersgrosjean.be/images/thumbs/0004717_615d544f89574d65ba9c62867707314c.jpeg
1070;Plat 50x5mm en Inox 304;3;https://www.aciersgrosjean.be/images/thumbs/0004718_c2140b89f6e54d0fa91f88a602c0cd00.jpeg
1071;Plat 60x5mm en Inox 304;1;https://www.aciersgrosjean.be/images/thumbs/0004719_615d544f89574d65ba9c62867707314c_625.jpeg
1071;Plat 60x5mm en Inox 304;2;https://www.aciersgrosjean.be/images/thumbs/0004719_615d544f89574d65ba9c62867707314c.jpeg
1071;Plat 60x5mm en Inox 304;3;https://www.aciersgrosjean.be/images/thumbs/0004720_c2140b89f6e54d0fa91f88a602c0cd00.jpeg
1075;Tube rond 17,2x2mm en Inox 304;1;https://www.aciersgrosjean.be/images/thumbs/0004731_4a7d457c65f94bc080cf4f2854e99f52_625.jpeg
1075;Tube rond 17,2x2mm en Inox 304;2;https://www.aciersgrosjean.be/images/thumbs/0004731_4a7d457c65f94bc080cf4f2854e99f52.jpeg
1075;Tube rond 17,2x2mm en Inox 304;3;https://www.aciersgrosjean.be/images/thumbs/0004732_c04852ce9aec40249d1269bd849b1aa6.jpeg
1076;Tube rond 21,3x2mm en Inox 304;1;https://www.aciersgrosjean.be/images/thumbs/0004733_4a7d457c65f94bc080cf4f2854e99f52_625.jpeg
1076;Tube rond 21,3x2mm en Inox 304;2;https://www.aciersgrosjean.be/images/thumbs/0004733_4a7d457c65f94bc080cf4f2854e99f52.jpeg
1076;Tube rond 21,3x2mm en Inox 304;3;https://www.aciersgrosjean.be/images/thumbs/0004734_c04852ce9aec40249d1269bd849b1aa6.jpeg
1077;Tube rond 26,9x2mm en Inox 304;1;https://www.aciersgrosjean.be/images/thumbs/0004735_4a7d457c65f94bc080cf4f2854e99f52_625.jpeg
1077;Tube rond 26,9x2mm en Inox 304;2;https://www.aciersgrosjean.be/images/thumbs/0004735_4a7d457c65f94bc080cf4f2854e99f52.jpeg
1077;Tube rond 26,9x2mm en Inox 304;3;https://www.aciersgrosjean.be/images/thumbs/0004736_c04852ce9aec40249d1269bd849b1aa6.jpeg
1078;Tube rond 33,7x2mm en Inox 304;1;https://www.aciersgrosjean.be/images/thumbs/0004737_4a7d457c65f94bc080cf4f2854e99f52_625.jpeg
1078;Tube rond 33,7x2mm en Inox 304;2;https://www.aciersgrosjean.be/images/thumbs/0004737_4a7d457c65f94bc080cf4f2854e99f52.jpeg
1078;Tube rond 33,7x2mm en Inox 304;3;https://www.aciersgrosjean.be/images/thumbs/0004738_c04852ce9aec40249d1269bd849b1aa6.jpeg
1079;Tube rond 42,4x2mm en Inox 304;1;https://www.aciersgrosjean.be/images/thumbs/0004739_4a7d457c65f94bc080cf4f2854e99f52_625.jpeg
1079;Tube rond 42,4x2mm en Inox 304;2;https://www.aciersgrosjean.be/images/thumbs/0004739_4a7d457c65f94bc080cf4f2854e99f52.jpeg
1079;Tube rond 42,4x2mm en Inox 304;3;https://www.aciersgrosjean.be/images/thumbs/0004740_c04852ce9aec40249d1269bd849b1aa6.jpeg
1080;Tube rond 48,3x2mm en Inox 304;1;https://www.aciersgrosjean.be/images/thumbs/0004741_4a7d457c65f94bc080cf4f2854e99f52_625.jpeg
1080;Tube rond 48,3x2mm en Inox 304;2;https://www.aciersgrosjean.be/images/thumbs/0004741_4a7d457c65f94bc080cf4f2854e99f52.jpeg
1080;Tube rond 48,3x2mm en Inox 304;3;https://www.aciersgrosjean.be/images/thumbs/0004742_c04852ce9aec40249d1269bd849b1aa6.jpeg
1081;Tube rond 60,3x2mm en Inox 304;1;https://www.aciersgrosjean.be/images/thumbs/0004743_4a7d457c65f94bc080cf4f2854e99f52_625.jpeg
1081;Tube rond 60,3x2mm en Inox 304;2;https://www.aciersgrosjean.be/images/thumbs/0004743_4a7d457c65f94bc080cf4f2854e99f52.jpeg
1081;Tube rond 60,3x2mm en Inox 304;3;https://www.aciersgrosjean.be/images/thumbs/0004744_c04852ce9aec40249d1269bd849b1aa6.jpeg
1082;Tube rond 76,1x2mm en Inox 304;1;https://www.aciersgrosjean.be/images/thumbs/0004746_4a7d457c65f94bc080cf4f2854e99f52_625.jpeg
1082;Tube rond 76,1x2mm en Inox 304;2;https://www.aciersgrosjean.be/images/thumbs/0004746_4a7d457c65f94bc080cf4f2854e99f52.jpeg
1082;Tube rond 76,1x2mm en Inox 304;3;https://www.aciersgrosjean.be/images/thumbs/0004747_c04852ce9aec40249d1269bd849b1aa6.jpeg
1084;Tube carré 20x20x2mm en Inox 304;1;https://www.aciersgrosjean.be/images/thumbs/0004765_9ac5d84b2d744040acfba079593660a3_625.jpeg
1084;Tube carré 20x20x2mm en Inox 304;2;https://www.aciersgrosjean.be/images/thumbs/0004765_9ac5d84b2d744040acfba079593660a3.jpeg
1084;Tube carré 20x20x2mm en Inox 304;3;https://www.aciersgrosjean.be/images/thumbs/0004766_a7ebfed5f16b4da79eeecc756272bdc9.jpeg
1085;Tube carré 25x25x2mm en Inox 304;1;https://www.aciersgrosjean.be/images/thumbs/0004767_9ac5d84b2d744040acfba079593660a3_625.jpeg
1085;Tube carré 25x25x2mm en Inox 304;2;https://www.aciersgrosjean.be/images/thumbs/0004767_9ac5d84b2d744040acfba079593660a3.jpeg
1085;Tube carré 25x25x2mm en Inox 304;3;https://www.aciersgrosjean.be/images/thumbs/0004768_a7ebfed5f16b4da79eeecc756272bdc9.jpeg
1086;Tube carré 30x30x2mm en Inox 304;1;https://www.aciersgrosjean.be/images/thumbs/0004769_9ac5d84b2d744040acfba079593660a3_625.jpeg
1086;Tube carré 30x30x2mm en Inox 304;2;https://www.aciersgrosjean.be/images/thumbs/0004769_9ac5d84b2d744040acfba079593660a3.jpeg
1086;Tube carré 30x30x2mm en Inox 304;3;https://www.aciersgrosjean.be/images/thumbs/0004770_a7ebfed5f16b4da79eeecc756272bdc9.jpeg
1087;Tube carré 35x35x2mm en Inox 304;1;https://www.aciersgrosjean.be/images/thumbs/0004771_9ac5d84b2d744040acfba079593660a3_625.jpeg
1087;Tube carré 35x35x2mm en Inox 304;2;https://www.aciersgrosjean.be/images/thumbs/0004771_9ac5d84b2d744040acfba079593660a3.jpeg
1087;Tube carré 35x35x2mm en Inox 304;3;https://www.aciersgrosjean.be/images/thumbs/0004772_a7ebfed5f16b4da79eeecc756272bdc9.jpeg
1088;Tube carré 40x40x2mm en Inox 304;1;https://www.aciersgrosjean.be/images/thumbs/0004773_9ac5d84b2d744040acfba079593660a3_625.jpeg
1088;Tube carré 40x40x2mm en Inox 304;2;https://www.aciersgrosjean.be/images/thumbs/0004773_9ac5d84b2d744040acfba079593660a3.jpeg
1088;Tube carré 40x40x2mm en Inox 304;3;https://www.aciersgrosjean.be/images/thumbs/0004774_a7ebfed5f16b4da79eeecc756272bdc9.jpeg
1089;Tube carré 50x50x2mm en Inox 304;1;https://www.aciersgrosjean.be/images/thumbs/0004775_9ac5d84b2d744040acfba079593660a3_625.jpeg
1089;Tube carré 50x50x2mm en Inox 304;2;https://www.aciersgrosjean.be/images/thumbs/0004775_9ac5d84b2d744040acfba079593660a3.jpeg
1089;Tube carré 50x50x2mm en Inox 304;3;https://www.aciersgrosjean.be/images/thumbs/0004776_a7ebfed5f16b4da79eeecc756272bdc9.jpeg
1092;Tube rectangle 40x20x2mm en Inox 304;1;https://www.aciersgrosjean.be/images/thumbs/0004752_38d4f77e35c44ecca7f16a3ecd3676eb_625.jpeg
1092;Tube rectangle 40x20x2mm en Inox 304;2;https://www.aciersgrosjean.be/images/thumbs/0004752_38d4f77e35c44ecca7f16a3ecd3676eb.jpeg
1092;Tube rectangle 40x20x2mm en Inox 304;3;https://www.aciersgrosjean.be/images/thumbs/0004753_7cb09336ff45488a9196b513349259b3.jpeg
1098;Tube acier rond diam 42,4X2,5 mm;1;https://www.aciersgrosjean.be/images/thumbs/default-image_625.png
1099;Poutrelle HEA 100 en acier;1;https://www.aciersgrosjean.be/images/thumbs/0004213_2df611c9d0724eff9fbb7847401f1bd7_625.jpeg
1099;Poutrelle HEA 100 en acier;2;https://www.aciersgrosjean.be/images/thumbs/0004213_2df611c9d0724eff9fbb7847401f1bd7.jpeg
1099;Poutrelle HEA 100 en acier;3;https://www.aciersgrosjean.be/images/thumbs/0004214_72e3f415a1b3462c9b81e9c29c85404a.jpeg
1101;Poutrelle HEA 120 en acier;1;https://www.aciersgrosjean.be/images/thumbs/0004215_2df611c9d0724eff9fbb7847401f1bd7_625.jpeg
1101;Poutrelle HEA 120 en acier;2;https://www.aciersgrosjean.be/images/thumbs/0004215_2df611c9d0724eff9fbb7847401f1bd7.jpeg
1101;Poutrelle HEA 120 en acier;3;https://www.aciersgrosjean.be/images/thumbs/0004216_72e3f415a1b3462c9b81e9c29c85404a.jpeg
1103;Poutrelle HEA 140 en acier;1;https://www.aciersgrosjean.be/images/thumbs/0004217_2df611c9d0724eff9fbb7847401f1bd7_625.jpeg
1103;Poutrelle HEA 140 en acier;2;https://www.aciersgrosjean.be/images/thumbs/0004217_2df611c9d0724eff9fbb7847401f1bd7.jpeg
1103;Poutrelle HEA 140 en acier;3;https://www.aciersgrosjean.be/images/thumbs/0004218_72e3f415a1b3462c9b81e9c29c85404a.jpeg
1105;Poutrelle HEA 160 en acier;1;https://www.aciersgrosjean.be/images/thumbs/0004219_2df611c9d0724eff9fbb7847401f1bd7_625.jpeg
1105;Poutrelle HEA 160 en acier;2;https://www.aciersgrosjean.be/images/thumbs/0004219_2df611c9d0724eff9fbb7847401f1bd7.jpeg
1105;Poutrelle HEA 160 en acier;3;https://www.aciersgrosjean.be/images/thumbs/0004220_72e3f415a1b3462c9b81e9c29c85404a.jpeg
1107;Poutrelle HEA 180 en acier;1;https://www.aciersgrosjean.be/images/thumbs/0004221_2df611c9d0724eff9fbb7847401f1bd7_625.jpeg
1107;Poutrelle HEA 180 en acier;2;https://www.aciersgrosjean.be/images/thumbs/0004221_2df611c9d0724eff9fbb7847401f1bd7.jpeg
1107;Poutrelle HEA 180 en acier;3;https://www.aciersgrosjean.be/images/thumbs/0004222_72e3f415a1b3462c9b81e9c29c85404a.jpeg
1109;Poutrelle HEA 200 en acier;1;https://www.aciersgrosjean.be/images/thumbs/0004223_2df611c9d0724eff9fbb7847401f1bd7_625.jpeg
1109;Poutrelle HEA 200 en acier;2;https://www.aciersgrosjean.be/images/thumbs/0004223_2df611c9d0724eff9fbb7847401f1bd7.jpeg
1109;Poutrelle HEA 200 en acier;3;https://www.aciersgrosjean.be/images/thumbs/0004224_72e3f415a1b3462c9b81e9c29c85404a.jpeg
1111;Poutrelle HEA 220 en acier;1;https://www.aciersgrosjean.be/images/thumbs/0004225_2df611c9d0724eff9fbb7847401f1bd7_625.jpeg
1111;Poutrelle HEA 220 en acier;2;https://www.aciersgrosjean.be/images/thumbs/0004225_2df611c9d0724eff9fbb7847401f1bd7.jpeg
1111;Poutrelle HEA 220 en acier;3;https://www.aciersgrosjean.be/images/thumbs/0004226_72e3f415a1b3462c9b81e9c29c85404a.jpeg
1113;Poutrelle HEA 240 en acier;1;https://www.aciersgrosjean.be/images/thumbs/0004227_2df611c9d0724eff9fbb7847401f1bd7_625.jpeg
1113;Poutrelle HEA 240 en acier;2;https://www.aciersgrosjean.be/images/thumbs/0004227_2df611c9d0724eff9fbb7847401f1bd7.jpeg
1113;Poutrelle HEA 240 en acier;3;https://www.aciersgrosjean.be/images/thumbs/0004228_72e3f415a1b3462c9b81e9c29c85404a.jpeg
1115;Poutrelle HEA 260 en acier;1;https://www.aciersgrosjean.be/images/thumbs/0004229_2df611c9d0724eff9fbb7847401f1bd7_625.jpeg
1115;Poutrelle HEA 260 en acier;2;https://www.aciersgrosjean.be/images/thumbs/0004229_2df611c9d0724eff9fbb7847401f1bd7.jpeg
1115;Poutrelle HEA 260 en acier;3;https://www.aciersgrosjean.be/images/thumbs/0004230_72e3f415a1b3462c9b81e9c29c85404a.jpeg
1117;Poutrelle HEA 280 en acier;1;https://www.aciersgrosjean.be/images/thumbs/0004231_2df611c9d0724eff9fbb7847401f1bd7_625.jpeg
1117;Poutrelle HEA 280 en acier;2;https://www.aciersgrosjean.be/images/thumbs/0004231_2df611c9d0724eff9fbb7847401f1bd7.jpeg
1117;Poutrelle HEA 280 en acier;3;https://www.aciersgrosjean.be/images/thumbs/0004232_72e3f415a1b3462c9b81e9c29c85404a.jpeg
1119;Poutrelle HEA 300 en acier;1;https://www.aciersgrosjean.be/images/thumbs/0004233_2df611c9d0724eff9fbb7847401f1bd7_625.jpeg
1119;Poutrelle HEA 300 en acier;2;https://www.aciersgrosjean.be/images/thumbs/0004233_2df611c9d0724eff9fbb7847401f1bd7.jpeg
1119;Poutrelle HEA 300 en acier;3;https://www.aciersgrosjean.be/images/thumbs/0004234_72e3f415a1b3462c9b81e9c29c85404a.jpeg
1147;Poutrelle HEB 100 en acier;1;https://www.aciersgrosjean.be/images/thumbs/0004261_bba4442a6af945acbbedfe86edf25af4_625.jpeg
1147;Poutrelle HEB 100 en acier;2;https://www.aciersgrosjean.be/images/thumbs/0004261_bba4442a6af945acbbedfe86edf25af4.jpeg
1147;Poutrelle HEB 100 en acier;3;https://www.aciersgrosjean.be/images/thumbs/0004262_73cae0d7cc0d449b8b7925258668d220.jpeg
1149;Poutrelle HEB 120 en acier;1;https://www.aciersgrosjean.be/images/thumbs/0004263_bba4442a6af945acbbedfe86edf25af4_625.jpeg
1149;Poutrelle HEB 120 en acier;2;https://www.aciersgrosjean.be/images/thumbs/0004263_bba4442a6af945acbbedfe86edf25af4.jpeg
1149;Poutrelle HEB 120 en acier;3;https://www.aciersgrosjean.be/images/thumbs/0004264_73cae0d7cc0d449b8b7925258668d220.jpeg
1151;Poutrelle HEB 140 en acier;1;https://www.aciersgrosjean.be/images/thumbs/0004265_bba4442a6af945acbbedfe86edf25af4_625.jpeg
1151;Poutrelle HEB 140 en acier;2;https://www.aciersgrosjean.be/images/thumbs/0004265_bba4442a6af945acbbedfe86edf25af4.jpeg
1151;Poutrelle HEB 140 en acier;3;https://www.aciersgrosjean.be/images/thumbs/0004266_73cae0d7cc0d449b8b7925258668d220.jpeg
1153;Poutrelle HEB 160 en acier;1;https://www.aciersgrosjean.be/images/thumbs/0004267_bba4442a6af945acbbedfe86edf25af4_625.jpeg
1153;Poutrelle HEB 160 en acier;2;https://www.aciersgrosjean.be/images/thumbs/0004267_bba4442a6af945acbbedfe86edf25af4.jpeg
1153;Poutrelle HEB 160 en acier;3;https://www.aciersgrosjean.be/images/thumbs/0004268_73cae0d7cc0d449b8b7925258668d220.jpeg
1155;Poutrelle HEB 180 en acier;1;https://www.aciersgrosjean.be/images/thumbs/0004269_bba4442a6af945acbbedfe86edf25af4_625.jpeg
1155;Poutrelle HEB 180 en acier;2;https://www.aciersgrosjean.be/images/thumbs/0004269_bba4442a6af945acbbedfe86edf25af4.jpeg
1155;Poutrelle HEB 180 en acier;3;https://www.aciersgrosjean.be/images/thumbs/0004270_73cae0d7cc0d449b8b7925258668d220.jpeg
1157;Poutrelle HEB 200 en acier;1;https://www.aciersgrosjean.be/images/thumbs/0004271_bba4442a6af945acbbedfe86edf25af4_625.jpeg
1157;Poutrelle HEB 200 en acier;2;https://www.aciersgrosjean.be/images/thumbs/0004271_bba4442a6af945acbbedfe86edf25af4.jpeg
1157;Poutrelle HEB 200 en acier;3;https://www.aciersgrosjean.be/images/thumbs/0004272_73cae0d7cc0d449b8b7925258668d220.jpeg
1159;Poutrelle HEB 220 en acier;1;https://www.aciersgrosjean.be/images/thumbs/0004273_bba4442a6af945acbbedfe86edf25af4_625.jpeg
1159;Poutrelle HEB 220 en acier;2;https://www.aciersgrosjean.be/images/thumbs/0004273_bba4442a6af945acbbedfe86edf25af4.jpeg
1159;Poutrelle HEB 220 en acier;3;https://www.aciersgrosjean.be/images/thumbs/0004274_73cae0d7cc0d449b8b7925258668d220.jpeg
1161;Poutrelle HEB 240 en acier;1;https://www.aciersgrosjean.be/images/thumbs/0004275_bba4442a6af945acbbedfe86edf25af4_625.jpeg
1161;Poutrelle HEB 240 en acier;2;https://www.aciersgrosjean.be/images/thumbs/0004275_bba4442a6af945acbbedfe86edf25af4.jpeg
1161;Poutrelle HEB 240 en acier;3;https://www.aciersgrosjean.be/images/thumbs/0004276_73cae0d7cc0d449b8b7925258668d220.jpeg
1163;Poutrelle HEB 260 en acier;1;https://www.aciersgrosjean.be/images/thumbs/0004277_bba4442a6af945acbbedfe86edf25af4_625.jpeg
1163;Poutrelle HEB 260 en acier;2;https://www.aciersgrosjean.be/images/thumbs/0004277_bba4442a6af945acbbedfe86edf25af4.jpeg
1163;Poutrelle HEB 260 en acier;3;https://www.aciersgrosjean.be/images/thumbs/0004278_73cae0d7cc0d449b8b7925258668d220.jpeg
1165;Poutrelle HEB 280 en acier;1;https://www.aciersgrosjean.be/images/thumbs/0004279_bba4442a6af945acbbedfe86edf25af4_625.jpeg
1165;Poutrelle HEB 280 en acier;2;https://www.aciersgrosjean.be/images/thumbs/0004279_bba4442a6af945acbbedfe86edf25af4.jpeg
1165;Poutrelle HEB 280 en acier;3;https://www.aciersgrosjean.be/images/thumbs/0004280_73cae0d7cc0d449b8b7925258668d220.jpeg
1167;Poutrelle HEB 300 en acier;1;https://www.aciersgrosjean.be/images/thumbs/0004281_bba4442a6af945acbbedfe86edf25af4_625.jpeg
1167;Poutrelle HEB 300 en acier;2;https://www.aciersgrosjean.be/images/thumbs/0004281_bba4442a6af945acbbedfe86edf25af4.jpeg
1167;Poutrelle HEB 300 en acier;3;https://www.aciersgrosjean.be/images/thumbs/0004282_73cae0d7cc0d449b8b7925258668d220.jpeg
1243;Poutrelle UPN 80 en acier;1;https://www.aciersgrosjean.be/images/thumbs/0004320_poutrelle-upn-80-en-acier_625.jpeg
1243;Poutrelle UPN 80 en acier;2;https://www.aciersgrosjean.be/images/thumbs/0004320_poutrelle-upn-80-en-acier.jpeg
1243;Poutrelle UPN 80 en acier;3;https://www.aciersgrosjean.be/images/thumbs/0004321_poutrelle-upn-80-en-acier.jpeg
1244;Poutrelle UPN 100 en acier;1;https://www.aciersgrosjean.be/images/thumbs/0004322_24df97d440ed46d986cd942eec291ba3_625.jpeg
1244;Poutrelle UPN 100 en acier;2;https://www.aciersgrosjean.be/images/thumbs/0004322_24df97d440ed46d986cd942eec291ba3.jpeg
1244;Poutrelle UPN 100 en acier;3;https://www.aciersgrosjean.be/images/thumbs/0004323_ef6a74181acd40359e95269b4068a24d.jpeg
1245;Poutrelle UPN 120 en acier;1;https://www.aciersgrosjean.be/images/thumbs/0004324_24df97d440ed46d986cd942eec291ba3_625.jpeg
1245;Poutrelle UPN 120 en acier;2;https://www.aciersgrosjean.be/images/thumbs/0004324_24df97d440ed46d986cd942eec291ba3.jpeg
1245;Poutrelle UPN 120 en acier;3;https://www.aciersgrosjean.be/images/thumbs/0004325_ef6a74181acd40359e95269b4068a24d.jpeg
1246;Poutrelle UPN 140 en acier;1;https://www.aciersgrosjean.be/images/thumbs/0004326_24df97d440ed46d986cd942eec291ba3_625.jpeg
1246;Poutrelle UPN 140 en acier;2;https://www.aciersgrosjean.be/images/thumbs/0004326_24df97d440ed46d986cd942eec291ba3.jpeg
1246;Poutrelle UPN 140 en acier;3;https://www.aciersgrosjean.be/images/thumbs/0004327_ef6a74181acd40359e95269b4068a24d.jpeg
1247;Poutrelle UPN 160 en acier;1;https://www.aciersgrosjean.be/images/thumbs/0004328_24df97d440ed46d986cd942eec291ba3_625.jpeg
1247;Poutrelle UPN 160 en acier;2;https://www.aciersgrosjean.be/images/thumbs/0004328_24df97d440ed46d986cd942eec291ba3.jpeg
1247;Poutrelle UPN 160 en acier;3;https://www.aciersgrosjean.be/images/thumbs/0004329_ef6a74181acd40359e95269b4068a24d.jpeg
1248;Poutrelle UPN 180 en acier;1;https://www.aciersgrosjean.be/images/thumbs/0004330_24df97d440ed46d986cd942eec291ba3_625.jpeg
1248;Poutrelle UPN 180 en acier;2;https://www.aciersgrosjean.be/images/thumbs/0004330_24df97d440ed46d986cd942eec291ba3.jpeg
1248;Poutrelle UPN 180 en acier;3;https://www.aciersgrosjean.be/images/thumbs/0004331_ef6a74181acd40359e95269b4068a24d.jpeg
1249;Poutrelle UPN 200 en acier;1;https://www.aciersgrosjean.be/images/thumbs/0004332_24df97d440ed46d986cd942eec291ba3_625.jpeg
1249;Poutrelle UPN 200 en acier;2;https://www.aciersgrosjean.be/images/thumbs/0004332_24df97d440ed46d986cd942eec291ba3.jpeg
1249;Poutrelle UPN 200 en acier;3;https://www.aciersgrosjean.be/images/thumbs/0004333_ef6a74181acd40359e95269b4068a24d.jpeg
1250;Poutrelle UPN 220 en acier;1;https://www.aciersgrosjean.be/images/thumbs/0004334_24df97d440ed46d986cd942eec291ba3_625.jpeg
1250;Poutrelle UPN 220 en acier;2;https://www.aciersgrosjean.be/images/thumbs/0004334_24df97d440ed46d986cd942eec291ba3.jpeg
1250;Poutrelle UPN 220 en acier;3;https://www.aciersgrosjean.be/images/thumbs/0004335_ef6a74181acd40359e95269b4068a24d.jpeg
1251;Poutrelle UPN 240 en acier;1;https://www.aciersgrosjean.be/images/thumbs/0004336_24df97d440ed46d986cd942eec291ba3_625.jpeg
1251;Poutrelle UPN 240 en acier;2;https://www.aciersgrosjean.be/images/thumbs/0004336_24df97d440ed46d986cd942eec291ba3.jpeg
1251;Poutrelle UPN 240 en acier;3;https://www.aciersgrosjean.be/images/thumbs/0004337_ef6a74181acd40359e95269b4068a24d.jpeg
1252;Poutrelle UPN 260 en acier;1;https://www.aciersgrosjean.be/images/thumbs/0004338_24df97d440ed46d986cd942eec291ba3_625.jpeg
1252;Poutrelle UPN 260 en acier;2;https://www.aciersgrosjean.be/images/thumbs/0004338_24df97d440ed46d986cd942eec291ba3.jpeg
1252;Poutrelle UPN 260 en acier;3;https://www.aciersgrosjean.be/images/thumbs/0004339_ef6a74181acd40359e95269b4068a24d.jpeg
1253;Poutrelle UPN 280 en acier;1;https://www.aciersgrosjean.be/images/thumbs/0004340_24df97d440ed46d986cd942eec291ba3_625.jpeg
1253;Poutrelle UPN 280 en acier;2;https://www.aciersgrosjean.be/images/thumbs/0004340_24df97d440ed46d986cd942eec291ba3.jpeg
1253;Poutrelle UPN 280 en acier;3;https://www.aciersgrosjean.be/images/thumbs/0004341_ef6a74181acd40359e95269b4068a24d.jpeg
1254;Poutrelle UPN 300 en acier;1;https://www.aciersgrosjean.be/images/thumbs/0004342_24df97d440ed46d986cd942eec291ba3_625.jpeg
1254;Poutrelle UPN 300 en acier;2;https://www.aciersgrosjean.be/images/thumbs/0004342_24df97d440ed46d986cd942eec291ba3.jpeg
1254;Poutrelle UPN 300 en acier;3;https://www.aciersgrosjean.be/images/thumbs/0004343_ef6a74181acd40359e95269b4068a24d.jpeg
1259;Treillis soudé 50x50x4mm 5m x 2m;1;https://www.aciersgrosjean.be/images/thumbs/0004981_3fd1f73b1a934333a58eb298612d979b_625.jpeg
1259;Treillis soudé 50x50x4mm 5m x 2m;2;https://www.aciersgrosjean.be/images/thumbs/0004981_3fd1f73b1a934333a58eb298612d979b.jpeg
1259;Treillis soudé 50x50x4mm 5m x 2m;3;https://www.aciersgrosjean.be/images/thumbs/0002400_4ede0b981ad04119bbf3a5b103714996.jpeg
1260;Treillis soudé 75x75x5mm 5m x 2m;1;https://www.aciersgrosjean.be/images/thumbs/0002401_119efc4a361345abb9c2ddd88629c9b8_625.jpeg
1260;Treillis soudé 75x75x5mm 5m x 2m;2;https://www.aciersgrosjean.be/images/thumbs/0002401_119efc4a361345abb9c2ddd88629c9b8.jpeg
1260;Treillis soudé 75x75x5mm 5m x 2m;3;https://www.aciersgrosjean.be/images/thumbs/0002402_4ede0b981ad04119bbf3a5b103714996.jpeg
1261;Treillis soudé 100x100x5mm 5m x 2m;1;https://www.aciersgrosjean.be/images/thumbs/0002377_119efc4a361345abb9c2ddd88629c9b8_625.jpeg
1261;Treillis soudé 100x100x5mm 5m x 2m;2;https://www.aciersgrosjean.be/images/thumbs/0002377_119efc4a361345abb9c2ddd88629c9b8.jpeg
1261;Treillis soudé 100x100x5mm 5m x 2m;3;https://www.aciersgrosjean.be/images/thumbs/0002378_4ede0b981ad04119bbf3a5b103714996.jpeg
1262;Treillis soudé 100x100x8mm 5m x 2m;1;https://www.aciersgrosjean.be/images/thumbs/0002379_119efc4a361345abb9c2ddd88629c9b8_625.jpeg
1262;Treillis soudé 100x100x8mm 5m x 2m;2;https://www.aciersgrosjean.be/images/thumbs/0002379_119efc4a361345abb9c2ddd88629c9b8.jpeg
1262;Treillis soudé 100x100x8mm 5m x 2m;3;https://www.aciersgrosjean.be/images/thumbs/0002380_4ede0b981ad04119bbf3a5b103714996.jpeg
1263;Treillis soudé 100x100x10mm 5m x 2m;1;https://www.aciersgrosjean.be/images/thumbs/0002373_119efc4a361345abb9c2ddd88629c9b8_625.jpeg
1263;Treillis soudé 100x100x10mm 5m x 2m;2;https://www.aciersgrosjean.be/images/thumbs/0002373_119efc4a361345abb9c2ddd88629c9b8.jpeg
1263;Treillis soudé 100x100x10mm 5m x 2m;3;https://www.aciersgrosjean.be/images/thumbs/0002374_4ede0b981ad04119bbf3a5b103714996.jpeg
1265;Treillis soudé 150x150x5mm 5m x 2m;1;https://www.aciersgrosjean.be/images/thumbs/0002389_119efc4a361345abb9c2ddd88629c9b8_625.jpeg
1265;Treillis soudé 150x150x5mm 5m x 2m;2;https://www.aciersgrosjean.be/images/thumbs/0002389_119efc4a361345abb9c2ddd88629c9b8.jpeg
1265;Treillis soudé 150x150x5mm 5m x 2m;3;https://www.aciersgrosjean.be/images/thumbs/0002390_4ede0b981ad04119bbf3a5b103714996.jpeg
1266;Treillis soudé 150x150x6mm 5m x 2m;1;https://www.aciersgrosjean.be/images/thumbs/0002393_119efc4a361345abb9c2ddd88629c9b8_625.jpeg
1266;Treillis soudé 150x150x6mm 5m x 2m;2;https://www.aciersgrosjean.be/images/thumbs/0002393_119efc4a361345abb9c2ddd88629c9b8.jpeg
1266;Treillis soudé 150x150x6mm 5m x 2m;3;https://www.aciersgrosjean.be/images/thumbs/0002394_4ede0b981ad04119bbf3a5b103714996.jpeg
1267;Treillis soudé 150x150x8mm 5m x 2m;1;https://www.aciersgrosjean.be/images/thumbs/0002397_119efc4a361345abb9c2ddd88629c9b8_625.jpeg
1267;Treillis soudé 150x150x8mm 5m x 2m;2;https://www.aciersgrosjean.be/images/thumbs/0002397_119efc4a361345abb9c2ddd88629c9b8.jpeg
1267;Treillis soudé 150x150x8mm 5m x 2m;3;https://www.aciersgrosjean.be/images/thumbs/0002398_4ede0b981ad04119bbf3a5b103714996.jpeg
1268;Treillis soudé 150x150x10mm 5m x 2m;1;https://www.aciersgrosjean.be/images/thumbs/0002381_119efc4a361345abb9c2ddd88629c9b8_625.jpeg
1268;Treillis soudé 150x150x10mm 5m x 2m;2;https://www.aciersgrosjean.be/images/thumbs/0002381_119efc4a361345abb9c2ddd88629c9b8.jpeg
1268;Treillis soudé 150x150x10mm 5m x 2m;3;https://www.aciersgrosjean.be/images/thumbs/0002382_4ede0b981ad04119bbf3a5b103714996.jpeg
1269;Treillis soudé 150x150x12mm 5m x 2m;1;https://www.aciersgrosjean.be/images/thumbs/0002383_119efc4a361345abb9c2ddd88629c9b8_625.jpeg
1269;Treillis soudé 150x150x12mm 5m x 2m;2;https://www.aciersgrosjean.be/images/thumbs/0002383_119efc4a361345abb9c2ddd88629c9b8.jpeg
1269;Treillis soudé 150x150x12mm 5m x 2m;3;https://www.aciersgrosjean.be/images/thumbs/0002384_4ede0b981ad04119bbf3a5b103714996.jpeg
1270;Treillis soudé 150x150x5mm 3m x 2m;1;https://www.aciersgrosjean.be/images/thumbs/0002387_119efc4a361345abb9c2ddd88629c9b8_625.jpeg
1270;Treillis soudé 150x150x5mm 3m x 2m;2;https://www.aciersgrosjean.be/images/thumbs/0002387_119efc4a361345abb9c2ddd88629c9b8.jpeg
1270;Treillis soudé 150x150x5mm 3m x 2m;3;https://www.aciersgrosjean.be/images/thumbs/0002388_4ede0b981ad04119bbf3a5b103714996.jpeg
1271;Treillis soudé 150x150x6mm 3m x 2m;1;https://www.aciersgrosjean.be/images/thumbs/0002391_119efc4a361345abb9c2ddd88629c9b8_625.jpeg
1271;Treillis soudé 150x150x6mm 3m x 2m;2;https://www.aciersgrosjean.be/images/thumbs/0002391_119efc4a361345abb9c2ddd88629c9b8.jpeg
1271;Treillis soudé 150x150x6mm 3m x 2m;3;https://www.aciersgrosjean.be/images/thumbs/0002392_4ede0b981ad04119bbf3a5b103714996.jpeg
1272;Treillis soudé 150x150x8mm 3m x 2m;1;https://www.aciersgrosjean.be/images/thumbs/0002395_119efc4a361345abb9c2ddd88629c9b8_625.jpeg
1272;Treillis soudé 150x150x8mm 3m x 2m;2;https://www.aciersgrosjean.be/images/thumbs/0002395_119efc4a361345abb9c2ddd88629c9b8.jpeg
1272;Treillis soudé 150x150x8mm 3m x 2m;3;https://www.aciersgrosjean.be/images/thumbs/0002396_4ede0b981ad04119bbf3a5b103714996.jpeg
1273;Treillis soudé 150x150x5mm 2m x 1m;1;https://www.aciersgrosjean.be/images/thumbs/0002385_119efc4a361345abb9c2ddd88629c9b8_625.jpeg
1273;Treillis soudé 150x150x5mm 2m x 1m;2;https://www.aciersgrosjean.be/images/thumbs/0002385_119efc4a361345abb9c2ddd88629c9b8.jpeg
1273;Treillis soudé 150x150x5mm 2m x 1m;3;https://www.aciersgrosjean.be/images/thumbs/0002386_4ede0b981ad04119bbf3a5b103714996.jpeg
1274;Treillis soudé galvanisé 50x50x4mm 3m x 2m;1;https://www.aciersgrosjean.be/images/thumbs/0004982_3fd1f73b1a934333a58eb298612d979b_625.jpeg
1274;Treillis soudé galvanisé 50x50x4mm 3m x 2m;2;https://www.aciersgrosjean.be/images/thumbs/0004982_3fd1f73b1a934333a58eb298612d979b.jpeg
1274;Treillis soudé galvanisé 50x50x4mm 3m x 2m;3;https://www.aciersgrosjean.be/images/thumbs/0002404_4ede0b981ad04119bbf3a5b103714996.jpeg
1275;Treillis soudé galvanisé 50x50x4mm 5m x 2m;1;https://www.aciersgrosjean.be/images/thumbs/0004983_3fd1f73b1a934333a58eb298612d979b_625.jpeg
1275;Treillis soudé galvanisé 50x50x4mm 5m x 2m;2;https://www.aciersgrosjean.be/images/thumbs/0004983_3fd1f73b1a934333a58eb298612d979b.jpeg
1275;Treillis soudé galvanisé 50x50x4mm 5m x 2m;3;https://www.aciersgrosjean.be/images/thumbs/0002406_4ede0b981ad04119bbf3a5b103714996.jpeg
1332;Tôle 30.200.1000 - RAL 7016 - 200X105cm;1;https://www.aciersgrosjean.be/images/thumbs/0003835_tole-302001000-ral-7016-200x105cm_625.jpeg
1332;Tôle 30.200.1000 - RAL 7016 - 200X105cm;2;https://www.aciersgrosjean.be/images/thumbs/0003835_tole-302001000-ral-7016-200x105cm.jpeg
1332;Tôle 30.200.1000 - RAL 7016 - 200X105cm;3;https://www.aciersgrosjean.be/images/thumbs/0003836_tole-302001000-ral-7016-200x105cm.jpeg
1332;Tôle 30.200.1000 - RAL 7016 - 200X105cm;4;https://www.aciersgrosjean.be/images/thumbs/0003837_tole-302001000-ral-7016-200x105cm.jpeg
1333;Tôle 30.200.1000 - RAL 7016 - 250X105cm;1;https://www.aciersgrosjean.be/images/thumbs/0003838_tole-302001000-ral-7016-250x105cm_625.jpeg
1333;Tôle 30.200.1000 - RAL 7016 - 250X105cm;2;https://www.aciersgrosjean.be/images/thumbs/0003838_tole-302001000-ral-7016-250x105cm.jpeg
1333;Tôle 30.200.1000 - RAL 7016 - 250X105cm;3;https://www.aciersgrosjean.be/images/thumbs/0003839_tole-302001000-ral-7016-250x105cm.jpeg
1333;Tôle 30.200.1000 - RAL 7016 - 250X105cm;4;https://www.aciersgrosjean.be/images/thumbs/0003840_tole-302001000-ral-7016-250x105cm.jpeg
1334;Tôle 30.200.1000 - RAL 7016 - 300X105cm;1;https://www.aciersgrosjean.be/images/thumbs/0003841_702dee596f2d4351b951eabee9e81779_625.jpeg
1334;Tôle 30.200.1000 - RAL 7016 - 300X105cm;2;https://www.aciersgrosjean.be/images/thumbs/0003841_702dee596f2d4351b951eabee9e81779.jpeg
1334;Tôle 30.200.1000 - RAL 7016 - 300X105cm;3;https://www.aciersgrosjean.be/images/thumbs/0003842_28566dc4b37e4ee5a9fae1d55c2764b5.jpeg
1334;Tôle 30.200.1000 - RAL 7016 - 300X105cm;4;https://www.aciersgrosjean.be/images/thumbs/0003843_7300cd6b24a64805a1090d65329b7aab.jpeg
1335;Tôle 30.200.1000 - RAL 7016 - 350X105cm;1;https://www.aciersgrosjean.be/images/thumbs/0003844_702dee596f2d4351b951eabee9e81779_625.jpeg
1335;Tôle 30.200.1000 - RAL 7016 - 350X105cm;2;https://www.aciersgrosjean.be/images/thumbs/0003844_702dee596f2d4351b951eabee9e81779.jpeg
1335;Tôle 30.200.1000 - RAL 7016 - 350X105cm;3;https://www.aciersgrosjean.be/images/thumbs/0003845_28566dc4b37e4ee5a9fae1d55c2764b5.jpeg
1335;Tôle 30.200.1000 - RAL 7016 - 350X105cm;4;https://www.aciersgrosjean.be/images/thumbs/0003846_7300cd6b24a64805a1090d65329b7aab.jpeg
1336;Tôle 30.200.1000 - RAL 7016 - 400X105cm;1;https://www.aciersgrosjean.be/images/thumbs/0003847_702dee596f2d4351b951eabee9e81779_625.jpeg
1336;Tôle 30.200.1000 - RAL 7016 - 400X105cm;2;https://www.aciersgrosjean.be/images/thumbs/0003847_702dee596f2d4351b951eabee9e81779.jpeg
1336;Tôle 30.200.1000 - RAL 7016 - 400X105cm;3;https://www.aciersgrosjean.be/images/thumbs/0003848_28566dc4b37e4ee5a9fae1d55c2764b5.jpeg
1336;Tôle 30.200.1000 - RAL 7016 - 400X105cm;4;https://www.aciersgrosjean.be/images/thumbs/0003849_7300cd6b24a64805a1090d65329b7aab.jpeg
1337;Tôle 30.200.1000 - RAL 7016 - 450X105cm;1;https://www.aciersgrosjean.be/images/thumbs/0003850_702dee596f2d4351b951eabee9e81779_625.jpeg
1337;Tôle 30.200.1000 - RAL 7016 - 450X105cm;2;https://www.aciersgrosjean.be/images/thumbs/0003850_702dee596f2d4351b951eabee9e81779.jpeg
1337;Tôle 30.200.1000 - RAL 7016 - 450X105cm;3;https://www.aciersgrosjean.be/images/thumbs/0003851_28566dc4b37e4ee5a9fae1d55c2764b5.jpeg
1337;Tôle 30.200.1000 - RAL 7016 - 450X105cm;4;https://www.aciersgrosjean.be/images/thumbs/0003852_7300cd6b24a64805a1090d65329b7aab.jpeg
1338;Tôle 30.200.1000 - RAL 7016 - 500X105cm;1;https://www.aciersgrosjean.be/images/thumbs/0003853_702dee596f2d4351b951eabee9e81779_625.jpeg
1338;Tôle 30.200.1000 - RAL 7016 - 500X105cm;2;https://www.aciersgrosjean.be/images/thumbs/0003853_702dee596f2d4351b951eabee9e81779.jpeg
1338;Tôle 30.200.1000 - RAL 7016 - 500X105cm;3;https://www.aciersgrosjean.be/images/thumbs/0003854_28566dc4b37e4ee5a9fae1d55c2764b5.jpeg
1338;Tôle 30.200.1000 - RAL 7016 - 500X105cm;4;https://www.aciersgrosjean.be/images/thumbs/0003855_7300cd6b24a64805a1090d65329b7aab.jpeg
1343;Vis à bois 6,3x 75 - tête hexagonale de 10mm;1;https://www.aciersgrosjean.be/images/thumbs/0004102_0617f558a7e946e6b9c2443bca9e59dc_625.jpeg
1344;Vis à bois 6,3x 100 - tête hexagonale de 10mm;1;https://www.aciersgrosjean.be/images/thumbs/0004103_898ddad0a93c4e3790de637445cd4c6d_625.jpeg
1345;Vis à bois 6,3x 130 - tête hexagonale de 10mm;1;https://www.aciersgrosjean.be/images/thumbs/0004104_3cba36203d9945f59cbe3704fa510dfa_625.jpeg
1346;Vis à bois 6,3x 150 - tête hexagonale de 10mm;1;https://www.aciersgrosjean.be/images/thumbs/0004105_9698a98826b14082a4798c6308cc5d5f_625.jpeg
1353;Vis autoforante pour acier 6,3x 65 - tête hexagonale de 10mm;1;https://www.aciersgrosjean.be/images/thumbs/0004094_068c4102eb004d67be382f01c7011752_625.jpeg
1356;Vis autoforante pour acier 6,3x 100 - tête hexagonale de 10mm;1;https://www.aciersgrosjean.be/images/thumbs/0004096_a4e4cae3917048d1bedaf6f21fbfe287_625.jpeg
1391;Vasque Corten;1;https://www.aciersgrosjean.be/images/thumbs/default-image_625.png
1392;Vasque 2;1;https://www.aciersgrosjean.be/images/thumbs/default-image_625.png
1501;POTEAU DE CLOTURE CLOPLUS 40 – 2M00 - VERT RAL 6005;1;https://www.aciersgrosjean.be/images/thumbs/0004887_ae575272fed141ffb2a32c8985df4327_625.jpeg
1502;POTEAU DE CLOTURE CLOPLUS 40 – 2M30 - VERT RAL 6005;1;https://www.aciersgrosjean.be/images/thumbs/0004888_ae575272fed141ffb2a32c8985df4327_625.jpeg
1503;POTEAU DE CLOTURE CLOPLUS 40 – 2M50 - VERT RAL 6005;1;https://www.aciersgrosjean.be/images/thumbs/0004889_ae575272fed141ffb2a32c8985df4327_625.jpeg
1504;POTEAU DE CLOTURE CLOPLUS 40 – 2M00 - NOIR RAL 9005;1;https://www.aciersgrosjean.be/images/thumbs/0004890_96f2fbf2a318465097bcaa24518e94cb_625.jpeg
1505;POTEAU DE CLOTURE CLOPLUS 40 – 2M30 - NOIR RAL 9005;1;https://www.aciersgrosjean.be/images/thumbs/0004895_96f2fbf2a318465097bcaa24518e94cb_625.jpeg
1506;POTEAU DE CLOTURE CLOPLUS 40 – 2M50 - NOIR RAL 9005;1;https://www.aciersgrosjean.be/images/thumbs/0004891_96f2fbf2a318465097bcaa24518e94cb_625.jpeg
1507;POTEAU DE CLOTURE CLOPLUS 40 – 2M00 - GRIS RAL 7016;1;https://www.aciersgrosjean.be/images/thumbs/0004892_2e6acae7bac2449e928270e06c154fa4_625.jpeg
1508;POTEAU DE CLOTURE CLOPLUS 40 – 2M30 - GRIS RAL 7016;1;https://www.aciersgrosjean.be/images/thumbs/0004893_2e6acae7bac2449e928270e06c154fa4_625.jpeg
1509;POTEAU DE CLOTURE CLOPLUS 40 – 2M50 - GRIS RAL 7016;1;https://www.aciersgrosjean.be/images/thumbs/0004894_2e6acae7bac2449e928270e06c154fa4_625.jpeg
1520;POTEAU DE CLÔTURE CLOGRIFF 64 – 2M00 - VERT RAL 6005;1;https://www.aciersgrosjean.be/images/thumbs/0004875_44feafb7670a4e628b6892c51c15b3ab_625.jpeg
1521;POTEAU DE CLÔTURE CLOGRIFF 64 – 2M30 - VERT RAL 6005;1;https://www.aciersgrosjean.be/images/thumbs/0004876_44feafb7670a4e628b6892c51c15b3ab_625.jpeg
1522;POTEAU DE CLÔTURE CLOGRIFF 64 – 2M50 - VERT RAL 6005;1;https://www.aciersgrosjean.be/images/thumbs/0004877_44feafb7670a4e628b6892c51c15b3ab_625.jpeg
1524;POTEAU DE CLÔTURE CLOGRIFF 64 – 2M00 - NOIR RAL 9005;1;https://www.aciersgrosjean.be/images/thumbs/0004879_b943349689ec4c6ca3bba4bfadb55db9_625.jpeg
1525;POTEAU DE CLÔTURE CLOGRIFF 64 – 2M30 - NOIR RAL 9005;1;https://www.aciersgrosjean.be/images/thumbs/0004880_b943349689ec4c6ca3bba4bfadb55db9_625.jpeg
1526;POTEAU DE CLÔTURE CLOGRIFF 64 – 2M50 - NOIR RAL 9005;1;https://www.aciersgrosjean.be/images/thumbs/0004881_b943349689ec4c6ca3bba4bfadb55db9_625.jpeg
1528;POTEAU DE CLÔTURE CLOGRIFF 64 – 2M00 -GRIS RAL 7016;1;https://www.aciersgrosjean.be/images/thumbs/0004885_poteau-de-cloture-clogriff-64-2m00-gris-ral-7016_625.jpeg
1533;PANNEAUX PLIS 205 Fils 5/5 – 3D - H. 1m73 – NOIR RAL 9005;1;https://www.aciersgrosjean.be/images/thumbs/0004907_f0815ef21ddb4994bcd183d7a95129b3_625.jpeg
1533;PANNEAUX PLIS 205 Fils 5/5 – 3D - H. 1m73 – NOIR RAL 9005;2;https://www.aciersgrosjean.be/images/thumbs/0004907_f0815ef21ddb4994bcd183d7a95129b3.jpeg
1533;PANNEAUX PLIS 205 Fils 5/5 – 3D - H. 1m73 – NOIR RAL 9005;3;https://www.aciersgrosjean.be/images/thumbs/0004936_ecc6340a836a4f0a9114e94987f4545c.jpeg
1534;PANNEAUX PLIS 205 Fils 5/5 – 3D - H. 1m93 – NOIR RAL 9005;1;https://www.aciersgrosjean.be/images/thumbs/0004908_panneaux-plis-205-fils-55-3d-h-1m93-noir-ral-9005_625.jpeg
1534;PANNEAUX PLIS 205 Fils 5/5 – 3D - H. 1m93 – NOIR RAL 9005;2;https://www.aciersgrosjean.be/images/thumbs/0004908_panneaux-plis-205-fils-55-3d-h-1m93-noir-ral-9005.jpeg
1534;PANNEAUX PLIS 205 Fils 5/5 – 3D - H. 1m93 – NOIR RAL 9005;3;https://www.aciersgrosjean.be/images/thumbs/0004937_ecc6340a836a4f0a9114e94987f4545c.jpeg
1536;PANNEAUX PLIS 205 Fils 5/5 – 3D - H. 1m73 – GRIS 7016;1;https://www.aciersgrosjean.be/images/thumbs/0004910_3114fabcd75a4b50a13ae67121557cf4_625.jpeg
1536;PANNEAUX PLIS 205 Fils 5/5 – 3D - H. 1m73 – GRIS 7016;2;https://www.aciersgrosjean.be/images/thumbs/0004910_3114fabcd75a4b50a13ae67121557cf4.jpeg
1536;PANNEAUX PLIS 205 Fils 5/5 – 3D - H. 1m73 – GRIS 7016;3;https://www.aciersgrosjean.be/images/thumbs/0004939_730f52a466874b4fb84fd8e2b48e6449.jpeg
1537;PANNEAUX PLIS 205 Fils 5/5 – 3D - H. 1m93 – GRIS 7016;1;https://www.aciersgrosjean.be/images/thumbs/0004911_3114fabcd75a4b50a13ae67121557cf4_625.jpeg
1537;PANNEAUX PLIS 205 Fils 5/5 – 3D - H. 1m93 – GRIS 7016;2;https://www.aciersgrosjean.be/images/thumbs/0004911_3114fabcd75a4b50a13ae67121557cf4.jpeg
1537;PANNEAUX PLIS 205 Fils 5/5 – 3D - H. 1m93 – GRIS 7016;3;https://www.aciersgrosjean.be/images/thumbs/0004940_730f52a466874b4fb84fd8e2b48e6449.jpeg
1538;PANNEAUX MEDIUM 3D Fils 5/4 – H.1m53 – VERT RAL 6005;1;https://www.aciersgrosjean.be/images/thumbs/0004896_55fe1c3dd03d41bcabb9f0d8459c5963_625.jpeg
1538;PANNEAUX MEDIUM 3D Fils 5/4 – H.1m53 – VERT RAL 6005;2;https://www.aciersgrosjean.be/images/thumbs/0004896_55fe1c3dd03d41bcabb9f0d8459c5963.jpeg
1538;PANNEAUX MEDIUM 3D Fils 5/4 – H.1m53 – VERT RAL 6005;3;https://www.aciersgrosjean.be/images/thumbs/0004941_345b263236d64be3919b9a88a13602b3.jpeg
1539;PANNEAUX MEDIUM 3D Fils 5/4 – H.1m73 – VERT RAL 6005;1;https://www.aciersgrosjean.be/images/thumbs/0004897_55fe1c3dd03d41bcabb9f0d8459c5963_625.jpeg
1539;PANNEAUX MEDIUM 3D Fils 5/4 – H.1m73 – VERT RAL 6005;2;https://www.aciersgrosjean.be/images/thumbs/0004897_55fe1c3dd03d41bcabb9f0d8459c5963.jpeg
1539;PANNEAUX MEDIUM 3D Fils 5/4 – H.1m73 – VERT RAL 6005;3;https://www.aciersgrosjean.be/images/thumbs/0004942_345b263236d64be3919b9a88a13602b3.jpeg
1540;PANNEAUX MEDIUM 3D Fils 5/4 – H.1m93 – VERT RAL 6005;1;https://www.aciersgrosjean.be/images/thumbs/0004898_55fe1c3dd03d41bcabb9f0d8459c5963_625.jpeg
1540;PANNEAUX MEDIUM 3D Fils 5/4 – H.1m93 – VERT RAL 6005;2;https://www.aciersgrosjean.be/images/thumbs/0004898_55fe1c3dd03d41bcabb9f0d8459c5963.jpeg
1540;PANNEAUX MEDIUM 3D Fils 5/4 – H.1m93 – VERT RAL 6005;3;https://www.aciersgrosjean.be/images/thumbs/0004943_345b263236d64be3919b9a88a13602b3.jpeg
1541;PANNEAUX MEDIUM 3D Fils 5/4 – H.1m53 – NOIR RAL 9005;1;https://www.aciersgrosjean.be/images/thumbs/0004899_8317b0bb2ad64f4e8ccc71f43d021731_625.jpeg
1541;PANNEAUX MEDIUM 3D Fils 5/4 – H.1m53 – NOIR RAL 9005;2;https://www.aciersgrosjean.be/images/thumbs/0004899_8317b0bb2ad64f4e8ccc71f43d021731.jpeg
1541;PANNEAUX MEDIUM 3D Fils 5/4 – H.1m53 – NOIR RAL 9005;3;https://www.aciersgrosjean.be/images/thumbs/0004944_ecc6340a836a4f0a9114e94987f4545c.jpeg
1542;PANNEAUX MEDIUM 3D Fils 5/4 – H.1m73 – NOIR RAL 9005;1;https://www.aciersgrosjean.be/images/thumbs/0004900_panneaux-medium-3d-fils-54-h1m73-noir-ral-9005_625.jpeg
1542;PANNEAUX MEDIUM 3D Fils 5/4 – H.1m73 – NOIR RAL 9005;2;https://www.aciersgrosjean.be/images/thumbs/0004900_panneaux-medium-3d-fils-54-h1m73-noir-ral-9005.jpeg
1542;PANNEAUX MEDIUM 3D Fils 5/4 – H.1m73 – NOIR RAL 9005;3;https://www.aciersgrosjean.be/images/thumbs/0004945_panneaux-medium-3d-fils-54-h1m73-noir-ral-9005.jpeg
1543;PANNEAUX MEDIUM 3D Fils 5/4 – H.1m93 – NOIR RAL 9005;1;https://www.aciersgrosjean.be/images/thumbs/0004901_8317b0bb2ad64f4e8ccc71f43d021731_625.jpeg
1543;PANNEAUX MEDIUM 3D Fils 5/4 – H.1m93 – NOIR RAL 9005;2;https://www.aciersgrosjean.be/images/thumbs/0004901_8317b0bb2ad64f4e8ccc71f43d021731.jpeg
1543;PANNEAUX MEDIUM 3D Fils 5/4 – H.1m93 – NOIR RAL 9005;3;https://www.aciersgrosjean.be/images/thumbs/0004946_ecc6340a836a4f0a9114e94987f4545c.jpeg
1544;PANNEAUX MEDIUM 3D Fils 5/4 – H.1m53 – GRIS RAL 7016;1;https://www.aciersgrosjean.be/images/thumbs/0004902_a039030e4c9e4c9d8a25bf192ce8b374_625.jpeg
1544;PANNEAUX MEDIUM 3D Fils 5/4 – H.1m53 – GRIS RAL 7016;2;https://www.aciersgrosjean.be/images/thumbs/0004902_a039030e4c9e4c9d8a25bf192ce8b374.jpeg
1544;PANNEAUX MEDIUM 3D Fils 5/4 – H.1m53 – GRIS RAL 7016;3;https://www.aciersgrosjean.be/images/thumbs/0004947_730f52a466874b4fb84fd8e2b48e6449.jpeg
1545;PANNEAUX MEDIUM 3D Fils 5/4 – H.1m73 – GRIS RAL 7016;1;https://www.aciersgrosjean.be/images/thumbs/0004903_a039030e4c9e4c9d8a25bf192ce8b374_625.jpeg
1545;PANNEAUX MEDIUM 3D Fils 5/4 – H.1m73 – GRIS RAL 7016;2;https://www.aciersgrosjean.be/images/thumbs/0004903_a039030e4c9e4c9d8a25bf192ce8b374.jpeg
1545;PANNEAUX MEDIUM 3D Fils 5/4 – H.1m73 – GRIS RAL 7016;3;https://www.aciersgrosjean.be/images/thumbs/0004948_730f52a466874b4fb84fd8e2b48e6449.jpeg
1546;PANNEAUX MEDIUM 3D Fils 5/4 – H.1m93 – GRIS RAL 7016;1;https://www.aciersgrosjean.be/images/thumbs/0004904_a039030e4c9e4c9d8a25bf192ce8b374_625.jpeg
1546;PANNEAUX MEDIUM 3D Fils 5/4 – H.1m93 – GRIS RAL 7016;2;https://www.aciersgrosjean.be/images/thumbs/0004904_a039030e4c9e4c9d8a25bf192ce8b374.jpeg
1546;PANNEAUX MEDIUM 3D Fils 5/4 – H.1m93 – GRIS RAL 7016;3;https://www.aciersgrosjean.be/images/thumbs/0004949_730f52a466874b4fb84fd8e2b48e6449.jpeg
1547;BRIDE RAPIDE EN INOX;1;https://www.aciersgrosjean.be/images/thumbs/0004846_9f733380e1ca416e8c113b2fabda822c_625.jpeg
1548;KIT 50 FIXATIONS BRIDES 30 NV NOIR;1;https://www.aciersgrosjean.be/images/thumbs/0004845_5a92a74c31624cbd946b4cae93b78394_625.jpeg
1549;FIXATION BRIDE 30 NV NOIR;1;https://www.aciersgrosjean.be/images/thumbs/0004844_65c72d63757645099bad50fde9b1ab4e_625.jpeg
1550;KIT 12 SERVEURS CLOGRIFF 64;1;https://www.aciersgrosjean.be/images/thumbs/0004842_e38c4492ee6a486398ac7ba6047c28a9_625.jpeg
1550;KIT 12 SERVEURS CLOGRIFF 64;2;https://www.aciersgrosjean.be/images/thumbs/0004842_e38c4492ee6a486398ac7ba6047c28a9.jpeg
1550;KIT 12 SERVEURS CLOGRIFF 64;3;https://www.aciersgrosjean.be/images/thumbs/0004843_491cd5517de244ebacd631361137cc45.jpeg
1551;CLÉ DE MONTAGE BRIDE RAPIDE;1;https://www.aciersgrosjean.be/images/thumbs/0004839_72bb0675675d4aa592f7e4cfa30b2f4d_625.jpeg
1566;Panneau isolé ECO 30mm – 260x105cm - RAL 7016;1;https://www.aciersgrosjean.be/images/thumbs/0004932_3abf8c3b41dd4920b3d535e1a0a41634_625.jpeg
1566;Panneau isolé ECO 30mm – 260x105cm - RAL 7016;2;https://www.aciersgrosjean.be/images/thumbs/0004932_3abf8c3b41dd4920b3d535e1a0a41634.jpeg
1566;Panneau isolé ECO 30mm – 260x105cm - RAL 7016;3;https://www.aciersgrosjean.be/images/thumbs/0004933_47d9e88972e34317bcc70fe7adc95ea7.jpeg
1567;Panneau isolé ECO 30mm – 310x105cm - RAL 7016;1;https://www.aciersgrosjean.be/images/thumbs/0004930_3abf8c3b41dd4920b3d535e1a0a41634_625.jpeg
1567;Panneau isolé ECO 30mm – 310x105cm - RAL 7016;2;https://www.aciersgrosjean.be/images/thumbs/0004930_3abf8c3b41dd4920b3d535e1a0a41634.jpeg
1567;Panneau isolé ECO 30mm – 310x105cm - RAL 7016;3;https://www.aciersgrosjean.be/images/thumbs/0004931_47d9e88972e34317bcc70fe7adc95ea7.jpeg
1568;Panneau isolé ECO 30mm – 360x105cm - RAL 7016;1;https://www.aciersgrosjean.be/images/thumbs/0004928_3abf8c3b41dd4920b3d535e1a0a41634_625.jpeg
1568;Panneau isolé ECO 30mm – 360x105cm - RAL 7016;2;https://www.aciersgrosjean.be/images/thumbs/0004928_3abf8c3b41dd4920b3d535e1a0a41634.jpeg
1568;Panneau isolé ECO 30mm – 360x105cm - RAL 7016;3;https://www.aciersgrosjean.be/images/thumbs/0004929_47d9e88972e34317bcc70fe7adc95ea7.jpeg
1569;Panneau isolé ECO 30mm – 410x105cm - RAL 7016;1;https://www.aciersgrosjean.be/images/thumbs/0004926_3abf8c3b41dd4920b3d535e1a0a41634_625.jpeg
1569;Panneau isolé ECO 30mm – 410x105cm - RAL 7016;2;https://www.aciersgrosjean.be/images/thumbs/0004926_3abf8c3b41dd4920b3d535e1a0a41634.jpeg
1569;Panneau isolé ECO 30mm – 410x105cm - RAL 7016;3;https://www.aciersgrosjean.be/images/thumbs/0004927_47d9e88972e34317bcc70fe7adc95ea7.jpeg
1570;Panneau isolé ECO 30mm – 460x105cm - RAL 7016;1;https://www.aciersgrosjean.be/images/thumbs/0004924_3abf8c3b41dd4920b3d535e1a0a41634_625.jpeg
1570;Panneau isolé ECO 30mm – 460x105cm - RAL 7016;2;https://www.aciersgrosjean.be/images/thumbs/0004924_3abf8c3b41dd4920b3d535e1a0a41634.jpeg
1570;Panneau isolé ECO 30mm – 460x105cm - RAL 7016;3;https://www.aciersgrosjean.be/images/thumbs/0004925_47d9e88972e34317bcc70fe7adc95ea7.jpeg
1571;Panneau isolé ECO 30mm – 510x105cm - RAL 7016;1;https://www.aciersgrosjean.be/images/thumbs/0004922_3abf8c3b41dd4920b3d535e1a0a41634_625.jpeg
1571;Panneau isolé ECO 30mm – 510x105cm - RAL 7016;2;https://www.aciersgrosjean.be/images/thumbs/0004922_3abf8c3b41dd4920b3d535e1a0a41634.jpeg
1571;Panneau isolé ECO 30mm – 510x105cm - RAL 7016;3;https://www.aciersgrosjean.be/images/thumbs/0004923_47d9e88972e34317bcc70fe7adc95ea7.jpeg
1572;Panneau isolé ECO 30mm – 560x105cm - RAL 7016;1;https://www.aciersgrosjean.be/images/thumbs/0004920_3abf8c3b41dd4920b3d535e1a0a41634_625.jpeg
1572;Panneau isolé ECO 30mm – 560x105cm - RAL 7016;2;https://www.aciersgrosjean.be/images/thumbs/0004920_3abf8c3b41dd4920b3d535e1a0a41634.jpeg
1572;Panneau isolé ECO 30mm – 560x105cm - RAL 7016;3;https://www.aciersgrosjean.be/images/thumbs/0004921_47d9e88972e34317bcc70fe7adc95ea7.jpeg
1574;Treillis soudé 50x50x4mm 3m x 2m;1;https://www.aciersgrosjean.be/images/thumbs/0004980_3fd1f73b1a934333a58eb298612d979b_625.jpeg
1574;Treillis soudé 50x50x4mm 3m x 2m;2;https://www.aciersgrosjean.be/images/thumbs/0004980_3fd1f73b1a934333a58eb298612d979b.jpeg
1574;Treillis soudé 50x50x4mm 3m x 2m;3;https://www.aciersgrosjean.be/images/thumbs/0004853_4ede0b981ad04119bbf3a5b103714996.jpeg
1575;Tube carré de 60x60x3mm en aluminium;1;https://www.aciersgrosjean.be/images/thumbs/0004857_078644d871ff466b8db49e39134ffbce_625.jpeg
1575;Tube carré de 60x60x3mm en aluminium;2;https://www.aciersgrosjean.be/images/thumbs/0004857_078644d871ff466b8db49e39134ffbce.jpeg
1575;Tube carré de 60x60x3mm en aluminium;3;https://www.aciersgrosjean.be/images/thumbs/0004858_80c8fa5449bc4e6aa4dc8ffe7827b261.jpeg
1576;Panneau isolé ECO 30mm – 610x105cm - RAL 7016;1;https://www.aciersgrosjean.be/images/thumbs/0004918_3abf8c3b41dd4920b3d535e1a0a41634_625.jpeg
1576;Panneau isolé ECO 30mm – 610x105cm - RAL 7016;2;https://www.aciersgrosjean.be/images/thumbs/0004918_3abf8c3b41dd4920b3d535e1a0a41634.jpeg
1576;Panneau isolé ECO 30mm – 610x105cm - RAL 7016;3;https://www.aciersgrosjean.be/images/thumbs/0004919_47d9e88972e34317bcc70fe7adc95ea7.jpeg
1579;POTEAU DE CLÔTURE CLOGRIFF 64 – 2M50 - VERT RAL 7016;1;https://www.aciersgrosjean.be/images/thumbs/0004886_373a60c43e634f1288b0487c3f70ea60_625.jpeg
1585;COUPE TR SUP;1;https://www.aciersgrosjean.be/images/thumbs/default-image_625.png
1594;COUPE PLAT 220 à 300;1;https://www.aciersgrosjean.be/images/thumbs/default-image_625.png
1595;COUPE PLAT 350 à 400;1;https://www.aciersgrosjean.be/images/thumbs/default-image_625.png
1609;ZINGA - FILM GALVANISANT 1KG;1;https://www.aciersgrosjean.be/images/thumbs/0005007_11108bd9798b49ed98af53b263715a08_625.jpeg
1609;ZINGA - FILM GALVANISANT 1KG;2;https://www.aciersgrosjean.be/images/thumbs/0005007_11108bd9798b49ed98af53b263715a08.jpeg
1609;ZINGA - FILM GALVANISANT 1KG;3;https://www.aciersgrosjean.be/images/thumbs/0005008_96fbcc478755487a92d5a59369d05eb9.jpeg
1610;ZINGA - FILM GALVANISANT 2KG;1;https://www.aciersgrosjean.be/images/thumbs/0005013_11108bd9798b49ed98af53b263715a08_625.jpeg
1611;ZINGA ZINGASOLV – 1L;1;https://www.aciersgrosjean.be/images/thumbs/0005004_47154b38881f489aacb151f3658cb5ac_625.jpeg
1611;ZINGA ZINGASOLV – 1L;2;https://www.aciersgrosjean.be/images/thumbs/0005004_47154b38881f489aacb151f3658cb5ac.jpeg
1611;ZINGA ZINGASOLV – 1L;3;https://www.aciersgrosjean.be/images/thumbs/0005005_68b6789b55694cc19c86ec067f69c623.jpeg
1612;ZINGASPRAY - 500ML;1;https://www.aciersgrosjean.be/images/thumbs/0005009_zingaspray-500ml_625.jpeg
1612;ZINGASPRAY - 500ML;2;https://www.aciersgrosjean.be/images/thumbs/0005009_zingaspray-500ml.jpeg
1612;ZINGASPRAY - 500ML;3;https://www.aciersgrosjean.be/images/thumbs/0005010_zingaspray-500ml.jpeg
1613;ZINGALUSPRAY - 500ML;1;https://www.aciersgrosjean.be/images/thumbs/0005011_8890917dc6904cffa888f11f1723aea7_625.jpeg
1613;ZINGALUSPRAY - 500ML;2;https://www.aciersgrosjean.be/images/thumbs/0005011_8890917dc6904cffa888f11f1723aea7.jpeg
1613;ZINGALUSPRAY - 500ML;3;https://www.aciersgrosjean.be/images/thumbs/0005012_502e001e497b4342bf21ed30386e3f84.jpeg
1614;ZINGA ZINGATARFREE – 1L;1;https://www.aciersgrosjean.be/images/thumbs/0005002_922daabf10b74abaa5ba9ae1ada1e593_625.jpeg
1614;ZINGA ZINGATARFREE – 1L;2;https://www.aciersgrosjean.be/images/thumbs/0005002_922daabf10b74abaa5ba9ae1ada1e593.jpeg
1614;ZINGA ZINGATARFREE – 1L;3;https://www.aciersgrosjean.be/images/thumbs/0005003_c80adcd54a4b4d148eb3793c861f0ddf.jpeg
1615;ZINGA ZINGATARFREE – 5L;1;https://www.aciersgrosjean.be/images/thumbs/0005000_922daabf10b74abaa5ba9ae1ada1e593_625.jpeg
1615;ZINGA ZINGATARFREE – 5L;2;https://www.aciersgrosjean.be/images/thumbs/0005000_922daabf10b74abaa5ba9ae1ada1e593.jpeg
1615;ZINGA ZINGATARFREE – 5L;3;https://www.aciersgrosjean.be/images/thumbs/0005001_ffe124d9372d41c6bd10d23e7dde3cf0.jpeg
1616;DL CHEMICALS PARASILICO AM85-1 - 300ml - transparent;1;https://www.aciersgrosjean.be/images/thumbs/0005022_f5c2208bccd4452d8fe021e3057168de_625.jpeg
1617;DL CHEMICALS PARABOND 600 – 290ml - gris;1;https://www.aciersgrosjean.be/images/thumbs/0005023_6032948e10a640dda4f372ea3f7485f8_625.jpeg
1618;DL CHEMICALS PARABOND 800 – 290ml;1;https://www.aciersgrosjean.be/images/thumbs/0005026_222b8c420e0e446fba3bf272b9035e44_625.jpeg
1619;DL CHEMICALS PARACHIM VINYLESTER – 300ml;1;https://www.aciersgrosjean.be/images/thumbs/0005024_1fb620f2a0ca47b9be67e699d60c06e1_625.jpeg
1619;DL CHEMICALS PARACHIM VINYLESTER – 300ml;2;https://www.aciersgrosjean.be/images/thumbs/0005024_1fb620f2a0ca47b9be67e699d60c06e1.jpeg
1619;DL CHEMICALS PARACHIM VINYLESTER – 300ml;3;https://www.aciersgrosjean.be/images/thumbs/0005025_b0570a776df345ed9a80acc579920a30.jpeg
1620;PRIMER ANTICORROSION - 1L BRUN ROUGE RAL 8012;1;https://www.aciersgrosjean.be/images/thumbs/0005029_499ef9347d6e43f09ea7e44f3027b15f_625.jpeg
1620;PRIMER ANTICORROSION - 1L BRUN ROUGE RAL 8012;2;https://www.aciersgrosjean.be/images/thumbs/0005029_499ef9347d6e43f09ea7e44f3027b15f.jpeg
1620;PRIMER ANTICORROSION - 1L BRUN ROUGE RAL 8012;3;https://www.aciersgrosjean.be/images/thumbs/0005039_602a5c609cdd418cb9b57f8567dceacb.jpeg
1621;PRIMER ANTICORROSION - 1L BLANC RAL 9010;1;https://www.aciersgrosjean.be/images/thumbs/0005030_4308b70261fa4d75b41878ab944046c6_625.jpeg
1621;PRIMER ANTICORROSION - 1L BLANC RAL 9010;2;https://www.aciersgrosjean.be/images/thumbs/0005030_4308b70261fa4d75b41878ab944046c6.jpeg
1621;PRIMER ANTICORROSION - 1L BLANC RAL 9010;3;https://www.aciersgrosjean.be/images/thumbs/0005038_2dc4a2a4653b422086bfd9c4a9b4231b.jpeg
1622;PRIMER ANTICORROSION - 5L BRUN ROUGE RAL 8012;1;https://www.aciersgrosjean.be/images/thumbs/0005031_499ef9347d6e43f09ea7e44f3027b15f_625.jpeg
1622;PRIMER ANTICORROSION - 5L BRUN ROUGE RAL 8012;2;https://www.aciersgrosjean.be/images/thumbs/0005031_499ef9347d6e43f09ea7e44f3027b15f.jpeg
1622;PRIMER ANTICORROSION - 5L BRUN ROUGE RAL 8012;3;https://www.aciersgrosjean.be/images/thumbs/0005037_9c0d748bc8594becaea1c6db6cf77b67.jpeg
1623;PRIMER ANTICORROSION - 1L GRIS RAL 7016;1;https://www.aciersgrosjean.be/images/thumbs/0005032_efb9c86d937b4b96b49169bb0b0ddede_625.jpeg
1623;PRIMER ANTICORROSION - 1L GRIS RAL 7016;2;https://www.aciersgrosjean.be/images/thumbs/0005032_efb9c86d937b4b96b49169bb0b0ddede.jpeg
1623;PRIMER ANTICORROSION - 1L GRIS RAL 7016;3;https://www.aciersgrosjean.be/images/thumbs/0005036_ccc9c6d498464af88101fc03e831deac.jpeg
1624;PRIMER ANTICORROSION - 5L GRIS RAL 7016;1;https://www.aciersgrosjean.be/images/thumbs/0005033_efb9c86d937b4b96b49169bb0b0ddede_625.jpeg
1625;PRIMER ANTICORROSION - 1L NOIR RAL 9005;1;https://www.aciersgrosjean.be/images/thumbs/0005034_b84068e5688d4bd784eae274a08ef9dd_625.jpeg
1625;PRIMER ANTICORROSION - 1L NOIR RAL 9005;2;https://www.aciersgrosjean.be/images/thumbs/0005034_b84068e5688d4bd784eae274a08ef9dd.jpeg
1625;PRIMER ANTICORROSION - 1L NOIR RAL 9005;3;https://www.aciersgrosjean.be/images/thumbs/0005035_55c8f0b757054f699927cd92a57a275e.jpeg
1626;Caillebotis Galvanisé 400x1000mm - 33/33-30/2;1;https://www.aciersgrosjean.be/images/thumbs/0005068_6c7cdb5dfb654922a05b4321f9012704_625.jpeg
1626;Caillebotis Galvanisé 400x1000mm - 33/33-30/2;2;https://www.aciersgrosjean.be/images/thumbs/0005068_6c7cdb5dfb654922a05b4321f9012704.jpeg
1626;Caillebotis Galvanisé 400x1000mm - 33/33-30/2;3;https://www.aciersgrosjean.be/images/thumbs/0005092_0da4a27b991742c383155abca3d496f9.jpeg
1627;Caillebotis Galvanisé 500x1000mm - 33/33-30/2;1;https://www.aciersgrosjean.be/images/thumbs/0005070_6c7cdb5dfb654922a05b4321f9012704_625.jpeg
1627;Caillebotis Galvanisé 500x1000mm - 33/33-30/2;2;https://www.aciersgrosjean.be/images/thumbs/0005070_6c7cdb5dfb654922a05b4321f9012704.jpeg
1627;Caillebotis Galvanisé 500x1000mm - 33/33-30/2;3;https://www.aciersgrosjean.be/images/thumbs/0005093_0da4a27b991742c383155abca3d496f9.jpeg
1628;Caillebotis Galvanisé 600x 1000mm - 33/33-30/2;1;https://www.aciersgrosjean.be/images/thumbs/0005072_6c7cdb5dfb654922a05b4321f9012704_625.jpeg
1628;Caillebotis Galvanisé 600x 1000mm - 33/33-30/2;2;https://www.aciersgrosjean.be/images/thumbs/0005072_6c7cdb5dfb654922a05b4321f9012704.jpeg
1628;Caillebotis Galvanisé 600x 1000mm - 33/33-30/2;3;https://www.aciersgrosjean.be/images/thumbs/0005094_0da4a27b991742c383155abca3d496f9.jpeg
1629;Caillebotis Galvanisé 700x 1000mm - 33/33-30/2;1;https://www.aciersgrosjean.be/images/thumbs/0005074_6c7cdb5dfb654922a05b4321f9012704_625.jpeg
1629;Caillebotis Galvanisé 700x 1000mm - 33/33-30/2;2;https://www.aciersgrosjean.be/images/thumbs/0005074_6c7cdb5dfb654922a05b4321f9012704.jpeg
1629;Caillebotis Galvanisé 700x 1000mm - 33/33-30/2;3;https://www.aciersgrosjean.be/images/thumbs/0005095_0da4a27b991742c383155abca3d496f9.jpeg
1630;Caillebotis Galvanisé 800x 1000mm - 33/33-30/2;1;https://www.aciersgrosjean.be/images/thumbs/0005076_6c7cdb5dfb654922a05b4321f9012704_625.jpeg
1630;Caillebotis Galvanisé 800x 1000mm - 33/33-30/2;2;https://www.aciersgrosjean.be/images/thumbs/0005076_6c7cdb5dfb654922a05b4321f9012704.jpeg
1630;Caillebotis Galvanisé 800x 1000mm - 33/33-30/2;3;https://www.aciersgrosjean.be/images/thumbs/0005096_0da4a27b991742c383155abca3d496f9.jpeg
1631;Caillebotis Galvanisé 900x 1000mm - 33/33-30/2;1;https://www.aciersgrosjean.be/images/thumbs/0005078_6c7cdb5dfb654922a05b4321f9012704_625.jpeg
1631;Caillebotis Galvanisé 900x 1000mm - 33/33-30/2;2;https://www.aciersgrosjean.be/images/thumbs/0005078_6c7cdb5dfb654922a05b4321f9012704.jpeg
1631;Caillebotis Galvanisé 900x 1000mm - 33/33-30/2;3;https://www.aciersgrosjean.be/images/thumbs/0005097_0da4a27b991742c383155abca3d496f9.jpeg
1632;Caillebotis Galvanisé 1000x 1000mm - 33/33-30/2;1;https://www.aciersgrosjean.be/images/thumbs/0005080_6c7cdb5dfb654922a05b4321f9012704_625.jpeg
1632;Caillebotis Galvanisé 1000x 1000mm - 33/33-30/2;2;https://www.aciersgrosjean.be/images/thumbs/0005080_6c7cdb5dfb654922a05b4321f9012704.jpeg
1632;Caillebotis Galvanisé 1000x 1000mm - 33/33-30/2;3;https://www.aciersgrosjean.be/images/thumbs/0005098_0da4a27b991742c383155abca3d496f9.jpeg
1633;Caillebotis Galvanisé 1010x1190mm - 70/70 - 25/2;1;https://www.aciersgrosjean.be/images/thumbs/0005082_6c7cdb5dfb654922a05b4321f9012704_625.jpeg
1633;Caillebotis Galvanisé 1010x1190mm - 70/70 - 25/2;2;https://www.aciersgrosjean.be/images/thumbs/0005082_6c7cdb5dfb654922a05b4321f9012704.jpeg
1633;Caillebotis Galvanisé 1010x1190mm - 70/70 - 25/2;3;https://www.aciersgrosjean.be/images/thumbs/0005099_0da4a27b991742c383155abca3d496f9.jpeg
1634;Caillebotis Galvanisé 1200x 1000mm - 33/33-30/2;1;https://www.aciersgrosjean.be/images/thumbs/0005084_6c7cdb5dfb654922a05b4321f9012704_625.jpeg
1634;Caillebotis Galvanisé 1200x 1000mm - 33/33-30/2;2;https://www.aciersgrosjean.be/images/thumbs/0005084_6c7cdb5dfb654922a05b4321f9012704.jpeg
1634;Caillebotis Galvanisé 1200x 1000mm - 33/33-30/2;3;https://www.aciersgrosjean.be/images/thumbs/0005100_0da4a27b991742c383155abca3d496f9.jpeg
1635;Caillebotis Galvanisés 1200x 1000mm - 33/33-30/3;1;https://www.aciersgrosjean.be/images/thumbs/0005086_6c7cdb5dfb654922a05b4321f9012704_625.jpeg
1635;Caillebotis Galvanisés 1200x 1000mm - 33/33-30/3;2;https://www.aciersgrosjean.be/images/thumbs/0005086_6c7cdb5dfb654922a05b4321f9012704.jpeg
1635;Caillebotis Galvanisés 1200x 1000mm - 33/33-30/3;3;https://www.aciersgrosjean.be/images/thumbs/0005101_0da4a27b991742c383155abca3d496f9.jpeg
1636;Plancher securit PCP O2 - 1000x1000mm;1;https://www.aciersgrosjean.be/images/thumbs/0005067_940aa60af337488380a780163987e4e8_625.jpeg
1637;Marche d'escalier caillebotis 600x200mm;1;https://www.aciersgrosjean.be/images/thumbs/0005065_fe0e8e79878745b0ac8a0166af617a0a_625.jpeg
1637;Marche d'escalier caillebotis 600x200mm;2;https://www.aciersgrosjean.be/images/thumbs/0005065_fe0e8e79878745b0ac8a0166af617a0a.jpeg
1637;Marche d'escalier caillebotis 600x200mm;3;https://www.aciersgrosjean.be/images/thumbs/0005066_b7ef002650b94490b5e1472492a340c2.jpeg
1638;Marche d'escalier caillebotis 700x230mm;1;https://www.aciersgrosjean.be/images/thumbs/0005063_fe0e8e79878745b0ac8a0166af617a0a_625.jpeg
1638;Marche d'escalier caillebotis 700x230mm;2;https://www.aciersgrosjean.be/images/thumbs/0005063_fe0e8e79878745b0ac8a0166af617a0a.jpeg
1638;Marche d'escalier caillebotis 700x230mm;3;https://www.aciersgrosjean.be/images/thumbs/0005064_b7ef002650b94490b5e1472492a340c2.jpeg
1639;Marche d'escalier caillebotis 800x230mm;1;https://www.aciersgrosjean.be/images/thumbs/0005061_fe0e8e79878745b0ac8a0166af617a0a_625.jpeg
1639;Marche d'escalier caillebotis 800x230mm;2;https://www.aciersgrosjean.be/images/thumbs/0005061_fe0e8e79878745b0ac8a0166af617a0a.jpeg
1639;Marche d'escalier caillebotis 800x230mm;3;https://www.aciersgrosjean.be/images/thumbs/0005062_b7ef002650b94490b5e1472492a340c2.jpeg
1640;Marche d'escalier caillebotis 900x230mm;1;https://www.aciersgrosjean.be/images/thumbs/0005059_fe0e8e79878745b0ac8a0166af617a0a_625.jpeg
1640;Marche d'escalier caillebotis 900x230mm;2;https://www.aciersgrosjean.be/images/thumbs/0005059_fe0e8e79878745b0ac8a0166af617a0a.jpeg
1640;Marche d'escalier caillebotis 900x230mm;3;https://www.aciersgrosjean.be/images/thumbs/0005060_b7ef002650b94490b5e1472492a340c2.jpeg
1641;Marche d'escalier caillebotis 1000x230mm;1;https://www.aciersgrosjean.be/images/thumbs/0005057_fe0e8e79878745b0ac8a0166af617a0a_625.jpeg
1641;Marche d'escalier caillebotis 1000x230mm;2;https://www.aciersgrosjean.be/images/thumbs/0005057_fe0e8e79878745b0ac8a0166af617a0a.jpeg
1641;Marche d'escalier caillebotis 1000x230mm;3;https://www.aciersgrosjean.be/images/thumbs/0005058_b7ef002650b94490b5e1472492a340c2.jpeg
1642;Marche securit PCP O2 ACHIL 800 x 250mm;1;https://www.aciersgrosjean.be/images/thumbs/0005051_e6f172b18b5e45e4b44a9b52e47fcfc1_625.jpeg
1642;Marche securit PCP O2 ACHIL 800 x 250mm;2;https://www.aciersgrosjean.be/images/thumbs/0005051_e6f172b18b5e45e4b44a9b52e47fcfc1.jpeg
1642;Marche securit PCP O2 ACHIL 800 x 250mm;3;https://www.aciersgrosjean.be/images/thumbs/0005089_d6776fe095cc47ad95ae715325d5b198.jpeg
1643;Marche securit PCP O2 ACHIL 900x250mm;1;https://www.aciersgrosjean.be/images/thumbs/0005053_e6f172b18b5e45e4b44a9b52e47fcfc1_625.jpeg
1643;Marche securit PCP O2 ACHIL 900x250mm;2;https://www.aciersgrosjean.be/images/thumbs/0005053_e6f172b18b5e45e4b44a9b52e47fcfc1.jpeg
1643;Marche securit PCP O2 ACHIL 900x250mm;3;https://www.aciersgrosjean.be/images/thumbs/0005090_d6776fe095cc47ad95ae715325d5b198.jpeg
1644;Marche securit PCP O2 ACHIL 1000x250mm;1;https://www.aciersgrosjean.be/images/thumbs/0005055_e6f172b18b5e45e4b44a9b52e47fcfc1_625.jpeg
1644;Marche securit PCP O2 ACHIL 1000x250mm;2;https://www.aciersgrosjean.be/images/thumbs/0005055_e6f172b18b5e45e4b44a9b52e47fcfc1.jpeg
1644;Marche securit PCP O2 ACHIL 1000x250mm;3;https://www.aciersgrosjean.be/images/thumbs/0005091_d6776fe095cc47ad95ae715325d5b198.jpeg
1645;Tasseau 40x40 71x300cm - Parement | Chêne clair;1;https://www.aciersgrosjean.be/images/thumbs/0005128_tasseau-40x40-71x300cm-parement-chene-clair_625.jpeg
1645;Tasseau 40x40 71x300cm - Parement | Chêne clair;2;https://www.aciersgrosjean.be/images/thumbs/0005128_tasseau-40x40-71x300cm-parement-chene-clair.jpeg
1645;Tasseau 40x40 71x300cm - Parement | Chêne clair;3;https://www.aciersgrosjean.be/images/thumbs/0005129_tasseau-40x40-71x300cm-parement-chene-clair.jpeg
1645;Tasseau 40x40 71x300cm - Parement | Chêne clair;4;https://www.aciersgrosjean.be/images/thumbs/0005130_tasseau-40x40-71x300cm-parement-chene-clair.jpeg
1645;Tasseau 40x40 71x300cm - Parement | Chêne clair;5;https://www.aciersgrosjean.be/images/thumbs/0005131_tasseau-40x40-71x300cm-parement-chene-clair.jpeg
1646;Tasseau 40x40 71x250cm - Parement | Chêne clair;1;https://www.aciersgrosjean.be/images/thumbs/0005132_tasseau-40x40-71x250cm-parement-chene-clair_625.jpeg
1646;Tasseau 40x40 71x250cm - Parement | Chêne clair;2;https://www.aciersgrosjean.be/images/thumbs/0005132_tasseau-40x40-71x250cm-parement-chene-clair.jpeg
1646;Tasseau 40x40 71x250cm - Parement | Chêne clair;3;https://www.aciersgrosjean.be/images/thumbs/0005133_tasseau-40x40-71x250cm-parement-chene-clair.jpeg
1646;Tasseau 40x40 71x250cm - Parement | Chêne clair;4;https://www.aciersgrosjean.be/images/thumbs/0005134_tasseau-40x40-71x250cm-parement-chene-clair.jpeg
1646;Tasseau 40x40 71x250cm - Parement | Chêne clair;5;https://www.aciersgrosjean.be/images/thumbs/0005135_tasseau-40x40-71x250cm-parement-chene-clair.jpeg
1652;TOLES PERFOREES - trous ronds - 2000 x 1000 x 3,0 - R5 T8;1;https://www.aciersgrosjean.be/images/thumbs/0005175_f0c57b06129046aca254cd4004821606_625.jpeg
1656;TOLES PERFOREES - trous ronds - 2000 x 1000 x 2,0 - R10 T15;1;https://www.aciersgrosjean.be/images/thumbs/0005180_0ae017cbbdbe40f6a68a6642c37f1cab_625.jpeg
1658;TOLES PERFOREES - trous ronds - 2000 x 1000 x 3,0 - R10 T15;1;https://www.aciersgrosjean.be/images/thumbs/0005182_0ae017cbbdbe40f6a68a6642c37f1cab_625.jpeg
1662;TOLES PERFOREES - trous carrés - 2000 x 1000 x 2,0 - C10 U15;1;https://www.aciersgrosjean.be/images/thumbs/0005186_92c62f3fe8ed48f798b0db943a1d46c7_625.jpeg
1665;TOLES PERFOREES GALVA - trous ronds - 2000 x 1000 x 2,0 - R5 T8;1;https://www.aciersgrosjean.be/images/thumbs/0005189_f0c57b06129046aca254cd4004821606_625.jpeg
1666;TOLES PERFOREES GALVA - trous ronds - 2000 x 1000 x 2 - R10 T15;1;https://www.aciersgrosjean.be/images/thumbs/0005190_0ae017cbbdbe40f6a68a6642c37f1cab_625.jpeg
1667;TOLES PERFOREES - aléatoire 2000 x 1000 x 1;1;https://www.aciersgrosjean.be/images/thumbs/0005197_8d9fe7cc2c2f4effa2e5d8b4ef9430dc_625.jpeg
1669;Meuleuse d'angle FLEX L 1001 – 1010W / 125 mm;1;https://www.aciersgrosjean.be/images/thumbs/0005145_21c824bdbb2341dd892922f49cbe60bf_625.jpeg
1669;Meuleuse d'angle FLEX L 1001 – 1010W / 125 mm;2;https://www.aciersgrosjean.be/images/thumbs/0005145_21c824bdbb2341dd892922f49cbe60bf.jpeg
1669;Meuleuse d'angle FLEX L 1001 – 1010W / 125 mm;3;https://www.aciersgrosjean.be/images/thumbs/0005146_256e1bde058a490ba49eb99bfab86b75.jpeg
1673;TOLES PERFOREES - trous ronds - 2000 x 1000 x 2 - R5 T8;1;https://www.aciersgrosjean.be/images/thumbs/0005200_f0c57b06129046aca254cd4004821606_625.jpeg
1674;Bordure en acier galvanisé 150/25 x 2500mm;1;https://www.aciersgrosjean.be/images/thumbs/0005245_bordure-en-acier-galvanise-15025-x-2500mm_625.jpeg
1674;Bordure en acier galvanisé 150/25 x 2500mm;2;https://www.aciersgrosjean.be/images/thumbs/0005245_bordure-en-acier-galvanise-15025-x-2500mm.jpeg
1674;Bordure en acier galvanisé 150/25 x 2500mm;3;https://www.aciersgrosjean.be/images/thumbs/0005246_bordure-en-acier-galvanise-15025-x-2500mm.jpeg
1675;Bordure en acier Corten® 150/25 x 2500mm;1;https://www.aciersgrosjean.be/images/thumbs/0005238_bordure-en-acier-corten-15025-x-2500mm_625.jpeg
1675;Bordure en acier Corten® 150/25 x 2500mm;2;https://www.aciersgrosjean.be/images/thumbs/0005238_bordure-en-acier-corten-15025-x-2500mm.jpeg
1675;Bordure en acier Corten® 150/25 x 2500mm;3;https://www.aciersgrosjean.be/images/thumbs/0005239_bordure-en-acier-corten-15025-x-2500mm.jpeg
