ID;URL;Chemin;Page;H1_ou_nom;Type;Parent;Template;Accessible;Sitemap;Priorite;Title;MetaDescLen;H1;Canonical;Lastmod;ProfondeurBC;Donnees;URL_cible_recommandee;Action_recommandee
U001;https://www.aciersgrosjean.be/;/;Accueil;Spécialiste de l’acier pour les pros et particuliers - Aciers Grosjean;homepage;—;T01 Homepage;200;oui;P0;Spécialiste de l’acier pour les pros et particuliers;163;0;absente;09-09-26;0;;/;conserver
U002;https://www.aciersgrosjean.be/acier;/acier;Acier;Acier;category;Accueil;T02 Catégorie parent;200;oui;P0;Acier;0;1;self;09-07-26;2;s5~p6~pg49~dc179;/acier;conserver
U003;https://www.aciersgrosjean.be/armature-béton-2;/armature-béton-2;Armature béton;Armature béton — ronds, treillis & façonnage sur mesure;subcategory;Acier;T02 Catégorie parent;200;oui;P1;Armature béton;0;1;self;07-07-26;3;s5~p6~pg5~dc410;/acier/armatures-beton;301
U004;https://www.aciersgrosjean.be/rond-à-béton-crénélé-à-froid;/rond-à-béton-crénélé-à-froid;Rond à béton crénélé à froid;Rond à béton crénelé à froid – Acier haute adhérence;subcategory;Armature béton;T03 Catégorie feuille;200;oui;P1;Rond à béton crénelé à froid – Acier haute adhérence;253;1;self;22-05-26;4;s0~p1~pg1~dc775;/acier/armatures-beton/rond-a-beton-lamine-a-froid;301
U005;https://www.aciersgrosjean.be/rond-à-béton-crénélé-à-chaud;/rond-à-béton-crénélé-à-chaud;Rond à béton crénélé à chaud;Rond à béton crénelé à chaud – Fer à béton armature;subcategory;Armature béton;T03 Catégorie feuille;200;oui;P1;Rond à béton crénelé à chaud – Fer à béton armature;255;1;self;22-05-26;4;s0~p6~pg1~dc771;/acier/armatures-beton/rond-a-beton-lamine-a-chaud;301
U006;https://www.aciersgrosjean.be/treillis-soudés-2;/treillis-soudés-2;Treillis soudés;Treillis soudé pour béton armé – Panneaux bruts et galvanisés;subcategory;Armature béton;T03 Catégorie feuille;200;oui;P1;Treillis soudé pour béton armé – panneaux acier;219;1;self;22-05-26;4;s0~p6~pg3~dc735;/acier/armatures-beton/treillis-soudes;301
U007;https://www.aciersgrosjean.be/treillis-soudés-avec-dépassants;/treillis-soudés-avec-dépassants;Treillis soudés avec dépassants;Treillis soudé avec dépassants Armature béton prête à l’emploi;subcategory;Armature béton;T03 Catégorie feuille;200;oui;P1;Treillis soudé avec dépassants – panneau béton armé;224;1;self;22-05-26;4;s0~p4~pg1~dc862;/acier/armatures-beton/treillis-soudes-depassants;301
U008;https://www.aciersgrosjean.be/coupé-plié-2;/coupé-plié-2;Coupé plié;Façonnage d'Acier : Coupé-Plié et Assemblage sur Mesure;subcategory;Armature béton;T03 Catégorie feuille;200;oui;P2;Coupé-Plié et Armatures Assemblées sur Mesure | Aciers Grosjean;223;1;self;22-05-26;4;s0~p0~pg1~dc794;/services/coupe-plie-armatures;301 (page de contenu à réalimenter ou fusionner)
U009;https://www.aciersgrosjean.be/produit-long-3;/produit-long-3;Produit long;Produits longs : cornières, fers U et T, plats & ronds;subcategory;Acier;T02 Catégorie parent;200;oui;P1;Produit long;0;1;self;07-07-26;3;s8~p6~pg13~dc431;/acier/profiles;301
U010;https://www.aciersgrosjean.be/fer-en-u;/fer-en-u;Fer en U;Fer en U;subcategory;Produit long;T03 Catégorie feuille;200;oui;P2;Fer en U;0;1;self;08-05-25;4;s0~p0~pg1~dc0;/acier/profiles;301 (fusion : catégorie vide)
U011;https://www.aciersgrosjean.be/carré-plein;/carré-plein;Carré plein;Carré plein;subcategory;Produit long;T03 Catégorie feuille;200;oui;P1;Carré plein;0;1;self;08-05-25;4;s0~p6~pg2~dc0;/acier/profiles/carre-plein;301
U012;https://www.aciersgrosjean.be/cornière-égale-en-acier-laminé-à-chaud;/cornière-égale-en-acier-laminé-à-chaud;Cornière égale en acier laminé à chaud;Cornière égale en acier laminé à chaud – S235JR;subcategory;Produit long;T03 Catégorie feuille;200;oui;P1;Cornière égale en acier laminé à chaud – S235JR;176;1;self;21-10-25;4;s0~p6~pg2~dc445;/acier/profiles/corniere-egale;301
U013;https://www.aciersgrosjean.be/large-plat-en-acier-laminé-à-chaud;/large-plat-en-acier-laminé-à-chaud;Large plat en acier laminé à chaud;Large plat en acier laminé à chaud;subcategory;Produit long;T03 Catégorie feuille;200;oui;P1;Large plat en acier laminé à chaud;0;1;self;08-05-25;4;s0~p3~pg1~dc0;/acier/profiles/large-plat;301
U014;https://www.aciersgrosjean.be/plat-en-acier-laminé-à-chaud;/plat-en-acier-laminé-à-chaud;Plat en acier laminé à chaud;Plat en acier laminé à chaud;subcategory;Produit long;T03 Catégorie feuille;200;oui;P1;Plat en acier laminé à chaud;0;1;self;17-10-25;4;s0~p6~pg7~dc0;/acier/profiles/plat;301
U015;https://www.aciersgrosjean.be/cornière-inégale-en-acier-laminé-à-chaud;/cornière-inégale-en-acier-laminé-à-chaud;Cornière inégale en acier laminé à chaud;Cornière inégale en acier laminé à chaud;subcategory;Produit long;T03 Catégorie feuille;200;oui;P1;Cornière inégale en acier laminé à chaud;0;1;self;23-06-25;4;s0~p5~pg1~dc0;/acier/profiles/corniere-inegale;301
U016;https://www.aciersgrosjean.be/rond-plein-lisse;/rond-plein-lisse;Rond plein lisse;Rond plein lisse;subcategory;Produit long;T03 Catégorie feuille;200;oui;P1;Rond plein lisse;0;1;self;08-05-25;4;s0~p6~pg2~dc0;/acier/profiles/rond-plein;301
U017;https://www.aciersgrosjean.be/fer-t-ok-2;/fer-t-ok-2;Fer T;Fer T;subcategory;Produit long;T03 Catégorie feuille;200;oui;P1;Fer T;0;1;self;08-05-25;4;s0~p5~pg1~dc0;/acier/profiles/fer-t;301
U018;https://www.aciersgrosjean.be/tube-3;/tube-3;Tube;Tubes acier ronds, carrés et rectangulaires;subcategory;Acier;T02 Catégorie parent;200;oui;P1;Tube;0;1;self;07-07-26;3;s3~p6~pg12~dc349;/acier/tubes;301
U019;https://www.aciersgrosjean.be/tube-rond-acier;/tube-rond-acier;Tube rond acier;Tube rond en acier – Résistant, polyvalent et prêt à l’emploi;subcategory;Tube;T03 Catégorie feuille;200;oui;P1;Tube rond en acier – Résistant, polyvalent et prêt à l’emploi;242;1;self;29-04-26;4;s0~p6~pg2~dc665;/acier/tubes/tube-rond;301
U020;https://www.aciersgrosjean.be/tube-rectangle-acier;/tube-rectangle-acier;Tube rectangle acier;Tube rectangulaire acier – Robustesse et performance pour vos constructions;subcategory;Tube;T03 Catégorie feuille;200;oui;P1;Tube rectangulaire acier – Robustesse et performance pour vos constructions;157;1;self;29-04-26;4;s0~p6~pg4~dc950;/acier/tubes/tube-rectangulaire;301
U021;https://www.aciersgrosjean.be/tube-carré-acier-3;/tube-carré-acier-3;Tube carré acier;Tube carré acier;subcategory;Tube;T03 Catégorie feuille;200;oui;P1;Tube carré en acier – Robuste, polyvalent et disponible sur mesure;187;1;self;29-04-26;4;s0~p6~pg6~dc739;/acier/tubes/tube-carre;301
U022;https://www.aciersgrosjean.be/tôle-3;/tôle-3;Tôle;Tôles et Plaques en Acier – Vente en ligne et sur mesure;subcategory;Acier;T02 Catégorie parent;200;oui;P1;Tôles et Plaques en Acier – Vente en ligne et sur mesure;180;1;self;29-04-26;3;s9~p6~pg13~dc615;/acier/toles;301
U023;https://www.aciersgrosjean.be/tôle-laminé-à-chaud;/tôle-laminé-à-chaud;Tôle laminé à chaud;Tôle laminée à chaud S235JR – Acier de construction polyvalent;subcategory;Tôle;T03 Catégorie feuille;200;oui;P1;Tôle laminée à chaud S235JR – Acier de construction;158;1;self;22-05-26;4;s0~p6~pg6~dc590;/acier/toles/tole-laminee-a-chaud;301
U024;https://www.aciersgrosjean.be/tôle-larmée-en-acier;/tôle-larmée-en-acier;Tôle larmée en acier;Tôle larmée en acier – Antidérapante et robuste;subcategory;Tôle;T03 Catégorie feuille;200;oui;P1;Tôle larmée en acier – Antidérapante et robuste;206;1;self;22-05-26;4;s0~p6~pg1~dc645;/acier/toles/tole-larmee;301
U025;https://www.aciersgrosjean.be/tôle-galvanisée;/tôle-galvanisée;Tôle galvanisée;Tôle galvanisée - Protection contre la corrosion et la rouille;subcategory;Tôle;T03 Catégorie feuille;200;oui;P1;Tôle galvanisée - Protection contre la corrosion et la rouille;0;1;self;22-05-26;4;s0~p6~pg2~dc654;/acier/toles/tole-galvanisee;301
U026;https://www.aciersgrosjean.be/tôle-électrozinguée;/tôle-électrozinguée;Tôle électrozinguée;Tôle électrozinguée;subcategory;Tôle;T03 Catégorie feuille;200;oui;P2;Tôle électrozinguée;0;1;self;22-05-26;4;s0~p0~pg1~dc611;/acier/toles/tole-electrozinguee;301 (page de contenu à réalimenter ou fusionner)
U027;https://www.aciersgrosjean.be/tôle-quarto;/tôle-quarto;Tôle quarto;Tôle quarto - Grande résistance mécanique;subcategory;Tôle;T03 Catégorie feuille;200;oui;P1;Tôle quarto;0;1;self;22-05-26;4;s0~p1~pg1~dc576;/acier/toles/tole-quarto;301
U028;https://www.aciersgrosjean.be/tôle-corten;/tôle-corten;Tôle Corten;Tôle Corten - L'acier qui rouille... naturellement !;subcategory;Tôle;T03 Catégorie feuille;200;oui;P1;Tôle Corten;0;1;self;22-05-26;4;s0~p5~pg1~dc956;/acier/toles/tole-corten;301
U029;https://www.aciersgrosjean.be/tôle-décapée;/tôle-décapée;Tôle décapée;Tôle décapée - Meilleure usinabilité;subcategory;Tôle;T03 Catégorie feuille;200;oui;P2;Tôle décapée;0;1;self;22-05-26;4;s0~p0~pg1~dc654;/acier/toles/tole-decapee;301 (page de contenu à réalimenter ou fusionner)
U030;https://www.aciersgrosjean.be/tôle-laminé-à-froid-6;/tôle-laminé-à-froid-6;Tôle laminé à froid;Tôle laminée à froid S235JR - Acier de précision;subcategory;Tôle;T03 Catégorie feuille;200;oui;P1;tôle laminée à froid - Acier de précision;196;1;self;22-05-26;4;s0~p6~pg2~dc684;/acier/toles/tole-laminee-a-froid;301
U031;https://www.aciersgrosjean.be/tôle-perforée;/tôle-perforée;Tôle perforée;Tôles Perforées en Acier et Acier Galvanisé : Trous Ronds, Carrés et Aléatoires;subcategory;Tôle;T03 Catégorie feuille;200;oui;P1;Tôles Perforées Acier & Galva | Ronds, Carrés, Aléatoires | Aciers Grosjean;198;1;self;22-05-26;4;s0~p6~pg2~dc610;/acier/toles/tole-perforee;301
U032;https://www.aciersgrosjean.be/poutrelle-4;/poutrelle-4;Poutrelle;Poutrelle acier – Solidité et polyvalence pour toutes vos constructions;subcategory;Acier;T02 Catégorie parent;200;oui;P1;Poutrelle acier – Solidité et polyvalence pour toutes vos constructions;0;1;self;07-07-26;3;s5~p6~pg8~dc510;/acier/poutrelles;301
U033;https://www.aciersgrosjean.be/poutrelle-ipe-2;/poutrelle-ipe-2;Poutrelle IPE;Poutrelle en acier pour la construction IPE;subcategory;Poutrelle;T03 Catégorie feuille;200;oui;P1;Poutrelle IPE en acier – Profilé en I pour constructions légères;205;1;self;08-06-26;4;s0~p6~pg2~dc687;/acier/poutrelles/ipe;301
U034;https://www.aciersgrosjean.be/poutrelle-hem;/poutrelle-hem;Poutrelle HEM;Poutrelle HEM en acier : performance maximale pour vos structures lourdes;subcategory;Poutrelle;T03 Catégorie feuille;200;oui;P2;Poutrelle HEM en acier : performance maximale pour vos structures lourdes;188;1;self;08-06-26;4;s0~p0~pg1~dc803;/acier/poutrelles/hem;301 (page de contenu à réalimenter ou fusionner)
U035;https://www.aciersgrosjean.be/poutrelle-hea;/poutrelle-hea;Poutrelle HEA;Poutrelle HEA en acier : robustesse et polyvalence pour vos constructions;subcategory;Poutrelle;T03 Catégorie feuille;200;oui;P1;Poutrelle HEA en acier : robustesse et polyvalence pour vos constructions;211;1;self;08-06-26;4;s0~p6~pg2~dc813;/acier/poutrelles/hea;301
U036;https://www.aciersgrosjean.be/poutrelle-heb;/poutrelle-heb;Poutrelle HEB;Poutrelle HEB en acier : performance et endurance pour charges lourdes;subcategory;Poutrelle;T03 Catégorie feuille;200;oui;P1;Poutrelle HEB en acier : performance et endurance pour charges lourdes;200;1;self;08-06-26;4;s0~p6~pg2~dc715;/acier/poutrelles/heb;301
U037;https://www.aciersgrosjean.be/poutrelle-upn;/poutrelle-upn;Poutrelle UPN;Poutrelle UPN en acier : robustesse et polyvalence pour vos structures métalliques;subcategory;Poutrelle;T03 Catégorie feuille;200;oui;P1;Poutrelle UPN en acier : robustesse et polyvalence pour vos structures métalliques;213;1;self;08-06-26;4;s0~p6~pg2~dc779;/acier/poutrelles/upn;301
U038;https://www.aciersgrosjean.be/temp;/temp;temp;temp;category;Accueil;T03 Catégorie feuille;200;oui;P3;temp;0;1;self;0001-01-01;2;s0~p0~pg1~dc0;/;301 (fusion : catégorie vide)
U039;https://www.aciersgrosjean.be/aluminium;/aluminium;Aluminium;Aluminium;category;Accueil;T02 Catégorie parent;200;oui;P0;Aluminium;0;1;self;09-07-26;2;s3~p6~pg11~dc154;/aluminium;conserver
U040;https://www.aciersgrosjean.be/tole-alu-2;/tole-alu-2;Tole Alu;Tole Alu;subcategory;Aluminium;T02 Catégorie parent;200;oui;P1;Tôles en Aluminium : Planes & Striées sur Mesure | Grosjean;157;1;self;08-06-26;3;s3~p6~pg3~dc790;/aluminium/toles;301
U041;https://www.aciersgrosjean.be/tôle-striée-en-aluminium;/tôle-striée-en-aluminium;Tôle striée en aluminium;Tôle striée en aluminium;subcategory;Tole Alu;T03 Catégorie feuille;200;oui;P1;Tôle Striée Aluminium (2,5/4 à 5/7mm) Antidérapante | Grosjean;162;1;self;08-06-26;4;s0~p6~pg2~dc752;/aluminium/toles/tole-striee;301
U042;https://www.aciersgrosjean.be/tôle-plane-en-aluminium-2;/tôle-plane-en-aluminium-2;Tôle plane en Aluminium;Tôle plane en Aluminium;subcategory;Tole Alu;T03 Catégorie feuille;200;oui;P1;Tôle Plane en Aluminium sur Mesure | Aciers Grosjean;159;1;self;08-06-26;4;s0~p6~pg2~dc693;/aluminium/toles/tole-plane;301
U043;https://www.aciersgrosjean.be/tôle-bouchonnée-en-aluminium;/tôle-bouchonnée-en-aluminium;Tôle bouchonnée en aluminium;Tôle bouchonnée en aluminium;subcategory;Tole Alu;T03 Catégorie feuille;200;oui;P2;Tôle bouchonnée en aluminium;0;1;self;15-12-25;4;s0~p0~pg1~dc0;/aluminium/toles;301 (fusion : catégorie vide)
U044;https://www.aciersgrosjean.be/produit-long-en-aluminium;/produit-long-en-aluminium;Produit long en Aluminium;Profilés aluminium : cornières, U, T, ronds, carrés & plats;subcategory;Aluminium;T02 Catégorie parent;200;oui;P1;Produit long en Aluminium;0;1;self;07-07-26;3;s7~p6~pg5~dc412;/aluminium/profiles;301
U045;https://www.aciersgrosjean.be/cornière-inégale-en-aluminium;/cornière-inégale-en-aluminium;Cornière inégale en aluminium;Cornière inégale en aluminium;subcategory;Produit long en Aluminium;T03 Catégorie feuille;200;oui;P2;Cornière inégale en aluminium;0;1;self;15-12-25;4;s0~p0~pg1~dc0;/aluminium/profiles;301 (fusion : catégorie vide)
U046;https://www.aciersgrosjean.be/cornière-égale-en-aluminium;/cornière-égale-en-aluminium;Cornière égale en aluminium;Cornière égale en aluminium;subcategory;Produit long en Aluminium;T03 Catégorie feuille;200;oui;P1;Cornière égale en aluminium;0;1;self;15-12-25;4;s0~p6~pg2~dc0;/aluminium/profiles/corniere-egale;301
U047;https://www.aciersgrosjean.be/profil-en-u-en-aluminium;/profil-en-u-en-aluminium;Profil en U en Aluminium;Profil en U en Aluminium;subcategory;Produit long en Aluminium;T03 Catégorie feuille;200;oui;P1;Profil en U en Aluminium;0;1;self;17-12-25;4;s0~p4~pg1~dc0;/aluminium/profiles/profil-u;301
U048;https://www.aciersgrosjean.be/profil-rond-lisse-en-aluminium;/profil-rond-lisse-en-aluminium;Profil rond lisse en aluminium;Profil rond lisse en aluminium;subcategory;Produit long en Aluminium;T03 Catégorie feuille;200;oui;P2;Profil rond lisse en aluminium;0;1;self;17-12-25;4;s0~p0~pg1~dc0;/aluminium/profiles;301 (fusion : catégorie vide)
U049;https://www.aciersgrosjean.be/carré-plein-en-aluminium;/carré-plein-en-aluminium;Carré plein en aluminium;Profil carré plein en aluminium – robuste, polyvalent et résistant;subcategory;Produit long en Aluminium;T03 Catégorie feuille;200;oui;P2;Carré plein en aluminium;0;1;self;18-12-25;4;s0~p0~pg1~dc150;/aluminium/profiles/carre-plein;301 (page de contenu à réalimenter ou fusionner)
U050;https://www.aciersgrosjean.be/profil-en-t-en-aluminium;/profil-en-t-en-aluminium;Profil en T en aluminium;Profil en T en aluminium - Léger, résistant & polyvalent;subcategory;Produit long en Aluminium;T03 Catégorie feuille;200;oui;P1;Profil en T en aluminium;0;1;self;18-12-25;4;s0~p3~pg1~dc141;/aluminium/profiles/profil-t;301
U051;https://www.aciersgrosjean.be/plat-en-aluminium;/plat-en-aluminium;Plat en aluminium;Profil plat en aluminium – léger, robuste et polyvalent.;subcategory;Produit long en Aluminium;T03 Catégorie feuille;200;oui;P1;Plat en aluminium;0;1;self;18-12-25;4;s0~p6~pg2~dc136;/aluminium/profiles/plat;301
U052;https://www.aciersgrosjean.be/tube-alu;/tube-alu;Tube Alu;Tubes aluminium : rond, carré, rectangulaire;subcategory;Aluminium;T02 Catégorie parent;200;oui;P1;Tube Alu;0;1;self;07-07-26;3;s3~p6~pg3~dc382;/aluminium/tubes;301
U053;https://www.aciersgrosjean.be/tube-rectangle-en-aluminium;/tube-rectangle-en-aluminium;Tube rectangle en aluminium;Tube rectangle en aluminium - Robuste, léger et polyvalent;subcategory;Tube Alu;T03 Catégorie feuille;200;oui;P1;Tube rectangle en aluminium;0;1;self;19-12-25;4;s0~p5~pg1~dc265;/aluminium/tubes/tube-rectangulaire;301
U054;https://www.aciersgrosjean.be/tube-carré-en-aluminium;/tube-carré-en-aluminium;Tube carré en aluminium;Tube carré en aluminium - Robuste, léger et polyvalent;subcategory;Tube Alu;T03 Catégorie feuille;200;oui;P1;Tube carré en aluminium;0;1;self;19-12-25;4;s0~p6~pg2~dc261;/aluminium/tubes/tube-carre;301
U055;https://www.aciersgrosjean.be/tube-rond-en-aluminium;/tube-rond-en-aluminium;Tube rond en aluminium;Tube rond en aluminium - légèreté, résistance à la corrosion et durabilité;subcategory;Tube Alu;T03 Catégorie feuille;200;oui;P1;Tube rond en aluminium;0;1;self;19-12-25;4;s0~p5~pg1~dc193;/aluminium/tubes/tube-rond;301
U056;https://www.aciersgrosjean.be/inox;/inox;Inox;Inox;category;Accueil;T02 Catégorie parent;200;oui;P0;Inox;0;1;self;09-07-26;2;s3~p6~pg8~dc182;/inox;conserver
U057;https://www.aciersgrosjean.be/tôle-inox;/tôle-inox;Tôle Inox;Tôles inox — planes & grain 320 brossé;subcategory;Inox;T02 Catégorie parent;200;oui;P1;Tôle Inox;0;1;self;07-07-26;3;s1~p6~pg2~dc318;/inox/toles;301
U058;https://www.aciersgrosjean.be/tôle-plane-en-inox-304-gr320;/tôle-plane-en-inox-304-gr320;Tôle plane en Inox 304 GR320;Tôle Inox 304L – Finition Brossée Grain 320;subcategory;Tôle Inox;T03 Catégorie feuille;200;oui;P1;Tôle plane en Inox 304 GR320;0;1;self;08-01-26;4;s0~p6~pg2~dc287;/inox/toles/tole-plane-304-brossee;301
U059;https://www.aciersgrosjean.be/produit-long-inox;/produit-long-inox;Produit long Inox;Produits longs inox : rond, cornières & plat;subcategory;Inox;T02 Catégorie parent;200;oui;P1;Produit long Inox;0;1;self;07-07-26;3;s3~p6~pg3~dc357;/inox/profiles;301
U060;https://www.aciersgrosjean.be/rond-plein-lisse-en-inox;/rond-plein-lisse-en-inox;Rond plein lisse en Inox;Rond plein lisse en Inox 304 | Haute Qualité;subcategory;Produit long Inox;T03 Catégorie feuille;200;oui;P1;Rond plein lisse en Inox;0;1;self;09-01-26;4;s0~p3~pg1~dc296;/inox/profiles/rond-plein;301
U061;https://www.aciersgrosjean.be/cornière-égale-en-inox;/cornière-égale-en-inox;Cornière égale en Inox;Cornière égale en Inox 304 – Rigidité et Protection Durable;subcategory;Produit long Inox;T03 Catégorie feuille;200;oui;P1;Cornière égale en Inox;0;1;self;09-01-26;4;s0~p5~pg1~dc252;/inox/profiles/corniere-egale;301
U062;https://www.aciersgrosjean.be/plat-en-inox;/plat-en-inox;Plat en Inox;Plat en Inox 304 – La référence pour vos finitions et structures;subcategory;Produit long Inox;T03 Catégorie feuille;200;oui;P1;Plat en Inox;0;1;self;09-01-26;4;s0~p6~pg2~dc304;/inox/profiles/plat;301
U063;https://www.aciersgrosjean.be/tube-inox;/tube-inox;Tube Inox;Tubes inox ronds, carrés et rectangulaires;subcategory;Inox;T02 Catégorie parent;200;oui;P1;Tube Inox;0;1;self;07-07-26;3;s3~p6~pg3~dc356;/inox/tubes;301
U064;https://www.aciersgrosjean.be/tube-rond-en-inox;/tube-rond-en-inox;Tube rond en Inox;Tube inox rond – performance et longévité au service des professionnels;subcategory;Tube Inox;T03 Catégorie feuille;200;oui;P1;Tube inox rond – robustesse et esthétisme pour vos projets professionnels;181;1;self;09-01-26;4;s0~p6~pg2~dc684;/inox/tubes/tube-rond;301
U065;https://www.aciersgrosjean.be/tube-rectangle-en-inox;/tube-rectangle-en-inox;Tube rectangle en Inox;Tube inox rectangulaire – la solution solide et polyvalente;subcategory;Tube Inox;T03 Catégorie feuille;200;oui;P1;Tube inox rectangulaire – résistance et polyvalence;190;1;self;09-01-26;4;s0~p1~pg1~dc580;/inox/tubes/tube-rectangulaire;301
U066;https://www.aciersgrosjean.be/tube-carré-en-inox;/tube-carré-en-inox;Tube carré en Inox;Tube inox carré – précision et solidité pour vos projets;subcategory;Tube Inox;T03 Catégorie feuille;200;oui;P1;Tube inox carré – robustesse et précision pour vos structures;183;1;self;09-01-26;4;s0~p6~pg1~dc631;/inox/tubes/tube-carre;301
U067;https://www.aciersgrosjean.be/toiture-bardage-2;/toiture-bardage-2;Toiture & Bardage;Toiture & Bardage;category;Accueil;T02 Catégorie parent;200;oui;P0;Toiture & Bardage;0;1;self;09-07-26;2;s6~p6~pg3~dc191;/toiture-bardage;301
U068;https://www.aciersgrosjean.be/tôle-profilée-non-isolée;/tôle-profilée-non-isolée;Tôle profilée non isolée;Tôle profilée non isolée : L'efficacité au meilleur prix;subcategory;Toiture & Bardage;T02 Catégorie parent;200;oui;P1;Tôle profilée non isolée;0;1;self;03-07-26;3;s2~p6~pg2~dc1043;/toiture-bardage/toles-profilees;301
U069;https://www.aciersgrosjean.be/toiture;/toiture;Toiture;Tôles profilées non isolées pour toiture;subcategory;Tôle profilée non isolée;T02 Catégorie parent;200;oui;P1;Toiture;0;1;self;06-07-26;4;s4~p6~pg2~dc380;/toiture-bardage/toles-profilees;301
U070;https://www.aciersgrosjean.be/profil-302001000;/profil-302001000;Profil 30.200.1000;Tôle profilée 30.200.1000 : Toiture et Bardage sur mesure;subcategory;Toiture;T03 Catégorie feuille;200;oui;P1;Profil 30.200.1000;0;1;self;03-07-26;5;s0~p6~pg2~dc906;/toiture-bardage/toles-profilees/profil-30-200-1000;301
U071;https://www.aciersgrosjean.be/panneau-tuile;/panneau-tuile;Panneau tuile;Panneau-tuiles acier — l'aspect tuile, la légèreté de l'acier;subcategory;Toiture;T03 Catégorie feuille;200;oui;P2;Panneau tuile;0;1;self;07-07-26;5;s0~p0~pg1~dc1080;/toiture-bardage/panneau-tuile;301 (page de contenu à réalimenter ou fusionner)
U072;https://www.aciersgrosjean.be/non-isolé;/non-isolé;Non isolé;Non isolé;subcategory;Toiture;T03 Catégorie feuille;200;oui;P2;Non isolé;0;1;self;0001-01-01;5;s0~p0~pg1~dc0;/toiture-bardage/toles-profilees;301 (fusion : catégorie vide)
U073;https://www.aciersgrosjean.be/anti-condensation;/anti-condensation;Anti-condensation;Anti-condensation;subcategory;Toiture;T03 Catégorie feuille;200;oui;P2;Anti-condensation;0;1;self;0001-01-01;5;s0~p0~pg1~dc0;/toiture-bardage/toles-profilees/feutre-anti-condensation;301 (fusion : catégorie vide)
U074;https://www.aciersgrosjean.be/bardage;/bardage;Bardage;Bardage acier — habillage de façade durable;subcategory;Tôle profilée non isolée;T02 Catégorie parent;200;oui;P1;Bardage;0;1;self;06-07-26;4;s3~p2~pg1~dc572;/toiture-bardage/bardage;301
U075;https://www.aciersgrosjean.be/imitation-bois;/imitation-bois;Imitation bois;Parement imitation bois | Chaleur du Bois - Durabilité de l'Acier;subcategory;Bardage;T03 Catégorie feuille;200;oui;P1;Bardage Métallique Imitation Bois 40x40 & 20x20 | Aciers Grosjean;300;1;self;06-07-26;5;s0~p2~pg1~dc888;/toiture-bardage/bardage/imitation-bois;301
U076;https://www.aciersgrosjean.be/isolée;/isolée;Isolée;Isolée;subcategory;Bardage;T03 Catégorie feuille;200;oui;P2;Isolée;0;1;self;0001-01-01;5;s0~p0~pg1~dc0;/toiture-bardage/panneaux-isoles;301 (fusion : catégorie vide)
U077;https://www.aciersgrosjean.be/non-isolée;/non-isolée;Non-isolée;Non-isolée;subcategory;Bardage;T03 Catégorie feuille;200;oui;P2;Non-isolée;0;1;self;0001-01-01;5;s0~p0~pg1~dc0;/toiture-bardage/bardage;301 (fusion : catégorie vide)
U078;https://www.aciersgrosjean.be/panneau-isolé;/panneau-isolé;Panneau isolé;"Tôles Isolées : Le confort thermique ""Tout-en-Un""";subcategory;Toiture & Bardage;T02 Catégorie parent;200;oui;P1;Panneau isolé;0;1;self;29-04-26;3;s1~p6~pg2~dc592;/toiture-bardage/panneaux-isoles;301
U079;https://www.aciersgrosjean.be/toiture-isolée;/toiture-isolée;Toiture isolée;Toiture Isolée : Alliez Étanchéité et Confort Thermique;subcategory;Panneau isolé;T02 Catégorie parent;200;oui;P1;Toiture isolée;0;1;self;29-04-26;4;s2~p6~pg2~dc607;/toiture-bardage/panneaux-isoles;301
U080;https://www.aciersgrosjean.be/panneau-eco;/panneau-eco;Panneau ECO;Panneau ECO Toiture Lattonedil Eurocopre® Monolamiera;subcategory;Toiture isolée;T03 Catégorie feuille;200;oui;P1;Panneau ECO;0;1;self;30-01-26;5;s0~p6~pg2~dc267;/toiture-bardage/panneaux-isoles/eurocopre-monolamiera-eco;301
U081;https://www.aciersgrosjean.be/ttack-toiture-plate;/ttack-toiture-plate;TTack – toiture plate;Lattonedil TTack® : L’Innovation Ultime pour Toitures Plates sans Membrane;subcategory;Toiture isolée;T03 Catégorie feuille;200;oui;P2;Lattonedil TTack | Panneau Toiture Plate sans Membrane (1% de pente);174;2;self;29-04-26;5;s0~p0~pg1~dc579;/toiture-bardage/panneaux-isoles/ttack-toiture-plate;301 (page de contenu à réalimenter ou fusionner)
U082;https://www.aciersgrosjean.be/tôle-profilée-non-isolée-avec-feutre-régulateur-de-condensation;/tôle-profilée-non-isolée-avec-feutre-régulateur-de-condensation;Tôle profilée non isolée avec feutre régulateur de condensation;Tôle profilée — feutre régulateur de condensation;subcategory;Toiture & Bardage;T03 Catégorie feuille;200;oui;P2;Tôle profilée non isolée avec feutre régulateur de condensation;0;1;self;07-07-26;3;s0~p0~pg1~dc501;/toiture-bardage/toles-profilees/feutre-anti-condensation;301 (page de contenu à réalimenter ou fusionner)
U083;https://www.aciersgrosjean.be/catalogue-toiture-et-bardage;/catalogue-toiture-et-bardage;Catalogue toiture bardage;Catalogue Toiture & Bardage : tôles, panneaux isolés & fiches techniques;subcategory;Toiture & Bardage;T03 Catégorie feuille;200;oui;P2;Catalogue toiture bardage;0;1;self;08-07-26;3;s0~p0~pg1~dc2556;/documentation/toiture-bardage;301 (page de contenu à réalimenter ou fusionner)
U084;https://www.aciersgrosjean.be/panneau-tuile-2;/panneau-tuile-2;Panneau-tuile;Panneau-tuile;subcategory;Toiture & Bardage;T02 Catégorie parent;200;oui;P1;Panneau-tuile;0;1;self;0001-01-01;3;s2~p0~pg1~dc0;/toiture-bardage/panneau-tuile;301 (fusion : catégorie vide)
U085;https://www.aciersgrosjean.be/non-isolé-tuile;/non-isolé-tuile;Non-isolé tuile;Non-isolé tuile;subcategory;Panneau-tuile;T03 Catégorie feuille;200;oui;P2;Non-isolé tuile;0;1;self;0001-01-01;4;s0~p0~pg1~dc0;/toiture-bardage/panneau-tuile;301 (fusion : catégorie vide)
U086;https://www.aciersgrosjean.be/isolé;/isolé;Isolé;Isolé;subcategory;Panneau-tuile;T03 Catégorie feuille;200;oui;P2;Isolé;0;1;self;0001-01-01;4;s0~p0~pg1~dc0;/toiture-bardage/panneau-tuile;301 (fusion : catégorie vide)
U087;https://www.aciersgrosjean.be/tôle-profilée-tuile;/tôle-profilée-tuile;Tôle profilée tuile;Tôle profilée tuile;subcategory;Toiture & Bardage;T03 Catégorie feuille;200;oui;P2;Tôle profilée tuile;0;1;self;0001-01-01;3;s0~p0~pg1~dc0;/toiture-bardage/panneau-tuile;301 (fusion : catégorie vide)
U088;https://www.aciersgrosjean.be/clôture-jardin-2;/clôture-jardin-2;Clôture & jardin;Clôtures Rigides : Sécurité et Qualité chez Aciers Grosjean;category;Accueil;T02 Catégorie parent;200;oui;P0;Clôture & jardin;0;1;self;09-07-26;2;s2~p6~pg7~dc182;/jardin-cloture;301
U089;https://www.aciersgrosjean.be/clôture;/clôture;Clôture;Ensembles Clôtures, Poteaux et Fixations : La Solution Complète Aciers Grosjean;subcategory;Clôture & jardin;T02 Catégorie parent;200;oui;P1;Clôture;0;1;self;29-04-26;3;s3~p6~pg6~dc388;/jardin-cloture/clotures;301
U090;https://www.aciersgrosjean.be/fixation-clôture;/fixation-clôture;Fixation clôture;Fixations et Accessoires de Clôture : Quincaillerie de Pose Professionnelle;subcategory;Clôture;T03 Catégorie feuille;200;oui;P1;Fixation clôture;0;1;self;09-07-26;4;s0~p5~pg1~dc442;/jardin-cloture/clotures/fixations;301
U091;https://www.aciersgrosjean.be/panneaux-clôture;/panneaux-clôture;Panneaux clôture;Clôtures Rigides : Sécurité et Qualité chez Aciers Grosjean;subcategory;Clôture;T03 Catégorie feuille;200;oui;P1;Panneaux clôture;0;1;self;09-07-26;4;s0~p6~pg3~dc431;/jardin-cloture/clotures/panneaux-rigides;301
U092;https://www.aciersgrosjean.be/poteaux-clôture;/poteaux-clôture;Poteaux clôture;Poteaux de Clôture en Acier : Robustesse et Systèmes de Fixation Professionnels;subcategory;Clôture;T03 Catégorie feuille;200;oui;P1;Poteaux clôture;0;1;self;09-07-26;4;s0~p6~pg3~dc436;/jardin-cloture/clotures/poteaux;301
U093;https://www.aciersgrosjean.be/aménagement;/aménagement;Aménagement;Aménagement Extérieur & Design de Jardin | L'Acier au Service de vos Espaces Verts;subcategory;Clôture & jardin;T02 Catégorie parent;200;oui;P1;Aménagement Jardin en Acier & Corten | Aciers Grosjean;151;1;self;13-04-26;3;s1~p2~pg1~dc709;/jardin-cloture/amenagement;301
U094;https://www.aciersgrosjean.be/bordure-corten-et-galva;/bordure-corten-et-galva;Bordure Corten et Galva;Bordures de jardins | Le choix de l'acier Corten ou galvanisé pour la longévité;subcategory;Aménagement;T03 Catégorie feuille;200;oui;P1;Bordure Corten et Galva;0;1;self;24-04-26;4;s0~p2~pg1~dc0;/jardin-cloture/amenagement/bordures;301
U095;https://www.aciersgrosjean.be/quincaillerie-ferronnerie-2;/quincaillerie-ferronnerie-2;Quincaillerie & ferronnerie;Quincaillerie & ferronnerie;category;Accueil;T02 Catégorie parent;200;oui;P0;Quincaillerie & ferronnerie;0;1;self;09-07-26;2;s1~p6~pg8~dc196;/quincaillerie;301
U096;https://www.aciersgrosjean.be/quincaillerie;/quincaillerie;Quincaillerie;Quincaillerie | Solutions de Montage, Finition et Protection pour l'Acier;subcategory;Quincaillerie & ferronnerie;T02 Catégorie parent;200;oui;P1;Quincaillerie;0;1;self;29-04-26;3;s4~p6~pg8~dc175;/quincaillerie;conserver
U097;https://www.aciersgrosjean.be/visserie-2;/visserie-2;Visserie;Visserie et Fixations pour Toiture : La performance au service de vos travaux;subcategory;Quincaillerie;T03 Catégorie feuille;200;oui;P1;Visserie;0;1;self;30-01-26;4;s0~p6~pg1~dc293;/quincaillerie/visserie;301
U098;https://www.aciersgrosjean.be/chimie-du-bâtiment;/chimie-du-bâtiment;Chimie du bâtiment;Chimie du Bâtiment : Protection, Finition et Étanchéité des Métaux;subcategory;Quincaillerie;T02 Catégorie parent;200;oui;P1;Chimie du bâtiment;0;1;self;29-04-26;4;s3~p6~pg3~dc278;/quincaillerie/protection-chimie;301
U099;https://www.aciersgrosjean.be/colle-étanchéité;/colle-étanchéité;colle / étanchéité;Colle et Étanchéité : Solutions Professionnelles DL Chemicals;subcategory;Chimie du bâtiment;T03 Catégorie feuille;200;oui;P1;colle / étanchéité;0;1;self;18-02-26;5;s0~p4~pg1~dc320;/quincaillerie/protection-chimie/colles-etancheite;301
U100;https://www.aciersgrosjean.be/zinc;/zinc;Zinc;Zinc et Galvanisation à Froid : Système Anti-Corrosion Zinga;subcategory;Chimie du bâtiment;T03 Catégorie feuille;200;oui;P1;Zinc;0;1;self;18-02-26;5;s0~p6~pg2~dc350;/quincaillerie/protection-chimie/galvanisation-a-froid;301
U101;https://www.aciersgrosjean.be/couleur;/couleur;Couleur;Couleur et Finition : Primaires et Peintures Techniques;subcategory;Chimie du bâtiment;T03 Catégorie feuille;200;oui;P1;Couleur;0;1;self;18-02-26;5;s0~p6~pg1~dc358;/quincaillerie/protection-chimie/peintures-primaires;301
U102;https://www.aciersgrosjean.be/outillage;/outillage;Outillage;Outillage;subcategory;Quincaillerie;T03 Catégorie feuille;200;oui;P1;Outillage;0;1;self;0001-01-01;4;s0~p1~pg1~dc0;/quincaillerie/outillage;301
U103;https://www.aciersgrosjean.be/escalier-et-caillebotis;/escalier-et-caillebotis;Escalier et caillebotis;Marches d'Escaliers et planchers en Caillebotis et Securit;subcategory;Quincaillerie;T03 Catégorie feuille;200;oui;P1;Escalier et caillebotis;0;1;self;26-02-26;4;s0~p6~pg4~dc349;/quincaillerie/caillebotis-marches;301
U104;https://www.aciersgrosjean.be/rond-à-béton-crénelé-de-6mm-de-diamètre-laminé-à-froid;/rond-à-béton-crénelé-de-6mm-de-diamètre-laminé-à-froid;Rond à béton crénelé de 6mm de diamètre en acier laminé à froid;Rond à béton crénelé de 6mm de diamètre en acier laminé à froid;product;Rond à béton crénélé à froid;T04 Fiche produit;200;oui;P1;Rond à béton crénelé de 6mm de diamètre en acier laminé à froid;186;1;self;22-04-26;5;0,35~L~d1~i0~r1~0.24 Kg;/p/rond-a-beton-crenele-de-6mm-de-diametre-en-acier-lamine-a-froid;301
U105;https://www.aciersgrosjean.be/rond-à-béton-crénelé-de-10mm-de-diamètre-laminé-à-chaud;/rond-à-béton-crénelé-de-10mm-de-diamètre-laminé-à-chaud;Rond à béton de 10mm de diamètre en acier laminé à chaud;Rond à béton de 10mm de diamètre en acier laminé à chaud;product;Rond à béton crénélé à chaud;T04 Fiche produit;200;oui;P1;Rond à béton crénelé de 10mm de diamètre en acier laminé à chaud pour la construction;349;1;self;0001-01-01;5;1,48~L~d1~i0~r2~0.65 Kg;/p/rond-a-beton-de-10mm-de-diametre-en-acier-lamine-a-chaud;301
U106;https://www.aciersgrosjean.be/rond-à-béton-crénelé-de-12mm-de-diamètre-laminé-à-chaud;/rond-à-béton-crénelé-de-12mm-de-diamètre-laminé-à-chaud;Rond à béton de 12mm de diamètre en acier laminé à chaud;Rond à béton de 12mm de diamètre en acier laminé à chaud;product;Rond à béton crénélé à chaud;T04 Fiche produit;200;oui;P1;Rond à béton crénelé de 10mm de diamètre en acier laminé à chaud pour la construction;349;1;self;0001-01-01;5;2,15~L~d1~i0~r3~0.95 Kg;/p/rond-a-beton-de-12mm-de-diametre-en-acier-lamine-a-chaud;301
U107;https://www.aciersgrosjean.be/rond-à-béton-crénelé-de-14mm-de-diamètre-laminé-à-chaud;/rond-à-béton-crénelé-de-14mm-de-diamètre-laminé-à-chaud;Rond à béton de 14mm de diamètre en acier laminé à chaud;Rond à béton de 14mm de diamètre en acier laminé à chaud;product;Rond à béton crénélé à chaud;T04 Fiche produit;200;oui;P1;Rond à béton crénelé de 14mm de diamètre en acier laminé à chaud pour la construction;349;1;self;0001-01-01;5;2,87~L~d1~i0~r1~1.27 Kg;/p/rond-a-beton-de-14mm-de-diametre-en-acier-lamine-a-chaud;301
U108;https://www.aciersgrosjean.be/rond-à-béton-crénelé-de-16mm-de-diamètre-laminé-à-chaud;/rond-à-béton-crénelé-de-16mm-de-diamètre-laminé-à-chaud;Rond à béton de 16mm de diamètre en acier laminé à chaud;Rond à béton de 16mm de diamètre en acier laminé à chaud;product;Rond à béton crénélé à chaud;T04 Fiche produit;200;oui;P1;Rond à béton crénelé de 16mm de diamètre en acier laminé à chaud pour la construction;349;1;self;0001-01-01;5;3,79~L~d1~i0~r0~1.68 Kg;/p/rond-a-beton-de-16mm-de-diametre-en-acier-lamine-a-chaud;301
U109;https://www.aciersgrosjean.be/rond-à-béton-crénelé-de-20mm-de-diamètre-laminé-à-chaud;/rond-à-béton-crénelé-de-20mm-de-diamètre-laminé-à-chaud;Rond à béton de 20mm de diamètre en acier laminé à chaud;Rond à béton de 20mm de diamètre en acier laminé à chaud;product;Rond à béton crénélé à chaud;T04 Fiche produit;200;oui;P1;Rond à béton crénelé de 20mm de diamètre en acier laminé à chaud pour la construction;349;1;self;0001-01-01;5;5,89~L~d1~i0~r0~2.61 Kg;/p/rond-a-beton-de-20mm-de-diametre-en-acier-lamine-a-chaud;301
U110;https://www.aciersgrosjean.be/rond-à-béton-de-8mm-de-diamètre-en-acier-laminé-à-chaud;/rond-à-béton-de-8mm-de-diamètre-en-acier-laminé-à-chaud;Rond à béton de 8mm de diamètre en acier laminé à chaud;Rond à béton de 8mm de diamètre en acier laminé à chaud;product;Rond à béton crénélé à chaud;T04 Fiche produit;200;oui;P1;Rond à béton crénelé de 10mm de diamètre en acier laminé à chaud pour la construction;349;1;self;17-11-25;5;0,94~L~d1~i0~r1~0.41 Kg;/p/rond-a-beton-de-8mm-de-diametre-en-acier-lamine-a-chaud;301
U111;https://www.aciersgrosjean.be/treillis-soudé-100x100x10mm-5m-x-2m-2;/treillis-soudé-100x100x10mm-5m-x-2m-2;Treillis soudé 100x100x10mm 5m x 2m;Treillis soudé 100x100x10mm 5m x 2m;product;Treillis soudés;T04 Fiche produit;200;oui;P1;Treillis soudé en acier pour la construction 100x100x10mm 5m x 2m;320;1;self;0001-01-01;5;294,90~~d1~i2~r0~123.4 Kg;/p/treillis-soude-100x100x10mm-5m-x-2m;301
U112;https://www.aciersgrosjean.be/treillis-soudé-100x100x5mm-5m-x-2m;/treillis-soudé-100x100x5mm-5m-x-2m;Treillis soudé 100x100x5mm 5m x 2m;Treillis soudé 100x100x5mm 5m x 2m;product;Treillis soudés;T04 Fiche produit;200;oui;P1;Treillis soudé en acier pour la construction 100x100x5mm 5m x 2m;320;1;self;0001-01-01;5;75,29~~d1~i2~r0~30.8 Kg;/p/treillis-soude-100x100x5mm-5m-x-2m;301
U113;https://www.aciersgrosjean.be/treillis-soudé-100x100x8mm-5m-x-2m-3;/treillis-soudé-100x100x8mm-5m-x-2m-3;Treillis soudé 100x100x8mm 5m x 2m;Treillis soudé 100x100x8mm 5m x 2m;product;Treillis soudés;T04 Fiche produit;200;oui;P1;Treillis soudé en acier pour la construction 100x100x8mm 5m x 2m;320;1;self;0001-01-01;5;188,80~~d1~i2~r0~79 Kg;/p/treillis-soude-100x100x8mm-5m-x-2m;301
U114;https://www.aciersgrosjean.be/treillis-soudé-150x150x10mm-5m-x-2m-2;/treillis-soudé-150x150x10mm-5m-x-2m-2;Treillis soudé 150x150x10mm 5m x 2m;Treillis soudé 150x150x10mm 5m x 2m;product;Treillis soudés;T04 Fiche produit;200;oui;P1;Treillis soudé en acier pour la construction 150x150x10mm 5m x 2m;320;1;self;0001-01-01;5;192,18~~d1~i2~r0~80.83 Kg;/p/treillis-soude-150x150x10mm-5m-x-2m;301
U115;https://www.aciersgrosjean.be/treillis-soudé-150x150x12mm-5m-x-2m-2;/treillis-soudé-150x150x12mm-5m-x-2m-2;Treillis soudé 150x150x12mm 5m x 2m;Treillis soudé 150x150x12mm 5m x 2m;product;Treillis soudés;T04 Fiche produit;200;oui;P1;Treillis soudé en acier pour la construction 150x150x12mm 5m x 2m;320;1;self;0001-01-01;5;276,59~~d0~i2~r0~116.33 Kg;/p/treillis-soude-150x150x12mm-5m-x-2m;301
U116;https://www.aciersgrosjean.be/treillis-soudé-150x150x5mm-2m-x-1m;/treillis-soudé-150x150x5mm-2m-x-1m;Treillis soudé 150x150x5mm 2m x 1m;Treillis soudé 150x150x5mm 2m x 1m;product;Treillis soudés;T04 Fiche produit;200;oui;P1;Treillis soudé en acier pour la construction 150x150x5mm 2m x 1m;320;1;self;0001-01-01;5;12,37~~d1~i2~r4~3.85 Kg;/p/treillis-soude-150x150x5mm-2m-x-1m;301
U117;https://www.aciersgrosjean.be/treillis-soudé-150x150x5mm-3m-x-2m;/treillis-soudé-150x150x5mm-3m-x-2m;Treillis soudé 150x150x5mm 3m x 2m;Treillis soudé 150x150x5mm 3m x 2m;product;Treillis soudés;T04 Fiche produit;200;oui;P1;Treillis soudé en acier pour la construction 150x150x5mm 3m x 2m;320;1;self;0001-01-01;5;31,48~~d1~i2~r0~12.63 Kg;/p/treillis-soude-150x150x5mm-3m-x-2m;301
U118;https://www.aciersgrosjean.be/treillis-soudé-150x150x5mm-5m-x-2m-2;/treillis-soudé-150x150x5mm-5m-x-2m-2;Treillis soudé 150x150x5mm 5m x 2m;Treillis soudé 150x150x5mm 5m x 2m;product;Treillis soudés;T04 Fiche produit;200;oui;P1;Treillis soudé en acier pour la construction 150x150x5mm 5m x 2m;320;1;self;0001-01-01;5;50,03~~d1~i2~r0~20.17 Kg;/p/treillis-soude-150x150x5mm-5m-x-2m;301
U119;https://www.aciersgrosjean.be/treillis-soudé-150x150x6mm-3m-x-2m;/treillis-soudé-150x150x6mm-3m-x-2m;Treillis soudé 150x150x6mm 3m x 2m;Treillis soudé 150x150x6mm 3m x 2m;product;Treillis soudés;T04 Fiche produit;200;oui;P1;Treillis soudé en acier pour la construction 150x150x6mm 3m x 2m;320;1;self;0001-01-01;5;44,55~~d1~i2~r3~18.5 Kg;/p/treillis-soude-150x150x6mm-3m-x-2m;301
U120;https://www.aciersgrosjean.be/treillis-soudé-150x150x6mm-5m-x-2m-2;/treillis-soudé-150x150x6mm-5m-x-2m-2;Treillis soudé 150x150x6mm 5m x 2m;Treillis soudé 150x150x6mm 5m x 2m;product;Treillis soudés;T04 Fiche produit;200;oui;P1;Treillis soudé en acier pour la construction 150x150x6mm 5m x 2m;320;1;self;0001-01-01;5;69,67~~d1~i2~r2~29.08 Kg;/p/treillis-soude-150x150x6mm-5m-x-2m;301
U121;https://www.aciersgrosjean.be/treillis-soudé-150x150x8mm-3m-x-2m;/treillis-soudé-150x150x8mm-3m-x-2m;Treillis soudé 150x150x8mm 3m x 2m;Treillis soudé 150x150x8mm 3m x 2m;product;Treillis soudés;T04 Fiche produit;200;oui;P1;Treillis soudé en acier pour la construction 150x150x8mm 3m x 2m;320;1;self;0001-01-01;5;77,40~~d1~i2~r0~32.39 Kg;/p/treillis-soude-150x150x8mm-3m-x-2m;301
U122;https://www.aciersgrosjean.be/treillis-soudé-150x150x8mm-5m-x-2m-2;/treillis-soudé-150x150x8mm-5m-x-2m-2;Treillis soudé 150x150x8mm 5m x 2m;Treillis soudé 150x150x8mm 5m x 2m;product;Treillis soudés;T04 Fiche produit;200;oui;P1;Treillis soudé en acier pour la construction 150x150x8mm 5m x 2m;320;1;self;0001-01-01;5;123,04~~d1~i2~r0~51.75 Kg;/p/treillis-soude-150x150x8mm-5m-x-2m;301
U123;https://www.aciersgrosjean.be/treillis-soudé-50x50x4mm-3m-x-2m;/treillis-soudé-50x50x4mm-3m-x-2m;Treillis soudé 50x50x4mm 3m x 2m;Treillis soudé 50x50x4mm 3m x 2m;product;Treillis soudés;T04 Fiche produit;200;oui;P1;Treillis soudé en acier pour la construction 50x50x4mm 3m x 2m;320;1;self;0001-01-01;5;49,28~~d1~i2~r3~25 Kg;/p/treillis-soude-50x50x4mm-3m-x-2m;301
U124;https://www.aciersgrosjean.be/treillis-soudé-50x50x4mm-5m-x-2m;/treillis-soudé-50x50x4mm-5m-x-2m;Treillis soudé 50x50x4mm 5m x 2m;Treillis soudé 50x50x4mm 5m x 2m;product;Treillis soudés;T04 Fiche produit;200;oui;P1;Treillis soudé en acier pour la construction 50x50x4mm 5m x 2m;320;1;self;0001-01-01;5;77,43~~d1~i2~r3~43 Kg;/p/treillis-soude-50x50x4mm-5m-x-2m;301
U125;https://www.aciersgrosjean.be/treillis-soudé-75x75x5mm-5m-x-2m-2;/treillis-soudé-75x75x5mm-5m-x-2m-2;Treillis soudé 75x75x5mm 5m x 2m;Treillis soudé 75x75x5mm 5m x 2m;product;Treillis soudés;T04 Fiche produit;200;oui;P1;Treillis soudé en acier pour la construction 75x75x5mm 5m x 2m;320;1;self;0001-01-01;5;106,78~~d1~i2~r0~41.43 Kg;/p/treillis-soude-75x75x5mm-5m-x-2m;301
U126;https://www.aciersgrosjean.be/treillis-soudé-galvanisé-50x50x4mm-3m-x-2m;/treillis-soudé-galvanisé-50x50x4mm-3m-x-2m;Treillis soudé galvanisé 50x50x4mm 3m x 2m;Treillis soudé galvanisé 50x50x4mm 3m x 2m;product;Treillis soudés;T04 Fiche produit;200;oui;P1;Treillis soudé galvanisé pour la construction 50x50x4mm 3m x 2m;320;1;self;0001-01-01;5;74,49~~d1~i2~r1~25 Kg;/p/treillis-soude-galvanise-50x50x4mm-3m-x-2m;301
U127;https://www.aciersgrosjean.be/treillis-soudé-galvanisé-50x50x4mm-5m-x-2m;/treillis-soudé-galvanisé-50x50x4mm-5m-x-2m;Treillis soudé galvanisé 50x50x4mm 5m x 2m;Treillis soudé galvanisé 50x50x4mm 5m x 2m;product;Treillis soudés;T04 Fiche produit;200;oui;P1;Treillis soudé galvanisé pour la construction 50x50x4mm 5m x 2m;320;1;self;0001-01-01;5;119,26~~d1~i2~r0~43 Kg;/p/treillis-soude-galvanise-50x50x4mm-5m-x-2m;301
U128;https://www.aciersgrosjean.be/treillis-soudé-avec-dépassants-150x150x10mm-595m-x-235m;/treillis-soudé-avec-dépassants-150x150x10mm-595m-x-235m;Treillis soudé avec dépassants 150x150x10mm 5,95m x 2,35m;Treillis soudé avec dépassants 150x150x10mm 5,95m x 2,35m;product;Treillis soudés avec dépassants;T04 Fiche produit;200;oui;P1;Treillis soudé avec dépassants;78;1;self;0001-01-01;5;241,33~~d1~i2~r0~101.5 Kg;/p/treillis-soude-avec-depassants-150x150x10mm-5-95m-x-2-35m;301
U129;https://www.aciersgrosjean.be/treillis-soudé-avec-dépassants-150x150x12mm-595m-x-235m;/treillis-soudé-avec-dépassants-150x150x12mm-595m-x-235m;Treillis soudé avec dépassants 150x150x12mm 5,95m x 2,35m;Treillis soudé avec dépassants 150x150x12mm 5,95m x 2,35m;product;Treillis soudés avec dépassants;T04 Fiche produit;200;oui;P1;Treillis soudé avec dépassants;78;1;self;0001-01-01;5;330,50~~d1~i2~r0~139 Kg;/p/treillis-soude-avec-depassants-150x150x12mm-5-95m-x-2-35m;301
U130;https://www.aciersgrosjean.be/treillis-soudé-avec-dépassants-150x150x6mm-595m-x-235m;/treillis-soudé-avec-dépassants-150x150x6mm-595m-x-235m;Treillis soudé avec dépassants 150x150x6mm 5,95m x 2,35m;Treillis soudé avec dépassants 150x150x6mm 5,95m x 2,35m;product;Treillis soudés avec dépassants;T04 Fiche produit;200;oui;P1;Treillis soudé avec dépassants;77;1;self;0001-01-01;5;91,80~~d1~i2~r0~38.32 Kg;/p/treillis-soude-avec-depassants-150x150x6mm-5-95m-x-2-35m;301
U131;https://www.aciersgrosjean.be/treillis-soudé-avec-dépassants-150x150x8mm-595m-x-235m;/treillis-soudé-avec-dépassants-150x150x8mm-595m-x-235m;Treillis soudé avec dépassants 150x150x8mm 5,95m x 2,35m;Treillis soudé avec dépassants 150x150x8mm 5,95m x 2,35m;product;Treillis soudés avec dépassants;T04 Fiche produit;200;oui;P1;Treillis soudé avec dépassants;77;1;self;0001-01-01;5;154,55~~d1~i2~r0~65 Kg;/p/treillis-soude-avec-depassants-150x150x8mm-5-95m-x-2-35m;301
U132;https://www.aciersgrosjean.be/fer-carré-plein-de-10x10mm;/fer-carré-plein-de-10x10mm;Carré plein de 10x10mm en acier;Carré plein de 10x10mm en acier;product;Carré plein;T04 Fiche produit;200;oui;P1;Carré plein de 10x10mm en acier Aciers Grosjean;244;1;self;0001-01-01;5;2,06~L~d1~i2~r4~0.8 Kg;/p/carre-plein-de-10x10mm-en-acier;301
U133;https://www.aciersgrosjean.be/fer-carré-plein-de-12x12mm;/fer-carré-plein-de-12x12mm;Carré plein de 12x12mm en acier;Carré plein de 12x12mm en acier;product;Carré plein;T04 Fiche produit;200;oui;P1;Carré plein de 12x12mm en acier Aciers Grosjean;351;1;self;0001-01-01;5;2,90~L~d1~i3~r2~1.16 Kg;/p/carre-plein-de-12x12mm-en-acier;301
U134;https://www.aciersgrosjean.be/fer-carré-plein-de-14x14mm;/fer-carré-plein-de-14x14mm;Carré plein de 14x14mm en acier;Carré plein de 14x14mm en acier;product;Carré plein;T04 Fiche produit;200;oui;P1;Carré plein de 14x14mm en acier Aciers Grosjean;295;1;self;0001-01-01;5;3,98~L~d1~i2~r2~1.58 Kg;/p/carre-plein-de-14x14mm-en-acier;301
U135;https://www.aciersgrosjean.be/fer-carré-plein-de-16x16mm;/fer-carré-plein-de-16x16mm;Carré plein de 16x16mm en acier;Carré plein de 16x16mm en acier;product;Carré plein;T04 Fiche produit;200;oui;P1;Carré plein de 16x16mm en acier Aciers Grosjean;244;1;self;0001-01-01;5;5,05~L~d1~i2~r4~2.06 Kg;/p/carre-plein-de-16x16mm-en-acier;301
U136;https://www.aciersgrosjean.be/fer-carré-plein-de-20x20mm;/fer-carré-plein-de-20x20mm;Carré plein de 20x20mm en acier;Carré plein de 20x20mm en acier;product;Carré plein;T04 Fiche produit;200;oui;P1;Carré plein de 20x20mm en acier Aciers Grosjean;244;1;self;0001-01-01;5;7,89~L~d1~i2~r2~3.22 Kg;/p/carre-plein-de-20x20mm-en-acier;301
U137;https://www.aciersgrosjean.be/fer-carré-plein-de-6x6mmtest;/fer-carré-plein-de-6x6mmtest;Carré plein de 6x6mm en acier;Carré plein de 6x6mm en acier;product;Carré plein;T04 Fiche produit;200;oui;P1;Carré plein de 6x6mm en acier Aciers Grosjean;242;1;self;0001-01-01;5;0,73~L~d1~i2~r0~0.29 Kg;/p/carre-plein-de-6x6mm-en-acier;301
U138;https://www.aciersgrosjean.be/fer-carré-plein-de-8x8mm;/fer-carré-plein-de-8x8mm;Carré plein de 8x8mm en acier;Carré plein de 8x8mm en acier;product;Carré plein;T04 Fiche produit;200;oui;P1;Carré plein de 8x8mm en acier Aciers Grosjean;242;1;self;0001-01-01;5;1,33~L~d1~i2~r4~0.51 Kg;/p/carre-plein-de-8x8mm-en-acier;301
U139;https://www.aciersgrosjean.be/cornière-égale-en-acier-laminé-à-chaud-100x100x10mm;/cornière-égale-en-acier-laminé-à-chaud-100x100x10mm;Cornière égale 100x100x10mm Acier LAC;Cornière égale 100x100x10mm Acier LAC;product;Cornière égale en acier laminé à chaud;T04 Fiche produit;200;oui;P1;Cornière égale 100x100x10mm Acier LAC Aciers Grosjean;968;1;self;0001-01-01;5;37,59~L~d1~i4~r0~15.38 Kg;/p/corniere-egale-100x100x10mm-acier-lac;301
U140;https://www.aciersgrosjean.be/cornière-égale-en-acier-laminé-à-chaud-20x20x3mm;/cornière-égale-en-acier-laminé-à-chaud-20x20x3mm;Cornière égale 20x20x3mm Acier LAC;Cornière égale 20x20x3mm Acier LAC;product;Cornière égale en acier laminé à chaud;T04 Fiche produit;200;oui;P1;Cornière égale 20x20x3mm Acier LAC Aciers Grosjean;479;1;self;0001-01-01;5;2,34~L~d1~i3~r4~0.9 Kg;/p/corniere-egale-20x20x3mm-acier-lac;301
U141;https://www.aciersgrosjean.be/cornière-égale-en-acier-laminé-à-chaud-25x25x3mm;/cornière-égale-en-acier-laminé-à-chaud-25x25x3mm;Cornière égale 25x25x3mm Acier LAC;Cornière égale 25x25x3mm Acier LAC;product;Cornière égale en acier laminé à chaud;T04 Fiche produit;200;oui;P1;Cornière égale 25x25x3mm Acier LAC Aciers Grosjean;481;1;self;0001-01-01;5;2,89~L~d1~i3~r4~1.15 Kg;/p/corniere-egale-25x25x3mm-acier-lac;301
U142;https://www.aciersgrosjean.be/cornière-égale-en-acier-laminé-à-chaud-30x30x3mm;/cornière-égale-en-acier-laminé-à-chaud-30x30x3mm;Cornière égale 30x30x3mm Acier LAC;Cornière égale 30x30x3mm Acier LAC;product;Cornière égale en acier laminé à chaud;T04 Fiche produit;200;oui;P1;Cornière égale 30x30x3mm Acier LAC Aciers Grosjean;479;1;self;0001-01-01;5;3,48~L~d1~i3~r4~1.39 Kg;/p/corniere-egale-30x30x3mm-acier-lac;301
U143;https://www.aciersgrosjean.be/cornière-égale-en-acier-laminé-à-chaud-40x40x3mm;/cornière-égale-en-acier-laminé-à-chaud-40x40x3mm;Cornière égale 40x40x3mm Acier LAC;Cornière égale 40x40x3mm Acier LAC;product;Cornière égale en acier laminé à chaud;T04 Fiche produit;200;oui;P1;Cornière égale 40x40x3mm Acier LAC Aciers Grosjean;479;1;self;0001-01-01;5;4,67~L~d1~i4~r4~1.88 Kg;/p/corniere-egale-40x40x3mm-acier-lac;301
U144;https://www.aciersgrosjean.be/cornière-égale-en-acier-laminé-à-chaud-40x40x4mm;/cornière-égale-en-acier-laminé-à-chaud-40x40x4mm;Cornière égale 40x40x4mm Acier LAC;Cornière égale 40x40x4mm Acier LAC;product;Cornière égale en acier laminé à chaud;T04 Fiche produit;200;oui;P1;Cornière égale 40x40x4mm Acier LAC Aciers Grosjean;479;1;self;0001-01-01;5;6,09~L~d1~i3~r1~2.48 Kg;/p/corniere-egale-40x40x4mm-acier-lac;301
U145;https://www.aciersgrosjean.be/cornière-égale-en-acier-laminé-à-chaud-50x50x3mm;/cornière-égale-en-acier-laminé-à-chaud-50x50x3mm;Cornière égale 50x50x3mm Acier LAC;Cornière égale 50x50x3mm Acier LAC;product;Cornière égale en acier laminé à chaud;T04 Fiche produit;200;oui;P1;Cornière égale 50x50x3mm Acier LAC Aciers Grosjean;479;1;self;0001-01-01;5;6,24~L~d1~i3~r1~2.53 Kg;/p/corniere-egale-50x50x3mm-acier-lac;301
U146;https://www.aciersgrosjean.be/cornière-égale-en-acier-laminé-à-chaud-50x50x5mm;/cornière-égale-en-acier-laminé-à-chaud-50x50x5mm;Cornière égale 50x50x5mm Acier LAC;Cornière égale 50x50x5mm Acier LAC;product;Cornière égale en acier laminé à chaud;T04 Fiche produit;200;oui;P1;Cornière égale 50x50x5mm Acier LAC Aciers Grosjean;479;1;self;0001-01-01;5;9,44~L~d1~i3~r3~3.86 Kg;/p/corniere-egale-50x50x5mm-acier-lac;301
U147;https://www.aciersgrosjean.be/cornière-égale-en-acier-laminé-à-chaud-60x60x6mm;/cornière-égale-en-acier-laminé-à-chaud-60x60x6mm;Cornière égale 60x60x6mm Acier LAC;Cornière égale 60x60x6mm Acier LAC;product;Cornière égale en acier laminé à chaud;T04 Fiche produit;200;oui;P1;Cornière égale 60x60x6mm Acier LAC Aciers Grosjean;479;1;self;0001-01-01;5;13,56~L~d1~i3~r4~5.55 Kg;/p/corniere-egale-60x60x6mm-acier-lac;301
U148;https://www.aciersgrosjean.be/cornière-égale-en-acier-laminé-à-chaud-80x80x8mm;/cornière-égale-en-acier-laminé-à-chaud-80x80x8mm;Cornière égale 80x80x8mm Acier LAC;Cornière égale 80x80x8mm Acier LAC;product;Cornière égale en acier laminé à chaud;T04 Fiche produit;200;oui;P1;Cornière égale 80x80x8mm Acier LAC Aciers Grosjean;479;1;self;0001-01-01;5;24,18~L~d1~i3~r0~9.89 Kg;/p/corniere-egale-80x80x8mm-acier-lac;301
U149;https://www.aciersgrosjean.be/large-plat-180x10mm-en-acier-laminé-à-chaud;/large-plat-180x10mm-en-acier-laminé-à-chaud;Large plat 180x10mm en acier laminé à chaud;Large plat 180x10mm en acier laminé à chaud;product;Large plat en acier laminé à chaud;T04 Fiche produit;200;oui;P1;Large plat 180x10mm en acier laminé à chaud Aciers Grosjean;266;1;self;25-03-26;5;35,37~L~d1~i3~r0~14.47 Kg;/p/large-plat-180x10mm-en-acier-lamine-a-chaud;301
U150;https://www.aciersgrosjean.be/large-plat-200x10mm-en-acier-laminé-à-chaud;/large-plat-200x10mm-en-acier-laminé-à-chaud;Large plat 200x10mm en acier laminé à chaud;Large plat 200x10mm en acier laminé à chaud;product;Large plat en acier laminé à chaud;T04 Fiche produit;200;oui;P1;Large plat 200x10mm en acier laminé à chaud Aciers Grosjean;266;1;self;25-03-26;5;39,11~L~d1~i3~r4~16 Kg;/p/large-plat-200x10mm-en-acier-lamine-a-chaud;301
U151;https://www.aciersgrosjean.be/large-plat-en-acier-laminé-à-chaud-160x10mm;/large-plat-en-acier-laminé-à-chaud-160x10mm;Large plat en acier laminé à chaud 160x10mm;Large plat en acier laminé à chaud 160x10mm;product;Large plat en acier laminé à chaud;T04 Fiche produit;200;oui;P1;Large plat en acier laminé à chaud 160x10mm Aciers Grosjean;266;1;self;25-03-26;5;31,29~L~d1~i3~r0~12.8 Kg;/p/large-plat-en-acier-lamine-a-chaud-160x10mm;301
U152;https://www.aciersgrosjean.be/plat-en-acier-laminé-à-chaud-100x10mm;/plat-en-acier-laminé-à-chaud-100x10mm;Plat 100x10mm en acier laminé à chaud;Plat 100x10mm en acier laminé à chaud;product;Plat en acier laminé à chaud;T04 Fiche produit;200;oui;P1;Plat 100x10mm en acier laminé à chaud Aciers Grosjean;134;1;self;0001-01-01;5;19,55~L~d1~i3~r2~8.04 Kg;/p/plat-100x10mm-en-acier-lamine-a-chaud;301
U153;https://www.aciersgrosjean.be/plat-en-acier-laminé-à-chaud-100x5mm;/plat-en-acier-laminé-à-chaud-100x5mm;Plat 100x5mm en acier laminé à chaud;Plat 100x5mm en acier laminé à chaud;product;Plat en acier laminé à chaud;T04 Fiche produit;200;oui;P1;Plat 100x5mm en acier laminé à chaud Aciers Grosjean;251;1;self;0001-01-01;5;9,85~L~d1~i3~r2~4.03 Kg;/p/plat-100x5mm-en-acier-lamine-a-chaud;301
U154;https://www.aciersgrosjean.be/plat-en-acier-laminé-à-chaud-100x8mm;/plat-en-acier-laminé-à-chaud-100x8mm;Plat 100x8mm en acier laminé à chaud;Plat 100x8mm en acier laminé à chaud;product;Plat en acier laminé à chaud;T04 Fiche produit;200;oui;P1;Plat 100x8mm en acier laminé à chaud Aciers Grosjean;251;1;self;0001-01-01;5;15,63~L~d1~i3~r4~6.43 Kg;/p/plat-100x8mm-en-acier-lamine-a-chaud;301
U155;https://www.aciersgrosjean.be/plat-en-acier-laminé-à-chaud-10x3mm;/plat-en-acier-laminé-à-chaud-10x3mm;Plat 10x3mm en acier laminé à chaud;Plat 10x3mm en acier laminé à chaud;product;Plat en acier laminé à chaud;T04 Fiche produit;200;oui;P1;Plat 10x3mm en acier laminé à chaud Aciers Grosjean;250;1;self;0001-01-01;5;0,62~L~d1~i3~r2~0.24 Kg;/p/plat-10x3mm-en-acier-lamine-a-chaud;301
U156;https://www.aciersgrosjean.be/plat-en-acier-laminé-à-chaud-120x10mm;/plat-en-acier-laminé-à-chaud-120x10mm;Plat 120x10mm en acier laminé à chaud;Plat 120x10mm en acier laminé à chaud;product;Plat en acier laminé à chaud;T04 Fiche produit;200;oui;P1;Plat 120x10mm en acier laminé à chaud Aciers Grosjean;252;1;self;0001-01-01;5;23,47~L~d1~i3~r3~9.65 Kg;/p/plat-120x10mm-en-acier-lamine-a-chaud;301
U157;https://www.aciersgrosjean.be/plat-en-acier-laminé-à-chaud-120x5mm;/plat-en-acier-laminé-à-chaud-120x5mm;Plat 120x5mm en acier laminé à chaud;Plat 120x5mm en acier laminé à chaud;product;Plat en acier laminé à chaud;T04 Fiche produit;200;oui;P1;Plat 120x5mm en acier laminé à chaud Aciers Grosjean;251;1;self;0001-01-01;5;11,79~L~d1~i3~r0~4.82 Kg;/p/plat-120x5mm-en-acier-lamine-a-chaud;301
U158;https://www.aciersgrosjean.be/plat-en-acier-laminé-à-chaud-140x10mm;/plat-en-acier-laminé-à-chaud-140x10mm;Plat 140x10mm en acier laminé à chaud;Plat 140x10mm en acier laminé à chaud;product;Plat en acier laminé à chaud;T04 Fiche produit;200;oui;P1;Plat 140x10mm en acier laminé à chaud Aciers Grosjean;252;1;self;0001-01-01;5;27,53~L~d1~i3~r4~11.26 Kg;/p/plat-140x10mm-en-acier-lamine-a-chaud;301
U159;https://www.aciersgrosjean.be/plat-en-acier-laminé-à-chaud-150x10mm;/plat-en-acier-laminé-à-chaud-150x10mm;Plat 150x10mm en acier laminé à chaud;Plat 150x10mm en acier laminé à chaud;product;Plat en acier laminé à chaud;T04 Fiche produit;200;oui;P1;Plat 150x10mm en acier laminé à chaud Aciers Grosjean;252;1;self;0001-01-01;5;29,50~L~d1~i3~r3~12.07 Kg;/p/plat-150x10mm-en-acier-lamine-a-chaud;301
U160;https://www.aciersgrosjean.be/plat-en-acier-laminé-à-chaud-150x5mm;/plat-en-acier-laminé-à-chaud-150x5mm;Plat 150x5mm en acier laminé à chaud;Plat 150x5mm en acier laminé à chaud;product;Plat en acier laminé à chaud;T04 Fiche produit;200;oui;P1;Plat 150x5mm en acier laminé à chaud Aciers Grosjean;251;1;self;0001-01-01;5;15,17~L~d1~i3~r3~6.03 Kg;/p/plat-150x5mm-en-acier-lamine-a-chaud;301
U161;https://www.aciersgrosjean.be/plat-en-acier-laminé-à-chaud-20x10mm;/plat-en-acier-laminé-à-chaud-20x10mm;Plat 20x10mm en acier laminé à chaud;Plat 20x10mm en acier laminé à chaud;product;Plat en acier laminé à chaud;T04 Fiche produit;200;oui;P1;Plat 20x10mm en acier laminé à chaud Aciers Grosjean;251;1;self;0001-01-01;5;4,03~L~d1~i3~r4~1.61 Kg;/p/plat-20x10mm-en-acier-lamine-a-chaud;301
U162;https://www.aciersgrosjean.be/plat-en-acier-laminé-à-chaud-20x3mm;/plat-en-acier-laminé-à-chaud-20x3mm;Plat 20x3mm en acier laminé à chaud;Plat 20x3mm en acier laminé à chaud;product;Plat en acier laminé à chaud;T04 Fiche produit;200;oui;P1;Plat 20x3mm en acier laminé à chaud Aciers Grosjean;250;1;self;0001-01-01;5;1,27~L~d1~i3~r4~0.48 Kg;/p/plat-20x3mm-en-acier-lamine-a-chaud;301
U163;https://www.aciersgrosjean.be/plat-en-acier-laminé-à-chaud-20x5mm;/plat-en-acier-laminé-à-chaud-20x5mm;Plat 20x5mm en acier laminé à chaud;Plat 20x5mm en acier laminé à chaud;product;Plat en acier laminé à chaud;T04 Fiche produit;200;oui;P1;Plat 20x5mm en acier laminé à chaud Aciers Grosjean;250;1;self;0001-01-01;5;2,01~L~d1~i3~r2~0.8 Kg;/p/plat-20x5mm-en-acier-lamine-a-chaud;301
U164;https://www.aciersgrosjean.be/plat-en-acier-laminé-à-chaud-25x10mm;/plat-en-acier-laminé-à-chaud-25x10mm;Plat 25x10mm en acier laminé à chaud;Plat 25x10mm en acier laminé à chaud;product;Plat en acier laminé à chaud;T04 Fiche produit;200;oui;P1;Plat 25x10mm en acier laminé à chaud Aciers Grosjean;251;1;self;0001-01-01;5;5,06~L~d1~i3~r0~2.02 Kg;/p/plat-25x10mm-en-acier-lamine-a-chaud;301
U165;https://www.aciersgrosjean.be/plat-en-acier-laminé-à-chaud-25x3mm;/plat-en-acier-laminé-à-chaud-25x3mm;Plat 25x3mm en acier laminé à chaud;Plat 25x3mm en acier laminé à chaud;product;Plat en acier laminé à chaud;T04 Fiche produit;200;oui;P1;Plat 25x3mm en acier laminé à chaud Aciers Grosjean;250;1;self;0001-01-01;5;1,59~L~d1~i3~r0~0.6 Kg;/p/plat-25x3mm-en-acier-lamine-a-chaud;301
U166;https://www.aciersgrosjean.be/plat-en-acier-laminé-à-chaud-25x4mm;/plat-en-acier-laminé-à-chaud-25x4mm;Plat 25x4mm en acier laminé à chaud;Plat 25x4mm en acier laminé à chaud;product;Plat en acier laminé à chaud;T04 Fiche produit;200;oui;P1;Plat 25x4mm en acier laminé à chaud Aciers Grosjean;250;1;self;0001-01-01;5;2,02~L~d1~i3~r0~0.8 Kg;/p/plat-25x4mm-en-acier-lamine-a-chaud;301
U167;https://www.aciersgrosjean.be/plat-en-acier-laminé-à-chaud-25x5mm;/plat-en-acier-laminé-à-chaud-25x5mm;Plat 25x5mm en acier laminé à chaud;Plat 25x5mm en acier laminé à chaud;product;Plat en acier laminé à chaud;T04 Fiche produit;200;oui;P1;Plat 25x5mm en acier laminé à chaud Aciers Grosjean;250;1;self;0001-01-01;5;2,50~L~d1~i3~r0~1 Kg;/p/plat-25x5mm-en-acier-lamine-a-chaud;301
U168;https://www.aciersgrosjean.be/plat-en-acier-laminé-à-chaud-30x10mm;/plat-en-acier-laminé-à-chaud-30x10mm;Plat 30x10mm en acier laminé à chaud;Plat 30x10mm en acier laminé à chaud;product;Plat en acier laminé à chaud;T04 Fiche produit;200;oui;P1;Plat 30x10mm en acier laminé à chaud Aciers Grosjean;251;1;self;0001-01-01;5;5,94~L~d1~i3~r2~2.42 Kg;/p/plat-30x10mm-en-acier-lamine-a-chaud;301
U169;https://www.aciersgrosjean.be/plat-en-acier-laminé-à-chaud-30x20mm;/plat-en-acier-laminé-à-chaud-30x20mm;Plat 30x20mm en acier laminé à chaud;Plat 30x20mm en acier laminé à chaud;product;Plat en acier laminé à chaud;T04 Fiche produit;200;oui;P1;Plat 30x20mm en acier laminé à chaud Aciers Grosjean;251;1;self;0001-01-01;5;11,83~L~d1~i3~r0~4.82 Kg;/p/plat-30x20mm-en-acier-lamine-a-chaud;301
U170;https://www.aciersgrosjean.be/plat-en-acier-laminé-à-chaud-30x3mm;/plat-en-acier-laminé-à-chaud-30x3mm;Plat 30x3mm en acier laminé à chaud;Plat 30x3mm en acier laminé à chaud;product;Plat en acier laminé à chaud;T04 Fiche produit;200;oui;P1;Plat 30x3mm en acier laminé à chaud Aciers Grosjean;250;1;self;0001-01-01;5;1,86~L~d1~i3~r4~0.71 Kg;/p/plat-30x3mm-en-acier-lamine-a-chaud;301
U171;https://www.aciersgrosjean.be/plat-en-acier-laminé-à-chaud-30x5mm;/plat-en-acier-laminé-à-chaud-30x5mm;Plat 30x5mm en acier laminé à chaud;Plat 30x5mm en acier laminé à chaud;product;Plat en acier laminé à chaud;T04 Fiche produit;200;oui;P1;Plat 30x5mm en acier laminé à chaud Aciers Grosjean;250;1;self;0001-01-01;5;3,01~L~d1~i3~r1~1.21 Kg;/p/plat-30x5mm-en-acier-lamine-a-chaud;301
U172;https://www.aciersgrosjean.be/plat-en-acier-laminé-à-chaud-30x6mm;/plat-en-acier-laminé-à-chaud-30x6mm;Plat 30x6mm en acier laminé à chaud;Plat 30x6mm en acier laminé à chaud;product;Plat en acier laminé à chaud;T04 Fiche produit;200;oui;P1;Plat 30x6mm en acier laminé à chaud Aciers Grosjean;250;1;self;0001-01-01;5;3,55~L~d1~i3~r0~1.45 Kg;/p/plat-30x6mm-en-acier-lamine-a-chaud;301
U173;https://www.aciersgrosjean.be/plat-en-acier-laminé-à-chaud-30x8mm;/plat-en-acier-laminé-à-chaud-30x8mm;Plat 30x8mm en acier laminé à chaud;Plat 30x8mm en acier laminé à chaud;product;Plat en acier laminé à chaud;T04 Fiche produit;200;oui;P1;Plat 30x8mm en acier laminé à chaud Aciers Grosjean;250;1;self;0001-01-01;5;4,77~L~d1~i3~r0~1.94 Kg;/p/plat-30x8mm-en-acier-lamine-a-chaud;301
U174;https://www.aciersgrosjean.be/plat-en-acier-laminé-à-chaud-40x10mm;/plat-en-acier-laminé-à-chaud-40x10mm;Plat 40x10mm en acier laminé à chaud;Plat 40x10mm en acier laminé à chaud;product;Plat en acier laminé à chaud;T04 Fiche produit;200;oui;P1;Plat 40x10mm en acier laminé à chaud Aciers Grosjean;251;1;self;0001-01-01;5;7,83~L~d1~i3~r1~3.22 Kg;/p/plat-40x10mm-en-acier-lamine-a-chaud;301
U175;https://www.aciersgrosjean.be/plat-en-acier-laminé-à-chaud-40x3mm;/plat-en-acier-laminé-à-chaud-40x3mm;Plat 40x3mm en acier laminé à chaud;Plat 40x3mm en acier laminé à chaud;product;Plat en acier laminé à chaud;T04 Fiche produit;200;oui;P1;Plat 40x3mm en acier laminé à chaud Aciers Grosjean;250;1;self;0001-01-01;5;2,50~L~d1~i3~r3~0.96 Kg;/p/plat-40x3mm-en-acier-lamine-a-chaud;301
U176;https://www.aciersgrosjean.be/plat-en-acier-laminé-à-chaud-40x4mm;/plat-en-acier-laminé-à-chaud-40x4mm;Plat 40x4mm en acier laminé à chaud;Plat 40x4mm en acier laminé à chaud;product;Plat en acier laminé à chaud;T04 Fiche produit;200;oui;P1;Plat 40x4mm en acier laminé à chaud Aciers Grosjean;250;1;self;0001-01-01;5;3,24~L~d1~i3~r2~1.29 Kg;/p/plat-40x4mm-en-acier-lamine-a-chaud;301
U177;https://www.aciersgrosjean.be/plat-en-acier-laminé-à-chaud-40x5mm;/plat-en-acier-laminé-à-chaud-40x5mm;Plat 40x5mm en acier laminé à chaud;Plat 40x5mm en acier laminé à chaud;product;Plat en acier laminé à chaud;T04 Fiche produit;200;oui;P1;Plat 40x5mm en acier laminé à chaud Aciers Grosjean;250;1;self;0001-01-01;5;3,97~L~d1~i3~r4~1.61 Kg;/p/plat-40x5mm-en-acier-lamine-a-chaud;301
U178;https://www.aciersgrosjean.be/plat-en-acier-laminé-à-chaud-40x8mm;/plat-en-acier-laminé-à-chaud-40x8mm;Plat 40x8mm en acier laminé à chaud;Plat 40x8mm en acier laminé à chaud;product;Plat en acier laminé à chaud;T04 Fiche produit;200;oui;P1;Plat 40x8mm en acier laminé à chaud Aciers Grosjean;251;1;self;0001-01-01;5;6,28~L~d1~i3~r3~2.58 Kg;/p/plat-40x8mm-en-acier-lamine-a-chaud;301
U179;https://www.aciersgrosjean.be/plat-en-acier-laminé-à-chaud-50x10mm;/plat-en-acier-laminé-à-chaud-50x10mm;Plat 50x10mm en acier laminé à chaud;Plat 50x10mm en acier laminé à chaud;product;Plat en acier laminé à chaud;T04 Fiche produit;200;oui;P1;Plat 50x10mm en acier laminé à chaud Aciers Grosjean;251;1;self;0001-01-01;5;9,80~L~d1~i3~r4~4.03 Kg;/p/plat-50x10mm-en-acier-lamine-a-chaud;301
U180;https://www.aciersgrosjean.be/plat-en-acier-laminé-à-chaud-50x3mm;/plat-en-acier-laminé-à-chaud-50x3mm;Plat 50x3mm en acier laminé à chaud;Plat 50x3mm en acier laminé à chaud;product;Plat en acier laminé à chaud;T04 Fiche produit;200;oui;P1;Plat 50x3mm en acier laminé à chaud Aciers Grosjean;250;1;self;0001-01-01;5;3,16~L~d1~i3~r4~1.21 Kg;/p/plat-50x3mm-en-acier-lamine-a-chaud;301
U181;https://www.aciersgrosjean.be/plat-en-acier-laminé-à-chaud-50x5mm;/plat-en-acier-laminé-à-chaud-50x5mm;Plat 50x5mm en acier laminé à chaud;Plat 50x5mm en acier laminé à chaud;product;Plat en acier laminé à chaud;T04 Fiche produit;200;oui;P1;Plat 50x5mm en acier laminé à chaud Aciers Grosjean;249;1;self;0001-01-01;5;4,99~L~d1~i3~r1~2.02 Kg;/p/plat-50x5mm-en-acier-lamine-a-chaud;301
U182;https://www.aciersgrosjean.be/plat-en-acier-laminé-à-chaud-50x8mm;/plat-en-acier-laminé-à-chaud-50x8mm;Plat 50x8mm en acier laminé à chaud;Plat 50x8mm en acier laminé à chaud;product;Plat en acier laminé à chaud;T04 Fiche produit;200;oui;P1;Plat 50x8mm en acier laminé à chaud Aciers Grosjean;250;1;self;0001-01-01;5;7,83~L~d1~i3~r1~3.22 Kg;/p/plat-50x8mm-en-acier-lamine-a-chaud;301
U183;https://www.aciersgrosjean.be/plat-en-acier-laminé-à-chaud-60x10mm;/plat-en-acier-laminé-à-chaud-60x10mm;Plat 60x10mm en acier laminé à chaud;Plat 60x10mm en acier laminé à chaud;product;Plat en acier laminé à chaud;T04 Fiche produit;200;oui;P1;Plat 60x10mm en acier laminé à chaud Aciers Grosjean;251;1;self;0001-01-01;5;11,72~L~d1~i3~r4~4.82 Kg;/p/plat-60x10mm-en-acier-lamine-a-chaud;301
U184;https://www.aciersgrosjean.be/plat-en-acier-laminé-à-chaud-60x5mm;/plat-en-acier-laminé-à-chaud-60x5mm;Plat 60x5mm en acier laminé à chaud;Plat 60x5mm en acier laminé à chaud;product;Plat en acier laminé à chaud;T04 Fiche produit;200;oui;P1;Plat 60x5mm en acier laminé à chaud Aciers Grosjean;250;1;self;0001-01-01;5;5,98~L~d1~i3~r2~2.42 Kg;/p/plat-60x5mm-en-acier-lamine-a-chaud;301
U185;https://www.aciersgrosjean.be/plat-en-acier-laminé-à-chaud-60x8mm;/plat-en-acier-laminé-à-chaud-60x8mm;Plat 60x8mm en acier laminé à chaud;Plat 60x8mm en acier laminé à chaud;product;Plat en acier laminé à chaud;T04 Fiche produit;200;oui;P1;Plat 60x8mm en acier laminé à chaud Aciers Grosjean;250;1;self;0001-01-01;5;9,39~L~d1~i3~r0~3.86 Kg;/p/plat-60x8mm-en-acier-lamine-a-chaud;301
U186;https://www.aciersgrosjean.be/plat-en-acier-laminé-à-chaud-70x10mm;/plat-en-acier-laminé-à-chaud-70x10mm;Plat 70x10mm en acier laminé à chaud;Plat 70x10mm en acier laminé à chaud;product;Plat en acier laminé à chaud;T04 Fiche produit;200;oui;P1;Plat 70x10mm en acier laminé à chaud Aciers Grosjean;251;1;self;0001-01-01;5;13,70~L~d1~i3~r2~5.63 Kg;/p/plat-70x10mm-en-acier-lamine-a-chaud;301
U187;https://www.aciersgrosjean.be/plat-en-acier-laminé-à-chaud-80x10mm;/plat-en-acier-laminé-à-chaud-80x10mm;Plat 80x10mm en acier laminé à chaud;Plat 80x10mm en acier laminé à chaud;product;Plat en acier laminé à chaud;T04 Fiche produit;200;oui;P1;Plat 80x10mm en acier laminé à chaud Aciers Grosjean;251;1;self;0001-01-01;5;18,78~L~d1~i3~r0~7.72 Kg;/p/plat-80x10mm-en-acier-lamine-a-chaud;301
U188;https://www.aciersgrosjean.be/plat-en-acier-laminé-à-chaud-80x8mm;/plat-en-acier-laminé-à-chaud-80x8mm;Plat 80x8mm en acier laminé à chaud;Plat 80x8mm en acier laminé à chaud;product;Plat en acier laminé à chaud;T04 Fiche produit;200;oui;P1;Plat 80x8mm en acier laminé à chaud Aciers Grosjean;250;1;self;0001-01-01;5;15,63~L~d1~i3~r0~6.43 Kg;/p/plat-80x8mm-en-acier-lamine-a-chaud;301
U189;https://www.aciersgrosjean.be/cornière-inégale-en-acier-laminé-à-chaud-100x50x6mm;/cornière-inégale-en-acier-laminé-à-chaud-100x50x6mm;Cornière inégale 100x50x6mm Acier LAC;Cornière inégale 100x50x6mm Acier LAC;product;Cornière inégale en acier laminé à chaud;T04 Fiche produit;200;oui;P1;Cornière inégale 100x50x6mm Acier LAC Aciers Grosjean;495;1;self;0001-01-01;5;17,71~L~d1~i2~r0~7.02 Kg;/p/corniere-inegale-100x50x6mm-acier-lac;301
U190;https://www.aciersgrosjean.be/cornière-inégale-en-acier-laminé-à-chaud-150x100x10mm;/cornière-inégale-en-acier-laminé-à-chaud-150x100x10mm;Cornière inégale 150x100x10mm Acier LAC;Cornière inégale 150x100x10mm Acier LAC;product;Cornière inégale en acier laminé à chaud;T04 Fiche produit;200;oui;P1;Cornière inégale 150x100x10mm Acier LAC Aciers Grosjean;850;1;self;0001-01-01;5;49,53~L~d1~i2~r4~19.26 Kg;/p/corniere-inegale-150x100x10mm-acier-lac;301
U191;https://www.aciersgrosjean.be/cornière-inégale-en-acier-laminé-à-chaud-200x100x10mm;/cornière-inégale-en-acier-laminé-à-chaud-200x100x10mm;Cornière inégale 200x100x10mm Acier LAC;Cornière inégale 200x100x10mm Acier LAC;product;Cornière inégale en acier laminé à chaud;T04 Fiche produit;200;oui;P1;Cornière inégale 200x100x10mm Acier LAC Aciers Grosjean;497;1;self;0001-01-01;5;59,31~L~d1~i2~r4~23.51 Kg;/p/corniere-inegale-200x100x10mm-acier-lac;301
U192;https://www.aciersgrosjean.be/cornière-inégale-en-acier-laminé-à-chaud-60x40x5mm;/cornière-inégale-en-acier-laminé-à-chaud-60x40x5mm;Cornière inégale 60x40x5mm Acier LAC;Cornière inégale 60x40x5mm Acier LAC;product;Cornière inégale en acier laminé à chaud;T04 Fiche produit;200;oui;P1;Cornière inégale 60x40x5mm Acier LAC Aciers Grosjean;496;1;self;0001-01-01;5;9,72~L~d1~i2~r0~3.89 Kg;/p/corniere-inegale-60x40x5mm-acier-lac;301
U193;https://www.aciersgrosjean.be/cornière-inégale-en-acier-laminé-à-chaud-70x50x6mm;/cornière-inégale-en-acier-laminé-à-chaud-70x50x6mm;Cornière inégale 70x50x6mm Acier LAC;Cornière inégale 70x50x6mm Acier LAC;product;Cornière inégale en acier laminé à chaud;T04 Fiche produit;200;oui;P1;Cornière inégale 70x50x6mm Acier LAC Aciers Grosjean;495;1;self;0001-01-01;5;14,42~L~d1~i2~r0~5.53 Kg;/p/corniere-inegale-70x50x6mm-acier-lac;301
U194;https://www.aciersgrosjean.be/fer-rond-plein-lisse-de-10mm-de-diamètre;/fer-rond-plein-lisse-de-10mm-de-diamètre;Rond lisse 10mm en acier laminée à chaud;Rond lisse 10mm en acier laminée à chaud;product;Rond plein lisse;T04 Fiche produit;200;oui;P1;Rond lisse 10mm en acier laminée à chaud Aciers Grosjean;522;1;self;0001-01-01;5;1,62~L~d1~i2~r4~0.63 Kg;/p/rond-lisse-10mm-en-acier-laminee-a-chaud;301
U195;https://www.aciersgrosjean.be/fer-rond-plein-lisse-de-12mm-de-diamètre;/fer-rond-plein-lisse-de-12mm-de-diamètre;Rond lisse 12mm en acier laminée à chaud;Rond lisse 12mm en acier laminée à chaud;product;Rond plein lisse;T04 Fiche produit;200;oui;P1;Rond lisse 12mm en acier laminée à chaud Aciers Grosjean;522;1;self;0001-01-01;5;2,27~L~d1~i2~r4~0.91 Kg;/p/rond-lisse-12mm-en-acier-laminee-a-chaud;301
U196;https://www.aciersgrosjean.be/fer-rond-plein-lisse-de-14mm-de-diamètre;/fer-rond-plein-lisse-de-14mm-de-diamètre;Rond lisse 14mm en acier laminée à chaud;Rond lisse 14mm en acier laminée à chaud;product;Rond plein lisse;T04 Fiche produit;200;oui;P1;Rond lisse 14mm en acier laminée à chaud Aciers Grosjean;522;1;self;0001-01-01;5;3,05~L~d1~i2~r4~1.24 Kg;/p/rond-lisse-14mm-en-acier-laminee-a-chaud;301
U197;https://www.aciersgrosjean.be/fer-rond-plein-lisse-de-16mm-de-diamètre;/fer-rond-plein-lisse-de-16mm-de-diamètre;Rond lisse 16mm en acier laminée à chaud;Rond lisse 16mm en acier laminée à chaud;product;Rond plein lisse;T04 Fiche produit;200;oui;P1;Rond lisse 16mm en acier laminée à chaud Aciers Grosjean;522;1;self;0001-01-01;5;3,97~L~d1~i2~r4~1.62 Kg;/p/rond-lisse-16mm-en-acier-laminee-a-chaud;301
U198;https://www.aciersgrosjean.be/fer-rond-plein-lisse-de-18mm-de-diamètre;/fer-rond-plein-lisse-de-18mm-de-diamètre;Rond lisse 18mm en acier laminée à chaud;Rond lisse 18mm en acier laminée à chaud;product;Rond plein lisse;T04 Fiche produit;200;oui;P1;Rond lisse 18mm en acier laminée à chaud Aciers Grosjean;522;1;self;0001-01-01;5;5,02~L~d1~i2~r0~2.05 Kg;/p/rond-lisse-18mm-en-acier-laminee-a-chaud;301
U199;https://www.aciersgrosjean.be/fer-rond-plein-lisse-de-20mm-de-diamètre;/fer-rond-plein-lisse-de-20mm-de-diamètre;Rond lisse 20mm en acier laminée à chaud;Rond lisse 20mm en acier laminée à chaud;product;Rond plein lisse;T04 Fiche produit;200;oui;P1;Rond lisse 20mm en acier laminée à chaud Aciers Grosjean;522;1;self;0001-01-01;5;6,20~L~d1~i2~r3~2.53 Kg;/p/rond-lisse-20mm-en-acier-laminee-a-chaud;301
U200;https://www.aciersgrosjean.be/fer-rond-plein-lisse-de-22mm-de-diamètre;/fer-rond-plein-lisse-de-22mm-de-diamètre;Rond lisse 22mm en acier laminée à chaud;Rond lisse 22mm en acier laminée à chaud;product;Rond plein lisse;T04 Fiche produit;200;oui;P1;Rond lisse 22mm en acier laminée à chaud Aciers Grosjean;522;1;self;0001-01-01;5;7,48~L~d1~i2~r0~3.05 Kg;/p/rond-lisse-22mm-en-acier-laminee-a-chaud;301
U201;https://www.aciersgrosjean.be/fer-rond-plein-lisse-de-6mm-de-diamètre;/fer-rond-plein-lisse-de-6mm-de-diamètre;Rond lisse 6mm en acier laminée à chaud;Rond lisse 6mm en acier laminée à chaud;product;Rond plein lisse;T04 Fiche produit;200;oui;P1;Rond lisse 6mm en acier laminée à chaud Aciers Grosjean;521;1;self;0001-01-01;5;0,58~L~d1~i2~r4~0.23 Kg;/p/rond-lisse-6mm-en-acier-laminee-a-chaud;301
U202;https://www.aciersgrosjean.be/fer-rond-plein-lisse-de-8mm-de-diamètre;/fer-rond-plein-lisse-de-8mm-de-diamètre;Rond lisse 8mm en acier laminée à chaud;Rond lisse 8mm en acier laminée à chaud;product;Rond plein lisse;T04 Fiche produit;200;oui;P1;Rond lisse 8mm en acier laminée à chaud Aciers Grosjean;521;1;self;0001-01-01;5;1,04~L~d1~i2~r4~0.4 Kg;/p/rond-lisse-8mm-en-acier-laminee-a-chaud;301
U203;https://www.aciersgrosjean.be/fer-en-t-20x3mm-2;/fer-en-t-20x3mm-2;Fer en T 20x3mm en acier laminé à chaud;Fer en T 20x3mm en acier laminé à chaud;product;Fer T;T04 Fiche produit;200;oui;P1;Fer en T 20x3mm en acier laminé à chaud Aciers Grosjean;579;1;self;0001-01-01;5;2,58~L~d1~i3~r4~0.92 Kg;/p/fer-en-t-20x3mm-en-acier-lamine-a-chaud;301
U204;https://www.aciersgrosjean.be/fer-en-t-30x4mm-3;/fer-en-t-30x4mm-3;Fer en T 30x4mm en acier laminé à chaud;Fer en T 30x4mm en acier laminé à chaud;product;Fer T;T04 Fiche produit;200;oui;P1;Fer en T 30x4mm en acier laminé à chaud Aciers Grosjean;579;1;self;0001-01-01;5;4,97~L~d1~i3~r4~1.81 Kg;/p/fer-en-t-30x4mm-en-acier-lamine-a-chaud;301
U205;https://www.aciersgrosjean.be/fer-en-t-40x5mm-2;/fer-en-t-40x5mm-2;Fer en T 40x5mm en acier laminé à chaud;Fer en T 40x5mm en acier laminé à chaud;product;Fer T;T04 Fiche produit;200;oui;P1;Fer en T 40x5mm en acier laminé à chaud Aciers Grosjean;580;1;self;0001-01-01;5;8,29~L~d1~i3~r0~3.03 Kg;/p/fer-en-t-40x5mm-en-acier-lamine-a-chaud;301
U206;https://www.aciersgrosjean.be/fer-en-t-50x6mm-2;/fer-en-t-50x6mm-2;Fer en T 50x6mm en acier laminé à chaud;Fer en T 50x6mm en acier laminé à chaud;product;Fer T;T04 Fiche produit;200;oui;P1;Fer en T 50x6mm en acier laminé à chaud Aciers Grosjean;579;1;self;0001-01-01;5;12,44~L~d1~i3~r4~4.55 Kg;/p/fer-en-t-50x6mm-en-acier-lamine-a-chaud;301
U207;https://www.aciersgrosjean.be/fer-en-t-60x7mm-2;/fer-en-t-60x7mm-2;Fer en T 60x7mm en acier laminé à chaud;Fer en T 60x7mm en acier laminé à chaud;product;Fer T;T04 Fiche produit;200;oui;P1;Fer en T 60x7mm en acier laminé à chaud Aciers Grosjean;579;1;self;0001-01-01;5;17,45~L~d1~i3~r0~6.38 Kg;/p/fer-en-t-60x7mm-en-acier-lamine-a-chaud;301
U208;https://www.aciersgrosjean.be/tube-en-acier-rond-brut-série-légère-de-diamètre-1016x365mm;/tube-en-acier-rond-brut-série-légère-de-diamètre-1016x365mm;Tube rond 101,6x3,65mm en acier brut série légère;Tube rond 101,6x3,65mm en acier brut série légère;product;Tube rond acier;T04 Fiche produit;200;oui;P1;Tube rond 101,6x3,65mm en acier brut série légère Aciers Grosjean;398;1;self;0001-01-01;5;24,10~L~d1~i3~r0~8.7 Kg;/p/tube-rond-101-6x3-65mm-en-acier-brut-serie-legere;301
U209;https://www.aciersgrosjean.be/tube-en-acier-rond-brut-série-légère-de-diamètre-1143x365mm;/tube-en-acier-rond-brut-série-légère-de-diamètre-1143x365mm;Tube rond 114,3x3,65mm en acier brut série légère;Tube rond 114,3x3,65mm en acier brut série légère;product;Tube rond acier;T04 Fiche produit;200;oui;P1;Tube rond 114,3x3,65mm en acier brut série légère Aciers Grosjean;398;1;self;0001-01-01;5;27,43~L~d1~i3~r0~9.9 Kg;/p/tube-rond-114-3x3-65mm-en-acier-brut-serie-legere;301
U210;https://www.aciersgrosjean.be/tube-en-acier-rond-brut-série-légère-de-diamètre-172x18mm;/tube-en-acier-rond-brut-série-légère-de-diamètre-172x18mm;Tube rond 17,2(18)x2mm en acier brut série légère;Tube rond 17,2(18)x2mm en acier brut série légère;product;Tube rond acier;T04 Fiche produit;200;oui;P1;Tube rond 17,2(18)x2mm en acier brut série légère Aciers Grosjean;398;1;self;0001-01-01;5;2,13~L~d1~i3~r4~0.77 Kg;/p/tube-rond-17-2-18-x2mm-en-acier-brut-serie-legere;301
U211;https://www.aciersgrosjean.be/tube-en-acier-rond-brut-série-légère-de-diamètre-213x2mm;/tube-en-acier-rond-brut-série-légère-de-diamètre-213x2mm;Tube rond 21,3x2mm en acier brut série légère;Tube rond 21,3x2mm en acier brut série légère;product;Tube rond acier;T04 Fiche produit;200;oui;P1;Tube rond 21,3x2mm en acier brut série légère Aciers Grosjean;394;1;self;0001-01-01;5;2,71~L~d1~i3~r4~0.98 Kg;/p/tube-rond-21-3x2mm-en-acier-brut-serie-legere;301
U212;https://www.aciersgrosjean.be/tube-en-acier-rond-brut-série-légère-de-diamètre-269x235mm;/tube-en-acier-rond-brut-série-légère-de-diamètre-269x235mm;Tube rond 26,9x2,5mm en acier brut série légère;Tube rond 26,9x2,5mm en acier brut série légère;product;Tube rond acier;T04 Fiche produit;200;oui;P1;Tube rond 26,9x2,5mm en acier brut série légère Aciers Grosjean;396;1;self;0001-01-01;5;3,91~L~d1~i3~r4~1.41 Kg;/p/tube-rond-26-9x2-5mm-en-acier-brut-serie-legere;301
U213;https://www.aciersgrosjean.be/tube-en-acier-rond-brut-série-légère-de-diamètre-337x25mm;/tube-en-acier-rond-brut-série-légère-de-diamètre-337x25mm;Tube rond 33,7x2,5mm en acier brut série légère;Tube rond 33,7x2,5mm en acier brut série légère;product;Tube rond acier;T04 Fiche produit;200;oui;P1;Tube rond 33,7x2,5mm en acier brut série légère Aciers Grosjean;396;1;self;0001-01-01;5;5,46~L~d1~i3~r4~1.97 Kg;/p/tube-rond-33-7x2-5mm-en-acier-brut-serie-legere;301
U214;https://www.aciersgrosjean.be/tube-en-acier-rond-brut-série-légère-de-diamètre-424x25mm;/tube-en-acier-rond-brut-série-légère-de-diamètre-424x25mm;Tube rond 42,4x2,5mm en acier brut série légère;Tube rond 42,4x2,5mm en acier brut série légère;product;Tube rond acier;T04 Fiche produit;200;oui;P1;Tube rond 42,4x2,5mm en acier brut série légère Aciers Grosjean;396;1;self;0001-01-01;5;6,98~L~d1~i3~r4~2.52 Kg;/p/tube-rond-42-4x2-5mm-en-acier-brut-serie-legere;301
U215;https://www.aciersgrosjean.be/tube-en-acier-rond-brut-série-légère-de-diamètre-483x29mm;/tube-en-acier-rond-brut-série-légère-de-diamètre-483x29mm;Tube rond 48,3x3mm en acier brut série légère;Tube rond 48,3x3mm en acier brut série légère;product;Tube rond acier;T04 Fiche produit;200;oui;P1;Tube rond 48,3x3mm en acier brut série légère Aciers Grosjean;394;1;self;0001-01-01;5;9,23~L~d1~i3~r1~3.33 Kg;/p/tube-rond-48-3x3mm-en-acier-brut-serie-legere;301
U216;https://www.aciersgrosjean.be/tube-en-acier-rond-brut-série-légère-de-diamètre-603x29mm;/tube-en-acier-rond-brut-série-légère-de-diamètre-603x29mm;Tube rond 60,3x3mm en acier brut série légère;Tube rond 60,3x3mm en acier brut série légère;product;Tube rond acier;T04 Fiche produit;200;oui;P1;Tube rond 60,3x3mm en acier brut série légère Aciers Grosjean;394;1;self;0001-01-01;5;11,66~L~d1~i3~r1~4.21 Kg;/p/tube-rond-60-3x3mm-en-acier-brut-serie-legere;301
U217;https://www.aciersgrosjean.be/tube-en-acier-rond-brut-série-légère-de-diamètre-761x325mm;/tube-en-acier-rond-brut-série-légère-de-diamètre-761x325mm;Tube rond 76,1x3,25mm en acier brut série légère;Tube rond 76,1x3,25mm en acier brut série légère;product;Tube rond acier;T04 Fiche produit;200;oui;P1;Tube rond 76,1x3,25mm en acier brut série légère Aciers Grosjean;397;1;self;0001-01-01;5;16,07~L~d1~i3~r0~5.8 Kg;/p/tube-rond-76-1x3-25mm-en-acier-brut-serie-legere;301
U218;https://www.aciersgrosjean.be/tube-en-acier-rond-brut-série-légère-de-diamètre-889x325mm;/tube-en-acier-rond-brut-série-légère-de-diamètre-889x325mm;Tube rond 88,9x3,00mm en acier brut série légère;Tube rond 88,9x3,00mm en acier brut série légère;product;Tube rond acier;T04 Fiche produit;200;oui;P1;Tube rond 88,9x3,00mm en acier brut série légère Aciers Grosjean;397;1;self;0001-01-01;5;18,86~L~d1~i3~r1~6.81 Kg;/p/tube-rond-88-9x3-00mm-en-acier-brut-serie-legere;301
U219;https://www.aciersgrosjean.be/tube-en-acier-profilé-rectangle-de-100x50x3mm;/tube-en-acier-profilé-rectangle-de-100x50x3mm;Tube rectangle 100x50x3mm en acier;Tube rectangle 100x50x3mm en acier;product;Tube rectangle acier;T04 Fiche produit;200;oui;P1;Tube rectangle 100x50x3mm en acier Aciers Grosjean;1075;1;self;0001-01-01;5;18,34~L~d1~i3~r1~7.05 Kg;/p/tube-rectangle-100x50x3mm-en-acier;301
U220;https://www.aciersgrosjean.be/tube-en-acier-profilé-rectangle-de-100x50x4mm;/tube-en-acier-profilé-rectangle-de-100x50x4mm;Tube rectangle 100x50x4mm en acier;Tube rectangle 100x50x4mm en acier;product;Tube rectangle acier;T04 Fiche produit;200;oui;P1;Tube rectangle 100x50x4mm en acier Aciers Grosjean;1075;1;self;0001-01-01;5;23,39~L~d1~i3~r4~8.99 Kg;/p/tube-rectangle-100x50x4mm-en-acier;301
U221;https://www.aciersgrosjean.be/tube-en-acier-profilé-rectangle-de-120x60x3mm;/tube-en-acier-profilé-rectangle-de-120x60x3mm;Tube rectangle 120x60x3mm en acier;Tube rectangle 120x60x3mm en acier;product;Tube rectangle acier;T04 Fiche produit;200;oui;P1;Tube rectangle 120x60x3mm en acier Aciers Grosjean;1075;1;self;0001-01-01;5;22,17~L~d1~i3~r0~8.52 Kg;/p/tube-rectangle-120x60x3mm-en-acier;301
U222;https://www.aciersgrosjean.be/tube-en-acier-profilé-rectangle-de-120x60x4mm;/tube-en-acier-profilé-rectangle-de-120x60x4mm;Tube rectangle 120x60x4mm en acier;Tube rectangle 120x60x4mm en acier;product;Tube rectangle acier;T04 Fiche produit;200;oui;P1;Tube rectangle 120x60x4mm en acier Aciers Grosjean;1075;1;self;0001-01-01;5;28,51~L~d1~i3~r0~10.96 Kg;/p/tube-rectangle-120x60x4mm-en-acier;301
U223;https://www.aciersgrosjean.be/tube-en-acier-profilé-rectangle-de-200x100x5mm;/tube-en-acier-profilé-rectangle-de-200x100x5mm;Tube rectangle 200x100x5mm en acier;Tube rectangle 200x100x5mm en acier;product;Tube rectangle acier;T04 Fiche produit;200;oui;P1;Tube rectangle 200x100x5mm en acier Aciers Grosjean;1076;1;self;0001-01-01;5;61,01~L~d1~i3~r0~23.45 Kg;/p/tube-rectangle-200x100x5mm-en-acier;301
U224;https://www.aciersgrosjean.be/tube-en-acier-profilé-rectangle-de-30x15x2mm;/tube-en-acier-profilé-rectangle-de-30x15x2mm;Tube rectangle 30x15x2mm en acier;Tube rectangle 30x15x2mm en acier;product;Tube rectangle acier;T04 Fiche produit;200;oui;P1;Tube rectangle 30x15x2mm en acier Aciers Grosjean;1074;1;self;0001-01-01;5;3,41~L~d1~i3~r4~1.31 Kg;/p/tube-rectangle-30x15x2mm-en-acier;301
U225;https://www.aciersgrosjean.be/tube-en-acier-profilé-rectangle-de-30x20x2mm;/tube-en-acier-profilé-rectangle-de-30x20x2mm;Tube rectangle 30x20x2mm en acier;Tube rectangle 30x20x2mm en acier;product;Tube rectangle acier;T04 Fiche produit;200;oui;P1;Tube rectangle 30x20x2mm en acier Aciers Grosjean;1074;1;self;0001-01-01;5;3,82~L~d1~i3~r3~1.47 Kg;/p/tube-rectangle-30x20x2mm-en-acier;301
U226;https://www.aciersgrosjean.be/tube-en-acier-profilé-rectangle-de-40x20x2mm;/tube-en-acier-profilé-rectangle-de-40x20x2mm;Tube rectangle 40x20x2mm en acier;Tube rectangle 40x20x2mm en acier;product;Tube rectangle acier;T04 Fiche produit;200;oui;P1;Tube rectangle 40x20x2mm en acier Aciers Grosjean;1074;1;self;0001-01-01;5;4,66~L~d1~i3~r4~1.79 Kg;/p/tube-rectangle-40x20x2mm-en-acier;301
U227;https://www.aciersgrosjean.be/tube-en-acier-profilé-rectangle-de-40x20x3mm;/tube-en-acier-profilé-rectangle-de-40x20x3mm;Tube rectangle 40x20x3mm en acier;Tube rectangle 40x20x3mm en acier;product;Tube rectangle acier;T04 Fiche produit;200;oui;P1;Tube rectangle 40x20x3mm en acier Aciers Grosjean;1074;1;self;0001-01-01;5;6,74~L~d1~i3~r1~2.59 Kg;/p/tube-rectangle-40x20x3mm-en-acier;301
U228;https://www.aciersgrosjean.be/tube-en-acier-profilé-rectangle-de-40x30x2mm;/tube-en-acier-profilé-rectangle-de-40x30x2mm;Tube rectangle 40x30x2mm en acier;Tube rectangle 40x30x2mm en acier;product;Tube rectangle acier;T04 Fiche produit;200;oui;P1;Tube rectangle 40x30x2mm en acier Aciers Grosjean;1074;1;self;0001-01-01;5;5,52~L~d1~i3~r4~2.12 Kg;/p/tube-rectangle-40x30x2mm-en-acier;301
U229;https://www.aciersgrosjean.be/tube-en-acier-profilé-rectangle-de-50x20x2mm;/tube-en-acier-profilé-rectangle-de-50x20x2mm;Tube rectangle 50x20x2mm en acier;Tube rectangle 50x20x2mm en acier;product;Tube rectangle acier;T04 Fiche produit;200;oui;P1;Tube rectangle 50x20x2mm en acier Aciers Grosjean;1074;1;self;0001-01-01;5;5,52~L~d1~i3~r4~2.12 Kg;/p/tube-rectangle-50x20x2mm-en-acier;301
U230;https://www.aciersgrosjean.be/tube-en-acier-profilé-rectangle-de-50x25x2mm;/tube-en-acier-profilé-rectangle-de-50x25x2mm;Tube rectangle 50x25x2mm en acier;Tube rectangle 50x25x2mm en acier;product;Tube rectangle acier;T04 Fiche produit;200;oui;P1;Tube rectangle 50x25x2mm en acier Aciers Grosjean;1074;1;self;0001-01-01;5;5,99~L~d1~i3~r2~2.3 Kg;/p/tube-rectangle-50x25x2mm-en-acier;301
U231;https://www.aciersgrosjean.be/tube-en-acier-profilé-rectangle-de-50x30x2mm;/tube-en-acier-profilé-rectangle-de-50x30x2mm;Tube rectangle 50x30x2mm en acier;Tube rectangle 50x30x2mm en acier;product;Tube rectangle acier;T04 Fiche produit;200;oui;P1;Tube rectangle 50x30x2mm en acier;1074;1;self;0001-01-01;5;6,35~L~d1~i3~r4~2.44 Kg;/p/tube-rectangle-50x30x2mm-en-acier;301
U232;https://www.aciersgrosjean.be/tube-en-acier-profilé-rectangle-de-50x30x3mm;/tube-en-acier-profilé-rectangle-de-50x30x3mm;Tube rectangle 50x30x3mm en acier;Tube rectangle 50x30x3mm en acier;product;Tube rectangle acier;T04 Fiche produit;200;oui;P1;Tube rectangle 50x30x3mm en acier Aciers Grosjean;1074;1;self;0001-01-01;5;9,39~L~d1~i3~r2~3.61 Kg;/p/tube-rectangle-50x30x3mm-en-acier;301
U233;https://www.aciersgrosjean.be/tube-en-acier-profilé-rectangle-de-60x30x2mm;/tube-en-acier-profilé-rectangle-de-60x30x2mm;Tube rectangle 60x30x2mm en acier;Tube rectangle 60x30x2mm en acier;product;Tube rectangle acier;T04 Fiche produit;200;oui;P1;Tube rectangle 60x30x2mm en acier Aciers Grosjean;1074;1;self;0001-01-01;5;7,18~L~d1~i3~r2~2.76 Kg;/p/tube-rectangle-60x30x2mm-en-acier;301
U234;https://www.aciersgrosjean.be/tube-en-acier-profilé-rectangle-de-60x30x3mm;/tube-en-acier-profilé-rectangle-de-60x30x3mm;Tube rectangle 60x30x3mm en acier;Tube rectangle 60x30x3mm en acier;product;Tube rectangle acier;T04 Fiche produit;200;oui;P1;Tube rectangle 60x30x3mm en acier Aciers Grosjean;1074;1;self;0001-01-01;5;10,48~L~d1~i3~r0~4.03 Kg;/p/tube-rectangle-60x30x3mm-en-acier;301
U235;https://www.aciersgrosjean.be/tube-en-acier-profilé-rectangle-de-60x40x2mm;/tube-en-acier-profilé-rectangle-de-60x40x2mm;Tube rectangle 60x40x2mm en acier;Tube rectangle 60x40x2mm en acier;product;Tube rectangle acier;T04 Fiche produit;200;oui;P1;Tube rectangle 60x40x2mm en acier Aciers Grosjean;1074;1;self;0001-01-01;5;8,01~L~d1~i3~r0~3.08 Kg;/p/tube-rectangle-60x40x2mm-en-acier;301
U236;https://www.aciersgrosjean.be/tube-en-acier-profilé-rectangle-de-60x40x3mm;/tube-en-acier-profilé-rectangle-de-60x40x3mm;Tube rectangle 60x40x3mm en acier;Tube rectangle 60x40x3mm en acier;product;Tube rectangle acier;T04 Fiche produit;200;oui;P1;Tube rectangle 60x40x3mm en acier Aciers Grosjean;1074;1;self;0001-01-01;5;11,94~L~d1~i3~r1~4.59 Kg;/p/tube-rectangle-60x40x3mm-en-acier;301
U237;https://www.aciersgrosjean.be/tube-en-acier-profilé-rectangle-de-80x40x2mm;/tube-en-acier-profilé-rectangle-de-80x40x2mm;Tube rectangle 80x40x2mm en acier;Tube rectangle 80x40x2mm en acier;product;Tube rectangle acier;T04 Fiche produit;200;oui;P1;Tube rectangle 80x40x2mm en acier Aciers Grosjean;1074;1;self;0001-01-01;5;9,70~L~d1~i3~r4~3.73 Kg;/p/tube-rectangle-80x40x2mm-en-acier;301
U238;https://www.aciersgrosjean.be/tube-en-acier-profilé-rectangle-de-80x40x3mm;/tube-en-acier-profilé-rectangle-de-80x40x3mm;Tube rectangle 80x40x3mm en acier;Tube rectangle 80x40x3mm en acier;product;Tube rectangle acier;T04 Fiche produit;200;oui;P1;Tube rectangle 80x40x3mm en acier Aciers Grosjean;1074;1;self;0001-01-01;5;14,50~L~d1~i3~r3~5.57 Kg;/p/tube-rectangle-80x40x3mm-en-acier;301
U239;https://www.aciersgrosjean.be/tube-en-acier-profilé-rectangle-de-80x40x4mm;/tube-en-acier-profilé-rectangle-de-80x40x4mm;Tube rectangle 80x40x4mm en acier;Tube rectangle 80x40x4mm en acier;product;Tube rectangle acier;T04 Fiche produit;200;oui;P1;Tube rectangle 80x40x4mm en acier Aciers Grosjean;1074;1;self;0001-01-01;5;18,39~L~d1~i3~r4~7.07 Kg;/p/tube-rectangle-80x40x4mm-en-acier;301
U240;https://www.aciersgrosjean.be/tube-en-acier-profilé-carré-de-100x100x10mm;/tube-en-acier-profilé-carré-de-100x100x10mm;Tube carré 100x100x10mm en acier;Tube carré 100x100x10mm en acier;product;Tube carré acier;T04 Fiche produit;200;oui;P1;Tube carré 100x100x10mm en acier Aciers Grosjean;1020;1;self;0001-01-01;5;68,21~L~d1~i3~r0~26.22 Kg;/p/tube-carre-100x100x10mm-en-acier;301
U241;https://www.aciersgrosjean.be/tube-en-acier-profilé-carré-de-100x100x3mm;/tube-en-acier-profilé-carré-de-100x100x3mm;Tube carré 100x100x3mm en acier;Tube carré 100x100x3mm en acier;product;Tube carré acier;T04 Fiche produit;200;oui;P1;Tube carré 100x100x3mm en acier Aciers Grosjean;1019;1;self;0001-01-01;5;23,89~L~d1~i3~r4~9.18 Kg;/p/tube-carre-100x100x3mm-en-acier;301
U242;https://www.aciersgrosjean.be/tube-en-acier-profilé-carré-de-100x100x4mm;/tube-en-acier-profilé-carré-de-100x100x4mm;Tube carré 100x100x4mm en acier;Tube carré 100x100x4mm en acier;product;Tube carré acier;T04 Fiche produit;200;oui;P1;Tube carré 100x100x4mm en acier Aciers Grosjean;1019;1;self;0001-01-01;5;31,17~L~d1~i3~r3~11.98 Kg;/p/tube-carre-100x100x4mm-en-acier;301
U243;https://www.aciersgrosjean.be/tube-en-acier-profilé-carré-de-100x100x5mm;/tube-en-acier-profilé-carré-de-100x100x5mm;Tube carré 100x100x5mm en acier;Tube carré 100x100x5mm en acier;product;Tube carré acier;T04 Fiche produit;200;oui;P1;Tube carré 100x100x5mm en acier Aciers Grosjean;1019;1;self;0001-01-01;5;38,37~L~d1~i3~r0~14.75 Kg;/p/tube-carre-100x100x5mm-en-acier;301
U244;https://www.aciersgrosjean.be/tube-en-acier-profilé-carré-de-120x120x4mm;/tube-en-acier-profilé-carré-de-120x120x4mm;Tube carré 120x120x4mm en acier;Tube carré 120x120x4mm en acier;product;Tube carré acier;T04 Fiche produit;200;oui;P1;Tube carré 120x120x4mm en acier Aciers Grosjean;1019;1;self;0001-01-01;5;37,82~L~d1~i3~r0~14.54 Kg;/p/tube-carre-120x120x4mm-en-acier;301
U245;https://www.aciersgrosjean.be/tube-en-acier-profilé-carré-de-120x120x5mm;/tube-en-acier-profilé-carré-de-120x120x5mm;Tube carré 120x120x5mm en acier;Tube carré 120x120x5mm en acier;product;Tube carré acier;T04 Fiche produit;200;oui;P1;Tube carré 120x120x5mm en acier Aciers Grosjean;1019;1;self;0001-01-01;5;46,62~L~d1~i3~r0~17.92 Kg;/p/tube-carre-120x120x5mm-en-acier;301
U246;https://www.aciersgrosjean.be/tube-en-acier-profilé-carré-de-140x140x5mm;/tube-en-acier-profilé-carré-de-140x140x5mm;Tube carré 140x140x5mm en acier;Tube carré 140x140x5mm en acier;product;Tube carré acier;T04 Fiche produit;200;oui;P1;Tube carré 140x140x5mm en acier Aciers Grosjean;1019;1;self;0001-01-01;5;55,15~L~d1~i3~r0~21.2 Kg;/p/tube-carre-140x140x5mm-en-acier;301
U247;https://www.aciersgrosjean.be/tube-en-acier-profilé-carré-de-150x150x5mm;/tube-en-acier-profilé-carré-de-150x150x5mm;Tube carré 150x150x5mm en acier;Tube carré 150x150x5mm en acier;product;Tube carré acier;T04 Fiche produit;200;oui;P1;Tube carré 150x150x5mm en acier Aciers Grosjean;1019;1;self;0001-01-01;5;59,42~L~d1~i3~r0~22.84 Kg;/p/tube-carre-150x150x5mm-en-acier;301
U248;https://www.aciersgrosjean.be/tube-en-acier-profilé-carré-de-15x15x2mm;/tube-en-acier-profilé-carré-de-15x15x2mm;Tube carré 15x15x2mm en acier;Tube carré 15x15x2mm en acier;product;Tube carré acier;T04 Fiche produit;200;oui;P1;Tube carré 15x15x2mm en acier Aciers Grosjean;1017;1;self;0001-01-01;5;2,41~L~d1~i3~r0~0.83 Kg;/p/tube-carre-15x15x2mm-en-acier;301
U249;https://www.aciersgrosjean.be/tube-en-acier-profilé-carré-de-20x20x2mm;/tube-en-acier-profilé-carré-de-20x20x2mm;Tube carré 20x20x2mm en acier;Tube carré 20x20x2mm en acier;product;Tube carré acier;T04 Fiche produit;200;oui;P1;Tube carré 20x20x2mm en acier Aciers Grosjean;1017;1;self;0001-01-01;5;2,99~L~d1~i3~r4~1.15 Kg;/p/tube-carre-20x20x2mm-en-acier;301
U250;https://www.aciersgrosjean.be/tube-en-acier-profilé-carré-de-250x250x6mm;/tube-en-acier-profilé-carré-de-250x250x6mm;Tube carré 250x250x6mm en acier;Tube carré 250x250x6mm en acier;product;Tube carré acier;T04 Fiche produit;200;oui;P1;Tube carré 250x250x6mm en acier Aciers Grosjean;1019;1;self;0001-01-01;5;120,42~L~d1~i3~r0~46.29 Kg;/p/tube-carre-250x250x6mm-en-acier;301
U251;https://www.aciersgrosjean.be/tube-en-acier-profilé-carré-de-25x25x2mm;/tube-en-acier-profilé-carré-de-25x25x2mm;Tube carré 25x25x2mm en acier;Tube carré 25x25x2mm en acier;product;Tube carré acier;T04 Fiche produit;200;oui;P1;Tube carré 25x25x2mm en acier Aciers Grosjean;1017;1;self;0001-01-01;5;3,62~L~d1~i3~r4~1.39 Kg;/p/tube-carre-25x25x2mm-en-acier;301
U252;https://www.aciersgrosjean.be/tube-en-acier-profilé-carré-de-25x25x3mm;/tube-en-acier-profilé-carré-de-25x25x3mm;Tube carré 25x25x3mm en acier;Tube carré 25x25x3mm en acier;product;Tube carré acier;T04 Fiche produit;200;oui;P1;Tube carré 25x25x3mm en acier Aciers Grosjean;1017;1;self;0001-01-01;5;5,05~L~d1~i3~r4~1.94 Kg;/p/tube-carre-25x25x3mm-en-acier;301
U253;https://www.aciersgrosjean.be/tube-en-acier-profilé-carré-de-30x30x2mm;/tube-en-acier-profilé-carré-de-30x30x2mm;Tube carré 30x30x2mm en acier;Tube carré 30x30x2mm en acier;product;Tube carré acier;T04 Fiche produit;200;oui;P1;Tube carré 30x30x2mm en acier Aciers Grosjean;1017;1;self;0001-01-01;5;4,48~L~d1~i3~r4~1.72 Kg;/p/tube-carre-30x30x2mm-en-acier;301
U254;https://www.aciersgrosjean.be/tube-en-acier-profilé-carré-de-30x30x3mm;/tube-en-acier-profilé-carré-de-30x30x3mm;Tube carré 30x30x3mm en acier;Tube carré 30x30x3mm en acier;product;Tube carré acier;T04 Fiche produit;200;oui;P1;Tube carré 30x30x3mm en acier Aciers Grosjean;1017;1;self;0001-01-01;5;6,29~L~d1~i3~r2~2.42 Kg;/p/tube-carre-30x30x3mm-en-acier;301
U255;https://www.aciersgrosjean.be/tube-en-acier-profilé-carré-de-35x35x2mm;/tube-en-acier-profilé-carré-de-35x35x2mm;Tube carré 35x35x2mm en acier;Tube carré 35x35x2mm en acier;product;Tube carré acier;T04 Fiche produit;200;oui;P1;Tube carré 35x35x2mm en acier Aciers Grosjean;1017;1;self;0001-01-01;5;5,52~L~d1~i3~r4~2.12 Kg;/p/tube-carre-35x35x2mm-en-acier;301
U256;https://www.aciersgrosjean.be/tube-en-acier-profilé-carré-de-40x40x2mm;/tube-en-acier-profilé-carré-de-40x40x2mm;Tube carré 40x40x2mm en acier;Tube carré 40x40x2mm en acier;product;Tube carré acier;T04 Fiche produit;200;oui;P1;Tube carré 40x40x2mm en acier Aciers Grosjean;1017;1;self;0001-01-01;5;6,17~L~d1~i3~r2~2.37 Kg;/p/tube-carre-40x40x2mm-en-acier;301
U257;https://www.aciersgrosjean.be/tube-en-acier-profilé-carré-de-40x40x3mm;/tube-en-acier-profilé-carré-de-40x40x3mm;Tube carré 40x40x3mm en acier;Tube carré 40x40x3mm en acier;product;Tube carré acier;T04 Fiche produit;200;oui;P1;Tube carré 40x40x3mm en acier Aciers Grosjean;1017;1;self;0001-01-01;5;8,80~L~d1~i3~r4~3.38 Kg;/p/tube-carre-40x40x3mm-en-acier;301
U258;https://www.aciersgrosjean.be/tube-en-acier-profilé-carré-de-40x40x4mm;/tube-en-acier-profilé-carré-de-40x40x4mm;Tube carré 40x40x4mm en acier;Tube carré 40x40x4mm en acier;product;Tube carré acier;T04 Fiche produit;200;oui;P1;Tube carré 40x40x4mm en acier Aciers Grosjean;1017;1;self;0001-01-01;5;11,19~L~d1~i3~r4~4.3 Kg;/p/tube-carre-40x40x4mm-en-acier;301
U259;https://www.aciersgrosjean.be/tube-en-acier-profilé-carré-de-45x45x2mm;/tube-en-acier-profilé-carré-de-45x45x2mm;Tube carré 45x45x2mm en acier;Tube carré 45x45x2mm en acier;product;Tube carré acier;T04 Fiche produit;200;oui;P1;Tube carré 45x45x2mm en acier Aciers Grosjean;1017;1;self;0001-01-01;5;7,18~L~d1~i3~r0~2.76 Kg;/p/tube-carre-45x45x2mm-en-acier;301
U260;https://www.aciersgrosjean.be/tube-en-acier-profilé-carré-de-45x45x3mm;/tube-en-acier-profilé-carré-de-45x45x3mm;Tube carré 45x45x3mm en acier;Tube carré 45x45x3mm en acier;product;Tube carré acier;T04 Fiche produit;200;oui;P1;Tube carré 45x45x3mm en acier Aciers Grosjean;1017;1;self;0001-01-01;5;10,33~L~d1~i3~r0~3.97 Kg;/p/tube-carre-45x45x3mm-en-acier;301
U261;https://www.aciersgrosjean.be/tube-en-acier-profilé-carré-de-50x50x2mm;/tube-en-acier-profilé-carré-de-50x50x2mm;Tube carré 50x50x2mm en acier;Tube carré 50x50x2mm en acier;product;Tube carré acier;T04 Fiche produit;200;oui;P1;Tube carré 50x50x2mm en acier Aciers Grosjean;1017;1;self;0001-01-01;5;7,80~L~d1~i3~r4~3 Kg;/p/tube-carre-50x50x2mm-en-acier;301
U262;https://www.aciersgrosjean.be/tube-en-acier-profilé-carré-de-50x50x3mm;/tube-en-acier-profilé-carré-de-50x50x3mm;Tube carré 50x50x3mm en acier;Tube carré 50x50x3mm en acier;product;Tube carré acier;T04 Fiche produit;200;oui;P1;Tube carré 50x50x3mm en acier Aciers Grosjean;1017;1;self;0001-01-01;5;11,31~L~d1~i3~r4~4.35 Kg;/p/tube-carre-50x50x3mm-en-acier;301
U263;https://www.aciersgrosjean.be/tube-en-acier-profilé-carré-de-50x50x4mm;/tube-en-acier-profilé-carré-de-50x50x4mm;Tube carré 50x50x4mm en acier;Tube carré 50x50x4mm en acier;product;Tube carré acier;T04 Fiche produit;200;oui;P1;Tube carré 50x50x4mm en acier Aciers Grosjean;1017;1;self;0001-01-01;5;14,52~L~d1~i3~r2~5.58 Kg;/p/tube-carre-50x50x4mm-en-acier;301
U264;https://www.aciersgrosjean.be/tube-en-acier-profilé-carré-de-50x50x5mm;/tube-en-acier-profilé-carré-de-50x50x5mm;Tube carré 50x50x5mm en acier;Tube carré 50x50x5mm en acier;product;Tube carré acier;T04 Fiche produit;200;oui;P1;Tube carré 50x50x5mm en acier Aciers Grosjean;1017;1;self;0001-01-01;5;17,48~L~d1~i3~r4~6.72 Kg;/p/tube-carre-50x50x5mm-en-acier;301
U265;https://www.aciersgrosjean.be/tube-en-acier-profilé-carré-de-60x60x2mm;/tube-en-acier-profilé-carré-de-60x60x2mm;Tube carré 60x60x2mm en acier;Tube carré 60x60x2mm en acier;product;Tube carré acier;T04 Fiche produit;200;oui;P1;Tube carré 60x60x2mm en acier Aciers Grosjean;1017;1;self;0001-01-01;5;9,50~L~d1~i3~r2~3.65 Kg;/p/tube-carre-60x60x2mm-en-acier;301
U266;https://www.aciersgrosjean.be/tube-en-acier-profilé-carré-de-60x60x3mm;/tube-en-acier-profilé-carré-de-60x60x3mm;Tube carré 60x60x3mm en acier;Tube carré 60x60x3mm en acier;product;Tube carré acier;T04 Fiche produit;200;oui;P1;Tube carré 60x60x3mm en acier Aciers Grosjean;1017;1;self;0001-01-01;5;13,84~L~d1~i3~r3~5.32 Kg;/p/tube-carre-60x60x3mm-en-acier;301
U267;https://www.aciersgrosjean.be/tube-en-acier-profilé-carré-de-60x60x4mm;/tube-en-acier-profilé-carré-de-60x60x4mm;Tube carré 60x60x4mm en acier;Tube carré 60x60x4mm en acier;product;Tube carré acier;T04 Fiche produit;200;oui;P1;Tube carré 60x60x4mm en acier Aciers Grosjean;1017;1;self;0001-01-01;5;17,87~L~d1~i3~r4~6.87 Kg;/p/tube-carre-60x60x4mm-en-acier;301
U268;https://www.aciersgrosjean.be/tube-en-acier-profilé-carré-de-60x60x5mm;/tube-en-acier-profilé-carré-de-60x60x5mm;Tube carré 60x60x5mm en acier;Tube carré 60x60x5mm en acier;product;Tube carré acier;T04 Fiche produit;200;oui;P1;Tube carré 60x60x5mm en acier Aciers Grosjean;1017;1;self;0001-01-01;5;21,67~L~d1~i3~r3~8.33 Kg;/p/tube-carre-60x60x5mm-en-acier;301
U269;https://www.aciersgrosjean.be/tube-en-acier-profilé-carré-de-70x70x3mm;/tube-en-acier-profilé-carré-de-70x70x3mm;Tube carré 70x70x3mm en acier;Tube carré 70x70x3mm en acier;product;Tube carré acier;T04 Fiche produit;200;oui;P1;Tube carré 70x70x3mm en acier Aciers Grosjean;1017;1;self;0001-01-01;5;16,34~L~d1~i3~r0~6.28 Kg;/p/tube-carre-70x70x3mm-en-acier;301
U270;https://www.aciersgrosjean.be/tube-en-acier-profilé-carré-de-70x70x4mm;/tube-en-acier-profilé-carré-de-70x70x4mm;Tube carré 70x70x4mm en acier;Tube carré 70x70x4mm en acier;product;Tube carré acier;T04 Fiche produit;200;oui;P1;Tube carré 70x70x4mm en acier Aciers Grosjean;1017;1;self;0001-01-01;5;21,22~L~d1~i3~r0~8.16 Kg;/p/tube-carre-70x70x4mm-en-acier;301
U271;https://www.aciersgrosjean.be/tube-en-acier-profilé-carré-de-70x70x5mm;/tube-en-acier-profilé-carré-de-70x70x5mm;Tube carré 70x70x5mm en acier;Tube carré 70x70x5mm en acier;product;Tube carré acier;T04 Fiche produit;200;oui;P1;Tube carré 70x70x5mm en acier Aciers Grosjean;1017;1;self;0001-01-01;5;25,83~L~d1~i3~r0~9.93 Kg;/p/tube-carre-70x70x5mm-en-acier;301
U272;https://www.aciersgrosjean.be/tube-en-acier-profilé-carré-de-80x80x3mm;/tube-en-acier-profilé-carré-de-80x80x3mm;Tube carré 80x80x3mm en acier;Tube carré 80x80x3mm en acier;product;Tube carré acier;T04 Fiche produit;200;oui;P1;Tube carré 80x80x3mm en acier Aciers Grosjean;1017;1;self;0001-01-01;5;18,84~L~d1~i3~r4~7.24 Kg;/p/tube-carre-80x80x3mm-en-acier;301
U273;https://www.aciersgrosjean.be/tube-en-acier-profilé-carré-de-80x80x4mm;/tube-en-acier-profilé-carré-de-80x80x4mm;Tube carré 80x80x4mm en acier;Tube carré 80x80x4mm en acier;product;Tube carré acier;T04 Fiche produit;200;oui;P1;Tube carré 80x80x4mm en acier Aciers Grosjean;1017;1;self;0001-01-01;5;24,56~L~d1~i3~r0~9.44 Kg;/p/tube-carre-80x80x4mm-en-acier;301
U274;https://www.aciersgrosjean.be/tube-en-acier-profilé-carré-de-80x80x5mm;/tube-en-acier-profilé-carré-de-80x80x5mm;Tube carré 80x80x5mm en acier;Tube carré 80x80x5mm en acier;product;Tube carré acier;T04 Fiche produit;200;oui;P1;Tube carré 80x80x5mm en acier Aciers Grosjean;1017;1;self;0001-01-01;5;30,10~L~d1~i3~r0~11.57 Kg;/p/tube-carre-80x80x5mm-en-acier;301
U275;https://www.aciersgrosjean.be/tube-en-acier-profilé-carré-de-90x90x3mm;/tube-en-acier-profilé-carré-de-90x90x3mm;Tube carré 90x90x3mm en acier;Tube carré 90x90x3mm en acier;product;Tube carré acier;T04 Fiche produit;200;oui;P1;Tube carré 90x90x3mm en acier Aciers Grosjean;1017;1;self;0001-01-01;5;21,33~L~d1~i3~r0~8.2 Kg;/p/tube-carre-90x90x3mm-en-acier;301
U276;https://www.aciersgrosjean.be/tôle-plane-en-acier-laminée-à-chaud-de-2000x1000x10mm;/tôle-plane-en-acier-laminée-à-chaud-de-2000x1000x10mm;Tôle de 2000x1000x10mm en acier laminée à chaud;Tôle de 2000x1000x10mm en acier laminée à chaud;product;Tôle laminé à chaud;T04 Fiche produit;200;oui;P1;Tôle de 2000x1000x10mm en acier laminée à chaud Aciers Grosjean;236;1;self;0001-01-01;5;430,00~~d1~i2~r1~160.8 Kg;/p/tole-de-2000x1000x10mm-en-acier-laminee-a-chaud;301
U277;https://www.aciersgrosjean.be/tôle-plane-en-acier-laminée-à-chaud-de-2000x1000x12mm;/tôle-plane-en-acier-laminée-à-chaud-de-2000x1000x12mm;Tôle de 2000x1000x12mm en acier laminée à chaud;Tôle de 2000x1000x12mm en acier laminée à chaud;product;Tôle laminé à chaud;T04 Fiche produit;200;oui;P1;Tôle de 2000x1000x12mm en acier laminée à chaud Aciers Grosjean;236;1;self;0001-01-01;5;515,99~~d1~i2~r0~192.96 Kg;/p/tole-de-2000x1000x12mm-en-acier-laminee-a-chaud;301
U278;https://www.aciersgrosjean.be/tôle-plane-en-acier-laminée-à-chaud-de-2000x1000x2mm;/tôle-plane-en-acier-laminée-à-chaud-de-2000x1000x2mm;Tôle de 2000x1000x2mm en acier laminée à chaud;Tôle de 2000x1000x2mm en acier laminée à chaud;product;Tôle laminé à chaud;T04 Fiche produit;200;oui;P1;Tôle de 2000x1000x2mm en acier laminée à chaud Aciers Grosjean;237;1;self;0001-01-01;5;85,99~~d1~i2~r0~32.16 Kg;/p/tole-de-2000x1000x2mm-en-acier-laminee-a-chaud;301
U279;https://www.aciersgrosjean.be/tôle-plane-en-acier-laminée-à-chaud-de-2000x1000x3mm;/tôle-plane-en-acier-laminée-à-chaud-de-2000x1000x3mm;Tôle de 2000x1000x3mm en acier laminée à chaud;Tôle de 2000x1000x3mm en acier laminée à chaud;product;Tôle laminé à chaud;T04 Fiche produit;200;oui;P1;Tôle de 2000x1000x3mm en acier laminée à chaud Aciers Grosjean;236;1;self;0001-01-01;5;129,00~~d1~i2~r2~48.24 Kg;/p/tole-de-2000x1000x3mm-en-acier-laminee-a-chaud;301
U280;https://www.aciersgrosjean.be/tôle-plane-en-acier-laminée-à-chaud-de-2000x1000x5mm;/tôle-plane-en-acier-laminée-à-chaud-de-2000x1000x5mm;Tôle de 2000x1000x5mm en acier laminée à chaud;Tôle de 2000x1000x5mm en acier laminée à chaud;product;Tôle laminé à chaud;T04 Fiche produit;200;oui;P1;Tôle de 2000x1000x5mm en acier laminée à chaud Aciers Grosjean;236;1;self;0001-01-01;5;214,99~~d1~i2~r0~80.4 Kg;/p/tole-de-2000x1000x5mm-en-acier-laminee-a-chaud;301
U281;https://www.aciersgrosjean.be/tôle-plane-en-acier-laminée-à-chaud-de-2500x1250x10mm;/tôle-plane-en-acier-laminée-à-chaud-de-2500x1250x10mm;Tôle de 2500x1250x10mm en acier laminée à chaud;Tôle de 2500x1250x10mm en acier laminée à chaud;product;Tôle laminé à chaud;T04 Fiche produit;200;oui;P1;Tôle de 2500x1250x10mm en acier laminée à chaud Aciers Grosjean;236;1;self;0001-01-01;5;671,86~~d1~i2~r0~251.25 Kg;/p/tole-de-2500x1250x10mm-en-acier-laminee-a-chaud;301
U282;https://www.aciersgrosjean.be/tôle-plane-en-acier-laminée-à-chaud-de-2500x1250x2mm;/tôle-plane-en-acier-laminée-à-chaud-de-2500x1250x2mm;Tôle de 2500x1250x2mm en acier laminée à chaud;Tôle de 2500x1250x2mm en acier laminée à chaud;product;Tôle laminé à chaud;T04 Fiche produit;200;oui;P1;Tôle de 2500x1250x2mm en acier laminée à chaud Aciers Grosjean;236;1;self;0001-01-01;5;134,37~~d1~i2~r0~50.25 Kg;/p/tole-de-2500x1250x2mm-en-acier-laminee-a-chaud;301
U283;https://www.aciersgrosjean.be/tôle-plane-en-acier-laminée-à-chaud-de-2500x1250x3mm;/tôle-plane-en-acier-laminée-à-chaud-de-2500x1250x3mm;Tôle de 2500x1250x3mm en acier laminée à chaud;Tôle de 2500x1250x3mm en acier laminée à chaud;product;Tôle laminé à chaud;T04 Fiche produit;200;oui;P1;Tôle de 2500x1250x3mm en acier laminée à chaud Aciers Grosjean;236;1;self;0001-01-01;5;201,57~~d1~i2~r0~75.38 Kg;/p/tole-de-2500x1250x3mm-en-acier-laminee-a-chaud;301
U284;https://www.aciersgrosjean.be/tôle-plane-en-acier-laminée-à-chaud-de-2500x1250x5mm;/tôle-plane-en-acier-laminée-à-chaud-de-2500x1250x5mm;Tôle de 2500x1250x5mm en acier laminée à chaud;Tôle de 2500x1250x5mm en acier laminée à chaud;product;Tôle laminé à chaud;T04 Fiche produit;200;oui;P1;Tôle de 2500x1250x5mm en acier laminée à chaud Tôle plane de 2000x1000x1,5mm en acier laminée à chaud Aciers Grosjean;236;1;self;0001-01-01;5;335,94~~d1~i2~r0~125.63 Kg;/p/tole-de-2500x1250x5mm-en-acier-laminee-a-chaud;301
U285;https://www.aciersgrosjean.be/tôle-plane-en-acier-laminée-à-chaud-de-3000x1500x10mm;/tôle-plane-en-acier-laminée-à-chaud-de-3000x1500x10mm;Tôle de 3000x1500x10mm en acier laminée à chaud;Tôle de 3000x1500x10mm en acier laminée à chaud;product;Tôle laminé à chaud;T04 Fiche produit;200;oui;P1;Tôle de 3000x1500x10mm en acier laminée à chaud Aciers Grosjean;236;1;self;0001-01-01;5;967,49~~d1~i2~r0~361.8 Kg;/p/tole-de-3000x1500x10mm-en-acier-laminee-a-chaud;301
U286;https://www.aciersgrosjean.be/tôle-plane-en-acier-laminée-à-chaud-de-3000x1500x3mm;/tôle-plane-en-acier-laminée-à-chaud-de-3000x1500x3mm;Tôle de 3000x1500x3mm en acier laminée à chaud;Tôle de 3000x1500x3mm en acier laminée à chaud;product;Tôle laminé à chaud;T04 Fiche produit;200;oui;P1;Tôle de 3000x1500x3mm en acier laminée à chaud Aciers Grosjean;236;1;self;0001-01-01;5;290,24~~d1~i2~r0~108.54 Kg;/p/tole-de-3000x1500x3mm-en-acier-laminee-a-chaud;301
U287;https://www.aciersgrosjean.be/tôle-plane-en-acier-laminée-à-chaud-de-3000x1500x8mm;/tôle-plane-en-acier-laminée-à-chaud-de-3000x1500x8mm;Tôle de 3000x1500x8mm en acier laminée à chaud;Tôle de 3000x1500x8mm en acier laminée à chaud;product;Tôle laminé à chaud;T04 Fiche produit;200;oui;P1;Tôle de 3000x1500x8mm en acier laminée à chaud Aciers Grosjean;236;1;self;0001-01-01;5;773,99~~d1~i2~r0~289.44 Kg;/p/tole-de-3000x1500x8mm-en-acier-laminee-a-chaud;301
U288;https://www.aciersgrosjean.be/tôle-plane-en-acier-laserplus-de-3000x1500x5mm;/tôle-plane-en-acier-laserplus-de-3000x1500x5mm;Tôle plane LaserpressPlus® 240 skinpass de 3000x1500x5mm;Tôle plane LaserpressPlus® 240 skinpass de 3000x1500x5mm;product;Tôle laminé à chaud;T04 Fiche produit;200;oui;P1;Tôle plane LaserpressPlus® 240 skinpass de 3000x1500x5mm Aciers Grosjean;95;1;self;0001-01-01;5;496,87~~d1~i2~r0~180.9 Kg;/p/tole-plane-laserpressplus-240-skinpass-de-3000x1500x5mm;301
U289;https://www.aciersgrosjean.be/tôle-plane-en-acier-laserplus-de-2000x1000x10mm;/tôle-plane-en-acier-laserplus-de-2000x1000x10mm;Tôle plane de 2000x1000x10mm LaserpressPlus®;Tôle plane de 2000x1000x10mm LaserpressPlus®;product;Tôle laminé à chaud;T04 Fiche produit;200;oui;P1;Tôle plane de 2000x1000x10mm LaserpressPlus® Aciers Grosjean;97;1;self;0001-01-01;5;441,67~~d1~i2~r0~160.8 Kg;/p/tole-plane-de-2000x1000x10mm-laserpressplus;301
U290;https://www.aciersgrosjean.be/tôle-plane-en-acier-laserplus-de-2000x1000x15mm;/tôle-plane-en-acier-laserplus-de-2000x1000x15mm;Tôle plane de 2000x1000x15mm LaserpressPlus®;Tôle plane de 2000x1000x15mm LaserpressPlus®;product;Tôle laminé à chaud;T04 Fiche produit;200;oui;P1;Tôle plane de 2000x1000x15mm LaserpressPlus® Aciers Grosjean;97;1;self;0001-01-01;5;659,21~~d1~i2~r0~240 Kg;/p/tole-plane-de-2000x1000x15mm-laserpressplus;301
U291;https://www.aciersgrosjean.be/tôle-plane-en-acier-laserplus-de-2000x1000x2mm;/tôle-plane-en-acier-laserplus-de-2000x1000x2mm;Tôle plane de 2000x1000x2mm LaserpressPlus®;Tôle plane de 2000x1000x2mm LaserpressPlus®;product;Tôle laminé à chaud;T04 Fiche produit;200;oui;P1;Tôle plane de 2000x1000x2mm LaserpressPlus® Aciers Grosjean;96;1;self;0001-01-01;5;88,33~~d1~i2~r0~32.16 Kg;/p/tole-plane-de-2000x1000x2mm-laserpressplus;301
U292;https://www.aciersgrosjean.be/tôle-plane-en-acier-laserplus-de-2000x1000x3mm;/tôle-plane-en-acier-laserplus-de-2000x1000x3mm;Tôle plane de 2000x1000x3mm LaserpressPlus®;Tôle plane de 2000x1000x3mm LaserpressPlus®;product;Tôle laminé à chaud;T04 Fiche produit;200;oui;P1;Tôle plane de 2000x1000x3mm LaserpressPlus® Aciers Grosjean;97;1;self;0001-01-01;5;132,50~~d1~i2~r0~48.24 Kg;/p/tole-plane-de-2000x1000x3mm-laserpressplus;301
U293;https://www.aciersgrosjean.be/tôle-plane-en-acier-laserplus-de-2000x1000x4mm;/tôle-plane-en-acier-laserplus-de-2000x1000x4mm;Tôle plane de 2000x1000x4mm LaserpressPlus®;Tôle plane de 2000x1000x4mm LaserpressPlus®;product;Tôle laminé à chaud;T04 Fiche produit;200;oui;P1;Tôle plane de 2000x1000x4mm LaserpressPlus® Aciers Grosjean;97;1;self;0001-01-01;5;176,67~~d1~i2~r0~64.32 Kg;/p/tole-plane-de-2000x1000x4mm-laserpressplus;301
U294;https://www.aciersgrosjean.be/tôle-plane-en-acier-laserplus-de-2000x1000x5mm;/tôle-plane-en-acier-laserplus-de-2000x1000x5mm;Tôle plane de 2000x1000x5mm LaserpressPlus®;Tôle plane de 2000x1000x5mm LaserpressPlus®;product;Tôle laminé à chaud;T04 Fiche produit;200;oui;P1;Tôle plane de 2000x1000x5mm LaserpressPlus® Aciers Grosjean;96;1;self;0001-01-01;5;220,84~~d1~i2~r0~80.4 Kg;/p/tole-plane-de-2000x1000x5mm-laserpressplus;301
U295;https://www.aciersgrosjean.be/tôle-plane-en-acier-laserplus-de-2000x1000x6mm;/tôle-plane-en-acier-laserplus-de-2000x1000x6mm;Tôle plane de 2000x1000x6mm LaserpressPlus®;Tôle plane de 2000x1000x6mm LaserpressPlus®;product;Tôle laminé à chaud;T04 Fiche produit;200;oui;P1;Tôle plane de 2000x1000x6mm LaserpressPlus® Aciers Grosjean;96;1;self;0001-01-01;5;265,00~~d1~i2~r0~96.48 Kg;/p/tole-plane-de-2000x1000x6mm-laserpressplus;301
U296;https://www.aciersgrosjean.be/tôle-plane-en-acier-laserplus-de-2000x1000x8mm;/tôle-plane-en-acier-laserplus-de-2000x1000x8mm;Tôle plane de 2000x1000x8mm LaserpressPlus®;Tôle plane de 2000x1000x8mm LaserpressPlus®;product;Tôle laminé à chaud;T04 Fiche produit;200;oui;P1;Tôle plane de 2000x1000x8mm LaserpressPlus® Aciers Grosjean;96;1;self;0001-01-01;5;353,33~~d1~i2~r0~128.64 Kg;/p/tole-plane-de-2000x1000x8mm-laserpressplus;301
U297;https://www.aciersgrosjean.be/tôle-plane-en-acier-laserplus-de-2500x1250x10mm;/tôle-plane-en-acier-laserplus-de-2500x1250x10mm;Tôle plane de 2500x1250x10mm LaserpressPlus®;Tôle plane de 2500x1250x10mm LaserpressPlus®;product;Tôle laminé à chaud;T04 Fiche produit;200;oui;P1;Tôle plane de 2500x1250x10mm LaserpressPlus® Aciers Grosjean;97;1;self;0001-01-01;5;690,11~~d1~i2~r0~251.25 Kg;/p/tole-plane-de-2500x1250x10mm-laserpressplus;301
U298;https://www.aciersgrosjean.be/tôle-plane-en-acier-laserplus-de-2500x1250x15mm;/tôle-plane-en-acier-laserplus-de-2500x1250x15mm;Tôle plane de 2500x1250x15mm LaserpressPlus®;Tôle plane de 2500x1250x15mm LaserpressPlus®;product;Tôle laminé à chaud;T04 Fiche produit;200;oui;P1;Tôle plane de 2500x1250x15mm LaserpressPlus® Aciers Grosjean;97;1;self;0001-01-01;5;1030,01~~d1~i2~r0~375 Kg;/p/tole-plane-de-2500x1250x15mm-laserpressplus;301
U299;https://www.aciersgrosjean.be/tôle-plane-en-acier-laserplus-de-2500x1250x2mm;/tôle-plane-en-acier-laserplus-de-2500x1250x2mm;Tôle plane de 2500x1250x2mm LaserpressPlus®;Tôle plane de 2500x1250x2mm LaserpressPlus®;product;Tôle laminé à chaud;T04 Fiche produit;200;oui;P1;Tôle plane de 2500x1250x2mm LaserpressPlus® Aciers Grosjean;97;1;self;0001-01-01;5;138,02~~d1~i2~r0~50.25 Kg;/p/tole-plane-de-2500x1250x2mm-laserpressplus;301
U300;https://www.aciersgrosjean.be/tôle-plane-en-acier-laserplus-de-2500x1250x3mm;/tôle-plane-en-acier-laserplus-de-2500x1250x3mm;Tôle plane de 2500x1250x3mm LaserpressPlus®;Tôle plane de 2500x1250x3mm LaserpressPlus®;product;Tôle laminé à chaud;T04 Fiche produit;200;oui;P1;Tôle plane de 2500x1250x3mm LaserpressPlus® Aciers Grosjean;97;1;self;0001-01-01;5;207,04~~d1~i2~r0~75.38 Kg;/p/tole-plane-de-2500x1250x3mm-laserpressplus;301
U301;https://www.aciersgrosjean.be/tôle-plane-en-acier-laserplus-de-2500x1250x4mm;/tôle-plane-en-acier-laserplus-de-2500x1250x4mm;Tôle plane de 2500x1250x4mm LaserpressPlus®;Tôle plane de 2500x1250x4mm LaserpressPlus®;product;Tôle laminé à chaud;T04 Fiche produit;200;oui;P1;Tôle plane de 2500x1250x4mm LaserpressPlus® Aciers Grosjean;97;1;self;0001-01-01;5;276,05~~d1~i2~r0~100.5 Kg;/p/tole-plane-de-2500x1250x4mm-laserpressplus;301
U302;https://www.aciersgrosjean.be/tôle-plane-en-acier-laserplus-de-2500x1250x5mm;/tôle-plane-en-acier-laserplus-de-2500x1250x5mm;Tôle plane de 2500x1250x5mm LaserpressPlus®;Tôle plane de 2500x1250x5mm LaserpressPlus®;product;Tôle laminé à chaud;T04 Fiche produit;200;oui;P1;Tôle plane de 2500x1250x5mm LaserpressPlus® Aciers Grosjean;96;1;self;0001-01-01;5;345,07~~d1~i2~r0~125.63 Kg;/p/tole-plane-de-2500x1250x5mm-laserpressplus;301
U303;https://www.aciersgrosjean.be/tôle-plane-en-acier-laserplus-de-2500x1250x6mm;/tôle-plane-en-acier-laserplus-de-2500x1250x6mm;Tôle plane de 2500x1250x6mm LaserpressPlus®;Tôle plane de 2500x1250x6mm LaserpressPlus®;product;Tôle laminé à chaud;T04 Fiche produit;200;oui;P1;Tôle plane de 2500x1250x6mm LaserpressPlus® Aciers Grosjean;96;1;self;0001-01-01;5;414,06~~d1~i2~r0~150.75 Kg;/p/tole-plane-de-2500x1250x6mm-laserpressplus;301
U304;https://www.aciersgrosjean.be/tôle-plane-en-acier-laserplus-de-2500x1250x8mm;/tôle-plane-en-acier-laserplus-de-2500x1250x8mm;Tôle plane de 2500x1250x8mm LaserpressPlus®;Tôle plane de 2500x1250x8mm LaserpressPlus®;product;Tôle laminé à chaud;T04 Fiche produit;200;oui;P1;Tôle plane de 2500x1250x8mm LaserpressPlus® Aciers Grosjean;96;1;self;0001-01-01;5;552,09~~d1~i2~r0~201 Kg;/p/tole-plane-de-2500x1250x8mm-laserpressplus;301
U305;https://www.aciersgrosjean.be/tôle-plane-en-acier-laserplus-de-3000x1500x10mm;/tôle-plane-en-acier-laserplus-de-3000x1500x10mm;Tôle plane de 3000x1500x10mm LaserpressPlus®;Tôle plane de 3000x1500x10mm LaserpressPlus®;product;Tôle laminé à chaud;T04 Fiche produit;200;oui;P1;Tôle plane de 3000x1500x10mm LaserpressPlus® Aciers Grosjean;97;1;self;0001-01-01;5;993,76~~d1~i2~r0~361.8 Kg;/p/tole-plane-de-3000x1500x10mm-laserpressplus;301
U306;https://www.aciersgrosjean.be/tôle-plane-en-acier-laserplus-de-3000x1500x15mm;/tôle-plane-en-acier-laserplus-de-3000x1500x15mm;Tôle plane de 3000x1500x15mm LaserpressPlus®;Tôle plane de 3000x1500x15mm LaserpressPlus®;product;Tôle laminé à chaud;T04 Fiche produit;200;oui;P1;Tôle plane de 3000x1500x15mm LaserpressPlus® Aciers Grosjean;97;1;self;0001-01-01;5;1483,22~~d1~i2~r0~540 Kg;/p/tole-plane-de-3000x1500x15mm-laserpressplus;301
U307;https://www.aciersgrosjean.be/tôle-plane-en-acier-laserplus-de-3000x1500x2mm;/tôle-plane-en-acier-laserplus-de-3000x1500x2mm;Tôle plane de 3000x1500x2mm LaserpressPlus®;Tôle plane de 3000x1500x2mm LaserpressPlus®;product;Tôle laminé à chaud;T04 Fiche produit;200;oui;P1;Tôle plane de 3000x1500x2mm LaserpressPlus® Aciers Grosjean;97;1;self;0001-01-01;5;198,75~~d1~i2~r0~72.36 Kg;/p/tole-plane-de-3000x1500x2mm-laserpressplus;301
U308;https://www.aciersgrosjean.be/tôle-plane-en-acier-laserplus-de-3000x1500x3mm;/tôle-plane-en-acier-laserplus-de-3000x1500x3mm;Tôle plane de 3000x1500x3mm LaserpressPlus®;Tôle plane de 3000x1500x3mm LaserpressPlus®;product;Tôle laminé à chaud;T04 Fiche produit;200;oui;P1;Tôle plane de 3000x1500x3mm LaserpressPlus® Aciers Grosjean;97;1;self;0001-01-01;5;298,13~~d1~i2~r0~108.54 Kg;/p/tole-plane-de-3000x1500x3mm-laserpressplus;301
U309;https://www.aciersgrosjean.be/tôle-plane-en-acier-laserplus-de-3000x1500x4mm;/tôle-plane-en-acier-laserplus-de-3000x1500x4mm;Tôle plane de 3000x1500x4mm LaserpressPlus®;Tôle plane de 3000x1500x4mm LaserpressPlus®;product;Tôle laminé à chaud;T04 Fiche produit;200;oui;P1;Tôle plane de 3000x1500x4mm LaserpressPlus® Aciers Grosjean;96;1;self;0001-01-01;5;397,50~~d1~i2~r0~144.72 Kg;/p/tole-plane-de-3000x1500x4mm-laserpressplus;301
U310;https://www.aciersgrosjean.be/tôle-plane-en-acier-laserplus-de-3000x1500x6mm;/tôle-plane-en-acier-laserplus-de-3000x1500x6mm;Tôle plane de 3000x1500x6mm LaserpressPlus®;Tôle plane de 3000x1500x6mm LaserpressPlus®;product;Tôle laminé à chaud;T04 Fiche produit;200;oui;P1;Tôle plane de 3000x1500x6mm LaserpressPlus® Aciers Grosjean;96;1;self;0001-01-01;5;596,25~~d1~i2~r0~217.08 Kg;/p/tole-plane-de-3000x1500x6mm-laserpressplus;301
U311;https://www.aciersgrosjean.be/tôle-plane-en-acier-laserplus-de-3000x1500x8mm;/tôle-plane-en-acier-laserplus-de-3000x1500x8mm;Tôle plane de 3000x1500x8mm LaserpressPlus®;Tôle plane de 3000x1500x8mm LaserpressPlus®;product;Tôle laminé à chaud;T04 Fiche produit;200;oui;P1;Tôle plane de 3000x1500x8mm LaserpressPlus® Aciers Grosjean;96;1;self;0001-01-01;5;795,01~~d1~i2~r0~289.44 Kg;/p/tole-plane-de-3000x1500x8mm-laserpressplus;301
U312;https://www.aciersgrosjean.be/tôle-en-acier-larmée-de-2000x1000x35mm;/tôle-en-acier-larmée-de-2000x1000x35mm;Tôle de 2000x1000x3/5mm en acier larmée;Tôle de 2000x1000x3/5mm en acier larmée;product;Tôle larmée en acier;T04 Fiche produit;200;oui;P1;Tôle de 2000x1000x3/5mm en acier larmée Aciers Grosjean Aciers Grosjean;98;1;self;0001-01-01;5;148,87~~d1~i2~r0~53.26 Kg;/p/tole-de-2000x1000x3-5mm-en-acier-larmee;301
U313;https://www.aciersgrosjean.be/tôle-en-acier-larmée-de-2000x1000x57mm;/tôle-en-acier-larmée-de-2000x1000x57mm;Tôle de 2000x1000x5/7mm en acier larmée;Tôle de 2000x1000x5/7mm en acier larmée;product;Tôle larmée en acier;T04 Fiche produit;200;oui;P1;Tôle de 2000x1000x5/7mm en acier larmée Aciers Grosjean;138;1;self;0001-01-01;5;240,46~~d1~i2~r0~86.03 Kg;/p/tole-de-2000x1000x5-7mm-en-acier-larmee;301
U314;https://www.aciersgrosjean.be/tôle-en-acier-larmée-de-2500x1250x35mm;/tôle-en-acier-larmée-de-2500x1250x35mm;Tôle de 2500x1250x3/5mm en acier larmée;Tôle de 2500x1250x3/5mm en acier larmée;product;Tôle larmée en acier;T04 Fiche produit;200;oui;P1;Tôle de 2500x1250x3/5mm en acier larmée Aciers Grosjean;137;1;self;0001-01-01;5;232,61~~d1~i2~r0~83.22 Kg;/p/tole-de-2500x1250x3-5mm-en-acier-larmee;301
U315;https://www.aciersgrosjean.be/tôle-en-acier-larmée-de-2500x1250x57mm;/tôle-en-acier-larmée-de-2500x1250x57mm;Tôle de 2500x1250x5/7mm en acier larmée;Tôle de 2500x1250x5/7mm en acier larmée;product;Tôle larmée en acier;T04 Fiche produit;200;oui;P1;Tôle de 2500x1250x5/7mm en acier larmée Aciers Grosjean;138;1;self;0001-01-01;5;375,74~~d1~i2~r0~134.43 Kg;/p/tole-de-2500x1250x5-7mm-en-acier-larmee;301
U316;https://www.aciersgrosjean.be/tôle-en-acier-larmée-de-3000x1500x35mm;/tôle-en-acier-larmée-de-3000x1500x35mm;Tôle de 3000x1500x3/5mm en acier larmée;Tôle de 3000x1500x3/5mm en acier larmée;product;Tôle larmée en acier;T04 Fiche produit;200;oui;P1;Tôle de 3000x1500x3/5mm en acier larmée Aciers Grosjean;138;1;self;0001-01-01;5;334,94~~d1~i2~r0~119.83 Kg;/p/tole-de-3000x1500x3-5mm-en-acier-larmee;301
U317;https://www.aciersgrosjean.be/tôle-en-acier-larmée-de-3000x1500x57mm;/tôle-en-acier-larmée-de-3000x1500x57mm;Tôle de 3000x1500x5/7mm en acier larmée;Tôle de 3000x1500x5/7mm en acier larmée;product;Tôle larmée en acier;T04 Fiche produit;200;oui;P1;Tôle de 3000x1500x5/7mm en acier larmée Aciers Grosjean;138;1;self;0001-01-01;5;541,05~~d1~i2~r0~193.57 Kg;/p/tole-de-3000x1500x5-7mm-en-acier-larmee;301
U318;https://www.aciersgrosjean.be/tôle-en-acier-galvanisée-de-2000x1000x15mm;/tôle-en-acier-galvanisée-de-2000x1000x15mm;Tôle de 2000x1000x1,5mm en acier galvanisée;Tôle de 2000x1000x1,5mm en acier galvanisée;product;Tôle galvanisée;T04 Fiche produit;200;oui;P1;Tôle de 2000x1000x1,5mm en acier galvanisée Aciers Grosjean;462;1;self;0001-01-01;5;69,76~~d1~i2~r0~24.12 Kg;/p/tole-de-2000x1000x1-5mm-en-acier-galvanisee;301
U319;https://www.aciersgrosjean.be/tôle-en-acier-galvanisée-de-2000x1000x1mm;/tôle-en-acier-galvanisée-de-2000x1000x1mm;Tôle de 2000x1000x1mm en acier galvanisée;Tôle de 2000x1000x1mm en acier galvanisée;product;Tôle galvanisée;T04 Fiche produit;200;oui;P1;Tôle de 2000x1000x1mm en acier galvanisée Aciers Grosjean;305;1;self;0001-01-01;5;46,50~~d1~i2~r0~16.08 Kg;/p/tole-de-2000x1000x1mm-en-acier-galvanisee;301
U320;https://www.aciersgrosjean.be/tôle-en-acier-galvanisée-de-2000x1000x2mm;/tôle-en-acier-galvanisée-de-2000x1000x2mm;Tôle de 2000x1000x2mm en acier galvanisée;Tôle de 2000x1000x2mm en acier galvanisée;product;Tôle galvanisée;T04 Fiche produit;200;oui;P1;Tôle de 2000x1000x2mm en acier galvanisée Aciers Grosjean;305;1;self;0001-01-01;5;93,00~~d1~i2~r0~32.16 Kg;/p/tole-de-2000x1000x2mm-en-acier-galvanisee;301
U321;https://www.aciersgrosjean.be/tôle-en-acier-galvanisée-de-2000x1000x3mm;/tôle-en-acier-galvanisée-de-2000x1000x3mm;Tôle de 2000x1000x3mm en acier galvanisée;Tôle de 2000x1000x3mm en acier galvanisée;product;Tôle galvanisée;T04 Fiche produit;200;oui;P1;Tôle de 2000x1000x3mm en acier galvanisée Aciers Grosjean;305;1;self;0001-01-01;5;142,16~~d1~i2~r0~49.16 Kg;/p/tole-de-2000x1000x3mm-en-acier-galvanisee;301
U322;https://www.aciersgrosjean.be/tôle-en-acier-galvanisée-de-2500x1250x15mm;/tôle-en-acier-galvanisée-de-2500x1250x15mm;Tôle de 2500x1250x1,5mm en acier galvanisée;Tôle de 2500x1250x1,5mm en acier galvanisée;product;Tôle galvanisée;T04 Fiche produit;200;oui;P1;Tôle de 2500x1250x1,5mm en acier galvanisée Aciers Grosjean;305;1;self;0001-01-01;5;109,00~~d1~i2~r0~37.69 Kg;/p/tole-de-2500x1250x1-5mm-en-acier-galvanisee;301
U323;https://www.aciersgrosjean.be/tôle-en-acier-galvanisée-de-2500x1250x1mm;/tôle-en-acier-galvanisée-de-2500x1250x1mm;Tôle de 2500x1250x1mm en acier galvanisée;Tôle de 2500x1250x1mm en acier galvanisée;product;Tôle galvanisée;T04 Fiche produit;200;oui;P1;Tôle de 2500x1250x1mm en acier galvanisée Aciers Grosjean;305;1;self;0001-01-01;5;72,67~~d1~i2~r3~25.13 Kg;/p/tole-de-2500x1250x1mm-en-acier-galvanisee;301
U324;https://www.aciersgrosjean.be/tôle-en-acier-galvanisée-de-2500x1250x2mm;/tôle-en-acier-galvanisée-de-2500x1250x2mm;Tôle de 2500x1250x2mm en acier galvanisée;Tôle de 2500x1250x2mm en acier galvanisée;product;Tôle galvanisée;T04 Fiche produit;200;oui;P1;Tôle de 2500x1250x2mm en acier galvanisée Aciers Grosjean;305;1;self;0001-01-01;5;145,32~~d1~i2~r2~50.25 Kg;/p/tole-de-2500x1250x2mm-en-acier-galvanisee;301
U325;https://www.aciersgrosjean.be/tôle-en-acier-galvanisée-de-2500x1250x3mm;/tôle-en-acier-galvanisée-de-2500x1250x3mm;Tôle de 2500x1250x3mm en acier galvanisée;Tôle de 2500x1250x3mm en acier galvanisée;product;Tôle galvanisée;T04 Fiche produit;200;oui;P1;Tôle de 2500x1250x3mm en acier galvanisée Aciers Grosjean;305;1;self;0001-01-01;5;222,16~~d1~i2~r0~76.82 Kg;/p/tole-de-2500x1250x3mm-en-acier-galvanisee;301
U326;https://www.aciersgrosjean.be/tôle-en-acier-galvanisée-de-3000x1500x15mm;/tôle-en-acier-galvanisée-de-3000x1500x15mm;Tôle de 3000x1500x1,5mm en acier galvanisée;Tôle de 3000x1500x1,5mm en acier galvanisée;product;Tôle galvanisée;T04 Fiche produit;200;oui;P1;Tôle de 3000x1500x1,5mm en acier galvanisée Aciers Grosjean;305;1;self;0001-01-01;5;156,95~~d1~i2~r0~54.27 Kg;/p/tole-de-3000x1500x1-5mm-en-acier-galvanisee;301
U327;https://www.aciersgrosjean.be/tôle-en-acier-galvanisée-de-3000x1500x1mm;/tôle-en-acier-galvanisée-de-3000x1500x1mm;Tôle de 3000x1500x1mm en acier galvanisée;Tôle de 3000x1500x1mm en acier galvanisée;product;Tôle galvanisée;T04 Fiche produit;200;oui;P1;Tôle de 3000x1500x1mm en acier galvanisée Aciers Grosjean;305;1;self;0001-01-01;5;104,63~~d1~i2~r0~36.18 Kg;/p/tole-de-3000x1500x1mm-en-acier-galvanisee;301
U328;https://www.aciersgrosjean.be/tôle-en-acier-galvanisée-de-3000x1500x2mm;/tôle-en-acier-galvanisée-de-3000x1500x2mm;Tôle de 3000x1500x2mm en acier galvanisée;Tôle de 3000x1500x2mm en acier galvanisée;product;Tôle galvanisée;T04 Fiche produit;200;oui;P1;Tôle de 3000x1500x2mm en acier galvanisée Aciers Grosjean;305;1;self;0001-01-01;5;209,26~~d1~i2~r0~72.36 Kg;/p/tole-de-3000x1500x2mm-en-acier-galvanisee;301
U329;https://www.aciersgrosjean.be/tôle-en-acier-galvanisée-de-3000x1500x3mm;/tôle-en-acier-galvanisée-de-3000x1500x3mm;Tôle de 3000x1500x3mm en acier galvanisée;Tôle de 3000x1500x3mm en acier galvanisée;product;Tôle galvanisée;T04 Fiche produit;200;oui;P1;Tôle de 3000x1500x3mm en acier galvanisée Aciers Grosjean;305;1;self;0001-01-01;5;319,88~~d1~i2~r0~110.61 Kg;/p/tole-de-3000x1500x3mm-en-acier-galvanisee;301
U330;https://www.aciersgrosjean.be/tôle-en-acier-quarto-de-2000x1000x20mm;/tôle-en-acier-quarto-de-2000x1000x20mm;Tôle de 2000x1000x20mm en acier Quarto;Tôle de 2000x1000x20mm en acier Quarto;product;Tôle quarto;T04 Fiche produit;200;oui;P1;Tôle de 2000x1000x20mm en acier Quarto Aciers Grosjean;215;1;self;0001-01-01;5;891,12~~d1~i2~r0~321.6 Kg;/p/tole-de-2000x1000x20mm-en-acier-quarto;301
U331;https://www.aciersgrosjean.be/tôle-plane-en-acier-corten-de-2000x1000x3mm;/tôle-plane-en-acier-corten-de-2000x1000x3mm;Tôle de 2000x1000x3mm plane en acier Corten;Tôle de 2000x1000x3mm plane en acier Corten;product;Tôle Corten;T04 Fiche produit;200;oui;P1;Tôle de 2000x1000x3mm plane en acier Corten Aciers Grosjean;294;1;self;0001-01-01;5;162,85~~d1~i3~r0~48.24 Kg;/p/tole-de-2000x1000x3mm-plane-en-acier-corten;301
U332;https://www.aciersgrosjean.be/tôle-plane-en-acier-corten-de-2500x1250x2mm;/tôle-plane-en-acier-corten-de-2500x1250x2mm;Tôle de 2500x1250x2mm plane en acier Corten;Tôle de 2500x1250x2mm plane en acier Corten;product;Tôle Corten;T04 Fiche produit;200;oui;P1;Tôle de 2500x1250x2mm plane en acier Corten Aciers Grosjean;295;1;self;0001-01-01;5;169,64~~d1~i3~r0~50.25 Kg;/p/tole-de-2500x1250x2mm-plane-en-acier-corten;301
U333;https://www.aciersgrosjean.be/tôle-plane-en-acier-corten-de-2500x1250x3mm;/tôle-plane-en-acier-corten-de-2500x1250x3mm;Tôle de 2500x1250x3mm plane en acier Corten;Tôle de 2500x1250x3mm plane en acier Corten;product;Tôle Corten;T04 Fiche produit;200;oui;P1;Tôle de 2500x1250x3mm plane en acier Corten Aciers Grosjean;294;1;self;0001-01-01;5;254,48~~d1~i3~r0~75.38 Kg;/p/tole-de-2500x1250x3mm-plane-en-acier-corten;301
U334;https://www.aciersgrosjean.be/tôle-plane-en-acier-corten-de-3000x1500x2mm;/tôle-plane-en-acier-corten-de-3000x1500x2mm;Tôle de 3000x1500x2mm plane en acier Corten;Tôle de 3000x1500x2mm plane en acier Corten;product;Tôle Corten;T04 Fiche produit;200;oui;P1;Tôle de 3000x1500x2mm plane en acier Corten Aciers Grosjean;293;1;self;0001-01-01;5;244,27~~d1~i3~r0~72.36 Kg;/p/tole-de-3000x1500x2mm-plane-en-acier-corten;301
U335;https://www.aciersgrosjean.be/tôle-plane-en-acier-corten-de-3000x1500x3mm;/tôle-plane-en-acier-corten-de-3000x1500x3mm;Tôle de 3000x1500x3mm plane en acier Corten;Tôle de 3000x1500x3mm plane en acier Corten;product;Tôle Corten;T04 Fiche produit;200;oui;P1;Tôle de 3000x1500x3mm plane en acier Corten Aciers Grosjean;294;1;self;0001-01-01;5;366,42~~d1~i3~r0~108.54 Kg;/p/tole-de-3000x1500x3mm-plane-en-acier-corten;301
U336;https://www.aciersgrosjean.be/tôle-en-acier-laminé-à-froid-de-2000x1000x15mm;/tôle-en-acier-laminé-à-froid-de-2000x1000x15mm;Tôle de 2000x1000x1,5mm en acier laminé à froid;Tôle de 2000x1000x1,5mm en acier laminé à froid;product;Tôle laminé à froid;T04 Fiche produit;200;oui;P1;Tôle de 2000x1000x1,5mm en acier laminé à froid Aciers Grosjean;235;1;self;0001-01-01;5;68,87~~d1~i2~r3~24.12 Kg;/p/tole-de-2000x1000x1-5mm-en-acier-lamine-a-froid;301
U337;https://www.aciersgrosjean.be/tôle-en-acier-laminé-à-froid-de-2000x1000x1mm;/tôle-en-acier-laminé-à-froid-de-2000x1000x1mm;Tôle de 2000x1000x1mm en acier laminé à froid;Tôle de 2000x1000x1mm en acier laminé à froid;product;Tôle laminé à froid;T04 Fiche produit;200;oui;P1;Tôle de 2000x1000x1mm en acier laminé à froid Aciers Grosjean;234;1;self;0001-01-01;5;45,92~~d1~i2~r3~16.08 Kg;/p/tole-de-2000x1000x1mm-en-acier-lamine-a-froid;301
U338;https://www.aciersgrosjean.be/tôle-en-acier-laminé-à-froid-de-2000x1000x2mm;/tôle-en-acier-laminé-à-froid-de-2000x1000x2mm;Tôle de 2000x1000x2mm en acier laminé à froid;Tôle de 2000x1000x2mm en acier laminé à froid;product;Tôle laminé à froid;T04 Fiche produit;200;oui;P1;Tôle de 2000x1000x2mm en acier laminé à froid Aciers Grosjean;233;1;self;0001-01-01;5;91,84~~d1~i2~r0~32.16 Kg;/p/tole-de-2000x1000x2mm-en-acier-lamine-a-froid;301
U339;https://www.aciersgrosjean.be/tôle-en-acier-laminé-à-froid-de-2500x1250x15mm;/tôle-en-acier-laminé-à-froid-de-2500x1250x15mm;Tôle de 2500x1250x1,5mm en acier laminé à froid;Tôle de 2500x1250x1,5mm en acier laminé à froid;product;Tôle laminé à froid;T04 Fiche produit;200;oui;P1;Tôle de 2500x1250x1,5mm en acier laminé à froid Aciers Grosjean;235;1;self;0001-01-01;5;107,63~~d1~i2~r0~37.69 Kg;/p/tole-de-2500x1250x1-5mm-en-acier-lamine-a-froid;301
U340;https://www.aciersgrosjean.be/tôle-en-acier-laminé-à-froid-de-2500x1250x1mm;/tôle-en-acier-laminé-à-froid-de-2500x1250x1mm;Tôle de 2500x1250x1mm en acier laminé à froid;Tôle de 2500x1250x1mm en acier laminé à froid;product;Tôle laminé à froid;T04 Fiche produit;200;oui;P1;Tôle de 2500x1250x1mm en acier laminé à froid Aciers Grosjean;233;1;self;0001-01-01;5;71,77~~d1~i2~r0~25.13 Kg;/p/tole-de-2500x1250x1mm-en-acier-lamine-a-froid;301
U341;https://www.aciersgrosjean.be/tôle-en-acier-laminé-à-froid-de-2500x1250x2mm;/tôle-en-acier-laminé-à-froid-de-2500x1250x2mm;Tôle de 2500x1250x2mm en acier laminé à froid;Tôle de 2500x1250x2mm en acier laminé à froid;product;Tôle laminé à froid;T04 Fiche produit;200;oui;P1;Tôle de 2500x1250x2mm en acier laminé à froid Aciers Grosjean;233;1;self;0001-01-01;5;143,49~~d1~i2~r0~50.25 Kg;/p/tole-de-2500x1250x2mm-en-acier-lamine-a-froid;301
U342;https://www.aciersgrosjean.be/tôle-en-acier-laminé-à-froid-de-3000x1500x15mm;/tôle-en-acier-laminé-à-froid-de-3000x1500x15mm;Tôle de 3000x1500x1,5mm en acier laminé à froid;Tôle de 3000x1500x1,5mm en acier laminé à froid;product;Tôle laminé à froid;T04 Fiche produit;200;oui;P1;Tôle de 3000x1500x1,5mm en acier laminé à froid Aciers Grosjean;235;1;self;0001-01-01;5;154,98~~d1~i2~r0~54.27 Kg;/p/tole-de-3000x1500x1-5mm-en-acier-lamine-a-froid;301
U343;https://www.aciersgrosjean.be/tôle-en-acier-laminé-à-froid-de-3000x1500x1mm;/tôle-en-acier-laminé-à-froid-de-3000x1500x1mm;Tôle de 3000x1500x1mm en acier laminé à froid;Tôle de 3000x1500x1mm en acier laminé à froid;product;Tôle laminé à froid;T04 Fiche produit;200;oui;P1;Tôle de 3000x1500x1mm en acier laminé à froid Aciers Grosjean;233;1;self;0001-01-01;5;103,31~~d1~i2~r0~36.18 Kg;/p/tole-de-3000x1500x1mm-en-acier-lamine-a-froid;301
U344;https://www.aciersgrosjean.be/toles-perforees-aléatoire-2000-x-1000-x-1;/toles-perforees-aléatoire-2000-x-1000-x-1;TOLES PERFOREES - aléatoire 2000 x 1000 x 1;TOLES PERFOREES - aléatoire 2000 x 1000 x 1;product;Tôle perforée;T04 Fiche produit;200;oui;P1;Tôle Perforée Motif Aléatoire 2000x1000x1mm | Aciers Grosjean;163;1;self;0001-01-01;5;83,85~~d0~i0~r4~1 Kg;/p/toles-perforees-aleatoire-2000-x-1000-x-1;301
U345;https://www.aciersgrosjean.be/toles-perforees-trous-carrés-2000-x-1000-x-20-c10-u15;/toles-perforees-trous-carrés-2000-x-1000-x-20-c10-u15;TOLES PERFOREES - trous carrés - 2000 x 1000 x 2,0 - C10 U15;TOLES PERFOREES - trous carrés - 2000 x 1000 x 2,0 - C10 U15;product;Tôle perforée;T04 Fiche produit;200;oui;P1;Tôle Perforée Acier 2mm C10 U15 | Trous Carrés 10mm | Aciers Grosjean;157;1;self;0001-01-01;5;91,04~~d0~i0~r0~1 Kg;/p/toles-perforees-trous-carres-2000-x-1000-x-2-0-c10-u15;301
U346;https://www.aciersgrosjean.be/toles-perforees-trous-ronds-2000-x-1000-x-2-r5-t8-3;/toles-perforees-trous-ronds-2000-x-1000-x-2-r5-t8-3;TOLES PERFOREES - trous ronds - 2000 x 1000 x 2 - R5 T8;TOLES PERFOREES - trous ronds - 2000 x 1000 x 2 - R5 T8;product;Tôle perforée;T04 Fiche produit;200;oui;P1;TOLES PERFOREES - trous ronds - 2000 x 1000 x 2 - R5 T8;278;1;self;0001-01-01;5;93,92~~d0~i0~r0~1 Kg;/p/toles-perforees-trous-ronds-2000-x-1000-x-2-r5-t8;301
U347;https://www.aciersgrosjean.be/toles-perforees-trous-ronds-2000-x-1000-x-20-r10-t15;/toles-perforees-trous-ronds-2000-x-1000-x-20-r10-t15;TOLES PERFOREES - trous ronds - 2000 x 1000 x 2,0 - R10 T15;TOLES PERFOREES - trous ronds - 2000 x 1000 x 2,0 - R10 T15;product;Tôle perforée;T04 Fiche produit;200;oui;P1;Tôle Perforée Acier R10 T15 | Trous 10mm | Aciers Grosjean;337;1;self;0001-01-01;5;89,84~~d0~i0~r0~1 Kg;/p/toles-perforees-trous-ronds-2000-x-1000-x-2-0-r10-t15;301
U348;https://www.aciersgrosjean.be/toles-perforees-trous-ronds-2000-x-1000-x-30-r10-t15;/toles-perforees-trous-ronds-2000-x-1000-x-30-r10-t15;TOLES PERFOREES - trous ronds - 2000 x 1000 x 3,0 - R10 T15;TOLES PERFOREES - trous ronds - 2000 x 1000 x 3,0 - R10 T15;product;Tôle perforée;T04 Fiche produit;200;oui;P1;Tôle Perforée Acier R10 T15 | Trous 10mm | Aciers Grosjean;337;1;self;0001-01-01;5;128,66~~d0~i0~r0~1 Kg;/p/toles-perforees-trous-ronds-2000-x-1000-x-3-0-r10-t15;301
U349;https://www.aciersgrosjean.be/toles-perforees-trous-ronds-2000-x-1000-x-30-r5-t8;/toles-perforees-trous-ronds-2000-x-1000-x-30-r5-t8;TOLES PERFOREES - trous ronds - 2000 x 1000 x 3,0 - R5 T8;TOLES PERFOREES - trous ronds - 2000 x 1000 x 3,0 - R5 T8;product;Tôle perforée;T04 Fiche produit;200;oui;P1;TOLES PERFOREES - trous ronds - 2000 x 1000 x 3,0 - R5 T8;277;1;self;0001-01-01;5;156,68~~d0~i0~r0~1 Kg;/p/toles-perforees-trous-ronds-2000-x-1000-x-3-0-r5-t8;301
U350;https://www.aciersgrosjean.be/toles-perforees-galva-trous-ronds-2000-x-1000-x-2-r10-t15;/toles-perforees-galva-trous-ronds-2000-x-1000-x-2-r10-t15;TOLES PERFOREES GALVA - trous ronds - 2000 x 1000 x 2 - R10 T15;TOLES PERFOREES GALVA - trous ronds - 2000 x 1000 x 2 - R10 T15;product;Tôle perforée;T04 Fiche produit;200;oui;P1;Tôle Perforée Galvanisée 2mm R10 T15 | Trous 10mm | Aciers Grosjean;160;1;self;0001-01-01;5;95,83~~d0~i0~r0~1 Kg;/p/toles-perforees-galva-trous-ronds-2000-x-1000-x-2-r10-t15;301
U351;https://www.aciersgrosjean.be/toles-perforees-galva-trous-ronds-2000-x-1000-x-20-r5-t8;/toles-perforees-galva-trous-ronds-2000-x-1000-x-20-r5-t8;TOLES PERFOREES GALVA - trous ronds - 2000 x 1000 x 2,0 - R5 T8;TOLES PERFOREES GALVA - trous ronds - 2000 x 1000 x 2,0 - R5 T8;product;Tôle perforée;T04 Fiche produit;200;oui;P1;Tôle Perforée Galvanisée 2mm R5 T8 | Trous 5mm | Aciers Grosjean;155;1;self;0001-01-01;5;103,02~~d0~i0~r0~1 Kg;/p/toles-perforees-galva-trous-ronds-2000-x-1000-x-2-0-r5-t8;301
U352;https://www.aciersgrosjean.be/poutrelle-ipe-100-4;/poutrelle-ipe-100-4;Poutrelle IPE 100 en acier;Poutrelle IPE 100 en acier;product;Poutrelle IPE;T04 Fiche produit;200;oui;P1;Poutrelle IPE 100 en acier Aciers Grosjean;1640;1;self;0001-01-01;5;19,78~FLL~d1~i3~r0~8.3 Kg;/p/poutrelle-ipe-100-en-acier;301
U353;https://www.aciersgrosjean.be/poutrelle-ipe-120-6;/poutrelle-ipe-120-6;Poutrelle IPE 120 en acier;Poutrelle IPE 120 en acier;product;Poutrelle IPE;T04 Fiche produit;200;oui;P1;Poutrelle IPE 120 en acier Aciers Grosjean;1767;1;self;0001-01-01;5;25,39~FLL~d1~i3~r0~10.65 Kg;/p/poutrelle-ipe-120-en-acier;301
U354;https://www.aciersgrosjean.be/poutrelle-ipe-140-3;/poutrelle-ipe-140-3;Poutrelle IPE 140 en acier;Poutrelle IPE 140 en acier;product;Poutrelle IPE;T04 Fiche produit;200;oui;P1;Poutrelle IPE 140 en acier Aciers Grosjean;1767;1;self;0001-01-01;5;31,96~FLL~d1~i3~r1~13.14 Kg;/p/poutrelle-ipe-140-en-acier;301
U355;https://www.aciersgrosjean.be/poutrelle-ipe-160-3;/poutrelle-ipe-160-3;Poutrelle IPE 160 en acier;Poutrelle IPE 160 en acier;product;Poutrelle IPE;T04 Fiche produit;200;oui;P1;Poutrelle IPE 160 en acier Aciers Grosjean;1767;1;self;0001-01-01;5;38,96~FLL~d1~i3~r1~16.18 Kg;/p/poutrelle-ipe-160-en-acier;301
U356;https://www.aciersgrosjean.be/poutrelle-ipe-180-7;/poutrelle-ipe-180-7;Poutrelle IPE 180 en acier;Poutrelle IPE 180 en acier;product;Poutrelle IPE;T04 Fiche produit;200;oui;P1;Poutrelle IPE 180 en acier Aciers Grosjean;1768;1;self;0001-01-01;5;46,38~FLL~d1~i3~r0~19.26 Kg;/p/poutrelle-ipe-180-en-acier;301
U357;https://www.aciersgrosjean.be/poutrelle-ipe-200-2;/poutrelle-ipe-200-2;Poutrelle IPE 200 en acier;Poutrelle IPE 200 en acier;product;Poutrelle IPE;T04 Fiche produit;200;oui;P1;Poutrelle IPE 200 en acier Aciers Grosjean;1768;1;self;0001-01-01;5;55,24~FLL~d1~i3~r0~22.94 Kg;/p/poutrelle-ipe-200-en-acier;301
U358;https://www.aciersgrosjean.be/poutrelle-ipe-220-3;/poutrelle-ipe-220-3;Poutrelle IPE 220 en acier;Poutrelle IPE 220 en acier;product;Poutrelle IPE;T04 Fiche produit;200;oui;P1;Poutrelle IPE 220 en acier Aciers Grosjean;1768;1;self;0001-01-01;5;64,60~FLL~d1~i3~r0~26.83 Kg;/p/poutrelle-ipe-220-en-acier;301
U359;https://www.aciersgrosjean.be/poutrelle-ipe-240-en-acier;/poutrelle-ipe-240-en-acier;Poutrelle IPE 240 en acier;Poutrelle IPE 240 en acier;product;Poutrelle IPE;T04 Fiche produit;200;oui;P1;Poutrelle IPE 240 en acier Aciers Grosjean;1767;1;self;02-02-26;5;75,71~FLL~d1~i3~r0~31.44 Kg;/p/poutrelle-ipe-240-en-acier;301
U360;https://www.aciersgrosjean.be/poutrelle-ipe-270-3;/poutrelle-ipe-270-3;Poutrelle IPE 270;Poutrelle IPE 270;product;Poutrelle IPE;T04 Fiche produit;200;oui;P1;poutrelle en acier IPE 270;385;1;self;0001-01-01;5;89,47~FLL~d1~i2~r4~36.97 Kg;/p/poutrelle-ipe-270;301
U361;https://www.aciersgrosjean.be/poutrelle-ipe-300-3;/poutrelle-ipe-300-3;Poutrelle IPE 300;Poutrelle IPE 300;product;Poutrelle IPE;T04 Fiche produit;200;oui;P1;poutrelle en acier IPE 300;385;1;self;0001-01-01;5;104,59~FLL~d1~i2~r0~43.22 Kg;/p/poutrelle-ipe-300;301
U362;https://www.aciersgrosjean.be/poutrelle-ipe-330-3;/poutrelle-ipe-330-3;Poutrelle IPE 330;Poutrelle IPE 330;product;Poutrelle IPE;T04 Fiche produit;200;oui;P1;poutrelle en acier IPE 330;385;1;self;0001-01-01;5;122,31~FLL~d1~i2~r0~50.29 Kg;/p/poutrelle-ipe-330;301
U363;https://www.aciersgrosjean.be/poutrelle-hea-100;/poutrelle-hea-100;Poutrelle HEA 100 en acier;Poutrelle HEA 100 en acier;product;Poutrelle HEA;T04 Fiche produit;200;oui;P1;Poutrelle HEA 100 en acier de Aciers Grosjean;317;1;self;29-10-25;5;41,38~FLL~d1~i2~r0~17.1 Kg;/p/poutrelle-hea-100-en-acier;301
U364;https://www.aciersgrosjean.be/poutrelle-hea-120;/poutrelle-hea-120;Poutrelle HEA 120 en acier;Poutrelle HEA 120 en acier;product;Poutrelle HEA;T04 Fiche produit;200;oui;P1;Poutrelle HEA 120 en acier de Aciers Grosjean;317;1;self;0001-01-01;5;49,32~FLL~d1~i2~r0~20.38 Kg;/p/poutrelle-hea-120-en-acier;301
U365;https://www.aciersgrosjean.be/poutrelle-hea-140;/poutrelle-hea-140;Poutrelle HEA 140 en acier;Poutrelle HEA 140 en acier;product;Poutrelle HEA;T04 Fiche produit;200;oui;P1;Poutrelle HEA 140 en acier de Aciers Grosjean;317;1;self;0001-01-01;5;61,23~FLL~d1~i2~r4~25.3 Kg;/p/poutrelle-hea-140-en-acier;301
U366;https://www.aciersgrosjean.be/poutrelle-hea-160;/poutrelle-hea-160;Poutrelle HEA 160 en acier;Poutrelle HEA 160 en acier;product;Poutrelle HEA;T04 Fiche produit;200;oui;P1;Poutrelle HEA 160 en acier de Aciers Grosjean;317;1;self;0001-01-01;5;75,36~FLL~d1~i2~r0~31.14 Kg;/p/poutrelle-hea-160-en-acier;301
U367;https://www.aciersgrosjean.be/poutrelle-hea-180;/poutrelle-hea-180;Poutrelle HEA 180 en acier;Poutrelle HEA 180 en acier;product;Poutrelle HEA;T04 Fiche produit;200;oui;P1;Poutrelle HEA 180 en acier de Aciers Grosjean;317;1;self;0001-01-01;5;87,99~FLL~d1~i2~r4~36.36 Kg;/p/poutrelle-hea-180-en-acier;301
U368;https://www.aciersgrosjean.be/poutrelle-hea-200;/poutrelle-hea-200;Poutrelle HEA 200 en acier;Poutrelle HEA 200 en acier;product;Poutrelle HEA;T04 Fiche produit;200;oui;P1;Poutrelle HEA 200 en acier de Aciers Grosjean;317;1;self;0001-01-01;5;105,35~FLL~d1~i2~r0~43.32 Kg;/p/poutrelle-hea-200-en-acier;301
U369;https://www.aciersgrosjean.be/poutrelle-hea-220;/poutrelle-hea-220;Poutrelle HEA 220 en acier;Poutrelle HEA 220 en acier;product;Poutrelle HEA;T04 Fiche produit;200;oui;P1;Poutrelle HEA 220 en acier de Aciers Grosjean;317;1;self;0001-01-01;5;125,79~FLL~d1~i2~r0~51.72 Kg;/p/poutrelle-hea-220-en-acier;301
U370;https://www.aciersgrosjean.be/poutrelle-hea-240;/poutrelle-hea-240;Poutrelle HEA 240 en acier;Poutrelle HEA 240 en acier;product;Poutrelle HEA;T04 Fiche produit;200;oui;P1;Poutrelle HEA 240 en acier de Aciers Grosjean;317;1;self;0001-01-01;5;150,96~FLL~d1~i2~r0~61.76 Kg;/p/poutrelle-hea-240-en-acier;301
U371;https://www.aciersgrosjean.be/poutrelle-hea-260;/poutrelle-hea-260;Poutrelle HEA 260 en acier;Poutrelle HEA 260 en acier;product;Poutrelle HEA;T04 Fiche produit;200;oui;P1;Poutrelle HEA 260 en acier de Aciers Grosjean;317;1;self;0001-01-01;5;170,73~FLL~d1~i2~r0~69.85 Kg;/p/poutrelle-hea-260-en-acier;301
U372;https://www.aciersgrosjean.be/poutrelle-hea-280;/poutrelle-hea-280;Poutrelle HEA 280 en acier;Poutrelle HEA 280 en acier;product;Poutrelle HEA;T04 Fiche produit;200;oui;P1;Poutrelle HEA 280 en acier de Aciers Grosjean;317;1;self;0001-01-01;5;191,26~FLL~d1~i2~r0~78.25 Kg;/p/poutrelle-hea-280-en-acier;301
U373;https://www.aciersgrosjean.be/poutrelle-hea-300;/poutrelle-hea-300;Poutrelle HEA 300 en acier;Poutrelle HEA 300 en acier;product;Poutrelle HEA;T04 Fiche produit;200;oui;P1;Poutrelle HEA 300 en acier de Aciers Grosjean;317;1;self;0001-01-01;5;221,05~FLL~d1~i2~r0~90.44 Kg;/p/poutrelle-hea-300-en-acier;301
U374;https://www.aciersgrosjean.be/poutrelle-heb-100;/poutrelle-heb-100;Poutrelle HEB 100 en acier;Poutrelle HEB 100 en acier;product;Poutrelle HEB;T04 Fiche produit;200;oui;P1;Poutrelle HEB 100 en acier de Aciers Grosjean;283;1;self;0001-01-01;5;50,30~FLL~d1~i2~r0~20.89 Kg;/p/poutrelle-heb-100-en-acier;301
U375;https://www.aciersgrosjean.be/poutrelle-heb-120;/poutrelle-heb-120;Poutrelle HEB 120 en acier;Poutrelle HEB 120 en acier;product;Poutrelle HEB;T04 Fiche produit;200;oui;P1;Poutrelle HEB 120 en acier de Aciers Grosjean;284;1;self;0001-01-01;5;65,86~FLL~d1~i2~r0~27.35 Kg;/p/poutrelle-heb-120-en-acier;301
U376;https://www.aciersgrosjean.be/poutrelle-heb-140;/poutrelle-heb-140;Poutrelle HEB 140 en acier;Poutrelle HEB 140 en acier;product;Poutrelle HEB;T04 Fiche produit;200;oui;P1;Poutrelle HEB 140 en acier de Aciers Grosjean;284;1;self;0001-01-01;5;83,11~FLL~d1~i2~r4~34.52 Kg;/p/poutrelle-heb-140-en-acier;301
U377;https://www.aciersgrosjean.be/poutrelle-heb-160;/poutrelle-heb-160;Poutrelle HEB 160 en acier;Poutrelle HEB 160 en acier;product;Poutrelle HEB;T04 Fiche produit;200;oui;P1;Poutrelle HEB 160 en acier de Aciers Grosjean;284;1;self;0001-01-01;5;105,05~FLL~d1~i2~r0~43.63 Kg;/p/poutrelle-heb-160-en-acier;301
U378;https://www.aciersgrosjean.be/poutrelle-heb-180;/poutrelle-heb-180;Poutrelle HEB 180 en acier;Poutrelle HEB 180 en acier;product;Poutrelle HEB;T04 Fiche produit;200;oui;P1;Poutrelle HEB 180 en acier de Aciers Grosjean;284;1;self;0001-01-01;5;126,28~FLL~d1~i2~r0~52.44 Kg;/p/poutrelle-heb-180-en-acier;301
U379;https://www.aciersgrosjean.be/poutrelle-heb-200;/poutrelle-heb-200;Poutrelle HEB 200 en acier;Poutrelle HEB 200 en acier;product;Poutrelle HEB;T04 Fiche produit;200;oui;P1;Poutrelle HEB 200 en acier de Aciers Grosjean;284;1;self;0001-01-01;5;151,93~FLL~d1~i2~r0~62.78 Kg;/p/poutrelle-heb-200-en-acier;301
U380;https://www.aciersgrosjean.be/poutrelle-heb-220;/poutrelle-heb-220;Poutrelle HEB 220 en acier;Poutrelle HEB 220 en acier;product;Poutrelle HEB;T04 Fiche produit;200;oui;P1;Poutrelle HEB 220 en acier de Aciers Grosjean;284;1;self;0001-01-01;5;177,22~FLL~d1~i2~r4~73.23 Kg;/p/poutrelle-heb-220-en-acier;301
U381;https://www.aciersgrosjean.be/poutrelle-heb-240;/poutrelle-heb-240;Poutrelle HEB 240 en acier;Poutrelle HEB 240 en acier;product;Poutrelle HEB;T04 Fiche produit;200;oui;P1;Poutrelle HEB 240 en acier de Aciers Grosjean;284;1;self;0001-01-01;5;207,24~FLL~d1~i2~r0~85.21 Kg;/p/poutrelle-heb-240-en-acier;301
U382;https://www.aciersgrosjean.be/poutrelle-heb-260;/poutrelle-heb-260;Poutrelle HEB 260 en acier;Poutrelle HEB 260 en acier;product;Poutrelle HEB;T04 Fiche produit;200;oui;P1;Poutrelle HEB 260 en acier de Aciers Grosjean;284;1;self;0001-01-01;5;231,65~FLL~d1~i2~r0~95.25 Kg;/p/poutrelle-heb-260-en-acier;301
U383;https://www.aciersgrosjean.be/poutrelle-heb-280;/poutrelle-heb-280;Poutrelle HEB 280 en acier;Poutrelle HEB 280 en acier;product;Poutrelle HEB;T04 Fiche produit;200;oui;P1;Poutrelle HEB 280 en acier de Aciers Grosjean;284;1;self;0001-01-01;5;256,56~FLL~d1~i2~r0~105.49 Kg;/p/poutrelle-heb-280-en-acier;301
U384;https://www.aciersgrosjean.be/poutrelle-heb-300;/poutrelle-heb-300;Poutrelle HEB 300 en acier;Poutrelle HEB 300 en acier;product;Poutrelle HEB;T04 Fiche produit;200;oui;P1;Poutrelle HEB 300 en acier de Aciers Grosjean;284;1;self;0001-01-01;5;291,44~FLL~d1~i2~r0~119.83 Kg;/p/poutrelle-heb-300-en-acier;301
U385;https://www.aciersgrosjean.be/poutrelle-upn-100;/poutrelle-upn-100;Poutrelle UPN 100 en acier;Poutrelle UPN 100 en acier;product;Poutrelle UPN;T04 Fiche produit;200;oui;P1;Poutrelle UPN 100 en acier de Aciers Grosjean;409;1;self;0001-01-01;5;26,02~FL~d1~i2~r1~10.86 Kg;/p/poutrelle-upn-100-en-acier;301
U386;https://www.aciersgrosjean.be/poutrelle-upn-120;/poutrelle-upn-120;Poutrelle UPN 120 en acier;Poutrelle UPN 120 en acier;product;Poutrelle UPN;T04 Fiche produit;200;oui;P1;Poutrelle UPN 120 en acier de Aciers Grosjean;409;1;self;0001-01-01;5;32,63~FL~d1~i2~r2~13.62 Kg;/p/poutrelle-upn-120-en-acier;301
U387;https://www.aciersgrosjean.be/poutrelle-upn-140;/poutrelle-upn-140;Poutrelle UPN 140 en acier;Poutrelle UPN 140 en acier;product;Poutrelle UPN;T04 Fiche produit;200;oui;P1;Poutrelle UPN 140 en acier de Aciers Grosjean;410;1;self;0001-01-01;5;39,66~FL~d1~i2~r0~16.39 Kg;/p/poutrelle-upn-140-en-acier;301
U388;https://www.aciersgrosjean.be/poutrelle-upn-160;/poutrelle-upn-160;Poutrelle UPN 160 en acier;Poutrelle UPN 160 en acier;product;Poutrelle UPN;T04 Fiche produit;200;oui;P1;Poutrelle UPN 160 en acier de Aciers Grosjean;410;1;self;0001-01-01;5;46,85~FL~d1~i2~r2~19.36 Kg;/p/poutrelle-upn-160-en-acier;301
U389;https://www.aciersgrosjean.be/poutrelle-upn-180;/poutrelle-upn-180;Poutrelle UPN 180 en acier;Poutrelle UPN 180 en acier;product;Poutrelle UPN;T04 Fiche produit;200;oui;P1;Poutrelle UPN 180 en acier de Aciers Grosjean;410;1;self;0001-01-01;5;54,52~FL~d1~i2~r0~22.53 Kg;/p/poutrelle-upn-180-en-acier;301
U390;https://www.aciersgrosjean.be/poutrelle-upn-200;/poutrelle-upn-200;Poutrelle UPN 200 en acier;Poutrelle UPN 200 en acier;product;Poutrelle UPN;T04 Fiche produit;200;oui;P1;Poutrelle UPN 200 en acier de Aciers Grosjean;410;1;self;0001-01-01;5;62,70~FL~d1~i2~r2~25.91 Kg;/p/poutrelle-upn-200-en-acier;301
U391;https://www.aciersgrosjean.be/poutrelle-upn-220;/poutrelle-upn-220;Poutrelle UPN 220 en acier;Poutrelle UPN 220 en acier;product;Poutrelle UPN;T04 Fiche produit;200;oui;P1;Poutrelle UPN 220 en acier de Aciers Grosjean;410;1;self;0001-01-01;5;72,87~FL~d1~i2~r0~30.11 Kg;/p/poutrelle-upn-220-en-acier;301
U392;https://www.aciersgrosjean.be/poutrelle-upn-240;/poutrelle-upn-240;Poutrelle UPN 240 en acier;Poutrelle UPN 240 en acier;product;Poutrelle UPN;T04 Fiche produit;200;oui;P1;Poutrelle UPN 240 en acier de Aciers Grosjean;410;1;self;0001-01-01;5;82,69~FL~d1~i2~r0~34 Kg;/p/poutrelle-upn-240-en-acier;301
U393;https://www.aciersgrosjean.be/poutrelle-upn-260;/poutrelle-upn-260;Poutrelle UPN 260 en acier;Poutrelle UPN 260 en acier;product;Poutrelle UPN;T04 Fiche produit;200;oui;P1;en Poutrelle UPN 260 en acier de Aciers Grosjean;410;1;self;0001-01-01;5;94,42~FL~d1~i2~r0~38.82 Kg;/p/poutrelle-upn-260-en-acier;301
U394;https://www.aciersgrosjean.be/poutrelle-upn-280;/poutrelle-upn-280;Poutrelle UPN 280 en acier;Poutrelle UPN 280 en acier;product;Poutrelle UPN;T04 Fiche produit;200;oui;P1;Poutrelle UPN 280 en acier de Aciers Grosjean;410;1;self;0001-01-01;5;104,36~FL~d1~i2~r0~42.91 Kg;/p/poutrelle-upn-280-en-acier;301
U395;https://www.aciersgrosjean.be/poutrelle-upn-300;/poutrelle-upn-300;Poutrelle UPN 300 en acier;Poutrelle UPN 300 en acier;product;Poutrelle UPN;T04 Fiche produit;200;oui;P1;Poutrelle UPN 300 en acier de Aciers Grosjean;410;1;self;0001-01-01;5;114,84~FL~d1~i2~r0~47.22 Kg;/p/poutrelle-upn-300-en-acier;301
U396;https://www.aciersgrosjean.be/poutrelle-upn-80-en-acier;/poutrelle-upn-80-en-acier;Poutrelle UPN 80 en acier;Poutrelle UPN 80 en acier;product;Poutrelle UPN;T04 Fiche produit;200;oui;P1;Poutrelle UPN 80 en acier de Aciers Grosjean;410;1;self;02-02-26;5;21,22~FL~d1~i2~r1~8.86 Kg;/p/poutrelle-upn-80-en-acier;301
U397;https://www.aciersgrosjean.be/tôle-striée-en-aluminium-de-2000x1000x254mm-2;/tôle-striée-en-aluminium-de-2000x1000x254mm-2;Tôle striée de 2000x1000x2,5/4mm en aluminium;Tôle striée de 2000x1000x2,5/4mm en aluminium;product;Tôle striée en aluminium;T04 Fiche produit;200;oui;P1;Tôle striée de 2000x1000x2,5/4mm en aluminium de Aciers Grosjean;210;1;self;0001-01-01;5;152,46~~d0~i2~r2~15 Kg;/p/tole-striee-de-2000x1000x2-5-4mm-en-aluminium;301
U398;https://www.aciersgrosjean.be/tôle-striée-en-aluminium-de-2000x1000x355mm-2;/tôle-striée-en-aluminium-de-2000x1000x355mm-2;Tôle striée de 2000x1000x3,5/5mm en aluminium;Tôle striée de 2000x1000x3,5/5mm en aluminium;product;Tôle striée en aluminium;T04 Fiche produit;200;oui;P1;Tôle striée de 2000x1000x3,5/5mm en aluminium de Aciers Grosjean;210;1;self;0001-01-01;5;216,49~~d0~i2~r0~21.3 Kg;/p/tole-striee-de-2000x1000x3-5-5mm-en-aluminium;301
U399;https://www.aciersgrosjean.be/tôle-striée-en-aluminium-de-2000x1000x57mm-2;/tôle-striée-en-aluminium-de-2000x1000x57mm-2;Tôle striée de 2000x1000x5/7mm en aluminium;Tôle striée de 2000x1000x5/7mm en aluminium;product;Tôle striée en aluminium;T04 Fiche produit;200;oui;P1;Tôle striée de 2000x1000x5/7mm en aluminium de Aciers Grosjean;210;1;self;0001-01-01;5;304,92~~d0~i2~r0~30 Kg;/p/tole-striee-de-2000x1000x5-7mm-en-aluminium;301
U400;https://www.aciersgrosjean.be/tôle-striée-en-aluminium-de-2500x1250x254mm-2;/tôle-striée-en-aluminium-de-2500x1250x254mm-2;Tôle striée de 2500x1250x2,5/4mm en aluminium;Tôle striée de 2500x1250x2,5/4mm en aluminium;product;Tôle striée en aluminium;T04 Fiche produit;200;oui;P1;Tôle striée de 2500x1250x2,5/4mm en aluminium de Aciers Grosjean;209;1;self;0001-01-01;5;238,25~~d0~i2~r0~23.44 Kg;/p/tole-striee-de-2500x1250x2-5-4mm-en-aluminium;301
U401;https://www.aciersgrosjean.be/tôle-striée-en-aluminium-de-2500x1250x355mm-2;/tôle-striée-en-aluminium-de-2500x1250x355mm-2;Tôle striée de 2500x1250x3,5/5mm en aluminium;Tôle striée de 2500x1250x3,5/5mm en aluminium;product;Tôle striée en aluminium;T04 Fiche produit;200;oui;P1;Tôle striée de 2500x1250x3,5/5mm en aluminium de Aciers Grosjean;211;1;self;0001-01-01;5;338,26~~d0~i2~r0~33.28 Kg;/p/tole-striee-de-2500x1250x3-5-5mm-en-aluminium;301
U402;https://www.aciersgrosjean.be/tôle-striée-en-aluminium-de-2500x1250x57mm-2;/tôle-striée-en-aluminium-de-2500x1250x57mm-2;Tôle striée de 2500x1250x5/7mm en aluminium;Tôle striée de 2500x1250x5/7mm en aluminium;product;Tôle striée en aluminium;T04 Fiche produit;200;oui;P1;Tôle striée de 2500x1250x5/7mm en aluminium de Aciers Grosjean;210;1;self;0001-01-01;5;476,49~~d0~i2~r0~46.88 Kg;/p/tole-striee-de-2500x1250x5-7mm-en-aluminium;301
U403;https://www.aciersgrosjean.be/tôle-striée-en-aluminium-de-3000x1500x254mm-2;/tôle-striée-en-aluminium-de-3000x1500x254mm-2;Tôle striée de 3000x1500x2,5/4mm en aluminium;Tôle striée de 3000x1500x2,5/4mm en aluminium;product;Tôle striée en aluminium;T04 Fiche produit;200;oui;P1;Tôle striée de 3000x1500x2,5/4mm en aluminium de Aciers Grosjean;210;1;self;0001-01-01;5;343,04~~d0~i2~r0~33.75 Kg;/p/tole-striee-de-3000x1500x2-5-4mm-en-aluminium;301
U404;https://www.aciersgrosjean.be/tôle-striée-en-aluminium-de-3000x1500x355mm-2;/tôle-striée-en-aluminium-de-3000x1500x355mm-2;Tôle striée de 3000x1500x3,5/5mm en aluminium;Tôle striée de 3000x1500x3,5/5mm en aluminium;product;Tôle striée en aluminium;T04 Fiche produit;200;oui;P1;Tôle striée de 3000x1500x3,5/5mm en aluminium de Aciers Grosjean;209;1;self;0001-01-01;5;487,16~~d0~i2~r0~47.93 Kg;/p/tole-striee-de-3000x1500x3-5-5mm-en-aluminium;301
U405;https://www.aciersgrosjean.be/tôle-striée-en-aluminium-de-3000x1500x57mm-2;/tôle-striée-en-aluminium-de-3000x1500x57mm-2;Tôle striée de 3000x1500x5/7mm en aluminium;Tôle striée de 3000x1500x5/7mm en aluminium;product;Tôle striée en aluminium;T04 Fiche produit;200;oui;P1;Tôle striée de 3000x1500x5/7mm en aluminium de Aciers Grosjean;210;1;self;0001-01-01;5;686,07~~d0~i2~r0~67.5 Kg;/p/tole-striee-de-3000x1500x5-7mm-en-aluminium;301
U406;https://www.aciersgrosjean.be/tôle-plane-en-aluminium-de-2000x1000x1mm-4;/tôle-plane-en-aluminium-de-2000x1000x1mm-4;Tôle de 2000x1000x1mm en aluminium;Tôle de 2000x1000x1mm en aluminium;product;Tôle plane en Aluminium;T04 Fiche produit;200;oui;P1;Tôle de 2000x1000x1mm en aluminium de Aciers Grosjean;269;1;self;0001-01-01;5;56,41~~d0~i2~r3~5.55 Kg;/p/tole-de-2000x1000x1mm-en-aluminium;301
U407;https://www.aciersgrosjean.be/tôle-plane-en-aluminium-de-2000x1000x2mm-2;/tôle-plane-en-aluminium-de-2000x1000x2mm-2;Tôle de 2000x1000x2mm en aluminium;Tôle de 2000x1000x2mm en aluminium;product;Tôle plane en Aluminium;T04 Fiche produit;200;oui;P1;Tôle de 2000x1000x2mm en aluminium de Aciers Grosjean;269;1;self;0001-01-01;5;112,92~~d0~i2~r3~11.11 Kg;/p/tole-de-2000x1000x2mm-en-aluminium;301
U408;https://www.aciersgrosjean.be/tôle-plane-en-aluminium-de-2000x1000x3mm-2;/tôle-plane-en-aluminium-de-2000x1000x3mm-2;Tôle de 2000x1000x3mm en aluminium;Tôle de 2000x1000x3mm en aluminium;product;Tôle plane en Aluminium;T04 Fiche produit;200;oui;P1;Tôle de 2000x1000x3mm en aluminium de Aciers Grosjean;269;1;self;0001-01-01;5;169,33~~d0~i2~r0~16.66 Kg;/p/tole-de-2000x1000x3mm-en-aluminium;301
U409;https://www.aciersgrosjean.be/tôle-plane-en-aluminium-de-2500x1250x1mm-2;/tôle-plane-en-aluminium-de-2500x1250x1mm-2;Tôle de 2500x1250x1mm en aluminium;Tôle de 2500x1250x1mm en aluminium;product;Tôle plane en Aluminium;T04 Fiche produit;200;oui;P1;Tôle de 2500x1250x1mm en aluminium de Aciers Grosjean;269;1;self;0001-01-01;5;88,22~~d0~i2~r0~8.68 Kg;/p/tole-de-2500x1250x1mm-en-aluminium;301
U410;https://www.aciersgrosjean.be/tôle-plane-en-aluminium-de-2500x1250x2mm-2;/tôle-plane-en-aluminium-de-2500x1250x2mm-2;Tôle de 2500x1250x2mm en aluminium;Tôle de 2500x1250x2mm en aluminium;product;Tôle plane en Aluminium;T04 Fiche produit;200;oui;P1;Tôle de 2500x1250x2mm en aluminium de Aciers Grosjean;269;1;self;0001-01-01;5;176,44~~d0~i2~r0~17.36 Kg;/p/tole-de-2500x1250x2mm-en-aluminium;301
U411;https://www.aciersgrosjean.be/tôle-plane-en-aluminium-de-2500x1250x3mm-2;/tôle-plane-en-aluminium-de-2500x1250x3mm-2;Tôle de 2500x1250x3mm en aluminium;Tôle de 2500x1250x3mm en aluminium;product;Tôle plane en Aluminium;T04 Fiche produit;200;oui;P1;Tôle de 2500x1250x3mm en aluminium de Aciers Grosjean;269;1;self;0001-01-01;5;264,57~~d0~i2~r0~26.03 Kg;/p/tole-de-2500x1250x3mm-en-aluminium;301
U412;https://www.aciersgrosjean.be/tôle-plane-en-aluminium-de-3000x1500x1mm-2;/tôle-plane-en-aluminium-de-3000x1500x1mm-2;Tôle de 3000x1500x1mm en aluminium;Tôle de 3000x1500x1mm en aluminium;product;Tôle plane en Aluminium;T04 Fiche produit;200;oui;P1;Tôle de 3000x1500x1mm en aluminium de Aciers Grosjean;269;1;self;0001-01-01;5;127,05~~d0~i2~r0~12.5 Kg;/p/tole-de-3000x1500x1mm-en-aluminium;301
U413;https://www.aciersgrosjean.be/tôle-plane-en-aluminium-de-3000x1500x2mm-2;/tôle-plane-en-aluminium-de-3000x1500x2mm-2;Tôle de 3000x1500x2mm en aluminium;Tôle de 3000x1500x2mm en aluminium;product;Tôle plane en Aluminium;T04 Fiche produit;200;oui;P1;Tôle de 3000x1500x2mm en aluminium de Aciers Grosjean;269;1;self;0001-01-01;5;254,00~~d0~i2~r0~24.99 Kg;/p/tole-de-3000x1500x2mm-en-aluminium;301
U414;https://www.aciersgrosjean.be/tôle-plane-en-aluminium-de-3000x1500x3mm-2;/tôle-plane-en-aluminium-de-3000x1500x3mm-2;Tôle de 3000x1500x3mm en aluminium;Tôle de 3000x1500x3mm en aluminium;product;Tôle plane en Aluminium;T04 Fiche produit;200;oui;P1;Tôle de 3000x1500x3mm en aluminium de Aciers Grosjean;269;1;self;0001-01-01;5;381,05~~d0~i2~r1~37.49 Kg;/p/tole-de-3000x1500x3mm-en-aluminium;301
U415;https://www.aciersgrosjean.be/cornière-égale-en-aluminium-20x20x2mm;/cornière-égale-en-aluminium-20x20x2mm;Cornière égale 20x20x2mm en aluminium;Cornière égale 20x20x2mm en aluminium;product;Cornière égale en aluminium;T04 Fiche produit;200;oui;P1;Cornière égale 20x20x2mm en aluminium Aciers Grosjean;154;1;self;0001-01-01;5;2,18~L~d0~i2~r4~0.21 Kg;/p/corniere-egale-20x20x2mm-en-aluminium;301
U416;https://www.aciersgrosjean.be/cornière-égale-en-aluminium-25x25x2mm;/cornière-égale-en-aluminium-25x25x2mm;Cornière égale 25x25x2mm en aluminium;Cornière égale 25x25x2mm en aluminium;product;Cornière égale en aluminium;T04 Fiche produit;200;oui;P1;Cornière égale 25x25x2mm en aluminium Aciers Grosjean;154;1;self;0001-01-01;5;2,69~L~d0~i2~r0~0.26 Kg;/p/corniere-egale-25x25x2mm-en-aluminium;301
U417;https://www.aciersgrosjean.be/cornière-égale-en-aluminium-30x30x2mm;/cornière-égale-en-aluminium-30x30x2mm;Cornière égale 30x30x2mm en aluminium;Cornière égale 30x30x2mm en aluminium;product;Cornière égale en aluminium;T04 Fiche produit;200;oui;P1;Cornière égale 30x30x2mm en aluminium Aciers Grosjean;154;1;self;0001-01-01;5;3,32~L~d0~i2~r0~0.32 Kg;/p/corniere-egale-30x30x2mm-en-aluminium;301
U418;https://www.aciersgrosjean.be/cornière-égale-en-aluminium-30x30x3mm;/cornière-égale-en-aluminium-30x30x3mm;Cornière égale 30x30x3mm en aluminium;Cornière égale 30x30x3mm en aluminium;product;Cornière égale en aluminium;T04 Fiche produit;200;oui;P1;Cornière égale 30x30x3mm en aluminium Aciers Grosjean;154;1;self;0001-01-01;5;4,76~L~d0~i2~r0~0.46 Kg;/p/corniere-egale-30x30x3mm-en-aluminium;301
U419;https://www.aciersgrosjean.be/cornière-égale-en-aluminium-40x40x2mm;/cornière-égale-en-aluminium-40x40x2mm;Cornière égale 40x40x2mm en aluminium;Cornière égale 40x40x2mm en aluminium;product;Cornière égale en aluminium;T04 Fiche produit;200;oui;P1;Cornière égale 40x40x2mm en aluminium Aciers Grosjean;154;1;self;0001-01-01;5;4,45~L~d0~i2~r0~0.43 Kg;/p/corniere-egale-40x40x2mm-en-aluminium;301
U420;https://www.aciersgrosjean.be/cornière-égale-en-aluminium-40x40x3mm;/cornière-égale-en-aluminium-40x40x3mm;Cornière égale 40x40x3mm en aluminium;Cornière égale 40x40x3mm en aluminium;product;Cornière égale en aluminium;T04 Fiche produit;200;oui;P1;Cornière égale 40x40x3mm en aluminium Aciers Grosjean;154;1;self;0001-01-01;5;6,41~L~d0~i2~r0~0.62 Kg;/p/corniere-egale-40x40x3mm-en-aluminium;301
U421;https://www.aciersgrosjean.be/cornière-égale-en-aluminium-50x50x3mm;/cornière-égale-en-aluminium-50x50x3mm;Cornière égale 50x50x3mm en aluminium;Cornière égale 50x50x3mm en aluminium;product;Cornière égale en aluminium;T04 Fiche produit;200;oui;P1;Cornière égale 50x50x3mm en aluminium Aciers Grosjean;154;1;self;0001-01-01;5;8,17~L~d0~i2~r0~0.79 Kg;/p/corniere-egale-50x50x3mm-en-aluminium;301
U422;https://www.aciersgrosjean.be/cornière-égale-en-aluminium-60x60x3mm;/cornière-égale-en-aluminium-60x60x3mm;Cornière égale 60x60x3mm en aluminium;Cornière égale 60x60x3mm en aluminium;product;Cornière égale en aluminium;T04 Fiche produit;200;oui;P1;Cornière égale 60x60x3mm en aluminium Aciers Grosjean;154;1;self;0001-01-01;5;9,83~L~d0~i2~r0~0.95 Kg;/p/corniere-egale-60x60x3mm-en-aluminium;301
U423;https://www.aciersgrosjean.be/profil-en-u-en-aluminium-20x20x20x2mm;/profil-en-u-en-aluminium-20x20x20x2mm;Profil en U 20x20x20x2mm en Aluminium;Profil en U 20x20x20x2mm en Aluminium;product;Profil en U en Aluminium;T04 Fiche produit;200;oui;P1;Profil en U 20x20x20x2mm en Aluminium Aciers Grosjean;160;1;self;0001-01-01;5;3,11~L~d0~i2~r0~0.3 Kg;/p/profil-en-u-20x20x20x2mm-en-aluminium;301
U424;https://www.aciersgrosjean.be/profil-en-u-en-aluminium-25x25x25x2mm;/profil-en-u-en-aluminium-25x25x25x2mm;Profil en U 25x25x25x2mm en Aluminium;Profil en U 25x25x25x2mm en Aluminium;product;Profil en U en Aluminium;T04 Fiche produit;200;oui;P1;Profil en U 25x25x25x2mm en Aluminium Aciers Grosjean;160;1;self;0001-01-01;5;3,93~L~d0~i2~r0~0.38 Kg;/p/profil-en-u-25x25x25x2mm-en-aluminium;301
U425;https://www.aciersgrosjean.be/profil-en-u-en-aluminium-40x40x40x2mm;/profil-en-u-en-aluminium-40x40x40x2mm;Profil en U 40x40x40x2mm en Aluminium;Profil en U 40x40x40x2mm en Aluminium;product;Profil en U en Aluminium;T04 Fiche produit;200;oui;P1;Profil en U 40x40x40x2mm en Aluminium Aciers Grosjean;160;1;self;0001-01-01;5;6,52~L~d0~i2~r0~0.63 Kg;/p/profil-en-u-40x40x40x2mm-en-aluminium;301
U426;https://www.aciersgrosjean.be/profil-en-u-en-aluminium-30x30x30x2mm;/profil-en-u-en-aluminium-30x30x30x2mm;Profil en U en 30x30x30x2mm Aluminium;Profil en U en 30x30x30x2mm Aluminium;product;Profil en U en Aluminium;T04 Fiche produit;200;oui;P1;Profil en U en 30x30x30x2mm Aluminium Aciers Grosjean;160;1;self;0001-01-01;5;4,76~L~d0~i2~r0~0.46 Kg;/p/profil-en-u-en-30x30x30x2mm-aluminium;301
U427;https://www.aciersgrosjean.be/profil-en-t-en-aluminium-20x20x2mm;/profil-en-t-en-aluminium-20x20x2mm;Profil en T 20x20x2mm en aluminium;Profil en T 20x20x2mm en aluminium;product;Profil en T en aluminium;T04 Fiche produit;200;oui;P1;Profil en T 20x20x2mm en aluminium Aciers Grosjean;141;1;self;0001-01-01;5;2,18~L~d0~i2~r0~0.21 Kg;/p/profil-en-t-20x20x2mm-en-aluminium;301
U428;https://www.aciersgrosjean.be/profil-en-t-en-aluminium-25x25x2mm;/profil-en-t-en-aluminium-25x25x2mm;Profil en T 25x25x2mm en aluminium;Profil en T 25x25x2mm en aluminium;product;Profil en T en aluminium;T04 Fiche produit;200;oui;P1;Profil en T 25x25x2mm en aluminium Aciers Grosjean;143;1;self;0001-01-01;5;2,80~L~d0~i2~r0~0.27 Kg;/p/profil-en-t-25x25x2mm-en-aluminium;301
U429;https://www.aciersgrosjean.be/profil-en-t-en-aluminium-30x30x2mm;/profil-en-t-en-aluminium-30x30x2mm;Profil en T 30x30x2mm en aluminium;Profil en T 30x30x2mm en aluminium;product;Profil en T en aluminium;T04 Fiche produit;200;oui;P1;Profil en T 30x30x2mm en aluminium Aciers Grosjean;141;1;self;0001-01-01;5;3,32~L~d0~i2~r0~0.32 Kg;/p/profil-en-t-30x30x2mm-en-aluminium;301
U430;https://www.aciersgrosjean.be/plat-en-aluminium-de-100x5mm;/plat-en-aluminium-de-100x5mm;Plat de 100x5mm en aluminium;Plat de 100x5mm en aluminium;product;Plat en aluminium;T04 Fiche produit;200;oui;P1;Plat de 100x5mm en aluminium Aciers Grosjean;136;1;self;0001-01-01;5;13,96~L~d0~i2~r0~1.35 Kg;/p/plat-de-100x5mm-en-aluminium;301
U431;https://www.aciersgrosjean.be/plat-en-aluminium-de-20x3mm;/plat-en-aluminium-de-20x3mm;Plat de 20x3mm en aluminium;Plat de 20x3mm en aluminium;product;Plat en aluminium;T04 Fiche produit;200;oui;P1;Plat de 20x3mm en aluminium Aciers Grosjean;136;1;self;0001-01-01;5;1,75~L~d0~i2~r0~0.17 Kg;/p/plat-de-20x3mm-en-aluminium;301
U432;https://www.aciersgrosjean.be/plat-en-aluminium-de-25x3mm;/plat-en-aluminium-de-25x3mm;Plat de 25x3mm en aluminium;Plat de 25x3mm en aluminium;product;Plat en aluminium;T04 Fiche produit;200;oui;P1;Plat de 25x3mm en aluminium Aciers Grosjean;136;1;self;0001-01-01;5;2,18~L~d0~i2~r0~0.21 Kg;/p/plat-de-25x3mm-en-aluminium;301
U433;https://www.aciersgrosjean.be/plat-en-aluminium-de-30x3mm;/plat-en-aluminium-de-30x3mm;Plat de 30x3mm en aluminium;Plat de 30x3mm en aluminium;product;Plat en aluminium;T04 Fiche produit;200;oui;P1;Plat de 30x3mm en aluminium Aciers Grosjean;136;1;self;0001-01-01;5;2,59~L~d0~i2~r0~0.25 Kg;/p/plat-de-30x3mm-en-aluminium;301
U434;https://www.aciersgrosjean.be/plat-en-aluminium-de-30x5mm;/plat-en-aluminium-de-30x5mm;Plat de 30x5mm en aluminium;Plat de 30x5mm en aluminium;product;Plat en aluminium;T04 Fiche produit;200;oui;P1;Plat de 30x5mm en aluminium Aciers Grosjean;136;1;self;0001-01-01;5;4,25~L~d0~i2~r0~0.41 Kg;/p/plat-de-30x5mm-en-aluminium;301
U435;https://www.aciersgrosjean.be/plat-en-aluminium-de-40x3mm;/plat-en-aluminium-de-40x3mm;Plat de 40x3mm en aluminium;Plat de 40x3mm en aluminium;product;Plat en aluminium;T04 Fiche produit;200;oui;P1;Plat de 40x3mm en aluminium Aciers Grosjean;136;1;self;0001-01-01;5;3,41~L~d0~i2~r0~0.33 Kg;/p/plat-de-40x3mm-en-aluminium;301
U436;https://www.aciersgrosjean.be/plat-en-aluminium-de-40x5mm;/plat-en-aluminium-de-40x5mm;Plat de 40x5mm en aluminium;Plat de 40x5mm en aluminium;product;Plat en aluminium;T04 Fiche produit;200;oui;P1;Plat de 40x5mm en aluminium Aciers Grosjean;136;1;self;0001-01-01;5;5,59~L~d0~i2~r0~0.54 Kg;/p/plat-de-40x5mm-en-aluminium;301
U437;https://www.aciersgrosjean.be/plat-en-aluminium-de-50x3mm;/plat-en-aluminium-de-50x3mm;Plat de 50x3mm en aluminium;Plat de 50x3mm en aluminium;product;Plat en aluminium;T04 Fiche produit;200;oui;P1;Plat de 50x3mm en aluminium Aciers Grosjean;136;1;self;0001-01-01;5;4,25~L~d0~i2~r0~0.41 Kg;/p/plat-de-50x3mm-en-aluminium;301
U438;https://www.aciersgrosjean.be/plat-en-aluminium-de-50x5mm;/plat-en-aluminium-de-50x5mm;Plat de 50x5mm en aluminium;Plat de 50x5mm en aluminium;product;Plat en aluminium;T04 Fiche produit;200;oui;P1;Plat de 50x5mm en aluminium Aciers Grosjean;136;1;self;0001-01-01;5;7,03~L~d0~i2~r0~0.68 Kg;/p/plat-de-50x5mm-en-aluminium;301
U439;https://www.aciersgrosjean.be/plat-en-aluminium-de-60x5mm;/plat-en-aluminium-de-60x5mm;Plat de 60x5mm en aluminium;Plat de 60x5mm en aluminium;product;Plat en aluminium;T04 Fiche produit;200;oui;P1;Plat de 60x5mm en aluminium Aciers Grosjean;138;1;self;0001-01-01;5;8,39~L~d0~i2~r0~0.81 Kg;/p/plat-de-60x5mm-en-aluminium;301
U440;https://www.aciersgrosjean.be/plat-en-aluminium-de-80x5mm;/plat-en-aluminium-de-80x5mm;Plat de 80x5mm en aluminium;Plat de 80x5mm en aluminium;product;Plat en aluminium;T04 Fiche produit;200;oui;P1;Plat de 80x5mm en aluminium Aciers Grosjean;136;1;self;0001-01-01;5;11,17~L~d0~i2~r0~1.08 Kg;/p/plat-de-80x5mm-en-aluminium;301
U441;https://www.aciersgrosjean.be/tube-rectangle-en-aluminium-de-30x20x2mm;/tube-rectangle-en-aluminium-de-30x20x2mm;Tube rectangle de 30x20x2mm en aluminium;Tube rectangle de 30x20x2mm en aluminium;product;Tube rectangle en aluminium;T04 Fiche produit;200;oui;P1;Tube rectangle de 30x20x2mm en aluminium Aciers Grosjean;148;1;self;0001-01-01;5;5,18~L~d0~i2~r0~0.5 Kg;/p/tube-rectangle-de-30x20x2mm-en-aluminium;301
U442;https://www.aciersgrosjean.be/tube-rectangle-en-aluminium-de-50x30x2mm;/tube-rectangle-en-aluminium-de-50x30x2mm;Tube rectangle de 50x30x2mm en aluminium;Tube rectangle de 50x30x2mm en aluminium;product;Tube rectangle en aluminium;T04 Fiche produit;200;oui;P1;Tube rectangle de 50x30x2mm en aluminium Aciers Grosjean;148;1;self;0001-01-01;5;8,48~L~d0~i2~r0~0.82 Kg;/p/tube-rectangle-de-50x30x2mm-en-aluminium;301
U443;https://www.aciersgrosjean.be/tube-rectangle-en-aluminium-de-60x30x3mm;/tube-rectangle-en-aluminium-de-60x30x3mm;Tube rectangle de 60x30x3mm en aluminium;Tube rectangle de 60x30x3mm en aluminium;product;Tube rectangle en aluminium;T04 Fiche produit;200;oui;P1;Tube rectangle de 60x30x3mm en aluminium Aciers Grosjean;148;1;self;0001-01-01;5;14,07~L~d0~i2~r0~1.36 Kg;/p/tube-rectangle-de-60x30x3mm-en-aluminium;301
U444;https://www.aciersgrosjean.be/tube-rectangle-en-aluminium-de-60x40x2mm;/tube-rectangle-en-aluminium-de-60x40x2mm;Tube rectangle de 60x40x2mm en aluminium;Tube rectangle de 60x40x2mm en aluminium;product;Tube rectangle en aluminium;T04 Fiche produit;200;oui;P1;Tube rectangle de 60x40x2mm en aluminium Aciers Grosjean;148;1;self;0001-01-01;5;10,76~L~d0~i2~r0~1.04 Kg;/p/tube-rectangle-de-60x40x2mm-en-aluminium;301
U445;https://www.aciersgrosjean.be/tube-rectangle-en-aluminium-de-60x40x3mm;/tube-rectangle-en-aluminium-de-60x40x3mm;Tube rectangle de 60x40x3mm en aluminium;Tube rectangle de 60x40x3mm en aluminium;product;Tube rectangle en aluminium;T04 Fiche produit;200;oui;P1;Tube rectangle de 60x40x3mm en aluminium Aciers Grosjean;148;1;self;0001-01-01;5;15,73~L~d0~i2~r0~1.52 Kg;/p/tube-rectangle-de-60x40x3mm-en-aluminium;301
U446;https://www.aciersgrosjean.be/tube-carré-en-aluminium-de-15x15x2mm;/tube-carré-en-aluminium-de-15x15x2mm;Tube carré de 15x15x2mm en aluminium;Tube carré de 15x15x2mm en aluminium;product;Tube carré en aluminium;T04 Fiche produit;200;oui;P1;Tube carré de 15x15x2mm en aluminium Aciers Grosjean;144;1;self;0001-01-01;5;3,21~L~d0~i2~r2~0.31 Kg;/p/tube-carre-de-15x15x2mm-en-aluminium;301
U447;https://www.aciersgrosjean.be/tube-carré-en-aluminium-de-20x20x2mm;/tube-carré-en-aluminium-de-20x20x2mm;Tube carré de 20x20x2mm en aluminium;Tube carré de 20x20x2mm en aluminium;product;Tube carré en aluminium;T04 Fiche produit;200;oui;P1;Tube carré de 20x20x2mm en aluminium Aciers Grosjean;144;1;self;0001-01-01;5;4,03~L~d0~i2~r2~0.39 Kg;/p/tube-carre-de-20x20x2mm-en-aluminium;301
U448;https://www.aciersgrosjean.be/tube-carré-en-aluminium-de-25x25x2mm;/tube-carré-en-aluminium-de-25x25x2mm;Tube carré de 25x25x2mm en aluminium;Tube carré de 25x25x2mm en aluminium;product;Tube carré en aluminium;T04 Fiche produit;200;oui;P1;Tube carré de 25x25x2mm en aluminium Aciers Grosjean;144;1;self;0001-01-01;5;5,18~L~d0~i2~r0~0.5 Kg;/p/tube-carre-de-25x25x2mm-en-aluminium;301
U449;https://www.aciersgrosjean.be/tube-carré-en-aluminium-de-35x35x2mm;/tube-carré-en-aluminium-de-35x35x2mm;Tube carré de 35x35x2mm en aluminium;Tube carré de 35x35x2mm en aluminium;product;Tube carré en aluminium;T04 Fiche produit;200;oui;P1;Tube carré de 35x35x2mm en aluminium Aciers Grosjean;144;1;self;0001-01-01;5;7,34~L~d0~i2~r0~0.71 Kg;/p/tube-carre-de-35x35x2mm-en-aluminium;301
U450;https://www.aciersgrosjean.be/tube-carré-en-aluminium-de-40x40x2mm;/tube-carré-en-aluminium-de-40x40x2mm;Tube carré de 40x40x2mm en aluminium;Tube carré de 40x40x2mm en aluminium;product;Tube carré en aluminium;T04 Fiche produit;200;oui;P1;Tube carré de 40x40x2mm en aluminium Aciers Grosjean;145;1;self;0001-01-01;5;8,48~L~d0~i2~r1~0.82 Kg;/p/tube-carre-de-40x40x2mm-en-aluminium;301
U451;https://www.aciersgrosjean.be/tube-carré-en-aluminium-de-40x40x3mm;/tube-carré-en-aluminium-de-40x40x3mm;Tube carré de 40x40x3mm en aluminium;Tube carré de 40x40x3mm en aluminium;product;Tube carré en aluminium;T04 Fiche produit;200;oui;P1;Tube carré de 40x40x3mm en aluminium Aciers Grosjean;144;1;self;0001-01-01;5;12,41~L~d0~i2~r0~1.2 Kg;/p/tube-carre-de-40x40x3mm-en-aluminium;301
U452;https://www.aciersgrosjean.be/tube-carré-en-aluminium-de-50x50x2mm;/tube-carré-en-aluminium-de-50x50x2mm;Tube carré de 50x50x2mm en aluminium;Tube carré de 50x50x2mm en aluminium;product;Tube carré en aluminium;T04 Fiche produit;200;oui;P1;Tube carré de 50x50x2mm en aluminium Aciers Grosjean;144;1;self;0001-01-01;5;10,76~L~d0~i2~r0~1.04 Kg;/p/tube-carre-de-50x50x2mm-en-aluminium;301
U453;https://www.aciersgrosjean.be/tube-carré-de-60x60x3mm-en-aluminium;/tube-carré-de-60x60x3mm-en-aluminium;Tube carré de 60x60x3mm en aluminium;Tube carré de 60x60x3mm en aluminium;product;Tube carré en aluminium;T04 Fiche produit;200;oui;P1;Tube carré de 60x60x3mm en aluminium Aciers Grosjean;144;1;self;0001-01-01;5;19,14~L~d0~i2~r0~1.85 Kg;/p/tube-carre-de-60x60x3mm-en-aluminium;301
U454;https://www.aciersgrosjean.be/tube-rond-en-aluminium-de-20x2mm;/tube-rond-en-aluminium-de-20x2mm;Tube rond de 20x2mm en aluminium;Tube rond de 20x2mm en aluminium;product;Tube rond en aluminium;T04 Fiche produit;200;oui;P1;Tube rond de 20x2mm en aluminium Aciers Grosjean;193;1;self;0001-01-01;5;3,21~L~d0~i2~r1~0.31 Kg;/p/tube-rond-de-20x2mm-en-aluminium;301
U455;https://www.aciersgrosjean.be/tube-rond-en-aluminium-de-25x2mm;/tube-rond-en-aluminium-de-25x2mm;Tube rond de 25x2mm en aluminium;Tube rond de 25x2mm en aluminium;product;Tube rond en aluminium;T04 Fiche produit;200;oui;P1;Tube rond de 25x2mm en aluminium Aciers Grosjean;193;1;self;0001-01-01;5;4,03~L~d0~i2~r1~0.39 Kg;/p/tube-rond-de-25x2mm-en-aluminium;301
U456;https://www.aciersgrosjean.be/tube-rond-en-aluminium-de-30x2mm;/tube-rond-en-aluminium-de-30x2mm;Tube rond de 30x2mm en aluminium;Tube rond de 30x2mm en aluminium;product;Tube rond en aluminium;T04 Fiche produit;200;oui;P1;Tube rond de 30x2mm en aluminium Aciers Grosjean;193;1;self;0001-01-01;5;4,96~L~d0~i2~r3~0.48 Kg;/p/tube-rond-de-30x2mm-en-aluminium;301
U457;https://www.aciersgrosjean.be/tube-rond-en-aluminium-de-35x2mm;/tube-rond-en-aluminium-de-35x2mm;Tube rond de 35x2mm en aluminium;Tube rond de 35x2mm en aluminium;product;Tube rond en aluminium;T04 Fiche produit;200;oui;P1;Tube rond de 35x2mm en aluminium Aciers Grosjean;193;1;self;0001-01-01;5;5,80~L~d0~i2~r0~0.56 Kg;/p/tube-rond-de-35x2mm-en-aluminium;301
U458;https://www.aciersgrosjean.be/tube-rond-en-aluminium-de-40x2mm;/tube-rond-en-aluminium-de-40x2mm;Tube rond de 40x2mm en aluminium;Tube rond de 40x2mm en aluminium;product;Tube rond en aluminium;T04 Fiche produit;200;oui;P1;Tube rond de 40x2mm en aluminium Aciers Grosjean;193;1;self;0001-01-01;5;6,62~L~d0~i2~r0~0.64 Kg;/p/tube-rond-de-40x2mm-en-aluminium;301
U459;https://www.aciersgrosjean.be/tôle-plane-en-inox-304-gr320-2000x1000x1mm;/tôle-plane-en-inox-304-gr320-2000x1000x1mm;Tôle 2000x1000x1mm plane en Inox 304 GR320;Tôle 2000x1000x1mm plane en Inox 304 GR320;product;Tôle plane en Inox 304 GR320;T04 Fiche produit;200;oui;P1;Tôle 2000x1000x1mm plane en Inox 304 GR320 de Aciers Grosjean;287;1;self;0001-01-01;5;124,29~~d0~i2~r1~16 Kg;/p/tole-2000x1000x1mm-plane-en-inox-304-gr320;301
U460;https://www.aciersgrosjean.be/tôle-plane-en-inox-304-gr320-2000x1000x2mm;/tôle-plane-en-inox-304-gr320-2000x1000x2mm;Tôle 2000x1000x2mm plane en Inox 304 GR320;Tôle 2000x1000x2mm plane en Inox 304 GR320;product;Tôle plane en Inox 304 GR320;T04 Fiche produit;200;oui;P1;Tôle 2000x1000x2mm plane en Inox 304 GR320 de Aciers Grosjean;287;1;self;0001-01-01;5;241,61~~d0~i2~r0~32 Kg;/p/tole-2000x1000x2mm-plane-en-inox-304-gr320;301
U461;https://www.aciersgrosjean.be/tôle-plane-en-inox-304-gr320-2000x1000x3mm;/tôle-plane-en-inox-304-gr320-2000x1000x3mm;Tôle 2000x1000x3mm plane en Inox 304 GR320;Tôle 2000x1000x3mm plane en Inox 304 GR320;product;Tôle plane en Inox 304 GR320;T04 Fiche produit;200;oui;P1;Tôle 2000x1000x3mm plane en Inox 304 GR320 de Aciers Grosjean;287;1;self;0001-01-01;5;360,68~~d0~i2~r0~48 Kg;/p/tole-2000x1000x3mm-plane-en-inox-304-gr320;301
U462;https://www.aciersgrosjean.be/tôle-plane-en-inox-304-gr320-2500x1250x1mm;/tôle-plane-en-inox-304-gr320-2500x1250x1mm;Tôle 2500x1250x1mm plane en Inox 304 GR320;Tôle 2500x1250x1mm plane en Inox 304 GR320;product;Tôle plane en Inox 304 GR320;T04 Fiche produit;200;oui;P1;Tôle 2500x1250x1mm plane en Inox 304 GR320 de Aciers Grosjean;287;1;self;0001-01-01;5;194,20~~d0~i2~r0~25 Kg;/p/tole-2500x1250x1mm-plane-en-inox-304-gr320;301
U463;https://www.aciersgrosjean.be/tôle-plane-en-inox-304-gr320-2500x1250x2mm;/tôle-plane-en-inox-304-gr320-2500x1250x2mm;Tôle 2500x1250x2mm plane en Inox 304 GR320;Tôle 2500x1250x2mm plane en Inox 304 GR320;product;Tôle plane en Inox 304 GR320;T04 Fiche produit;200;oui;P1;Tôle 2500x1250x2mm plane en Inox 304 GR320 de Aciers Grosjean;287;1;self;0001-01-01;5;377,52~~d0~i2~r0~50 Kg;/p/tole-2500x1250x2mm-plane-en-inox-304-gr320;301
U464;https://www.aciersgrosjean.be/tôle-plane-en-inox-304-gr320-2500x1250x3mm;/tôle-plane-en-inox-304-gr320-2500x1250x3mm;Tôle 2500x1250x3mm plane en Inox 304 GR320;Tôle 2500x1250x3mm plane en Inox 304 GR320;product;Tôle plane en Inox 304 GR320;T04 Fiche produit;200;oui;P1;Tôle 2500x1250x3mm plane en Inox 304 GR320 de Aciers Grosjean;287;1;self;0001-01-01;5;563,56~~d0~i2~r0~75 Kg;/p/tole-2500x1250x3mm-plane-en-inox-304-gr320;301
U465;https://www.aciersgrosjean.be/tôle-plane-en-inox-304-gr320-3000x1500x1mm;/tôle-plane-en-inox-304-gr320-3000x1500x1mm;Tôle 3000x1500x1mm plane en Inox 304 GR320;Tôle 3000x1500x1mm plane en Inox 304 GR320;product;Tôle plane en Inox 304 GR320;T04 Fiche produit;200;oui;P1;Tôle 3000x1500x1mm plane en Inox 304 GR320 de Aciers Grosjean;287;1;self;0001-01-01;5;279,66~~d0~i2~r0~36 Kg;/p/tole-3000x1500x1mm-plane-en-inox-304-gr320;301
U466;https://www.aciersgrosjean.be/tôle-plane-en-inox-304-gr320-3000x1500x2mm;/tôle-plane-en-inox-304-gr320-3000x1500x2mm;Tôle 3000x1500x2mm plane en Inox 304 GR320;Tôle 3000x1500x2mm plane en Inox 304 GR320;product;Tôle plane en Inox 304 GR320;T04 Fiche produit;200;oui;P1;Tôle 3000x1500x2mm plane en Inox 304 GR320 de Aciers Grosjean;287;1;self;0001-01-01;5;543,63~~d0~i2~r0~72 Kg;/p/tole-3000x1500x2mm-plane-en-inox-304-gr320;301
U467;https://www.aciersgrosjean.be/tôle-plane-en-inox-304-gr320-3000x1500x3mm;/tôle-plane-en-inox-304-gr320-3000x1500x3mm;Tôle 3000x1500x3mm plane en Inox 304 GR320;Tôle 3000x1500x3mm plane en Inox 304 GR320;product;Tôle plane en Inox 304 GR320;T04 Fiche produit;200;oui;P1;Tôle 3000x1500x3mm plane en Inox 304 GR320 de Aciers Grosjean;287;1;self;0001-01-01;5;811,52~~d0~i2~r0~108 Kg;/p/tole-3000x1500x3mm-plane-en-inox-304-gr320;301
U468;https://www.aciersgrosjean.be/tôle-plane-en-inox-304-gr320-2000x1000x08mm;/tôle-plane-en-inox-304-gr320-2000x1000x08mm;Tôle plane 2000x1000x0,8mm en Inox 304 GR320;Tôle plane 2000x1000x0,8mm en Inox 304 GR320;product;Tôle plane en Inox 304 GR320;T04 Fiche produit;200;oui;P1;Tôle plane 2000x1000x0,8mm en Inox 304 GR320 de Aciers Grosjean;289;1;self;0001-01-01;5;102,68~~d0~i2~r0~12.8 Kg;/p/tole-plane-2000x1000x0-8mm-en-inox-304-gr320;301
U469;https://www.aciersgrosjean.be/rond-plein-lisse-en-inox-diamètre-10mm;/rond-plein-lisse-en-inox-diamètre-10mm;Rond plein lisse diamètre 10mm en Inox;Rond plein lisse diamètre 10mm en Inox;product;Rond plein lisse en Inox;T04 Fiche produit;200;oui;P1;Rond plein lisse diamètre 10mm en Inox de Aciers Grosjean;296;1;self;0001-01-01;5;5,12~L~d0~i2~r3~0.63 Kg;/p/rond-plein-lisse-diametre-10mm-en-inox;301
U470;https://www.aciersgrosjean.be/rond-plein-lisse-en-inox-diamètre-12mm;/rond-plein-lisse-en-inox-diamètre-12mm;Rond plein lisse diamètre 12mm en Inox;Rond plein lisse diamètre 12mm en Inox;product;Rond plein lisse en Inox;T04 Fiche produit;200;oui;P1;Rond plein lisse diamètre 12mm en Inox de Aciers Grosjean;296;1;self;0001-01-01;5;7,39~L~d0~i2~r0~0.91 Kg;/p/rond-plein-lisse-diametre-12mm-en-inox;301
U471;https://www.aciersgrosjean.be/rond-plein-lisse-en-inox-diamètre-8mm;/rond-plein-lisse-en-inox-diamètre-8mm;Rond plein lisse diamètre 8mm en Inox;Rond plein lisse diamètre 8mm en Inox;product;Rond plein lisse en Inox;T04 Fiche produit;200;oui;P1;Rond plein lisse diamètre 8mm en Inox de Aciers Grosjean;296;1;self;0001-01-01;5;3,24~L~d0~i2~r0~0.4 Kg;/p/rond-plein-lisse-diametre-8mm-en-inox;301
U472;https://www.aciersgrosjean.be/cornière-égale-en-inox-20x20x3mm;/cornière-égale-en-inox-20x20x3mm;Cornière égale 20x20x3mm en Inox;Cornière égale 20x20x3mm en Inox;product;Cornière égale en Inox;T04 Fiche produit;200;oui;P1;Cornière égale 20x20x3mm en Inox de Aciers Grosjean;252;1;self;0001-01-01;5;8,30~L~d0~i2~r1~0.9 Kg;/p/corniere-egale-20x20x3mm-en-inox;301
U473;https://www.aciersgrosjean.be/cornière-égale-en-inox-25x25x3mm;/cornière-égale-en-inox-25x25x3mm;Cornière égale 25x25x3mm en Inox;Cornière égale 25x25x3mm en Inox;product;Cornière égale en Inox;T04 Fiche produit;200;oui;P1;Cornière égale 25x25x3mm en Inox de Aciers Grosjean;252;1;self;0001-01-01;5;10,04~L~d0~i2~r0~1.15 Kg;/p/corniere-egale-25x25x3mm-en-inox;301
U474;https://www.aciersgrosjean.be/cornière-égale-en-inox-30x30x3mm;/cornière-égale-en-inox-30x30x3mm;Cornière égale 30x30x3mm en Inox;Cornière égale 30x30x3mm en Inox;product;Cornière égale en Inox;T04 Fiche produit;200;oui;P1;Cornière égale 30x30x3mm en Inox de Aciers Grosjean;252;1;self;0001-01-01;5;12,05~L~d0~i2~r0~1.38 Kg;/p/corniere-egale-30x30x3mm-en-inox;301
U475;https://www.aciersgrosjean.be/cornière-égale-en-inox-40x40x4mm;/cornière-égale-en-inox-40x40x4mm;Cornière égale 40x40x4mm en Inox;Cornière égale 40x40x4mm en Inox;product;Cornière égale en Inox;T04 Fiche produit;200;oui;P1;Cornière égale 40x40x4mm en Inox de Aciers Grosjean;252;1;self;0001-01-01;5;21,67~L~d0~i2~r1~2.48 Kg;/p/corniere-egale-40x40x4mm-en-inox;301
U476;https://www.aciersgrosjean.be/cornière-égale-en-inox-50x50x5mm;/cornière-égale-en-inox-50x50x5mm;Cornière égale 50x50x5mm en Inox;Cornière égale 50x50x5mm en Inox;product;Cornière égale en Inox;T04 Fiche produit;200;oui;P1;Cornière égale 50x50x5mm en Inox de Aciers Grosjean;252;1;self;0001-01-01;5;33,64~L~d0~i2~r1~3.85 Kg;/p/corniere-egale-50x50x5mm-en-inox;301
U477;https://www.aciersgrosjean.be/plat-en-inox-20x3mm;/plat-en-inox-20x3mm;Plat 20x3mm en Inox 304;Plat 20x3mm en Inox 304;product;Plat en Inox;T04 Fiche produit;200;oui;P1;Plat 20x3mm en Inox 304 de Aciers Grosjean;304;1;self;0001-01-01;5;3,79~L~d0~i2~r0~0.48 Kg;/p/plat-20x3mm-en-inox-304;301
U478;https://www.aciersgrosjean.be/plat-en-inox20x5mm;/plat-en-inox20x5mm;Plat 20x5mm en Inox 304;Plat 20x5mm en Inox 304;product;Plat en Inox;T04 Fiche produit;200;oui;P1;Plat 20x5mm en Inox 304 de Aciers Grosjean;304;1;self;0001-01-01;5;6,32~L~d0~i2~r0~0.8 Kg;/p/plat-20x5mm-en-inox-304;301
U479;https://www.aciersgrosjean.be/plat-en-inox-25x3mm;/plat-en-inox-25x3mm;Plat 25x3mm en Inox 304;Plat 25x3mm en Inox 304;product;Plat en Inox;T04 Fiche produit;200;oui;P1;Plat 25x3mm en Inox 304 de Aciers Grosjean;304;1;self;0001-01-01;5;4,74~L~d0~i2~r1~0.6 Kg;/p/plat-25x3mm-en-inox-304;301
U480;https://www.aciersgrosjean.be/plat-en-inox-25x5mm;/plat-en-inox-25x5mm;Plat 25x5mm en Inox 304;Plat 25x5mm en Inox 304;product;Plat en Inox;T04 Fiche produit;200;oui;P1;Plat 25x5mm en Inox 304 de Aciers Grosjean;304;1;self;0001-01-01;5;7,90~L~d0~i2~r0~1 Kg;/p/plat-25x5mm-en-inox-304;301
U481;https://www.aciersgrosjean.be/plat-en-inox-30x3mm;/plat-en-inox-30x3mm;Plat 30x3mm en Inox 304;Plat 30x3mm en Inox 304;product;Plat en Inox;T04 Fiche produit;200;oui;P1;Plat 30x3mm en Inox 304 de Aciers Grosjean;304;1;self;0001-01-01;5;5,69~L~d0~i2~r0~0.72 Kg;/p/plat-30x3mm-en-inox-304;301
U482;https://www.aciersgrosjean.be/plat-en-inox-30x5mm;/plat-en-inox-30x5mm;Plat 30x5mm en Inox 304;Plat 30x5mm en Inox 304;product;Plat en Inox;T04 Fiche produit;200;oui;P1;Plat 30x5mm en Inox 304 de Aciers Grosjean;304;1;self;0001-01-01;5;9,49~L~d0~i2~r0~1.2 Kg;/p/plat-30x5mm-en-inox-304;301
U483;https://www.aciersgrosjean.be/plat-en-inox-40x3mm;/plat-en-inox-40x3mm;Plat 40x3mm en Inox 304;Plat 40x3mm en Inox 304;product;Plat en Inox;T04 Fiche produit;200;oui;P1;Plat 40x3mm en Inox 304 de Aciers Grosjean;304;1;self;0001-01-01;5;7,59~L~d0~i2~r0~0.96 Kg;/p/plat-40x3mm-en-inox-304;301
U484;https://www.aciersgrosjean.be/plat-en-inox-40x5mm;/plat-en-inox-40x5mm;Plat 40x5mm en Inox 304;Plat 40x5mm en Inox 304;product;Plat en Inox;T04 Fiche produit;200;oui;P1;Plat 40x5mm en Inox 304 de Aciers Grosjean;304;1;self;0001-01-01;5;12,64~L~d0~i2~r0~1.6 Kg;/p/plat-40x5mm-en-inox-304;301
U485;https://www.aciersgrosjean.be/plat-en-inox-50x5mm;/plat-en-inox-50x5mm;Plat 50x5mm en Inox 304;Plat 50x5mm en Inox 304;product;Plat en Inox;T04 Fiche produit;200;oui;P1;Plat 50x5mm en Inox 304 de Aciers Grosjean;304;1;self;0001-01-01;5;15,80~L~d0~i2~r2~2 Kg;/p/plat-50x5mm-en-inox-304;301
U486;https://www.aciersgrosjean.be/plat-en-inox-60x5mm;/plat-en-inox-60x5mm;Plat 60x5mm en Inox 304;Plat 60x5mm en Inox 304;product;Plat en Inox;T04 Fiche produit;200;oui;P1;Plat 60x5mm en Inox 304 de Aciers Grosjean;304;1;self;0001-01-01;5;18,96~L~d0~i2~r1~2.4 Kg;/p/plat-60x5mm-en-inox-304;301
U487;https://www.aciersgrosjean.be/tube-rond-en-inox-172x2mm;/tube-rond-en-inox-172x2mm;Tube rond 17,2x2mm en Inox 304;Tube rond 17,2x2mm en Inox 304;product;Tube rond en Inox;T04 Fiche produit;200;oui;P1;Tube rond 17,2x2mm en Inox 304 de Aciers Grosjean;288;1;self;0001-01-01;5;8,03~L~d0~i2~r0~0.76 Kg;/p/tube-rond-17-2x2mm-en-inox-304;301
U488;https://www.aciersgrosjean.be/tube-rond-en-inox-213x2mm;/tube-rond-en-inox-213x2mm;Tube rond 21,3x2mm en Inox 304;Tube rond 21,3x2mm en Inox 304;product;Tube rond en Inox;T04 Fiche produit;200;oui;P1;Tube rond 21,3x2mm en Inox 304 de Aciers Grosjean;288;1;self;0001-01-01;5;9,84~L~d0~i2~r0~0.95 Kg;/p/tube-rond-21-3x2mm-en-inox-304;301
U489;https://www.aciersgrosjean.be/tube-rond-en-inox-269x2mm;/tube-rond-en-inox-269x2mm;Tube rond 26,9x2mm en Inox 304;Tube rond 26,9x2mm en Inox 304;product;Tube rond en Inox;T04 Fiche produit;200;oui;P1;Tube rond 26,9x2mm en Inox 304 de Aciers Grosjean;288;1;self;0001-01-01;5;12,11~L~d0~i2~r3~1.2 Kg;/p/tube-rond-26-9x2mm-en-inox-304;301
U490;https://www.aciersgrosjean.be/tube-rond-en-inox-337x2mm;/tube-rond-en-inox-337x2mm;Tube rond 33,7x2mm en Inox 304;Tube rond 33,7x2mm en Inox 304;product;Tube rond en Inox;T04 Fiche produit;200;oui;P1;Tube rond 33,7x2mm en Inox 304 de Aciers Grosjean;288;1;self;0001-01-01;5;15,52~L~d0~i2~r2~1.5 Kg;/p/tube-rond-33-7x2mm-en-inox-304;301
U491;https://www.aciersgrosjean.be/tube-rond-en-inox-424x2mm;/tube-rond-en-inox-424x2mm;Tube rond 42,4x2mm en Inox 304;Tube rond 42,4x2mm en Inox 304;product;Tube rond en Inox;T04 Fiche produit;200;oui;P1;Tube rond 42,4x2mm en Inox 304 de Aciers Grosjean;288;1;self;0001-01-01;5;18,05~L~d0~i2~r3~1.95 Kg;/p/tube-rond-42-4x2mm-en-inox-304;301
U492;https://www.aciersgrosjean.be/tube-rond-en-inox-483x2mm;/tube-rond-en-inox-483x2mm;Tube rond 48,3x2mm en Inox 304;Tube rond 48,3x2mm en Inox 304;product;Tube rond en Inox;T04 Fiche produit;200;oui;P1;Tube rond 48,3x2mm en Inox 304 de Aciers Grosjean;288;1;self;0001-01-01;5;20,55~L~d0~i2~r1~2.2 Kg;/p/tube-rond-48-3x2mm-en-inox-304;301
U493;https://www.aciersgrosjean.be/tube-rond-en-inox-603x2mm;/tube-rond-en-inox-603x2mm;Tube rond 60,3x2mm en Inox 304;Tube rond 60,3x2mm en Inox 304;product;Tube rond en Inox;T04 Fiche produit;200;oui;P1;Tube rond 60,3x2mm en Inox 304 de Aciers Grosjean;288;1;self;0001-01-01;5;25,79~L~d0~i2~r2~2.76 Kg;/p/tube-rond-60-3x2mm-en-inox-304;301
U494;https://www.aciersgrosjean.be/tube-rond-en-inox-761x2mm;/tube-rond-en-inox-761x2mm;Tube rond 76,1x2mm en Inox 304;Tube rond 76,1x2mm en Inox 304;product;Tube rond en Inox;T04 Fiche produit;200;oui;P1;Tube rond 76,1x2mm en Inox 304 de Aciers Grosjean;288;1;self;0001-01-01;5;34,56~L~d0~i2~r0~3.73 Kg;/p/tube-rond-76-1x2mm-en-inox-304;301
U495;https://www.aciersgrosjean.be/tube-rectangle-en-inox-40x20x2mm;/tube-rectangle-en-inox-40x20x2mm;Tube rectangle 40x20x2mm en Inox 304;Tube rectangle 40x20x2mm en Inox 304;product;Tube rectangle en Inox;T04 Fiche produit;200;oui;P1;Tube rectangle 40x20x2mm en Inox 304 de Aciers Grosjean;322;1;self;0001-01-01;5;14,60~L~d0~i2~r2~1.86 Kg;/p/tube-rectangle-40x20x2mm-en-inox-304;301
U496;https://www.aciersgrosjean.be/tube-carré-en-inox-20x20x2mm;/tube-carré-en-inox-20x20x2mm;Tube carré 20x20x2mm en Inox 304;Tube carré 20x20x2mm en Inox 304;product;Tube carré en Inox;T04 Fiche produit;200;oui;P1;Tube carré 20x20x2mm en Inox 304 de Aciers Grosjean;315;1;self;0001-01-01;5;9,79~L~d0~i2~r1~1.22 Kg;/p/tube-carre-20x20x2mm-en-inox-304;301
U497;https://www.aciersgrosjean.be/tube-carré-en-inox-25x25x2mm;/tube-carré-en-inox-25x25x2mm;Tube carré 25x25x2mm en Inox 304;Tube carré 25x25x2mm en Inox 304;product;Tube carré en Inox;T04 Fiche produit;200;oui;P1;Tube carré 25x25x2mm en Inox 304 de Aciers Grosjean;315;1;self;0001-01-01;5;12,16~L~d0~i2~r0~1.54 Kg;/p/tube-carre-25x25x2mm-en-inox-304;301
U498;https://www.aciersgrosjean.be/tube-carré-en-inox-30x30x2mm;/tube-carré-en-inox-30x30x2mm;Tube carré 30x30x2mm en Inox 304;Tube carré 30x30x2mm en Inox 304;product;Tube carré en Inox;T04 Fiche produit;200;oui;P1;Tube carré 30x30x2mm en Inox 304 de Aciers Grosjean;315;1;self;0001-01-01;5;14,42~L~d0~i2~r0~1.86 Kg;/p/tube-carre-30x30x2mm-en-inox-304;301
U499;https://www.aciersgrosjean.be/tube-carré-en-inox-35x35x2mm;/tube-carré-en-inox-35x35x2mm;Tube carré 35x35x2mm en Inox 304;Tube carré 35x35x2mm en Inox 304;product;Tube carré en Inox;T04 Fiche produit;200;oui;P1;Tube carré 35x35x2mm en Inox 304 de Aciers Grosjean;315;1;self;0001-01-01;5;16,83~L~d0~i2~r0~2.18 Kg;/p/tube-carre-35x35x2mm-en-inox-304;301
U500;https://www.aciersgrosjean.be/tube-carré-en-inox-40x40x2mm;/tube-carré-en-inox-40x40x2mm;Tube carré 40x40x2mm en Inox 304;Tube carré 40x40x2mm en Inox 304;product;Tube carré en Inox;T04 Fiche produit;200;oui;P1;Tube carré 40x40x2mm en Inox 304 de Aciers Grosjean;315;1;self;0001-01-01;5;19,36~L~d0~i2~r3~2.5 Kg;/p/tube-carre-40x40x2mm-en-inox-304;301
U501;https://www.aciersgrosjean.be/tube-carré-en-inox-50x50x2mm;/tube-carré-en-inox-50x50x2mm;Tube carré 50x50x2mm en Inox 304;Tube carré 50x50x2mm en Inox 304;product;Tube carré en Inox;T04 Fiche produit;200;oui;P1;Tube carré 50x50x2mm en Inox 304 de Aciers Grosjean;315;1;self;0001-01-01;5;24,36~L~d0~i2~r3~3.14 Kg;/p/tube-carre-50x50x2mm-en-inox-304;301
U502;https://www.aciersgrosjean.be/tôle-302001000-ral-7016-200x105cm;/tôle-302001000-ral-7016-200x105cm;Tôle 30.200.1000 - RAL 7016 - 200X105cm;Tôle 30.200.1000 - RAL 7016 - 200X105cm;product;Profil 30.200.1000;T04 Fiche produit;200;oui;P1;Tôle sèche profilée 30.200.1000 - RAL 7016 - 200X105cm;500;1;self;22-04-26;6;30,90~~d1~i3~r1~2100 Kg;/p/tole-30-200-1000-ral-7016-200x105cm;301
U503;https://www.aciersgrosjean.be/tôle-302001000-ral-7016-250x105cm;/tôle-302001000-ral-7016-250x105cm;Tôle 30.200.1000 - RAL 7016 - 250X105cm;Tôle 30.200.1000 - RAL 7016 - 250X105cm;product;Profil 30.200.1000;T04 Fiche produit;200;oui;P1;Tôle sèche profilée 30.200.1000 - RAL 7016 - 200X105cm Aciers Grosjean;501;1;self;22-04-26;6;38,62~~d1~i3~r1~2625 Kg;/p/tole-30-200-1000-ral-7016-250x105cm;301
U504;https://www.aciersgrosjean.be/tôle-sèche-profilée-302001000-épaisseur-06-ral-7016-dimension-3000x1050-5;/tôle-sèche-profilée-302001000-épaisseur-06-ral-7016-dimension-3000x1050-5;Tôle 30.200.1000 - RAL 7016 - 300X105cm;Tôle 30.200.1000 - RAL 7016 - 300X105cm;product;Profil 30.200.1000;T04 Fiche produit;200;oui;P1;Tôle sèche profilée 30.200.1000 - RAL 7016 - 300X105cm Aciers Grosjean;501;1;self;0001-01-01;6;46,34~~d1~i3~r3~3150 Kg;/p/tole-30-200-1000-ral-7016-300x105cm;301
U505;https://www.aciersgrosjean.be/tôle-sèche-profilée-302001000-épaisseur-06-ral-7016-dimension-3500x1050-5;/tôle-sèche-profilée-302001000-épaisseur-06-ral-7016-dimension-3500x1050-5;Tôle 30.200.1000 - RAL 7016 - 350X105cm;Tôle 30.200.1000 - RAL 7016 - 350X105cm;product;Profil 30.200.1000;T04 Fiche produit;200;oui;P1;Tôle sèche profilée 30.200.1000 - RAL 7016 - 350X105cm Aciers Grosjean;501;1;self;0001-01-01;6;54,07~~d1~i3~r0~3675 Kg;/p/tole-30-200-1000-ral-7016-350x105cm;301
U506;https://www.aciersgrosjean.be/tôle-sèche-profilée-302001000-épaisseur-06-ral-7016-dimension-4000x1050-5;/tôle-sèche-profilée-302001000-épaisseur-06-ral-7016-dimension-4000x1050-5;Tôle 30.200.1000 - RAL 7016 - 400X105cm;Tôle 30.200.1000 - RAL 7016 - 400X105cm;product;Profil 30.200.1000;T04 Fiche produit;200;oui;P1;Tôle sèche profilée 30.200.1000 - RAL 7016 - 400X105cm Aciers Grosjean;501;1;self;0001-01-01;6;61,79~~d1~i3~r0~4200 Kg;/p/tole-30-200-1000-ral-7016-400x105cm;301
U507;https://www.aciersgrosjean.be/tôle-sèche-profilée-302001000-épaisseur-06-ral-7016-dimension-4500x1050-5;/tôle-sèche-profilée-302001000-épaisseur-06-ral-7016-dimension-4500x1050-5;Tôle 30.200.1000 - RAL 7016 - 450X105cm;Tôle 30.200.1000 - RAL 7016 - 450X105cm;product;Profil 30.200.1000;T04 Fiche produit;200;oui;P1;Tôle sèche profilée 30.200.1000 - RAL 7016 - 450X105cm Aciers Grosjean;501;1;self;0001-01-01;6;69,53~~d1~i3~r2~4725 Kg;/p/tole-30-200-1000-ral-7016-450x105cm;301
U508;https://www.aciersgrosjean.be/tôle-sèche-profilée-302001000-épaisseur-06-ral-7016-dimension-5000x1050-5;/tôle-sèche-profilée-302001000-épaisseur-06-ral-7016-dimension-5000x1050-5;Tôle 30.200.1000 - RAL 7016 - 500X105cm;Tôle 30.200.1000 - RAL 7016 - 500X105cm;product;Profil 30.200.1000;T04 Fiche produit;200;oui;P1;Tôle sèche profilée 30.200.1000 - RAL 7016 - 500X105cm Aciers Grosjean;501;1;self;0001-01-01;6;77,25~~d1~i3~r0~5250 Kg;/p/tole-30-200-1000-ral-7016-500x105cm;301
U509;https://www.aciersgrosjean.be/tasseau-40x40-71x250cm-parement-chêne-clair;/tasseau-40x40-71x250cm-parement-chêne-clair;Tasseau 40x40 71x250cm - Parement | Chêne clair;Tasseau 40x40 71x250cm - Parement | Chêne clair;product;Imitation bois;T04 Fiche produit;200;oui;P1;Tasseau 40x40 71x250cm - Parement | Chêne clair;205;1;self;23-04-26;6;121,56~~d1~i4~r0~;/p/tasseau-40x40-71x250cm-parement-chene-clair;301
U510;https://www.aciersgrosjean.be/tasseau-40x40-71x300cm-parement-chêne-clair;/tasseau-40x40-71x300cm-parement-chêne-clair;Tasseau 40x40 71x300cm - Parement | Chêne clair;Tasseau 40x40 71x300cm - Parement | Chêne clair;product;Imitation bois;T04 Fiche produit;200;oui;P1;Tasseau 40x40 71x300cm - Parement | Chêne clair;205;1;self;23-04-26;6;145,45~~d1~i4~r0~;/p/tasseau-40x40-71x300cm-parement-chene-clair;301
U511;https://www.aciersgrosjean.be/panneau-isolé-eco-30mm-2600mm-ral-7016-3;/panneau-isolé-eco-30mm-2600mm-ral-7016-3;Panneau isolé ECO 30mm – 260x105cm - RAL 7016;Panneau isolé ECO 30mm – 260x105cm - RAL 7016;product;Panneau ECO;T04 Fiche produit;200;oui;P1;Panneau isolé ECO 30mm – 260x105cm - RAL 7016;267;1;self;0001-01-01;6;76,97~~d1~i2~r1~1 Kg;/p/panneau-isole-eco-30mm-260x105cm-ral-7016;301
U512;https://www.aciersgrosjean.be/panneau-isolé-eco-30mm-3100mm-ral-7016-3;/panneau-isolé-eco-30mm-3100mm-ral-7016-3;Panneau isolé ECO 30mm – 310x105cm - RAL 7016;Panneau isolé ECO 30mm – 310x105cm - RAL 7016;product;Panneau ECO;T04 Fiche produit;200;oui;P1;Panneau isolé ECO 30mm – 310x105cm - RAL 7016;267;1;self;0001-01-01;6;91,77~~d1~i2~r1~1 Kg;/p/panneau-isole-eco-30mm-310x105cm-ral-7016;301
U513;https://www.aciersgrosjean.be/panneau-isolé-eco-30mm-3600mm-ral-7016-3;/panneau-isolé-eco-30mm-3600mm-ral-7016-3;Panneau isolé ECO 30mm – 360x105cm - RAL 7016;Panneau isolé ECO 30mm – 360x105cm - RAL 7016;product;Panneau ECO;T04 Fiche produit;200;oui;P1;Panneau isolé ECO 30mm – 360x105cm - RAL 7016;267;1;self;0001-01-01;6;106,56~~d1~i2~r0~1 Kg;/p/panneau-isole-eco-30mm-360x105cm-ral-7016;301
U514;https://www.aciersgrosjean.be/panneau-isolé-eco-30mm-4100mm-ral-7016-3;/panneau-isolé-eco-30mm-4100mm-ral-7016-3;Panneau isolé ECO 30mm – 410x105cm - RAL 7016;Panneau isolé ECO 30mm – 410x105cm - RAL 7016;product;Panneau ECO;T04 Fiche produit;200;oui;P1;Panneau isolé ECO 30mm – 410x105cm - RAL 7016;267;1;self;0001-01-01;6;121,38~~d1~i2~r0~1 Kg;/p/panneau-isole-eco-30mm-410x105cm-ral-7016;301
U515;https://www.aciersgrosjean.be/panneau-isolé-eco-30mm-4600mm-ral-7016-3;/panneau-isolé-eco-30mm-4600mm-ral-7016-3;Panneau isolé ECO 30mm – 460x105cm - RAL 7016;Panneau isolé ECO 30mm – 460x105cm - RAL 7016;product;Panneau ECO;T04 Fiche produit;200;oui;P1;Panneau isolé ECO 30mm – 460x105cm - RAL 7016;267;1;self;0001-01-01;6;136,17~~d1~i2~r0~1 Kg;/p/panneau-isole-eco-30mm-460x105cm-ral-7016;301
U516;https://www.aciersgrosjean.be/panneau-isolé-eco-30mm-5100mm-ral-7016-3;/panneau-isolé-eco-30mm-5100mm-ral-7016-3;Panneau isolé ECO 30mm – 510x105cm - RAL 7016;Panneau isolé ECO 30mm – 510x105cm - RAL 7016;product;Panneau ECO;T04 Fiche produit;200;oui;P1;Panneau isolé ECO 30mm – 510x105cm - RAL 7016;267;1;self;0001-01-01;6;150,97~~d1~i2~r0~1 Kg;/p/panneau-isole-eco-30mm-510x105cm-ral-7016;301
U517;https://www.aciersgrosjean.be/panneau-isolé-eco-30mm-5600mm-ral-7016-3;/panneau-isolé-eco-30mm-5600mm-ral-7016-3;Panneau isolé ECO 30mm – 560x105cm - RAL 7016;Panneau isolé ECO 30mm – 560x105cm - RAL 7016;product;Panneau ECO;T04 Fiche produit;200;oui;P1;Panneau isolé ECO 30mm – 560x105cm - RAL 7016;267;1;self;0001-01-01;6;165,77~~d1~i2~r0~1 Kg;/p/panneau-isole-eco-30mm-560x105cm-ral-7016;301
U518;https://www.aciersgrosjean.be/panneau-isolé-eco-30mm-6100mm-ral-7016;/panneau-isolé-eco-30mm-6100mm-ral-7016;Panneau isolé ECO 30mm – 610x105cm - RAL 7016;Panneau isolé ECO 30mm – 610x105cm - RAL 7016;product;Panneau ECO;T04 Fiche produit;200;oui;P1;Panneau isolé ECO 30mm – 610x105cm - RAL 7016;267;1;self;0001-01-01;6;180,58~~d1~i2~r0~1 Kg;/p/panneau-isole-eco-30mm-610x105cm-ral-7016;301
U519;https://www.aciersgrosjean.be/brides-rapides-inox-3;/brides-rapides-inox-3;BRIDE RAPIDE EN INOX;BRIDE RAPIDE EN INOX;product;Fixation clôture;T04 Fiche produit;200;oui;P1;BRIDE RAPIDE EN INOX;169;1;self;0001-01-01;5;0,64~~d0~i0~r0~1 Kg;/p/bride-rapide-en-inox;301
U520;https://www.aciersgrosjean.be/cle-de-montage-bride-rapide-3;/cle-de-montage-bride-rapide-3;CLÉ DE MONTAGE BRIDE RAPIDE;CLÉ DE MONTAGE BRIDE RAPIDE;product;Fixation clôture;T04 Fiche produit;200;oui;P1;CLÉ DE MONTAGE BRIDE RAPIDE;35;1;self;0001-01-01;5;23,43~~d0~i0~r0~1 Kg;/p/cle-de-montage-bride-rapide;301
U521;https://www.aciersgrosjean.be/fixations-brides-30-noir-3;/fixations-brides-30-noir-3;FIXATION BRIDE 30 NV NOIR;FIXATION BRIDE 30 NV NOIR;product;Fixation clôture;T04 Fiche produit;200;oui;P1;FIXATION BRIDE 30 NV NOIR;139;1;self;0001-01-01;5;1,61~~d0~i0~r0~1 Kg;/p/fixation-bride-30-nv-noir;301
U522;https://www.aciersgrosjean.be/kit-12-serveurs-clogriff-64-3;/kit-12-serveurs-clogriff-64-3;KIT 12 SERVEURS CLOGRIFF 64;KIT 12 SERVEURS CLOGRIFF 64;product;Fixation clôture;T04 Fiche produit;200;oui;P1;KIT 12 SERVEURS CLOGRIFF 64;223;1;self;0001-01-01;5;5,95~~d0~i2~r0~1 Kg;/p/kit-12-serveurs-clogriff-64;301
U523;https://www.aciersgrosjean.be/kit-50-fixations-brides-30-noir-3;/kit-50-fixations-brides-30-noir-3;KIT 50 FIXATIONS BRIDES 30 NV NOIR;KIT 50 FIXATIONS BRIDES 30 NV NOIR;product;Fixation clôture;T04 Fiche produit;200;oui;P1;KIT 50 FIXATIONS BRIDES 30 NV NOIR;172;1;self;0001-01-01;5;74,50~~d0~i0~r2~1 Kg;/p/kit-50-fixations-brides-30-nv-noir;301
U524;https://www.aciersgrosjean.be/panneau-plis-3d-fil-54-1530x2504-gris-3;/panneau-plis-3d-fil-54-1530x2504-gris-3;PANNEAUX MEDIUM 3D Fils 5/4 – H.1m53 – GRIS RAL 7016;PANNEAUX MEDIUM 3D Fils 5/4 – H.1m53 – GRIS RAL 7016;product;Panneaux clôture;T04 Fiche produit;200;oui;P1;PANNEAUX MEDIUM 3D Fils 5/4 – H.1m53 – GRIS RAL 7016;288;1;self;0001-01-01;5;31,62~~d1~i2~r0~1 Kg;/p/panneaux-medium-3d-fils-5-4-h-1m53-gris-ral-7016;301
U525;https://www.aciersgrosjean.be/panneau-plis-3d-fil-54-1530x2504-noir-3;/panneau-plis-3d-fil-54-1530x2504-noir-3;PANNEAUX MEDIUM 3D Fils 5/4 – H.1m53 – NOIR RAL 9005;PANNEAUX MEDIUM 3D Fils 5/4 – H.1m53 – NOIR RAL 9005;product;Panneaux clôture;T04 Fiche produit;200;oui;P1;PANNEAUX MEDIUM 3D Fils 5/4 – H.1m53 – NOIR RAL 9005;288;1;self;0001-01-01;5;31,62~~d1~i2~r0~1 Kg;/p/panneaux-medium-3d-fils-5-4-h-1m53-noir-ral-9005;301
U526;https://www.aciersgrosjean.be/panneau-plis-3d-fil-54-1530x2504-vert-3;/panneau-plis-3d-fil-54-1530x2504-vert-3;PANNEAUX MEDIUM 3D Fils 5/4 – H.1m53 – VERT RAL 6005;PANNEAUX MEDIUM 3D Fils 5/4 – H.1m53 – VERT RAL 6005;product;Panneaux clôture;T04 Fiche produit;200;oui;P1;PANNEAUX MEDIUM 3D Fils 5/4 – H.1m53 – VERT RAL 6005;288;1;self;0001-01-01;5;31,62~~d1~i2~r2~1 Kg;/p/panneaux-medium-3d-fils-5-4-h-1m53-vert-ral-6005;301
U527;https://www.aciersgrosjean.be/panneau-plis-3d-fil-54-1730x2504-gris-3;/panneau-plis-3d-fil-54-1730x2504-gris-3;PANNEAUX MEDIUM 3D Fils 5/4 – H.1m73 – GRIS RAL 7016;PANNEAUX MEDIUM 3D Fils 5/4 – H.1m73 – GRIS RAL 7016;product;Panneaux clôture;T04 Fiche produit;200;oui;P1;PANNEAUX MEDIUM 3D Fils 5/4 – H.1m73 – GRIS RAL 7016;288;1;self;0001-01-01;5;34,09~~d1~i2~r0~1 Kg;/p/panneaux-medium-3d-fils-5-4-h-1m73-gris-ral-7016;301
U528;https://www.aciersgrosjean.be/panneaux-medium-3d-fils-54-h1m73-noir-ral-9005;/panneaux-medium-3d-fils-54-h1m73-noir-ral-9005;PANNEAUX MEDIUM 3D Fils 5/4 – H.1m73 – NOIR RAL 9005;PANNEAUX MEDIUM 3D Fils 5/4 – H.1m73 – NOIR RAL 9005;product;Panneaux clôture;T04 Fiche produit;200;oui;P1;PANNEAUX MEDIUM 3D Fils 5/4 – H.1m73 – NOIR RAL 9005;288;1;self;22-04-26;5;34,09~~d1~i2~r0~1 Kg;/p/panneaux-medium-3d-fils-5-4-h-1m73-noir-ral-9005;301
U529;https://www.aciersgrosjean.be/panneau-plis-3d-fil-54-1730x2504-vert-3;/panneau-plis-3d-fil-54-1730x2504-vert-3;PANNEAUX MEDIUM 3D Fils 5/4 – H.1m73 – VERT RAL 6005;PANNEAUX MEDIUM 3D Fils 5/4 – H.1m73 – VERT RAL 6005;product;Panneaux clôture;T04 Fiche produit;200;oui;P1;PANNEAUX MEDIUM 3D Fils 5/4 – H.1m73 – VERT RAL 6005;289;1;self;0001-01-01;5;34,09~~d1~i2~r0~1 Kg;/p/panneaux-medium-3d-fils-5-4-h-1m73-vert-ral-6005;301
U530;https://www.aciersgrosjean.be/panneau-plis-3d-fil-54-1930x2504-gris-3;/panneau-plis-3d-fil-54-1930x2504-gris-3;PANNEAUX MEDIUM 3D Fils 5/4 – H.1m93 – GRIS RAL 7016;PANNEAUX MEDIUM 3D Fils 5/4 – H.1m93 – GRIS RAL 7016;product;Panneaux clôture;T04 Fiche produit;200;oui;P1;PANNEAUX MEDIUM 3D Fils 5/4 – H.1m93 – GRIS RAL 7016;288;1;self;0001-01-01;5;36,81~~d1~i2~r0~1 Kg;/p/panneaux-medium-3d-fils-5-4-h-1m93-gris-ral-7016;301
U531;https://www.aciersgrosjean.be/panneau-plis-3d-fil-54-1930x2504-noir-3;/panneau-plis-3d-fil-54-1930x2504-noir-3;PANNEAUX MEDIUM 3D Fils 5/4 – H.1m93 – NOIR RAL 9005;PANNEAUX MEDIUM 3D Fils 5/4 – H.1m93 – NOIR RAL 9005;product;Panneaux clôture;T04 Fiche produit;200;oui;P1;PANNEAUX MEDIUM 3D Fils 5/4 – H.1m93 – NOIR RAL 9005;288;1;self;0001-01-01;5;36,81~~d1~i2~r0~1 Kg;/p/panneaux-medium-3d-fils-5-4-h-1m93-noir-ral-9005;301
U532;https://www.aciersgrosjean.be/panneau-plis-3d-fil-54-1930x2504-vert-3;/panneau-plis-3d-fil-54-1930x2504-vert-3;PANNEAUX MEDIUM 3D Fils 5/4 – H.1m93 – VERT RAL 6005;PANNEAUX MEDIUM 3D Fils 5/4 – H.1m93 – VERT RAL 6005;product;Panneaux clôture;T04 Fiche produit;200;oui;P1;PANNEAUX MEDIUM 3D Fils 5/4 – H.1m93 – VERT RAL 6005;288;1;self;0001-01-01;5;36,81~~d1~i2~r0~1 Kg;/p/panneaux-medium-3d-fils-5-4-h-1m93-vert-ral-6005;301
U533;https://www.aciersgrosjean.be/panneau-plis-3d-fil-55-1730x2505-gris-3;/panneau-plis-3d-fil-55-1730x2505-gris-3;PANNEAUX PLIS 205 Fils 5/5 – 3D - H. 1m73 – GRIS 7016;PANNEAUX PLIS 205 Fils 5/5 – 3D - H. 1m73 – GRIS 7016;product;Panneaux clôture;T04 Fiche produit;200;oui;P1;PANNEAUX PLIS 205 Fils 5/5 – 3D - H. 1m73 – GRIS 7016;305;1;self;0001-01-01;5;60,03~~d2~i2~r0~1 Kg;/p/panneaux-plis-205-fils-5-5-3d-h-1m73-gris-7016;301
U534;https://www.aciersgrosjean.be/panneau-plis-3d-fil-55-1730x2505-noir-3;/panneau-plis-3d-fil-55-1730x2505-noir-3;PANNEAUX PLIS 205 Fils 5/5 – 3D - H. 1m73 – NOIR RAL 9005;PANNEAUX PLIS 205 Fils 5/5 – 3D - H. 1m73 – NOIR RAL 9005;product;Panneaux clôture;T04 Fiche produit;200;oui;P1;PANNEAUX PLIS 205 Fils 5/5 – 3D - H. 1m73 – NOIR RAL 9005;305;1;self;0001-01-01;5;60,03~~d2~i2~r0~1 Kg;/p/panneaux-plis-205-fils-5-5-3d-h-1m73-noir-ral-9005;301
U535;https://www.aciersgrosjean.be/panneau-plis-3d-fil-55-1930x2505-gris-3;/panneau-plis-3d-fil-55-1930x2505-gris-3;PANNEAUX PLIS 205 Fils 5/5 – 3D - H. 1m93 – GRIS 7016;PANNEAUX PLIS 205 Fils 5/5 – 3D - H. 1m93 – GRIS 7016;product;Panneaux clôture;T04 Fiche produit;200;oui;P1;PANNEAUX PLIS 205 Fils 5/5 – 3D - H. 1m93 – GRIS 7016;305;1;self;0001-01-01;5;64,34~~d2~i2~r1~1 Kg;/p/panneaux-plis-205-fils-5-5-3d-h-1m93-gris-7016;301
U536;https://www.aciersgrosjean.be/panneaux-plis-205-fils-55-3d-h-1m93-noir-ral-9005;/panneaux-plis-205-fils-55-3d-h-1m93-noir-ral-9005;PANNEAUX PLIS 205 Fils 5/5 – 3D - H. 1m93 – NOIR RAL 9005;PANNEAUX PLIS 205 Fils 5/5 – 3D - H. 1m93 – NOIR RAL 9005;product;Panneaux clôture;T04 Fiche produit;200;oui;P1;PANNEAUX PLIS 205 Fils 5/5 – 3D - H. 1m93 – NOIR RAL 9005;305;1;self;31-01-26;5;64,34~~d2~i2~r4~1 Kg;/p/panneaux-plis-205-fils-5-5-3d-h-1m93-noir-ral-9005;301
U537;https://www.aciersgrosjean.be/poteau-cloplus-40-at-lt2000-avec-trou-gris-2;/poteau-cloplus-40-at-lt2000-avec-trou-gris-2;POTEAU DE CLOTURE CLOPLUS 40 – 2M00 - GRIS RAL 7016;POTEAU DE CLOTURE CLOPLUS 40 – 2M00 - GRIS RAL 7016;product;Poteaux clôture;T04 Fiche produit;200;oui;P1;POTEAU DE CLOTURE CLOPLUS 40 – 2M00 - GRIS RAL 7016;459;1;self;0001-01-01;5;35,88~~d2~i0~r2~1 Kg;/p/poteau-de-cloture-cloplus-40-2m00-gris-ral-7016;301
U538;https://www.aciersgrosjean.be/poteau-cloplus-40-at-lt2000-avec-trou-noir-2;/poteau-cloplus-40-at-lt2000-avec-trou-noir-2;POTEAU DE CLOTURE CLOPLUS 40 – 2M00 - NOIR RAL 9005;POTEAU DE CLOTURE CLOPLUS 40 – 2M00 - NOIR RAL 9005;product;Poteaux clôture;T04 Fiche produit;200;oui;P1;POTEAU DE CLOTURE CLOPLUS 40 – 2M00 - NOIR RAL 9005;459;1;self;0001-01-01;5;35,88~~d2~i0~r0~1 Kg;/p/poteau-de-cloture-cloplus-40-2m00-noir-ral-9005;301
U539;https://www.aciersgrosjean.be/poteau-cloplus-40-at-lt2000-avec-trou-vert-2;/poteau-cloplus-40-at-lt2000-avec-trou-vert-2;POTEAU DE CLOTURE CLOPLUS 40 – 2M00 - VERT RAL 6005;POTEAU DE CLOTURE CLOPLUS 40 – 2M00 - VERT RAL 6005;product;Poteaux clôture;T04 Fiche produit;200;oui;P1;POTEAU DE CLOTURE CLOPLUS 40 – 2M00 - VERT RAL 6005;460;1;self;0001-01-01;5;35,88~~d2~i0~r0~1 Kg;/p/poteau-de-cloture-cloplus-40-2m00-vert-ral-6005;301
U540;https://www.aciersgrosjean.be/poteau-cloplus-40-at-lt2300-avec-trou-gris-2;/poteau-cloplus-40-at-lt2300-avec-trou-gris-2;POTEAU DE CLOTURE CLOPLUS 40 – 2M30 - GRIS RAL 7016;POTEAU DE CLOTURE CLOPLUS 40 – 2M30 - GRIS RAL 7016;product;Poteaux clôture;T04 Fiche produit;200;oui;P1;POTEAU DE CLOTURE CLOPLUS 40 – 2M30 - GRIS RAL 7016;460;1;self;0001-01-01;5;39,45~~d2~i0~r0~1 Kg;/p/poteau-de-cloture-cloplus-40-2m30-gris-ral-7016;301
U541;https://www.aciersgrosjean.be/poteau-cloplus-40-at-lt2300-avec-trou-noir-2;/poteau-cloplus-40-at-lt2300-avec-trou-noir-2;POTEAU DE CLOTURE CLOPLUS 40 – 2M30 - NOIR RAL 9005;POTEAU DE CLOTURE CLOPLUS 40 – 2M30 - NOIR RAL 9005;product;Poteaux clôture;T04 Fiche produit;200;oui;P1;POTEAU DE CLOTURE CLOPLUS 40 – 2M30 - NOIR RAL 9005;460;1;self;0001-01-01;5;39,45~~d2~i0~r0~1 Kg;/p/poteau-de-cloture-cloplus-40-2m30-noir-ral-9005;301
U542;https://www.aciersgrosjean.be/poteau-cloplus-40-at-lt2300-avec-trou-vert-2;/poteau-cloplus-40-at-lt2300-avec-trou-vert-2;POTEAU DE CLOTURE CLOPLUS 40 – 2M30 - VERT RAL 6005;POTEAU DE CLOTURE CLOPLUS 40 – 2M30 - VERT RAL 6005;product;Poteaux clôture;T04 Fiche produit;200;oui;P1;POTEAU DE CLOTURE CLOPLUS 40 – 2M30 - VERT RAL 6005;458;1;self;0001-01-01;5;39,45~~d2~i0~r0~1 Kg;/p/poteau-de-cloture-cloplus-40-2m30-vert-ral-6005;301
U543;https://www.aciersgrosjean.be/poteau-cloplus-40-at-lt2500-avec-trou-gris-2;/poteau-cloplus-40-at-lt2500-avec-trou-gris-2;POTEAU DE CLOTURE CLOPLUS 40 – 2M50 - GRIS RAL 7016;POTEAU DE CLOTURE CLOPLUS 40 – 2M50 - GRIS RAL 7016;product;Poteaux clôture;T04 Fiche produit;200;oui;P1;POTEAU DE CLOTURE CLOPLUS 40 – 2M50 - GRIS RAL 7016;457;1;self;0001-01-01;5;41,47~~d2~i0~r0~1 Kg;/p/poteau-de-cloture-cloplus-40-2m50-gris-ral-7016;301
U544;https://www.aciersgrosjean.be/poteau-cloplus-40-at-lt2500-avec-trou-noir-2;/poteau-cloplus-40-at-lt2500-avec-trou-noir-2;POTEAU DE CLOTURE CLOPLUS 40 – 2M50 - NOIR RAL 9005;POTEAU DE CLOTURE CLOPLUS 40 – 2M50 - NOIR RAL 9005;product;Poteaux clôture;T04 Fiche produit;200;oui;P1;POTEAU DE CLOTURE CLOPLUS 40 – 2M50 - NOIR RAL 9005;458;1;self;0001-01-01;5;41,47~~d2~i0~r0~1 Kg;/p/poteau-de-cloture-cloplus-40-2m50-noir-ral-9005;301
U545;https://www.aciersgrosjean.be/poteau-cloplus-40-at-lt2500-avec-trou-vert-2;/poteau-cloplus-40-at-lt2500-avec-trou-vert-2;POTEAU DE CLOTURE CLOPLUS 40 – 2M50 - VERT RAL 6005;POTEAU DE CLOTURE CLOPLUS 40 – 2M50 - VERT RAL 6005;product;Poteaux clôture;T04 Fiche produit;200;oui;P1;POTEAU DE CLOTURE CLOPLUS 40 – 2M50 - VERT RAL 6005;458;1;self;0001-01-01;5;41,47~~d2~i0~r0~1 Kg;/p/poteau-de-cloture-cloplus-40-2m50-vert-ral-6005;301
U546;https://www.aciersgrosjean.be/poteaux-à-encoche-longueur-2000-noir-3;/poteaux-à-encoche-longueur-2000-noir-3;POTEAU DE CLÔTURE CLOGRIFF 64 – 2M00 - NOIR RAL 9005;POTEAU DE CLÔTURE CLOGRIFF 64 – 2M00 - NOIR RAL 9005;product;Poteaux clôture;T04 Fiche produit;200;oui;P1;POTEAU DE CLÔTURE CLOGRIFF 64 – 2M00 - NOIR RAL 9005;424;1;self;0001-01-01;5;27,29~~d1~i0~r0~1 Kg;/p/poteau-de-cloture-clogriff-64-2m00-noir-ral-9005;301
U547;https://www.aciersgrosjean.be/poteaux-à-encoche-longueur-2000-vert-3;/poteaux-à-encoche-longueur-2000-vert-3;POTEAU DE CLÔTURE CLOGRIFF 64 – 2M00 - VERT RAL 6005;POTEAU DE CLÔTURE CLOGRIFF 64 – 2M00 - VERT RAL 6005;product;Poteaux clôture;T04 Fiche produit;200;oui;P1;POTEAU DE CLÔTURE CLOGRIFF 64 – 2M00 - VERT RAL 6005;424;1;self;0001-01-01;5;27,29~~d1~i0~r0~1 Kg;/p/poteau-de-cloture-clogriff-64-2m00-vert-ral-6005;301
U548;https://www.aciersgrosjean.be/poteau-de-clôture-clogriff-64-2m00-gris-ral-7016;/poteau-de-clôture-clogriff-64-2m00-gris-ral-7016;POTEAU DE CLÔTURE CLOGRIFF 64 – 2M00 -GRIS RAL 7016;POTEAU DE CLÔTURE CLOGRIFF 64 – 2M00 -GRIS RAL 7016;product;Poteaux clôture;T04 Fiche produit;200;oui;P1;POTEAU DE CLÔTURE CLOGRIFF 64 – 2M00 -GRIS RAL 7016;424;1;self;23-04-26;5;27,29~~d1~i0~r0~1 Kg;/p/poteau-de-cloture-clogriff-64-2m00-gris-ral-7016;301
U549;https://www.aciersgrosjean.be/poteaux-à-encoche-longueur-2300-noir-3;/poteaux-à-encoche-longueur-2300-noir-3;POTEAU DE CLÔTURE CLOGRIFF 64 – 2M30 - NOIR RAL 9005;POTEAU DE CLÔTURE CLOGRIFF 64 – 2M30 - NOIR RAL 9005;product;Poteaux clôture;T04 Fiche produit;200;oui;P1;POTEAU DE CLÔTURE CLOGRIFF 64 – 2M30 - NOIR RAL 9005;425;1;self;0001-01-01;5;30,46~~d1~i0~r0~1 Kg;/p/poteau-de-cloture-clogriff-64-2m30-noir-ral-9005;301
U550;https://www.aciersgrosjean.be/poteaux-à-encoche-longueur-2300-vert-3;/poteaux-à-encoche-longueur-2300-vert-3;POTEAU DE CLÔTURE CLOGRIFF 64 – 2M30 - VERT RAL 6005;POTEAU DE CLÔTURE CLOGRIFF 64 – 2M30 - VERT RAL 6005;product;Poteaux clôture;T04 Fiche produit;200;oui;P1;POTEAU DE CLÔTURE CLOGRIFF 64 – 2M30 - VERT RAL 6005;342;1;self;0001-01-01;5;30,46~~d1~i0~r0~1 Kg;/p/poteau-de-cloture-clogriff-64-2m30-vert-ral-6005;301
U551;https://www.aciersgrosjean.be/poteaux-à-encoche-longueur-2500-noir-3;/poteaux-à-encoche-longueur-2500-noir-3;POTEAU DE CLÔTURE CLOGRIFF 64 – 2M50 - NOIR RAL 9005;POTEAU DE CLÔTURE CLOGRIFF 64 – 2M50 - NOIR RAL 9005;product;Poteaux clôture;T04 Fiche produit;200;oui;P1;POTEAU DE CLÔTURE CLOGRIFF 64 – 2M50 - NOIR RAL 9005;342;1;self;0001-01-01;5;32,38~~d1~i0~r0~1 Kg;/p/poteau-de-cloture-clogriff-64-2m50-noir-ral-9005;301
U552;https://www.aciersgrosjean.be/poteaux-à-encoche-longueur-2500-vert-3;/poteaux-à-encoche-longueur-2500-vert-3;POTEAU DE CLÔTURE CLOGRIFF 64 – 2M50 - VERT RAL 6005;POTEAU DE CLÔTURE CLOGRIFF 64 – 2M50 - VERT RAL 6005;product;Poteaux clôture;T04 Fiche produit;200;oui;P1;POTEAU DE CLÔTURE CLOGRIFF 64 – 2M50 - VERT RAL 6005;342;1;self;0001-01-01;5;32,38~~d1~i0~r0~1 Kg;/p/poteau-de-cloture-clogriff-64-2m50-vert-ral-6005;301
U553;https://www.aciersgrosjean.be/poteau-de-clôture-clogriff-64-2m50-vert-ral-7016;/poteau-de-clôture-clogriff-64-2m50-vert-ral-7016;POTEAU DE CLÔTURE CLOGRIFF 64 – 2M50 - VERT RAL 7016;POTEAU DE CLÔTURE CLOGRIFF 64 – 2M50 - VERT RAL 7016;product;Poteaux clôture;T04 Fiche produit;200;oui;P1;POTEAU DE CLÔTURE CLOGRIFF 64 – 2M50 - GRIS RAL 7016;342;1;self;0001-01-01;5;32,38~~d1~i0~r0~1 Kg;/p/poteau-de-cloture-clogriff-64-2m50-vert-ral-7016;301
U554;https://www.aciersgrosjean.be/bordure-en-acier-corten-15025-x-2500mm;/bordure-en-acier-corten-15025-x-2500mm;Bordure en acier Corten® 150/25 x 2500mm;Bordure en acier Corten® 150/25 x 2500mm;product;Bordure Corten et Galva;T04 Fiche produit;200;oui;P1;Bordure Corten avec Pli 45° (150+25) x 2500mm | Aciers Grosjean;155;1;self;23-04-26;5;45,41~~d0~i2~r0~;/p/bordure-en-acier-corten-150-25-x-2500mm;301
U555;https://www.aciersgrosjean.be/bordure-galva-15025;/bordure-galva-15025;Bordure en acier galvanisé 150/25 x 2500mm;Bordure en acier galvanisé 150/25 x 2500mm;product;Bordure Corten et Galva;T04 Fiche produit;200;oui;P1;Bordure de Jardin à Pli Incliné 45° - Acier galvanisé 150/25 x 2500mm | Aciers Grosjean;157;1;self;24-04-26;5;41,74~~d0~i2~r0~;/p/bordure-en-acier-galvanise-150-25-x-2500mm;301
U556;https://www.aciersgrosjean.be/vis-autoforante-pour-acier-63x-100-tête-hexagonale-de-10mm;/vis-autoforante-pour-acier-63x-100-tête-hexagonale-de-10mm;Vis autoforante pour acier 6,3x 100 - tête hexagonale de 10mm;Vis autoforante pour acier 6,3x 100 - tête hexagonale de 10mm;product;Visserie;T04 Fiche produit;200;oui;P1;Vis autoforante pour acier 6,3x 100 - tête hexagonale de 10mm;81;1;self;0001-01-01;5;73,81~~d1~i0~r0~;/p/vis-autoforante-pour-acier-6-3x-100-tete-hexagonale-de-10mm;301
U557;https://www.aciersgrosjean.be/vis-autoforante-pour-acier-63x-65-tête-hexagonale-de-10mm;/vis-autoforante-pour-acier-63x-65-tête-hexagonale-de-10mm;Vis autoforante pour acier 6,3x 65 - tête hexagonale de 10mm;Vis autoforante pour acier 6,3x 65 - tête hexagonale de 10mm;product;Visserie;T04 Fiche produit;200;oui;P1;Vis autoforante pour acier 6,3x 65 - tête hexagonale de 10mm;80;1;self;0001-01-01;5;48,40~~d1~i0~r0~;/p/vis-autoforante-pour-acier-6-3x-65-tete-hexagonale-de-10mm;301
U558;https://www.aciersgrosjean.be/vis-à-bois-63x-100-tête-hexagonale-de-10mm;/vis-à-bois-63x-100-tête-hexagonale-de-10mm;Vis à bois 6,3x 100 - tête hexagonale de 10mm;Vis à bois 6,3x 100 - tête hexagonale de 10mm;product;Visserie;T04 Fiche produit;200;oui;P1;Vis à bois 6,3x 100 - tête hexagonale de 10mm;65;1;self;0001-01-01;5;48,40~~d1~i0~r0~;/p/vis-a-bois-6-3x-100-tete-hexagonale-de-10mm;301
U559;https://www.aciersgrosjean.be/vis-à-bois-63x-130-tête-hexagonale-de-10mm;/vis-à-bois-63x-130-tête-hexagonale-de-10mm;Vis à bois 6,3x 130 - tête hexagonale de 10mm;Vis à bois 6,3x 130 - tête hexagonale de 10mm;product;Visserie;T04 Fiche produit;200;oui;P1;Vis à bois 6,3x 130 - tête hexagonale de 10mm;65;1;self;0001-01-01;5;55,66~~d1~i0~r0~;/p/vis-a-bois-6-3x-130-tete-hexagonale-de-10mm;301
U560;https://www.aciersgrosjean.be/vis-à-bois-63x-150-tête-hexagonale-de-10mm;/vis-à-bois-63x-150-tête-hexagonale-de-10mm;Vis à bois 6,3x 150 - tête hexagonale de 10mm;Vis à bois 6,3x 150 - tête hexagonale de 10mm;product;Visserie;T04 Fiche produit;200;oui;P1;Vis à bois 6,3x 150 - tête hexagonale de 10mm;65;1;self;0001-01-01;5;61,71~~d1~i0~r0~;/p/vis-a-bois-6-3x-150-tete-hexagonale-de-10mm;301
U561;https://www.aciersgrosjean.be/vis-à-bois-63x-75-tête-hexagonale-de-10mm;/vis-à-bois-63x-75-tête-hexagonale-de-10mm;Vis à bois 6,3x 75 - tête hexagonale de 10mm;Vis à bois 6,3x 75 - tête hexagonale de 10mm;product;Visserie;T04 Fiche produit;200;oui;P1;Vis à bois 6,3x 75 - tête hexagonale de 10mm;64;1;self;0001-01-01;5;35,09~~d1~i0~r3~;/p/vis-a-bois-6-3x-75-tete-hexagonale-de-10mm;301
U562;https://www.aciersgrosjean.be/maistic-parabond-600-gris;/maistic-parabond-600-gris;DL CHEMICALS PARABOND 600 – 290ml - gris;DL CHEMICALS PARABOND 600 – 290ml - gris;product;colle / étanchéité;T04 Fiche produit;200;oui;P1;DL CHEMICALS PARABOND 600 – 290ml - gris;227;1;self;0001-01-01;6;10,89~~d1~i0~r0~1 Kg;/p/dl-chemicals-parabond-600-290ml-gris;301
U563;https://www.aciersgrosjean.be/parabond-800;/parabond-800;DL CHEMICALS PARABOND 800 – 290ml;DL CHEMICALS PARABOND 800 – 290ml;product;colle / étanchéité;T04 Fiche produit;200;oui;P1;DL CHEMICALS PARABOND 800 – 290ml;329;1;self;0001-01-01;6;14,52~~d1~i0~r0~1 Kg;/p/dl-chemicals-parabond-800-290ml;301
U564;https://www.aciersgrosjean.be/parachim-celement;/parachim-celement;DL CHEMICALS PARACHIM VINYLESTER – 300ml;DL CHEMICALS PARACHIM VINYLESTER – 300ml;product;colle / étanchéité;T04 Fiche produit;200;oui;P1;DL CHEMICALS PARACHIM VINYLESTER – 300ml;204;1;self;0001-01-01;6;20,09~~d1~i2~r0~1 Kg;/p/dl-chemicals-parachim-vinylester-300ml;301
U565;https://www.aciersgrosjean.be/parasilico-am85-1-transparent;/parasilico-am85-1-transparent;DL CHEMICALS PARASILICO AM85-1 - 300ml - transparent;DL CHEMICALS PARASILICO AM85-1 - 300ml - transparent;product;colle / étanchéité;T04 Fiche produit;200;oui;P1;DL CHEMICALS PARASILICO AM85-1 - 300ml - transparent;209;1;self;0001-01-01;6;8,45~~d1~i0~r0~1 Kg;/p/dl-chemicals-parasilico-am85-1-300ml-transparent;301
U566;https://www.aciersgrosjean.be/zinga-1kg;/zinga-1kg;ZINGA - FILM GALVANISANT 1KG;ZINGA - FILM GALVANISANT 1KG;product;Zinc;T04 Fiche produit;200;oui;P1;ZINGA - FILM GALVANISANT 1KG;164;1;self;0001-01-01;6;32,02~~d1~i2~r1~1 Kg;/p/zinga-film-galvanisant-1kg;301
U567;https://www.aciersgrosjean.be/zinga-2kg;/zinga-2kg;ZINGA - FILM GALVANISANT 2KG;ZINGA - FILM GALVANISANT 2KG;product;Zinc;T04 Fiche produit;200;oui;P1;ZINGA - FILM GALVANISANT 2KG;164;1;self;0001-01-01;6;64,03~~d1~i0~r4~1 Kg;/p/zinga-film-galvanisant-2kg;301
U568;https://www.aciersgrosjean.be/zingasolv-1l;/zingasolv-1l;ZINGA ZINGASOLV – 1L;ZINGA ZINGASOLV – 1L;product;Zinc;T04 Fiche produit;200;oui;P1;ZINGA ZINGASOLV – 1L;335;1;self;0001-01-01;6;10,89~~d1~i2~r3~1 Kg;/p/zinga-zingasolv-1l;301
U569;https://www.aciersgrosjean.be/zingatarfree-moi-pu-1l;/zingatarfree-moi-pu-1l;ZINGA ZINGATARFREE – 1L;ZINGA ZINGATARFREE – 1L;product;Zinc;T04 Fiche produit;200;oui;P1;ZINGA ZINGATARFREE – 1l;513;1;self;0001-01-01;6;39,80~~d1~i2~r0~1 Kg;/p/zinga-zingatarfree-1l;301
U570;https://www.aciersgrosjean.be/zingatarfree-moi-pu-5l;/zingatarfree-moi-pu-5l;ZINGA ZINGATARFREE – 5L;ZINGA ZINGATARFREE – 5L;product;Zinc;T04 Fiche produit;200;oui;P1;ZINGA ZINGATARFREE – 5l;513;1;self;0001-01-01;6;187,63~~d1~i2~r0~1 Kg;/p/zinga-zingatarfree-5l;301
U571;https://www.aciersgrosjean.be/zingaluspray-500ml;/zingaluspray-500ml;ZINGALUSPRAY - 500ML;ZINGALUSPRAY - 500ML;product;Zinc;T04 Fiche produit;200;oui;P1;ZINGALUSPRAY - 500ML;550;1;self;0001-01-01;6;21,73~~d1~i2~r0~1 Kg;/p/zingaluspray-500ml;301
U572;https://www.aciersgrosjean.be/zingaspray-500ml;/zingaspray-500ml;ZINGASPRAY - 500ML;ZINGASPRAY - 500ML;product;Zinc;T04 Fiche produit;200;oui;P1;ZINGASPRAY - 500ML;387;1;self;0001-01-01;6;21,73~~d1~i2~r2~1 Kg;/p/zingaspray-500ml;301
U573;https://www.aciersgrosjean.be/couleur-antirouille-1-l-blanc-ral-9010-prim-coat;/couleur-antirouille-1-l-blanc-ral-9010-prim-coat;PRIMER ANTICORROSION - 1L BLANC RAL 9010;PRIMER ANTICORROSION - 1L BLANC RAL 9010;product;Couleur;T04 Fiche produit;200;oui;P1;PRIMER ANTICORROSION - 1L BLANC RAL 9010;363;1;self;0001-01-01;6;23,26~~d1~i2~r0~1 Kg;/p/primer-anticorrosion-1l-blanc-ral-9010;301
U574;https://www.aciersgrosjean.be/couleur-antirouille-1-l-brun-rouge-ral-8012-prim-coat;/couleur-antirouille-1-l-brun-rouge-ral-8012-prim-coat;PRIMER ANTICORROSION - 1L BRUN ROUGE RAL 8012;PRIMER ANTICORROSION - 1L BRUN ROUGE RAL 8012;product;Couleur;T04 Fiche produit;200;oui;P1;PRIMER ANTICORROSION - 1L BRUN ROUGE RAL 8012;363;1;self;0001-01-01;6;23,23~~d1~i2~r0~1 Kg;/p/primer-anticorrosion-1l-brun-rouge-ral-8012;301
U575;https://www.aciersgrosjean.be/couleur-antirouille-1-l-gris-ral-7016-prim-coat;/couleur-antirouille-1-l-gris-ral-7016-prim-coat;PRIMER ANTICORROSION - 1L GRIS RAL 7016;PRIMER ANTICORROSION - 1L GRIS RAL 7016;product;Couleur;T04 Fiche produit;200;oui;P1;PRIMER ANTICORROSION - 1L GRIS RAL 7016;363;1;self;0001-01-01;6;23,23~~d1~i2~r0~1 Kg;/p/primer-anticorrosion-1l-gris-ral-7016;301
U576;https://www.aciersgrosjean.be/couleur-antirouille-1-l-ral-9005-prim-coat;/couleur-antirouille-1-l-ral-9005-prim-coat;PRIMER ANTICORROSION - 1L NOIR RAL 9005;PRIMER ANTICORROSION - 1L NOIR RAL 9005;product;Couleur;T04 Fiche produit;200;oui;P1;PRIMER ANTICORROSION - 1L NOIR RAL 9005;363;1;self;0001-01-01;6;23,23~~d1~i2~r4~1 Kg;/p/primer-anticorrosion-1l-noir-ral-9005;301
U577;https://www.aciersgrosjean.be/couleur-antirouille-5-l-brun-rouge-ral-8012-prim-coat;/couleur-antirouille-5-l-brun-rouge-ral-8012-prim-coat;PRIMER ANTICORROSION - 5L BRUN ROUGE RAL 8012;PRIMER ANTICORROSION - 5L BRUN ROUGE RAL 8012;product;Couleur;T04 Fiche produit;200;oui;P1;PRIMER ANTICORROSION - 5L BRUN ROUGE RAL 8012;363;1;self;0001-01-01;6;95,97~~d1~i2~r0~1 Kg;/p/primer-anticorrosion-5l-brun-rouge-ral-8012;301
U578;https://www.aciersgrosjean.be/couleur-antirouille-5-l-gris-ral-7016-prim-coat;/couleur-antirouille-5-l-gris-ral-7016-prim-coat;PRIMER ANTICORROSION - 5L GRIS RAL 7016;PRIMER ANTICORROSION - 5L GRIS RAL 7016;product;Couleur;T04 Fiche produit;200;oui;P1;PRIMER ANTICORROSION - 5L GRIS RAL 7016;363;1;self;0001-01-01;6;95,97~~d1~i0~r0~1 Kg;/p/primer-anticorrosion-5l-gris-ral-7016;301
U579;https://www.aciersgrosjean.be/meuleuse-dangle-l-1100-125-230cee-l1001-1010-watt-diam-125-mm;/meuleuse-dangle-l-1100-125-230cee-l1001-1010-watt-diam-125-mm;Meuleuse d'angle FLEX L 1001 – 1010W / 125 mm;Meuleuse d'angle FLEX L 1001 – 1010W / 125 mm;product;Outillage;T04 Fiche produit;200;oui;P1;Meuleuse d'angle FLEX L 1001 – 1010W / 125 mm;317;1;self;0001-01-01;5;78,65~~d1~i2~r0~2.2 Kg;/p/meuleuse-d-angle-flex-l-1001-1010w-125-mm;301
U580;https://www.aciersgrosjean.be/caillebotis-galva-1000x-1000-3333-302;/caillebotis-galva-1000x-1000-3333-302;Caillebotis Galvanisé 1000x 1000mm - 33/33-30/2;Caillebotis Galvanisé 1000x 1000mm - 33/33-30/2;product;Escalier et caillebotis;T04 Fiche produit;200;oui;P1;Caillebotis Galvanisé 1000x 1000mm - 33/33-30/2;395;1;self;0001-01-01;5;75,56~~d0~i2~r0~0 Kg;/p/caillebotis-galvanise-1000x-1000mm-33-33-30-2;301
U581;https://www.aciersgrosjean.be/caillebotis-galva-1010x-1190-01-7070-252;/caillebotis-galva-1010x-1190-01-7070-252;Caillebotis Galvanisé 1010x1190mm - 70/70 - 25/2;Caillebotis Galvanisé 1010x1190mm - 70/70 - 25/2;product;Escalier et caillebotis;T04 Fiche produit;200;oui;P1;Caillebotis Galvanisé 1010x1190mm - 70/70 - 25/2;395;1;self;0001-01-01;5;42,35~~d0~i2~r0~0 Kg;/p/caillebotis-galvanise-1010x1190mm-70-70-25-2;301
U582;https://www.aciersgrosjean.be/caillebotis-galva-1200x-1000-3333-302;/caillebotis-galva-1200x-1000-3333-302;Caillebotis Galvanisé 1200x 1000mm - 33/33-30/2;Caillebotis Galvanisé 1200x 1000mm - 33/33-30/2;product;Escalier et caillebotis;T04 Fiche produit;200;oui;P1;Caillebotis Galvanisé 1200x 1000mm - 33/33-30/2;395;1;self;0001-01-01;5;90,88~~d0~i2~r0~0 Kg;/p/caillebotis-galvanise-1200x-1000mm-33-33-30-2;301
U583;https://www.aciersgrosjean.be/caillebotis-galva-400x-1000-3333-302;/caillebotis-galva-400x-1000-3333-302;Caillebotis Galvanisé 400x1000mm - 33/33-30/2;Caillebotis Galvanisé 400x1000mm - 33/33-30/2;product;Escalier et caillebotis;T04 Fiche produit;200;oui;P1;Caillebotis Galvanisé 400x1000mm - 33/33-30/2;395;1;self;0001-01-01;5;39,30~~d0~i2~r0~0 Kg;/p/caillebotis-galvanise-400x1000mm-33-33-30-2;301
U584;https://www.aciersgrosjean.be/caillebotis-galva-500x-1000-3333-302;/caillebotis-galva-500x-1000-3333-302;Caillebotis Galvanisé 500x1000mm - 33/33-30/2;Caillebotis Galvanisé 500x1000mm - 33/33-30/2;product;Escalier et caillebotis;T04 Fiche produit;200;oui;P1;Caillebotis Galvanisé 500x1000mm - 33/33-30/2;395;1;self;0001-01-01;5;40,75~~d0~i2~r4~0 Kg;/p/caillebotis-galvanise-500x1000mm-33-33-30-2;301
U585;https://www.aciersgrosjean.be/caillebotis-galva-600x-1000-3333-302;/caillebotis-galva-600x-1000-3333-302;Caillebotis Galvanisé 600x 1000mm - 33/33-30/2;Caillebotis Galvanisé 600x 1000mm - 33/33-30/2;product;Escalier et caillebotis;T04 Fiche produit;200;oui;P1;Caillebotis Galvanisé 600x 1000mm - 33/33-30/2;395;1;self;0001-01-01;5;48,41~~d0~i2~r0~0 Kg;/p/caillebotis-galvanise-600x-1000mm-33-33-30-2;301
U586;https://www.aciersgrosjean.be/caillebotis-galva-700x-1000-3333-302;/caillebotis-galva-700x-1000-3333-302;Caillebotis Galvanisé 700x 1000mm - 33/33-30/2;Caillebotis Galvanisé 700x 1000mm - 33/33-30/2;product;Escalier et caillebotis;T04 Fiche produit;200;oui;P1;Caillebotis Galvanisé 700x 1000mm - 33/33-30/2;395;1;self;0001-01-01;5;54,63~~d0~i2~r0~0 Kg;/p/caillebotis-galvanise-700x-1000mm-33-33-30-2;301
U587;https://www.aciersgrosjean.be/caillebotis-galva-800x-1000-3333-302;/caillebotis-galva-800x-1000-3333-302;Caillebotis Galvanisé 800x 1000mm - 33/33-30/2;Caillebotis Galvanisé 800x 1000mm - 33/33-30/2;product;Escalier et caillebotis;T04 Fiche produit;200;oui;P1;Caillebotis Galvanisé 800x 1000mm - 33/33-30/2;395;1;self;0001-01-01;5;61,99~~d0~i2~r0~0 Kg;/p/caillebotis-galvanise-800x-1000mm-33-33-30-2;301
U588;https://www.aciersgrosjean.be/caillebotis-galva-900x-1000-3333-302;/caillebotis-galva-900x-1000-3333-302;Caillebotis Galvanisé 900x 1000mm - 33/33-30/2;Caillebotis Galvanisé 900x 1000mm - 33/33-30/2;product;Escalier et caillebotis;T04 Fiche produit;200;oui;P1;Caillebotis Galvanisé 900x 1000mm - 33/33-30/2;395;1;self;0001-01-01;5;68,52~~d0~i2~r0~0 Kg;/p/caillebotis-galvanise-900x-1000mm-33-33-30-2;301
U589;https://www.aciersgrosjean.be/caillebotis-galva-1500x-1000-3333-303;/caillebotis-galva-1500x-1000-3333-303;Caillebotis Galvanisés 1200x 1000mm - 33/33-30/3;Caillebotis Galvanisés 1200x 1000mm - 33/33-30/3;product;Escalier et caillebotis;T04 Fiche produit;200;oui;P1;Caillebotis Galvanisés 1200x 1000mm - 33/33-30/3;395;1;self;0001-01-01;5;163,35~~d0~i2~r0~0 Kg;/p/caillebotis-galvanises-1200x-1000mm-33-33-30-3;301
U590;https://www.aciersgrosjean.be/marche-descalier-1000-x-230mm;/marche-descalier-1000-x-230mm;Marche d'escalier caillebotis 1000x230mm;Marche d'escalier caillebotis 1000x230mm;product;Escalier et caillebotis;T04 Fiche produit;200;oui;P1;Marche d'escalier caillebotis 1000x230mm;310;1;self;0001-01-01;5;40,75~~d0~i2~r0~1 Kg;/p/marche-d-escalier-caillebotis-1000x230mm;301
U591;https://www.aciersgrosjean.be/marche-descalier-600-x-200mm;/marche-descalier-600-x-200mm;Marche d'escalier caillebotis 600x200mm;Marche d'escalier caillebotis 600x200mm;product;Escalier et caillebotis;T04 Fiche produit;200;oui;P1;Marche d'escalier caillebotis 600x200mm;310;1;self;0001-01-01;5;26,45~~d0~i2~r0~1 Kg;/p/marche-d-escalier-caillebotis-600x200mm;301
U592;https://www.aciersgrosjean.be/marche-descalier-700-x-230mm;/marche-descalier-700-x-230mm;Marche d'escalier caillebotis 700x230mm;Marche d'escalier caillebotis 700x230mm;product;Escalier et caillebotis;T04 Fiche produit;200;oui;P1;Marche d'escalier caillebotis 700x230mm;310;1;self;0001-01-01;5;30,44~~d0~i2~r0~1 Kg;/p/marche-d-escalier-caillebotis-700x230mm;301
U593;https://www.aciersgrosjean.be/marche-descalier-800-x-230mm;/marche-descalier-800-x-230mm;Marche d'escalier caillebotis 800x230mm;Marche d'escalier caillebotis 800x230mm;product;Escalier et caillebotis;T04 Fiche produit;200;oui;P1;Marche d'escalier caillebotis 800x230mm;310;1;self;0001-01-01;5;32,13~~d0~i2~r0~1 Kg;/p/marche-d-escalier-caillebotis-800x230mm;301
U594;https://www.aciersgrosjean.be/marche-descalier-900-x-230mm;/marche-descalier-900-x-230mm;Marche d'escalier caillebotis 900x230mm;Marche d'escalier caillebotis 900x230mm;product;Escalier et caillebotis;T04 Fiche produit;200;oui;P1;Marche d'escalier caillebotis 900x230mm;310;1;self;0001-01-01;5;34,44~~d0~i2~r0~1 Kg;/p/marche-d-escalier-caillebotis-900x230mm;301
U595;https://www.aciersgrosjean.be/marche-securit-1000-x-250;/marche-securit-1000-x-250;Marche securit PCP O2 ACHIL 1000x250mm;Marche securit PCP O2 ACHIL 1000x250mm;product;Escalier et caillebotis;T04 Fiche produit;200;oui;P1;Marche securit PCP O2 ACHIL 1000x250mm;683;1;self;0001-01-01;5;49,96~~d1~i2~r4~0 Kg;/p/marche-securit-pcp-o2-achil-1000x250mm;301
U596;https://www.aciersgrosjean.be/marche-securit-800-x-250;/marche-securit-800-x-250;Marche securit PCP O2 ACHIL 800 x 250mm;Marche securit PCP O2 ACHIL 800 x 250mm;product;Escalier et caillebotis;T04 Fiche produit;200;oui;P1;Marche securit PCP O2 ACHIL 800 x 250mm;683;1;self;0001-01-01;5;41,31~~d1~i2~r0~0 Kg;/p/marche-securit-pcp-o2-achil-800-x-250mm;301
U597;https://www.aciersgrosjean.be/marche-securit-900-x-250;/marche-securit-900-x-250;Marche securit PCP O2 ACHIL 900x250mm;Marche securit PCP O2 ACHIL 900x250mm;product;Escalier et caillebotis;T04 Fiche produit;200;oui;P1;Marche securit PCP O2 ACHIL 900x250mm;683;1;self;0001-01-01;5;46,02~~d1~i2~r4~0 Kg;/p/marche-securit-pcp-o2-achil-900x250mm;301
U598;https://www.aciersgrosjean.be/plancher-securit-1000x1000;/plancher-securit-1000x1000;Plancher securit PCP O2 - 1000x1000mm;Plancher securit PCP O2 - 1000x1000mm;product;Escalier et caillebotis;T04 Fiche produit;200;oui;P1;Plancher securit PCP O2 - 1000x1000mm;286;1;self;0001-01-01;5;217,53~~d1~i0~r0~0 Kg;/p/plancher-securit-pcp-o2-1000x1000mm;301
U599;https://www.aciersgrosjean.be/coupe-ipe-140-à-220-17;/coupe-ipe-140-à-220-17;COUPE PLAT 220 à 300;COUPE PLAT 220 à 300;product;Accueil (aucune catégorie);T04 Fiche produit;200;oui;P3;COUPE PLAT 220 à 300;20;1;self;0001-01-01;2;6,05~~d0~i0~r0~;(retirer du catalogue public);410 ou noindex (produit technique/orphelin)
U600;https://www.aciersgrosjean.be/coupe-ipe-140-à-220-18;/coupe-ipe-140-à-220-18;COUPE PLAT 350 à 400;COUPE PLAT 350 à 400;product;Accueil (aucune catégorie);T04 Fiche produit;200;oui;P3;COUPE PLAT 350 à 400;20;1;self;0001-01-01;2;7,26~~d0~i0~r0~;(retirer du catalogue public);410 ou noindex (produit technique/orphelin)
U601;https://www.aciersgrosjean.be/coupe-ipe-140-à-220-8;/coupe-ipe-140-à-220-8;COUPE TR SUP;COUPE TR SUP;product;Accueil (aucune catégorie);T04 Fiche produit;200;oui;P3;COUPE TR SUP;12;1;self;0001-01-01;2;6,41~~d0~i0~r0~;(retirer du catalogue public);410 ou noindex (produit technique/orphelin)
U602;https://www.aciersgrosjean.be/tube-acier-rond-diam-424x25-mm-2;/tube-acier-rond-diam-424x25-mm-2;Tube acier rond diam 42,4X2,5 mm;Tube acier rond diam 42,4X2,5 mm;product;Accueil (aucune catégorie);T04 Fiche produit;200;oui;P3;Tube acier rond diam 42,4X2,5 mm;87;1;self;0001-01-01;2;5,71~~d0~i0~r0~Épaisseur: 25 Milimètres;(retirer du catalogue public);410 ou noindex (produit technique/orphelin)
U603;https://www.aciersgrosjean.be/vasque-2-2;/vasque-2-2;Vasque 2;Vasque 2;product;Accueil (aucune catégorie);T04 Fiche produit;200;oui;P3;Vasque 2;0;1;self;0001-01-01;2;605,00~~d0~i0~r0~;(retirer du catalogue public);410 ou noindex (produit technique/orphelin)
U604;https://www.aciersgrosjean.be/vasque-corten-2;/vasque-corten-2;Vasque Corten;Vasque Corten;product;Accueil (aucune catégorie);T04 Fiche produit;200;oui;P3;Vasque Corten;776;1;self;0001-01-01;2;580,80~~d0~i0~r0~Longueur: 1000 mm;(retirer du catalogue public);410 ou noindex (produit technique/orphelin)
U605;https://www.aciersgrosjean.be/conditions-générales-de-vente;/conditions-générales-de-vente;Conditions générales de vente;Conditions générales de vente;legal;;T07 Topic légal;200;non;P1;Conditions générales de vente;0;1;self;;0;;/conditions-generales-de-vente;301
U606;https://www.aciersgrosjean.be/france;/france;France;France;store;;T06 Topic magasin;200;non;P1;France;0;2;self;;0;;/depots/marville-france;301
U607;https://www.aciersgrosjean.be/la-louvière;/la-louvière;La Louvière;La Louvière;store;;T06 Topic magasin;200;non;P1;La Louvière;0;2;self;;0;;/depots/la-louviere;301
U608;https://www.aciersgrosjean.be/lecologie;/lecologie;L'écologie;L'écologie;company;;T05 Topic éditorial;200;non;P1;L'écologie;0;2;self;;0;;/entreprise/engagement-esg;301
U609;https://www.aciersgrosjean.be/lentreprise;/lentreprise;L'entreprise;L'entreprise;company;;T05 Topic éditorial;200;non;P1;L'entreprise;0;1;self;;0;;/entreprise;301
U610;https://www.aciersgrosjean.be/mont-sur-marchienne;/mont-sur-marchienne;Mont-Sur-Marchienne (Charleroi);Mont-Sur-Marchienne (Charleroi);store;;T06 Topic magasin;200;non;P1;Mont-Sur-Marchienne (Charleroi);0;2;self;;0;;/depots/charleroi-mont-sur-marchienne;301
U611;https://www.aciersgrosjean.be/privacy-notice;/privacy-notice;Privacy notice;Privacy notice;legal;;T07 Topic légal;200;non;P1;Privacy notice;0;1;self;;0;;/protection-des-donnees;301
U612;https://www.aciersgrosjean.be/protection-des-données;/protection-des-données;Protection des données;Protection des données;legal;;T07 Topic légal;200;non;P1;Protection des données;0;1;self;;0;;/protection-des-donnees;301
U613;https://www.aciersgrosjean.be/services;/services;Services;Services;service;;T05 Topic éditorial;200;non;P1;Services;0;1;self;;0;;/services;conserver
U614;https://www.aciersgrosjean.be/tournai;/tournai;Tournai;Tournai;store;;T06 Topic magasin;200;non;P1;Tournai;0;2;self;;0;;/depots/tournai;301
U615;https://www.aciersgrosjean.be/blog;/blog;Blog;Blog;blog;;T08 Blog liste;200;oui;P2;Blog;0;1;absente;09-09-26;0;;/conseils;301
U616;https://www.aciersgrosjean.be/blog/tag/wallonie;/blog/tag/wallonie;Publications du blog taggés avec 'wallonie';Publications du blog taggés avec 'wallonie';blog;;T08 Blog liste;200;non;P2;Blog;0;1;absente;;0;;/conseils;301
U617;https://www.aciersgrosjean.be/accessibilite-bricofer;/accessibilite-bricofer;Travaux à La Louvière : Comment accéder facilement à votre magasin Bricofer ?;Travaux à La Louvière : Comment accéder facilement à votre magasin Bricofer ?;article;;T09 Blog article;200;oui;P2;Travaux à La Louvière : accès Bricofer & Aciers Grosjean | Guide 2026;149;1;absente;24-02-26;0;;/conseils/accessibilite-bricofer;301
U618;https://www.aciersgrosjean.be/acier-corten-qu-est-ce-que-c-est;/acier-corten-qu-est-ce-que-c-est;L'acier corten, qu'est-ce que c'est ?;L'acier corten, qu'est-ce que c'est ?;article;;T09 Blog article;200;oui;P2;Qu'est-ce que l'acier corten ? Guide complet | Aciers Grosjean;148;1;absente;23-04-26;0;;/conseils/acier-corten-qu-est-ce-que-c-est;301
U619;https://www.aciersgrosjean.be/analyse-marche-acier-belgique-2026;/analyse-marche-acier-belgique-2026;Marché de l'acier 2026 en Belgique;Marché de l'acier 2026 en Belgique;article;;T09 Blog article;200;oui;P2;Prix acier Belgique 2026 : analyse marché et perspectives | Aciers Grosjean;154;1;absente;25-03-26;0;;/conseils/analyse-marche-acier-belgique-2026;301
U620;https://www.aciersgrosjean.be/bac-plantes-acier-corten-exterieur-2;/bac-plantes-acier-corten-exterieur-2;Bac à plantes en acier corten;Bac à plantes en acier corten;article;;T09 Blog article;200;oui;P2;Bac à plantes acier corten extérieur : choisir, poser, entretenir;144;1;absente;23-04-26;0;;/conseils/bac-plantes-acier-corten-exterieur;301
U621;https://www.aciersgrosjean.be/bordure-jardin-acier-corten-guide-complet;/bordure-jardin-acier-corten-guide-complet;Bordure jardin corten : guide complet;Bordure jardin corten : guide complet;article;;T09 Blog article;200;oui;P2;Bordure de jardin en acier corten : le guide complet | Aciers Grosjean;151;1;absente;09-04-26;0;;/conseils/bordure-jardin-acier-corten-guide-complet;301
U622;https://www.aciersgrosjean.be/brasero-acier-corten-jardin-quel-modele;/brasero-acier-corten-jardin-quel-modele;Brasero corten : lequel choisir ?;Brasero corten : lequel choisir ?;article;;T09 Blog article;200;oui;P2;Brasero acier corten pour jardin : quel modèle choisir ?;143;1;absente;24-04-26;0;;/conseils/brasero-acier-corten-jardin-quel-modele;301
U623;https://www.aciersgrosjean.be/caillebotis-acier-guide-achat;/caillebotis-acier-guide-achat;Caillebotis acier : guide d'achat;Caillebotis acier : guide d'achat;article;;T09 Blog article;200;oui;P2;Caillebotis acier : guide d'achat 2026 | Aciers Grosjean;141;1;absente;24-04-26;0;;/conseils/caillebotis-acier-guide-achat;301
U624;https://www.aciersgrosjean.be/certification-en1090exc2;/certification-en1090exc2;Le Groupe Aciers Grosjean est certifié selon la Norme EN1090-Exc-2;Le Groupe Aciers Grosjean est certifié selon la Norme EN1090-Exc-2;article;;T09 Blog article;200;oui;P2;Le Groupe Aciers Grosjean est certifié selon la Norme EN1090-Exc-2;0;1;absente;16-07-24;0;;/conseils/certification-en1090exc2;301
U625;https://www.aciersgrosjean.be/comment-poser-bordure-jardin-acier-corten;/comment-poser-bordure-jardin-acier-corten;Poser une bordure corten, mode d'emploi;Poser une bordure corten, mode d'emploi;article;;T09 Blog article;200;oui;P2;Poser une bordure jardin corten : guide pas-à-pas;132;1;absente;24-04-26;0;;/conseils/comment-poser-bordure-jardin-acier-corten;301
U626;https://www.aciersgrosjean.be/idees-jardin-acier-corten-inspirations;/idees-jardin-acier-corten-inspirations;10 idées jardin avec l'acier corten;10 idées jardin avec l'acier corten;article;;T09 Blog article;200;oui;P2;Idées jardin acier corten : 8 inspirations 2026;148;1;absente;23-04-26;0;;/conseils/idees-jardin-acier-corten-inspirations;301
U627;https://www.aciersgrosjean.be/info-alu-inox-mars2026;/info-alu-inox-mars2026;Prix aluminium et inox en 2026 : volatilité, causes et comment protéger vos projets;Prix aluminium et inox en 2026 : volatilité, causes et comment protéger vos projets;article;;T09 Blog article;200;oui;P2;Prix aluminium et inox 2026 : volatilité et conseils | Aciers Grosjean;161;1;absente;11-03-26;0;;/conseils/info-alu-inox-mars2026;301
U628;https://www.aciersgrosjean.be/livraison-par-drone-stratos-grosjean-2000;/livraison-par-drone-stratos-grosjean-2000;Logistique 4.0 : Premier essai (presque) concluant pour notre livraison par drone « Stratos-Grosjean 2000 »;Logistique 4.0 : Premier essai (presque) concluant pour notre livraison par drone « Stratos-Grosjean 2000 »;article;;T09 Blog article;200;oui;P2;Logistique 4.0 : Premier essai (presque) concluant pour notre livraison par drone « Stratos-Grosjean 2000 »;0;2;absente;31-03-26;0;;/conseils/livraison-par-drone-stratos-grosjean-2000;301
U629;https://www.aciersgrosjean.be/panneau-isole-lattonedil-eurocopre-monolamiera-30mm;/panneau-isole-lattonedil-eurocopre-monolamiera-30mm;Panneau isolé Eurocopre Monolamiera 30 mm : le guide complet pour votre toiture;Panneau isolé Eurocopre Monolamiera 30 mm : le guide complet pour votre toiture;article;;T09 Blog article;200;oui;P2;Panneau isolé Eurocopre Monolamiera 30 mm | Aciers Grosjean Wallonie;163;1;absente;04-02-26;0;;/conseils/panneau-isole-lattonedil-eurocopre-monolamiera-30mm;301
U630;https://www.aciersgrosjean.be/rapport-esg-aciers-grosjean-2023;/rapport-esg-aciers-grosjean-2023;Notre premier Rapport ESG 2023;Notre premier Rapport ESG 2023;article;;T09 Blog article;200;oui;P2;Rapport ESG 2023 : notre engagement durabilité et responsabilité;159;1;absente;24-04-26;0;;/conseils/rapport-esg-aciers-grosjean-2023;301
U631;https://www.aciersgrosjean.be/une-entreprise-tournée-vers-lavenir-4;/une-entreprise-tournée-vers-lavenir-4;Aciers Grosjean : 40 ans au service des professionnels de l'acier en Wallonie;Aciers Grosjean : 40 ans au service des professionnels de l'acier en Wallonie;article;;T09 Blog article;200;oui;P2;Aciers Grosjean : négoce acier en Wallonie depuis 1986 | 4 dépôts;163;1;absente;21-10-25;0;;/conseils/une-entreprise-tournee-vers-lavenir;301
U632;https://www.aciersgrosjean.be/vente-acier-particulier-belgique;/vente-acier-particulier-belgique;Acheter de l'acier en Belgique;Acheter de l'acier en Belgique;article;;T09 Blog article;200;oui;P2;Acheter de l'acier en Belgique : tarifs, découpe et livraison;138;1;absente;24-04-26;0;;/conseils/vente-acier-particulier-belgique;301
U633;https://www.aciersgrosjean.be/news;/news;News;News;other;;T10 News liste;200;oui;P2;Archives des news;0;1;absente;09-09-26;0;;/conseils;301
U634;https://www.aciersgrosjean.be/contactus;/contactus;Contactez-nous;Contactez-nous;contact;;T11 Contact;200;oui;P0;Contactez-nous;0;1;absente;09-09-26;0;;/contact;301
U635;https://www.aciersgrosjean.be/search;/search;Rechercher;Rechercher;utility;;T12 Recherche;200;oui;P0;Rechercher;0;1;absente;09-09-26;0;;/recherche;301
U636;https://www.aciersgrosjean.be/LoginPro;/LoginPro;Compte professionnel;Compte professionnel;account;;T13 Connexion;200;non;P0;Connexion;0;1;absente;;0;;/pro/connexion;301
U637;https://www.aciersgrosjean.be/RegisterPro;/RegisterPro;Inscription compte professionnel;Inscription compte professionnel;account;;T14 Inscription;200;non;P2;Inscription compte professionnel;0;1;absente;;0;;/pro/demande-de-compte;301
U638;https://www.aciersgrosjean.be/login;/login;Bienvenue;Bienvenue;account;;T13 Connexion;200;non;P0;Connexion;0;1;absente;;0;;/compte/connexion;301
U639;https://www.aciersgrosjean.be/passwordrecovery;/passwordrecovery;Récupérer le mot de passe;Récupérer le mot de passe;account;;T15 Mot de passe oublié;200;non;P2;Retrouver son mot de passe;0;1;absente;;0;;/compte/mot-de-passe-oublie;301
U640;https://www.aciersgrosjean.be/register;/register;Inscription compte particulier;Inscription compte particulier;account;;T14 Inscription;200;non;P0;Inscription compte particulier;0;1;absente;;0;;/compte/inscription;301
U641;https://www.aciersgrosjean.be/registerpro;/registerpro;Inscription compte professionnel;Inscription compte professionnel;account;;T14 Inscription;200;non;P0;Inscription compte professionnel;0;1;absente;;0;;/pro/demande-de-compte;301
U642;https://www.aciersgrosjean.be/cart;/cart;Panier;Panier;cart;;T16 Panier;200;non;P0;Panier;0;1;absente;;0;;/panier;301
U643;;/sitemap;Plan du site;Plan du site;utility;;T17 Plan du site;200;non;P2;Plan du site;0;1;absente;;0;;/plan-du-site;301
U644;https://www.aciersgrosjean.be/manufacturer/all;/manufacturer/all;Liste des fabricants;Liste des fabricants;utility;;T18 Liste utilitaire;200;non;P2;Fabricants;0;1;absente;;0;;/produits;301
U645;https://www.aciersgrosjean.be/newproducts;/newproducts;Nouveautés;Nouveautés;utility;;T18 Liste utilitaire;200;non;P2;Nouveaux produits;0;1;absente;;0;;/nouveautes;301
U646;https://www.aciersgrosjean.be/recentlyviewedproducts;/recentlyviewedproducts;Récemment vus;Récemment vus;utility;;T18 Liste utilitaire;200;non;P2;Produits consultés récemment;0;1;absente;;0;;/compte/recemment-vus;301
U647;https://www.aciersgrosjean.be/blog/rss/2;/blog/rss/2;Aciers Grosjean: Blog;Aciers Grosjean: Blog;other;;Flux RSS/Atom;200 (XML);non;P2;Aciers Grosjean: Blog;0;0;absente;;0;;/conseils/rss.xml;301
U648;https://www.aciersgrosjean.be/news/rss/2;/news/rss/2;Aciers Grosjean: News;Aciers Grosjean: News;other;;Flux RSS/Atom;200 (XML);non;P2;Aciers Grosjean: News;0;0;absente;;0;;/conseils/rss.xml;301
U649;https://www.aciersgrosjean.be/aboutus;/aboutus;(redirection);Page non trouvée;utility;;T19 Page 404;404 → redirige vers /page-not-found;non;P3;Page non trouvée;0;2;absente;;0;;/entreprise;301
U650;https://www.aciersgrosjean.be/blog/idees-jardin-acier-corten-inspirations;/blog/idees-jardin-acier-corten-inspirations;(redirection);10 idées jardin avec l'acier corten;article;;Redirection;200 → redirige vers /idees-jardin-acier-corten-inspirations;non;P3;Idées jardin acier corten : 8 inspirations 2026;148;1;absente;;0;;/conseils/idees-jardin-acier-corten-inspirations;301
U651;https://www.aciersgrosjean.be/boards;/boards;(redirection);Spécialiste de l’acier pour les pros et particuliers - Aciers Grosjean;utility;—;Redirection;200 → redirige vers /;non;P3;Spécialiste de l’acier pour les pros et particuliers;163;0;absente;;0;;/;301
U652;https://www.aciersgrosjean.be/checkout;/checkout;(redirection);Panier;checkout;;Redirection;200 → redirige vers /cart;non;P3;Panier;0;1;absente;;0;;/commande;301
U653;https://www.aciersgrosjean.be/compareproducts;/compareproducts;(redirection);Spécialiste de l’acier pour les pros et particuliers - Aciers Grosjean;utility;—;Redirection;200 → redirige vers /;non;P3;Spécialiste de l’acier pour les pros et particuliers;163;0;absente;;0;;/;301
U654;https://www.aciersgrosjean.be/conditionsofuse;/conditionsofuse;(redirection);Page non trouvée;utility;;T19 Page 404;404 → redirige vers /page-not-found;non;P3;Page non trouvée;0;2;absente;;0;;/conditions-generales-de-vente;301
U655;https://www.aciersgrosjean.be/contactvendor;/contactvendor;(redirection);Page non trouvée;utility;;T19 Page 404;404 → redirige vers /page-not-found;non;P3;Page non trouvée;0;2;absente;;0;;/contact;301
U656;https://www.aciersgrosjean.be/customer/info;/customer/info;(redirection);Bienvenue;account;;Redirection;200 → redirige vers /login;non;P3;Connexion;0;1;absente;;0;;/compte/profil;301
U657;https://www.aciersgrosjean.be/en;/en;(redirection);Page non trouvée;utility;;T19 Page 404;404 → redirige vers /page-not-found;non;P3;Page non trouvée;0;2;absente;;0;;/;301
U658;https://www.aciersgrosjean.be/onepagecheckout;/onepagecheckout;(redirection);Panier;checkout;;Redirection;200 → redirige vers /cart;non;P3;Panier;0;1;absente;;0;;/commande;301
U659;https://www.aciersgrosjean.be/order/history;/order/history;(redirection);Bienvenue;account;;Redirection;200 → redirige vers /login;non;P3;Connexion;0;1;absente;;0;;/compte/commandes;301
U660;https://www.aciersgrosjean.be/page-introuvable-test-404;/page-introuvable-test-404;(redirection);Page non trouvée;utility;;T19 Page 404;404 → redirige vers /page-not-found;non;P3;Page non trouvée;0;2;absente;;0;;-404;301
U661;https://www.aciersgrosjean.be/poutrelles-ipn;/poutrelles-ipn;(redirection);Page non trouvée;utility;;T19 Page 404;404 → redirige vers /page-not-found;non;P3;Page non trouvée;0;2;absente;;0;;/acier/poutrelles;301
U662;https://www.aciersgrosjean.be/productreviews;/productreviews;(redirection);Page non trouvée;utility;;T19 Page 404;404 → redirige vers /page-not-found;non;P3;Page non trouvée;0;2;absente;;0;;/;301
U663;https://www.aciersgrosjean.be/shippinginfo;/shippinginfo;(redirection);Page non trouvée;utility;;T19 Page 404;404 → redirige vers /page-not-found;non;P3;Page non trouvée;0;2;absente;;0;;/livraison-retrait;301
U664;https://www.aciersgrosjean.be/vendor/all;/vendor/all;(redirection);Spécialiste de l’acier pour les pros et particuliers - Aciers Grosjean;utility;—;Redirection;200 → redirige vers /;non;P3;Spécialiste de l’acier pour les pros et particuliers;163;0;absente;;0;;/;301
U665;https://www.aciersgrosjean.be/wishlist;/wishlist;(redirection);Spécialiste de l’acier pour les pros et particuliers - Aciers Grosjean;utility;—;Redirection;200 → redirige vers /;non;P3;Spécialiste de l’acier pour les pros et particuliers;163;0;absente;;0;;/compte/listes;301
