fichier_local;nom_origine;statut;taille_ko;nb_produits;ids_produits;produits;pages_non_produit;url;sha1
ag-lattonedil-ttack-2023-manuel-technique-fr.pdf;ag-lattonedil-ttack-2023-manuel-technique-fr.pdf;200;20376;0;;;https://www.aciersgrosjean.be/ttack-toiture-plate;https://aciersgrosjean.be/documentation/ag-lattonedil-ttack-2023-manuel-technique-fr;3308252792859b912e3c699e33c0dc473cff777a
ag-tasseau-20x20-imitation-bois.pdf;ag-tasseau-20x20-imitation-bois.pdf;200;597;0;;;https://www.aciersgrosjean.be/catalogue-toiture-et-bardage | https://www.aciersgrosjean.be/imitation-bois | https://www.aciersgrosjean.be/toiture-bardage-2 | https://www.aciersgrosjean.be/toiture-bardage-2?pagenumber=2 | https://www.aciersgrosjean.be/toiture-bardage-2?pagenumber=3;https://aciersgrosjean.be/documentation/ag-tasseau-20x20-imitation-bois;ed52011854cc5c984dbe220be7896ffd8456e119
ag-tasseau-40x40-maxi-imitation-bois.pdf;ag-tasseau-40x40-maxi-imitation-bois.pdf;200;522;0;;;https://www.aciersgrosjean.be/catalogue-toiture-et-bardage | https://www.aciersgrosjean.be/imitation-bois | https://www.aciersgrosjean.be/toiture-bardage-2 | https://www.aciersgrosjean.be/toiture-bardage-2?pagenumber=2 | https://www.aciersgrosjean.be/toiture-bardage-2?pagenumber=3;https://aciersgrosjean.be/documentation/ag-tasseau-40x40-maxi-imitation-bois;be9c4b05eb8e132d8fb91cf1e5c60e7a377ab39c
ag-tole-profilee-30-200.pdf;ag-tole-profilee-30-200.pdf;200;974;0;;;https://www.aciersgrosjean.be/catalogue-toiture-et-bardage | https://www.aciersgrosjean.be/toiture-bardage-2 | https://www.aciersgrosjean.be/toiture-bardage-2?pagenumber=2 | https://www.aciersgrosjean.be/toiture-bardage-2?pagenumber=3;https://aciersgrosjean.be/documentation/ag-tole-profilee-30-200;98835188d01effa42976d25434cdf0f038c181e7
ag-tole-profilee-35-250.pdf;ag-tole-profilee-35-250.pdf;200;265;0;;;https://www.aciersgrosjean.be/catalogue-toiture-et-bardage | https://www.aciersgrosjean.be/toiture-bardage-2 | https://www.aciersgrosjean.be/toiture-bardage-2?pagenumber=2 | https://www.aciersgrosjean.be/toiture-bardage-2?pagenumber=3;https://aciersgrosjean.be/documentation/ag-tole-profilee-35-250;a6c3a8c791fcef0e87adc8058dce614c5a2fa0b8
agf-panneau-tuiles.pdf;agf-panneau-tuiles.pdf;200;218;0;;;https://www.aciersgrosjean.be/catalogue-toiture-et-bardage | https://www.aciersgrosjean.be/panneau-tuile | https://www.aciersgrosjean.be/toiture-bardage-2 | https://www.aciersgrosjean.be/toiture-bardage-2?pagenumber=2 | https://www.aciersgrosjean.be/toiture-bardage-2?pagenumber=3;https://aciersgrosjean.be/documentation/agf-panneau-tuiles;9d3720f8d4e5771706c6ab269457cfa08eae4add
agf-tole-ondulee-18-76.pdf;agf-tole-ondulee-18-76.pdf;200;279;0;;;https://www.aciersgrosjean.be/catalogue-toiture-et-bardage | https://www.aciersgrosjean.be/toiture-bardage-2 | https://www.aciersgrosjean.be/toiture-bardage-2?pagenumber=2 | https://www.aciersgrosjean.be/toiture-bardage-2?pagenumber=3;https://aciersgrosjean.be/documentation/agf-tole-ondulee-18-76;4be18f647a86734858a52be1aec90e943c25b209
agf-tole-profilee-45-333.pdf;agf-tole-profilee-45-333.pdf;200;261;0;;;https://www.aciersgrosjean.be/catalogue-toiture-et-bardage | https://www.aciersgrosjean.be/toiture-bardage-2 | https://www.aciersgrosjean.be/toiture-bardage-2?pagenumber=2 | https://www.aciersgrosjean.be/toiture-bardage-2?pagenumber=3;https://aciersgrosjean.be/documentation/agf-tole-profilee-45-333;aaed1791101b793dcf05d927055dd36edae748da
ji-10-100-1000.pdf;ji-10-100-1000.pdf;200;149;0;;;https://www.aciersgrosjean.be/catalogue-toiture-et-bardage;https://aciersgrosjean.be/documentation/ji-10-100-1000;76f2d2604a896ac1deb66ef5e006aaff8cca161b
ji-permapan-1100.pdf;ji-permapan-1100.pdf;200;328;0;;;https://www.aciersgrosjean.be/catalogue-toiture-et-bardage;https://aciersgrosjean.be/documentation/ji-permapan-1100;2d7d24d37979acd7b28373be9308792711682516
lattonedil-eurocopre-monolamiera-ag.pdf;lattonedil-eurocopre-monolamiera-ag.pdf;200;443;0;;;https://www.aciersgrosjean.be/catalogue-toiture-et-bardage | https://www.aciersgrosjean.be/toiture-bardage-2 | https://www.aciersgrosjean.be/toiture-bardage-2?pagenumber=2 | https://www.aciersgrosjean.be/toiture-bardage-2?pagenumber=3;https://aciersgrosjean.be/documentation/lattonedil-eurocopre-monolamiera-ag;5a6e36aafa35c56877f0ac9baf5db74cea5eab95
lattonedil-eurocopre-plus-ag.pdf;lattonedil-eurocopre-plus-ag.pdf;200;579;0;;;https://www.aciersgrosjean.be/catalogue-toiture-et-bardage | https://www.aciersgrosjean.be/toiture-bardage-2 | https://www.aciersgrosjean.be/toiture-bardage-2?pagenumber=2 | https://www.aciersgrosjean.be/toiture-bardage-2?pagenumber=3;https://aciersgrosjean.be/documentation/lattonedil-eurocopre-plus-ag;33de792fb861afd861f17317cbc7cd5dd5a9cab6
lattonedil-eurofire-ag.pdf;lattonedil-eurofire-ag.pdf;200;478;0;;;https://www.aciersgrosjean.be/catalogue-toiture-et-bardage | https://www.aciersgrosjean.be/toiture-bardage-2 | https://www.aciersgrosjean.be/toiture-bardage-2?pagenumber=2 | https://www.aciersgrosjean.be/toiture-bardage-2?pagenumber=3;https://aciersgrosjean.be/documentation/lattonedil-eurofire-ag;bbe926bc925ab68e4606941758e42b8d9bf00637
lattonedil-g9-ag.pdf;lattonedil-g9-ag.pdf;200;650;0;;;https://www.aciersgrosjean.be/catalogue-toiture-et-bardage | https://www.aciersgrosjean.be/toiture-bardage-2 | https://www.aciersgrosjean.be/toiture-bardage-2?pagenumber=2 | https://www.aciersgrosjean.be/toiture-bardage-2?pagenumber=3;https://aciersgrosjean.be/documentation/lattonedil-g9-ag;5e4c0ae3178b7bcc5b7a139ff6ea1197c7fc4eb7
lattonedil-isofactor-eurocopre-plus-ag.pdf;lattonedil-isofactor-eurocopre-plus-ag.pdf;200;376;0;;;https://www.aciersgrosjean.be/catalogue-toiture-et-bardage | https://www.aciersgrosjean.be/toiture-bardage-2 | https://www.aciersgrosjean.be/toiture-bardage-2?pagenumber=2 | https://www.aciersgrosjean.be/toiture-bardage-2?pagenumber=3;https://aciersgrosjean.be/documentation/lattonedil-isofactor-eurocopre-plus-ag;a75965e280a6ace529a943d1a73c662336209403
lattonedil-isopar-elite-ag.pdf;lattonedil-isopar-elite-ag.pdf;200;362;0;;;https://www.aciersgrosjean.be/catalogue-toiture-et-bardage | https://www.aciersgrosjean.be/toiture-bardage-2 | https://www.aciersgrosjean.be/toiture-bardage-2?pagenumber=2 | https://www.aciersgrosjean.be/toiture-bardage-2?pagenumber=3;https://aciersgrosjean.be/documentation/lattonedil-isopar-elite-ag;0bd4294504ccbaacfdf958bd6abb6997f40f4113
lattonedil-solarpan-plus-ag.pdf;lattonedil-solarpan-plus-ag.pdf;200;9786;0;;;https://www.aciersgrosjean.be/catalogue-toiture-et-bardage | https://www.aciersgrosjean.be/toiture-bardage-2 | https://www.aciersgrosjean.be/toiture-bardage-2?pagenumber=2 | https://www.aciersgrosjean.be/toiture-bardage-2?pagenumber=3;https://aciersgrosjean.be/documentation/lattonedil-solarpan-plus-ag;1f6b006d0aa3698144f84089dc1b034a490c74c3
lattonedil-ttack-ag.pdf;lattonedil-ttack-ag.pdf;200;945;0;;;https://www.aciersgrosjean.be/catalogue-toiture-et-bardage | https://www.aciersgrosjean.be/toiture-bardage-2 | https://www.aciersgrosjean.be/toiture-bardage-2?pagenumber=2 | https://www.aciersgrosjean.be/toiture-bardage-2?pagenumber=3;https://aciersgrosjean.be/documentation/lattonedil-ttack-ag;069f4300ab26aae2c32c04f1a18f9b06260f8986
ag-tole-profilee-30-200.pdf (contenu identique);profil-30-200-1000-2025-07.pdf;200;974;0;;;https://www.aciersgrosjean.be/profil-302001000 | https://www.aciersgrosjean.be/profil-302001000?pagenumber=2;https://aciersgrosjean.be/documentation/profil-30-200-1000-2025-07;98835188d01effa42976d25434cdf0f038c181e7
profil-lattonedil-isopar-plus-ag.pdf;profil-lattonedil-isopar-plus-ag.pdf;200;772;0;;;https://www.aciersgrosjean.be/catalogue-toiture-et-bardage;https://aciersgrosjean.be/documentation/profil-lattonedil-isopar-plus-ag;54f04fadc87342de2a96cbdc8b4a0bd43b572ae5
rapport-esg.pdf;rapport-esg.pdf;200;4139;0;;;https://www.aciersgrosjean.be/lecologie;https://aciersgrosjean.be/documentation/rapport-esg;38dd9ff2149d2afa96b8dfdd1144eebe107a591d
INFOSTEEL - GRYMAFER - VM2013 - HEA.pdf;INFOSTEEL - GRYMAFER - VM2013 - HEA.pdf;200;103;1;1099;Poutrelle HEA 100 en acier;;https://www.aciersgrosjean.be/Documents/Products/1099/INFOSTEEL - GRYMAFER - VM2013 - HEA.pdf;d92f61bfdcc81b2197ae7018f784679d9e20e637
INFOSTEEL - GRYMAFER - VM2013 - HEA.pdf (contenu identique);INFOSTEEL - GRYMAFER - VM2013 - HEA.pdf;200;103;1;1101;Poutrelle HEA 120 en acier;;https://www.aciersgrosjean.be/Documents/Products/1101/INFOSTEEL - GRYMAFER - VM2013 - HEA.pdf;d92f61bfdcc81b2197ae7018f784679d9e20e637
INFOSTEEL - GRYMAFER - VM2013 - HEA.pdf (contenu identique);INFOSTEEL - GRYMAFER - VM2013 - HEA.pdf;200;103;1;1103;Poutrelle HEA 140 en acier;;https://www.aciersgrosjean.be/Documents/Products/1103/INFOSTEEL - GRYMAFER - VM2013 - HEA.pdf;d92f61bfdcc81b2197ae7018f784679d9e20e637
INFOSTEEL - GRYMAFER - VM2013 - HEA.pdf (contenu identique);INFOSTEEL - GRYMAFER - VM2013 - HEA.pdf;200;103;1;1105;Poutrelle HEA 160 en acier;;https://www.aciersgrosjean.be/Documents/Products/1105/INFOSTEEL - GRYMAFER - VM2013 - HEA.pdf;d92f61bfdcc81b2197ae7018f784679d9e20e637
INFOSTEEL - GRYMAFER - VM2013 - HEA.pdf (contenu identique);INFOSTEEL - GRYMAFER - VM2013 - HEA.pdf;200;103;1;1107;Poutrelle HEA 180 en acier;;https://www.aciersgrosjean.be/Documents/Products/1107/INFOSTEEL - GRYMAFER - VM2013 - HEA.pdf;d92f61bfdcc81b2197ae7018f784679d9e20e637
INFOSTEEL - GRYMAFER - VM2013 - HEA.pdf (contenu identique);INFOSTEEL - GRYMAFER - VM2013 - HEA.pdf;200;103;1;1109;Poutrelle HEA 200 en acier;;https://www.aciersgrosjean.be/Documents/Products/1109/INFOSTEEL - GRYMAFER - VM2013 - HEA.pdf;d92f61bfdcc81b2197ae7018f784679d9e20e637
INFOSTEEL - GRYMAFER - VM2013 - HEA.pdf (contenu identique);INFOSTEEL - GRYMAFER - VM2013 - HEA.pdf;200;103;1;1111;Poutrelle HEA 220 en acier;;https://www.aciersgrosjean.be/Documents/Products/1111/INFOSTEEL - GRYMAFER - VM2013 - HEA.pdf;d92f61bfdcc81b2197ae7018f784679d9e20e637
INFOSTEEL - GRYMAFER - VM2013 - HEA.pdf (contenu identique);INFOSTEEL - GRYMAFER - VM2013 - HEA.pdf;200;103;1;1113;Poutrelle HEA 240 en acier;;https://www.aciersgrosjean.be/Documents/Products/1113/INFOSTEEL - GRYMAFER - VM2013 - HEA.pdf;d92f61bfdcc81b2197ae7018f784679d9e20e637
INFOSTEEL - GRYMAFER - VM2013 - HEA.pdf (contenu identique);INFOSTEEL - GRYMAFER - VM2013 - HEA.pdf;200;103;1;1115;Poutrelle HEA 260 en acier;;https://www.aciersgrosjean.be/Documents/Products/1115/INFOSTEEL - GRYMAFER - VM2013 - HEA.pdf;d92f61bfdcc81b2197ae7018f784679d9e20e637
INFOSTEEL - GRYMAFER - VM2013 - HEA.pdf (contenu identique);INFOSTEEL - GRYMAFER - VM2013 - HEA.pdf;200;103;1;1117;Poutrelle HEA 280 en acier;;https://www.aciersgrosjean.be/Documents/Products/1117/INFOSTEEL - GRYMAFER - VM2013 - HEA.pdf;d92f61bfdcc81b2197ae7018f784679d9e20e637
INFOSTEEL - GRYMAFER - VM2013 - HEA.pdf (contenu identique);INFOSTEEL - GRYMAFER - VM2013 - HEA.pdf;200;103;1;1119;Poutrelle HEA 300 en acier;;https://www.aciersgrosjean.be/Documents/Products/1119/INFOSTEEL - GRYMAFER - VM2013 - HEA.pdf;d92f61bfdcc81b2197ae7018f784679d9e20e637
INFOSTEEL - GRYMAFER - VM2013 - HEB.pdf;INFOSTEEL - GRYMAFER - VM2013 - HEB.pdf;200;120;1;1147;Poutrelle HEB 100 en acier;;https://www.aciersgrosjean.be/Documents/Products/1147/INFOSTEEL - GRYMAFER - VM2013 - HEB.pdf;38d19fba02f9d73eba9354253a255bb6011ec7ce
INFOSTEEL - GRYMAFER - VM2013 - HEB.pdf (contenu identique);INFOSTEEL - GRYMAFER - VM2013 - HEB.pdf;200;120;1;1149;Poutrelle HEB 120 en acier;;https://www.aciersgrosjean.be/Documents/Products/1149/INFOSTEEL - GRYMAFER - VM2013 - HEB.pdf;38d19fba02f9d73eba9354253a255bb6011ec7ce
INFOSTEEL - GRYMAFER - VM2013 - HEB.pdf (contenu identique);INFOSTEEL - GRYMAFER - VM2013 - HEB.pdf;200;120;1;1151;Poutrelle HEB 140 en acier;;https://www.aciersgrosjean.be/Documents/Products/1151/INFOSTEEL - GRYMAFER - VM2013 - HEB.pdf;38d19fba02f9d73eba9354253a255bb6011ec7ce
INFOSTEEL - GRYMAFER - VM2013 - HEB.pdf (contenu identique);INFOSTEEL - GRYMAFER - VM2013 - HEB.pdf;200;120;1;1153;Poutrelle HEB 160 en acier;;https://www.aciersgrosjean.be/Documents/Products/1153/INFOSTEEL - GRYMAFER - VM2013 - HEB.pdf;38d19fba02f9d73eba9354253a255bb6011ec7ce
INFOSTEEL - GRYMAFER - VM2013 - HEB.pdf (contenu identique);INFOSTEEL - GRYMAFER - VM2013 - HEB.pdf;200;120;1;1155;Poutrelle HEB 180 en acier;;https://www.aciersgrosjean.be/Documents/Products/1155/INFOSTEEL - GRYMAFER - VM2013 - HEB.pdf;38d19fba02f9d73eba9354253a255bb6011ec7ce
INFOSTEEL - GRYMAFER - VM2013 - HEB.pdf (contenu identique);INFOSTEEL - GRYMAFER - VM2013 - HEB.pdf;200;120;1;1157;Poutrelle HEB 200 en acier;;https://www.aciersgrosjean.be/Documents/Products/1157/INFOSTEEL - GRYMAFER - VM2013 - HEB.pdf;38d19fba02f9d73eba9354253a255bb6011ec7ce
INFOSTEEL - GRYMAFER - VM2013 - HEB.pdf (contenu identique);INFOSTEEL - GRYMAFER - VM2013 - HEB.pdf;200;120;1;1159;Poutrelle HEB 220 en acier;;https://www.aciersgrosjean.be/Documents/Products/1159/INFOSTEEL - GRYMAFER - VM2013 - HEB.pdf;38d19fba02f9d73eba9354253a255bb6011ec7ce
INFOSTEEL - GRYMAFER - VM2013 - HEB.pdf (contenu identique);INFOSTEEL - GRYMAFER - VM2013 - HEB.pdf;200;120;1;1161;Poutrelle HEB 240 en acier;;https://www.aciersgrosjean.be/Documents/Products/1161/INFOSTEEL - GRYMAFER - VM2013 - HEB.pdf;38d19fba02f9d73eba9354253a255bb6011ec7ce
INFOSTEEL - GRYMAFER - VM2013 - HEB.pdf (contenu identique);INFOSTEEL - GRYMAFER - VM2013 - HEB.pdf;200;120;1;1163;Poutrelle HEB 260 en acier;;https://www.aciersgrosjean.be/Documents/Products/1163/INFOSTEEL - GRYMAFER - VM2013 - HEB.pdf;38d19fba02f9d73eba9354253a255bb6011ec7ce
INFOSTEEL - GRYMAFER - VM2013 - HEB.pdf (contenu identique);INFOSTEEL - GRYMAFER - VM2013 - HEB.pdf;200;120;1;1165;Poutrelle HEB 280 en acier;;https://www.aciersgrosjean.be/Documents/Products/1165/INFOSTEEL - GRYMAFER - VM2013 - HEB.pdf;38d19fba02f9d73eba9354253a255bb6011ec7ce
INFOSTEEL - GRYMAFER - VM2013 - HEB.pdf (contenu identique);INFOSTEEL - GRYMAFER - VM2013 - HEB.pdf;200;120;1;1167;Poutrelle HEB 300 en acier;;https://www.aciersgrosjean.be/Documents/Products/1167/INFOSTEEL - GRYMAFER - VM2013 - HEB.pdf;38d19fba02f9d73eba9354253a255bb6011ec7ce
CARRE PLEIN.pdf;CARRE PLEIN.pdf;200;59;1;119;Carré plein de 6x6mm en acier;;https://www.aciersgrosjean.be/Documents/Products/119/CARRE PLEIN.pdf;7ef3dc1527b99e7875af0a4dc4014af22d8418e9
CARRE PLEIN.pdf (contenu identique);CARRE PLEIN.pdf;200;59;1;120;Carré plein de 8x8mm en acier;;https://www.aciersgrosjean.be/Documents/Products/120/CARRE PLEIN.pdf;7ef3dc1527b99e7875af0a4dc4014af22d8418e9
CARRE PLEIN.pdf (contenu identique);CARRE PLEIN.pdf;200;59;1;121;Carré plein de 10x10mm en acier;;https://www.aciersgrosjean.be/Documents/Products/121/CARRE PLEIN.pdf;7ef3dc1527b99e7875af0a4dc4014af22d8418e9
CARRE PLEIN.pdf (contenu identique);CARRE PLEIN.pdf;200;59;1;122;Carré plein de 12x12mm en acier;;https://www.aciersgrosjean.be/Documents/Products/122/CARRE PLEIN.pdf;7ef3dc1527b99e7875af0a4dc4014af22d8418e9
CARRE PLEIN.pdf (contenu identique);CARRE PLEIN.pdf;200;59;1;123;Carré plein de 14x14mm en acier;;https://www.aciersgrosjean.be/Documents/Products/123/CARRE PLEIN.pdf;7ef3dc1527b99e7875af0a4dc4014af22d8418e9
INFOSTEEL - GRYMAFER - VM2013 - UPN.pdf;INFOSTEEL - GRYMAFER - VM2013 - UPN.pdf;200;100;1;1243;Poutrelle UPN 80 en acier;;https://www.aciersgrosjean.be/Documents/Products/1243/INFOSTEEL - GRYMAFER - VM2013 - UPN.pdf;1dd09d042adf939a0e56657916a35adf693ac964
INFOSTEEL - GRYMAFER - VM2013 - UPN.pdf (contenu identique);INFOSTEEL - GRYMAFER - VM2013 - UPN.pdf;200;100;1;1244;Poutrelle UPN 100 en acier;;https://www.aciersgrosjean.be/Documents/Products/1244/INFOSTEEL - GRYMAFER - VM2013 - UPN.pdf;1dd09d042adf939a0e56657916a35adf693ac964
INFOSTEEL - GRYMAFER - VM2013 - UPN.pdf (contenu identique);INFOSTEEL - GRYMAFER - VM2013 - UPN.pdf;200;100;1;1245;Poutrelle UPN 120 en acier;;https://www.aciersgrosjean.be/Documents/Products/1245/INFOSTEEL - GRYMAFER - VM2013 - UPN.pdf;1dd09d042adf939a0e56657916a35adf693ac964
INFOSTEEL - GRYMAFER - VM2013 - UPN.pdf (contenu identique);INFOSTEEL - GRYMAFER - VM2013 - UPN.pdf;200;100;1;1246;Poutrelle UPN 140 en acier;;https://www.aciersgrosjean.be/Documents/Products/1246/INFOSTEEL - GRYMAFER - VM2013 - UPN.pdf;1dd09d042adf939a0e56657916a35adf693ac964
INFOSTEEL - GRYMAFER - VM2013 - UPN.pdf (contenu identique);INFOSTEEL - GRYMAFER - VM2013 - UPN.pdf;200;100;1;1247;Poutrelle UPN 160 en acier;;https://www.aciersgrosjean.be/Documents/Products/1247/INFOSTEEL - GRYMAFER - VM2013 - UPN.pdf;1dd09d042adf939a0e56657916a35adf693ac964
INFOSTEEL - GRYMAFER - VM2013 - UPN.pdf (contenu identique);INFOSTEEL - GRYMAFER - VM2013 - UPN.pdf;200;100;1;1248;Poutrelle UPN 180 en acier;;https://www.aciersgrosjean.be/Documents/Products/1248/INFOSTEEL - GRYMAFER - VM2013 - UPN.pdf;1dd09d042adf939a0e56657916a35adf693ac964
INFOSTEEL - GRYMAFER - VM2013 - UPN.pdf (contenu identique);INFOSTEEL - GRYMAFER - VM2013 - UPN.pdf;200;100;1;1249;Poutrelle UPN 200 en acier;;https://www.aciersgrosjean.be/Documents/Products/1249/INFOSTEEL - GRYMAFER - VM2013 - UPN.pdf;1dd09d042adf939a0e56657916a35adf693ac964
CE EGALE LAC.pdf;CE EGALE LAC.pdf;200;99;1;125;Cornière égale 20x20x3mm Acier LAC;;https://www.aciersgrosjean.be/Documents/Products/125/CE EGALE LAC.pdf;483e713b038779df791469e60a01418f33773039
INFOSTEEL - GRYMAFER - VM2013 - UPN.pdf (contenu identique);INFOSTEEL - GRYMAFER - VM2013 - UPN.pdf;200;100;1;1250;Poutrelle UPN 220 en acier;;https://www.aciersgrosjean.be/Documents/Products/1250/INFOSTEEL - GRYMAFER - VM2013 - UPN.pdf;1dd09d042adf939a0e56657916a35adf693ac964
INFOSTEEL - GRYMAFER - VM2013 - UPN.pdf (contenu identique);INFOSTEEL - GRYMAFER - VM2013 - UPN.pdf;200;100;1;1251;Poutrelle UPN 240 en acier;;https://www.aciersgrosjean.be/Documents/Products/1251/INFOSTEEL - GRYMAFER - VM2013 - UPN.pdf;1dd09d042adf939a0e56657916a35adf693ac964
INFOSTEEL - GRYMAFER - VM2013 - UPN.pdf (contenu identique);INFOSTEEL - GRYMAFER - VM2013 - UPN.pdf;200;100;1;1252;Poutrelle UPN 260 en acier;;https://www.aciersgrosjean.be/Documents/Products/1252/INFOSTEEL - GRYMAFER - VM2013 - UPN.pdf;1dd09d042adf939a0e56657916a35adf693ac964
INFOSTEEL - GRYMAFER - VM2013 - UPN.pdf (contenu identique);INFOSTEEL - GRYMAFER - VM2013 - UPN.pdf;200;100;1;1253;Poutrelle UPN 280 en acier;;https://www.aciersgrosjean.be/Documents/Products/1253/INFOSTEEL - GRYMAFER - VM2013 - UPN.pdf;1dd09d042adf939a0e56657916a35adf693ac964
INFOSTEEL - GRYMAFER - VM2013 - UPN.pdf (contenu identique);INFOSTEEL - GRYMAFER - VM2013 - UPN.pdf;200;100;1;1254;Poutrelle UPN 300 en acier;;https://www.aciersgrosjean.be/Documents/Products/1254/INFOSTEEL - GRYMAFER - VM2013 - UPN.pdf;1dd09d042adf939a0e56657916a35adf693ac964
TREILLIS SOUDE EN ACIER POUR LA CONSTRUCTION - ACIERS GROSJEAN-3.pdf;TREILLIS SOUDE EN ACIER POUR LA CONSTRUCTION - ACIERS GROSJEAN-3.pdf;200;180;1;1259;Treillis soudé 50x50x4mm 5m x 2m;;https://www.aciersgrosjean.be/Documents/Products/1259/TREILLIS SOUDE EN ACIER POUR LA CONSTRUCTION - ACIERS GROSJEAN-3.pdf;75ae9f6624acfa2dfc0efe1b383d068a4c4546d0
TREILLIS SOUDE EN ACIER POUR LA CONSTRUCTION - ACIERS GROSJEAN-3.pdf (contenu identique);TREILLIS SOUDE EN ACIER POUR LA CONSTRUCTION - ACIERS GROSJEAN-3.pdf;200;180;1;1260;Treillis soudé 75x75x5mm 5m x 2m;;https://www.aciersgrosjean.be/Documents/Products/1260/TREILLIS SOUDE EN ACIER POUR LA CONSTRUCTION - ACIERS GROSJEAN-3.pdf;75ae9f6624acfa2dfc0efe1b383d068a4c4546d0
TREILLIS SOUDE EN ACIER POUR LA CONSTRUCTION - ACIERS GROSJEAN-3.pdf (contenu identique);TREILLIS SOUDE EN ACIER POUR LA CONSTRUCTION - ACIERS GROSJEAN-3.pdf;200;180;1;1261;Treillis soudé 100x100x5mm 5m x 2m;;https://www.aciersgrosjean.be/Documents/Products/1261/TREILLIS SOUDE EN ACIER POUR LA CONSTRUCTION - ACIERS GROSJEAN-3.pdf;75ae9f6624acfa2dfc0efe1b383d068a4c4546d0
TREILLIS SOUDE EN ACIER POUR LA CONSTRUCTION - ACIERS GROSJEAN-3.pdf (contenu identique);TREILLIS SOUDE EN ACIER POUR LA CONSTRUCTION - ACIERS GROSJEAN-3.pdf;200;180;1;1262;Treillis soudé 100x100x8mm 5m x 2m;;https://www.aciersgrosjean.be/Documents/Products/1262/TREILLIS SOUDE EN ACIER POUR LA CONSTRUCTION - ACIERS GROSJEAN-3.pdf;75ae9f6624acfa2dfc0efe1b383d068a4c4546d0
TREILLIS SOUDE EN ACIER POUR LA CONSTRUCTION - ACIERS GROSJEAN-3.pdf (contenu identique);TREILLIS SOUDE EN ACIER POUR LA CONSTRUCTION - ACIERS GROSJEAN-3.pdf;200;180;1;1263;Treillis soudé 100x100x10mm 5m x 2m;;https://www.aciersgrosjean.be/Documents/Products/1263/TREILLIS SOUDE EN ACIER POUR LA CONSTRUCTION - ACIERS GROSJEAN-3.pdf;75ae9f6624acfa2dfc0efe1b383d068a4c4546d0
AG - TS - 150x5 - 5000x2000 - P_130_A.pdf;AG - TS - 150x5 - 5000x2000 - P_130_A.pdf;200;128;1;1265;Treillis soudé 150x150x5mm 5m x 2m;;https://www.aciersgrosjean.be/Documents/Products/1265/AG - TS - 150x5 - 5000x2000 - P_130_A.pdf;d02e4621c7f19cf0f52bf179d1f383d47046403a
AG - TS - 150x6 - 5000x2000 - P_188_A.pdf;AG - TS - 150x6 - 5000x2000 - P_188_A.pdf;200;128;1;1266;Treillis soudé 150x150x6mm 5m x 2m;;https://www.aciersgrosjean.be/Documents/Products/1266/AG - TS - 150x6 - 5000x2000 - P_188_A.pdf;685de80d3c8973a9787a3f2713fa65d8043aac4d
AG - TS - 150x8 - 5000x2000 -  P_335_A.pdf;AG - TS - 150x8 - 5000x2000 -  P_335_A.pdf;200;139;1;1267;Treillis soudé 150x150x8mm 5m x 2m;;https://www.aciersgrosjean.be/Documents/Products/1267/AG - TS - 150x8 - 5000x2000 -  P_335_A.pdf;7ef408a8411e4cb925c87bb514460392576231e2
AG - TS - 150x10 - 5000x2000 - P_524_A.pdf;AG - TS - 150x10 - 5000x2000 - P_524_A.pdf;200;139;1;1268;Treillis soudé 150x150x10mm 5m x 2m;;https://www.aciersgrosjean.be/Documents/Products/1268/AG - TS - 150x10 - 5000x2000 - P_524_A.pdf;d5e115e859c830c30b25e3d604d87231e9f9ce6a
CE EGALE LAC.pdf (contenu identique);CE EGALE LAC.pdf;200;99;1;127;Cornière égale 25x25x3mm Acier LAC;;https://www.aciersgrosjean.be/Documents/Products/127/CE EGALE LAC.pdf;483e713b038779df791469e60a01418f33773039
TREILLIS SOUDE EN ACIER POUR LA CONSTRUCTION - ACIERS GROSJEAN-3.pdf (contenu identique);TREILLIS SOUDE EN ACIER POUR LA CONSTRUCTION - ACIERS GROSJEAN-3.pdf;200;180;1;1270;Treillis soudé 150x150x5mm 3m x 2m;;https://www.aciersgrosjean.be/Documents/Products/1270/TREILLIS SOUDE EN ACIER POUR LA CONSTRUCTION - ACIERS GROSJEAN-3.pdf;75ae9f6624acfa2dfc0efe1b383d068a4c4546d0
TREILLIS SOUDE EN ACIER POUR LA CONSTRUCTION - ACIERS GROSJEAN-3.pdf (contenu identique);TREILLIS SOUDE EN ACIER POUR LA CONSTRUCTION - ACIERS GROSJEAN-3.pdf;200;180;1;1271;Treillis soudé 150x150x6mm 3m x 2m;;https://www.aciersgrosjean.be/Documents/Products/1271/TREILLIS SOUDE EN ACIER POUR LA CONSTRUCTION - ACIERS GROSJEAN-3.pdf;75ae9f6624acfa2dfc0efe1b383d068a4c4546d0
TREILLIS SOUDE EN ACIER POUR LA CONSTRUCTION - ACIERS GROSJEAN-3.pdf (contenu identique);TREILLIS SOUDE EN ACIER POUR LA CONSTRUCTION - ACIERS GROSJEAN-3.pdf;200;180;1;1272;Treillis soudé 150x150x8mm 3m x 2m;;https://www.aciersgrosjean.be/Documents/Products/1272/TREILLIS SOUDE EN ACIER POUR LA CONSTRUCTION - ACIERS GROSJEAN-3.pdf;75ae9f6624acfa2dfc0efe1b383d068a4c4546d0
TREILLIS SOUDE EN ACIER POUR LA CONSTRUCTION - ACIERS GROSJEAN-3.pdf (contenu identique);TREILLIS SOUDE EN ACIER POUR LA CONSTRUCTION - ACIERS GROSJEAN-3.pdf;200;180;1;1273;Treillis soudé 150x150x5mm 2m x 1m;;https://www.aciersgrosjean.be/Documents/Products/1273/TREILLIS SOUDE EN ACIER POUR LA CONSTRUCTION - ACIERS GROSJEAN-3.pdf;75ae9f6624acfa2dfc0efe1b383d068a4c4546d0
TREILLIS SOUDE EN ACIER POUR LA CONSTRUCTION - ACIERS GROSJEAN-3.pdf (contenu identique);TREILLIS SOUDE EN ACIER POUR LA CONSTRUCTION - ACIERS GROSJEAN-3.pdf;200;180;1;1274;Treillis soudé galvanisé 50x50x4mm 3m x 2m;;https://www.aciersgrosjean.be/Documents/Products/1274/TREILLIS SOUDE EN ACIER POUR LA CONSTRUCTION - ACIERS GROSJEAN-3.pdf;75ae9f6624acfa2dfc0efe1b383d068a4c4546d0
TREILLIS SOUDE EN ACIER POUR LA CONSTRUCTION - ACIERS GROSJEAN-3.pdf (contenu identique);TREILLIS SOUDE EN ACIER POUR LA CONSTRUCTION - ACIERS GROSJEAN-3.pdf;200;180;1;1275;Treillis soudé galvanisé 50x50x4mm 5m x 2m;;https://www.aciersgrosjean.be/Documents/Products/1275/TREILLIS SOUDE EN ACIER POUR LA CONSTRUCTION - ACIERS GROSJEAN-3.pdf;75ae9f6624acfa2dfc0efe1b383d068a4c4546d0
ACIERS GROSJEAN - TP - 30-200.pdf;ACIERS GROSJEAN - TP - 30-200.pdf;200;392;1;1332;Tôle 30.200.1000 - RAL 7016 - 200X105cm;;https://www.aciersgrosjean.be/Documents/Products/1332/ACIERS GROSJEAN - TP - 30-200.pdf;941aed343cca9012aa86424ee0cd54beda14a261
ACIERS GROSJEAN - TP - 30-200.pdf (contenu identique);ACIERS GROSJEAN - TP - 30-200.pdf;200;392;1;1333;Tôle 30.200.1000 - RAL 7016 - 250X105cm;;https://www.aciersgrosjean.be/Documents/Products/1333/ACIERS GROSJEAN - TP - 30-200.pdf;941aed343cca9012aa86424ee0cd54beda14a261
ACIERS GROSJEAN - TP - 30-200.pdf (contenu identique);ACIERS GROSJEAN - TP - 30-200.pdf;200;392;1;1334;Tôle 30.200.1000 - RAL 7016 - 300X105cm;;https://www.aciersgrosjean.be/Documents/Products/1334/ACIERS GROSJEAN - TP - 30-200.pdf;941aed343cca9012aa86424ee0cd54beda14a261
ACIERS GROSJEAN - TP - 30-200.pdf (contenu identique);ACIERS GROSJEAN - TP - 30-200.pdf;200;392;1;1335;Tôle 30.200.1000 - RAL 7016 - 350X105cm;;https://www.aciersgrosjean.be/Documents/Products/1335/ACIERS GROSJEAN - TP - 30-200.pdf;941aed343cca9012aa86424ee0cd54beda14a261
ACIERS GROSJEAN - TP - 30-200.pdf (contenu identique);ACIERS GROSJEAN - TP - 30-200.pdf;200;392;1;1336;Tôle 30.200.1000 - RAL 7016 - 400X105cm;;https://www.aciersgrosjean.be/Documents/Products/1336/ACIERS GROSJEAN - TP - 30-200.pdf;941aed343cca9012aa86424ee0cd54beda14a261
ACIERS GROSJEAN - TP - 30-200.pdf (contenu identique);ACIERS GROSJEAN - TP - 30-200.pdf;200;392;1;1337;Tôle 30.200.1000 - RAL 7016 - 450X105cm;;https://www.aciersgrosjean.be/Documents/Products/1337/ACIERS GROSJEAN - TP - 30-200.pdf;941aed343cca9012aa86424ee0cd54beda14a261
ACIERS GROSJEAN - TP - 30-200.pdf (contenu identique);ACIERS GROSJEAN - TP - 30-200.pdf;200;392;1;1338;Tôle 30.200.1000 - RAL 7016 - 500X105cm;;https://www.aciersgrosjean.be/Documents/Products/1338/ACIERS GROSJEAN - TP - 30-200.pdf;941aed343cca9012aa86424ee0cd54beda14a261
GROUPE ACIER GROSJEAN - BOIS - Vis TH 050-(1)63(0)L A33-1 FT.pdf;GROUPE ACIER GROSJEAN - BOIS - Vis TH 050-(1)63(0)L A33-1 FT.pdf;200;130;1;1343;Vis à bois 6,3x 75 - tête hexagonale de 10mm;;https://www.aciersgrosjean.be/Documents/Products/1343/GROUPE ACIER GROSJEAN - BOIS - Vis TH 050-(1)63(0)L A33-1 FT.pdf;c0387c9669dd06e58bcf4a59291162ece831e5ab
GROUPE ACIER GROSJEAN - BOIS - Vis TH 050-(1)63(0)L A33-1 FT.pdf (contenu identique);GROUPE ACIER GROSJEAN - BOIS - Vis TH 050-(1)63(0)L A33-1 FT.pdf;200;130;1;1344;Vis à bois 6,3x 100 - tête hexagonale de 10mm;;https://www.aciersgrosjean.be/Documents/Products/1344/GROUPE ACIER GROSJEAN - BOIS - Vis TH 050-(1)63(0)L A33-1 FT.pdf;c0387c9669dd06e58bcf4a59291162ece831e5ab
GROUPE ACIER GROSJEAN - BOIS - Vis TH 050-(1)63(0)L A33-1 FT.pdf (contenu identique);GROUPE ACIER GROSJEAN - BOIS - Vis TH 050-(1)63(0)L A33-1 FT.pdf;200;130;1;1345;Vis à bois 6,3x 130 - tête hexagonale de 10mm;;https://www.aciersgrosjean.be/Documents/Products/1345/GROUPE ACIER GROSJEAN - BOIS - Vis TH 050-(1)63(0)L A33-1 FT.pdf;c0387c9669dd06e58bcf4a59291162ece831e5ab
GROUPE ACIER GROSJEAN - BOIS - Vis TH 050-(1)63(0)L A33-1 FT.pdf (contenu identique);GROUPE ACIER GROSJEAN - BOIS - Vis TH 050-(1)63(0)L A33-1 FT.pdf;200;130;1;1346;Vis à bois 6,3x 150 - tête hexagonale de 10mm;;https://www.aciersgrosjean.be/Documents/Products/1346/GROUPE ACIER GROSJEAN - BOIS - Vis TH 050-(1)63(0)L A33-1 FT.pdf;c0387c9669dd06e58bcf4a59291162ece831e5ab
LARGE PLAT 4.pdf;LARGE PLAT 4.pdf;200;118;1;135;Large plat en acier laminé à chaud 160x10mm;;https://www.aciersgrosjean.be/Documents/Products/135/LARGE PLAT 4.pdf;37be238b4cd94b282913b6a06e2837c8e9e6fcc4
GROUPE ACIERS GROSJEAN - ACIER - Vis TH 050-(1)63(0)L A33-1 FT.pdf;GROUPE ACIERS GROSJEAN - ACIER - Vis TH 050-(1)63(0)L A33-1 FT.pdf;200;445;1;1353;Vis autoforante pour acier 6,3x 65 - tête hexagonale de 10mm;;https://www.aciersgrosjean.be/Documents/Products/1353/GROUPE ACIERS GROSJEAN - ACIER - Vis TH 050-(1)63(0)L A33-1 FT.pdf;a3ad6753770028b0577a89a839d3cba4c7b05049
GROUPE ACIERS GROSJEAN - ACIER - Vis TH 050-(1)63(0)L A33-1 FT.pdf (contenu identique);GROUPE ACIERS GROSJEAN - ACIER - Vis TH 050-(1)63(0)L A33-1 FT.pdf;200;445;1;1356;Vis autoforante pour acier 6,3x 100 - tête hexagonale de 10mm;;https://www.aciersgrosjean.be/Documents/Products/1356/GROUPE ACIERS GROSJEAN - ACIER - Vis TH 050-(1)63(0)L A33-1 FT.pdf;a3ad6753770028b0577a89a839d3cba4c7b05049
LARGE PLAT 4.pdf (contenu identique);LARGE PLAT 4.pdf;200;118;1;138;Large plat 180x10mm en acier laminé à chaud;;https://www.aciersgrosjean.be/Documents/Products/138/LARGE PLAT 4.pdf;37be238b4cd94b282913b6a06e2837c8e9e6fcc4
3(2).pdf;3(2).pdf;200;90;1;139;Plat 10x3mm en acier laminé à chaud;;https://www.aciersgrosjean.be/Documents/Products/139/3(2).pdf;a3b1767dc218ca5dccea1b3b658bc122f1894f46
ROND LISSE 3(1).pdf;ROND LISSE 3(1).pdf;200;53;1;144;Rond lisse 16mm en acier laminée à chaud;;https://www.aciersgrosjean.be/Documents/Products/144/ROND LISSE 3(1).pdf;c96ac496589b09157155174590fda17a1496f109
ROND LISSE 3(1).pdf (contenu identique);ROND LISSE 3.pdf;200;53;1;145;Rond lisse 6mm en acier laminée à chaud;;https://www.aciersgrosjean.be/Documents/Products/145/ROND LISSE 3.pdf;c96ac496589b09157155174590fda17a1496f109
ROND LISSE 3(1).pdf (contenu identique);ROND LISSE 3.pdf;200;53;1;146;Rond lisse 8mm en acier laminée à chaud;;https://www.aciersgrosjean.be/Documents/Products/146/ROND LISSE 3.pdf;c96ac496589b09157155174590fda17a1496f109
ROND LISSE 3(1).pdf (contenu identique);ROND LISSE 3(1).pdf;200;53;1;147;Rond lisse 10mm en acier laminée à chaud;;https://www.aciersgrosjean.be/Documents/Products/147/ROND LISSE 3(1).pdf;c96ac496589b09157155174590fda17a1496f109
ROND LISSE 3(1).pdf (contenu identique);ROND LISSE 3(1).pdf;200;53;1;148;Rond lisse 12mm en acier laminée à chaud;;https://www.aciersgrosjean.be/Documents/Products/148/ROND LISSE 3(1).pdf;c96ac496589b09157155174590fda17a1496f109
AG - CLONOR - CLOPLUS 40 - NOTICE DE POSE.pdf;AG - CLONOR - CLOPLUS 40 - NOTICE DE POSE.pdf;200;600;1;1501;POTEAU DE CLOTURE CLOPLUS 40 – 2M00 - VERT RAL 6005;;https://www.aciersgrosjean.be/Documents/Products/1501/AG - CLONOR - CLOPLUS 40 - NOTICE DE POSE.pdf;cab13eefe5be2c397aca9a380e42d86bf1082ab7
GAG - FT-CP40-Plis205.pdf;GAG - FT-CP40-Plis205.pdf;200;601;1;1501;POTEAU DE CLOTURE CLOPLUS 40 – 2M00 - VERT RAL 6005;;https://www.aciersgrosjean.be/Documents/Products/1501/GAG - FT-CP40-Plis205.pdf;04ad2b45b95bc2ab247f9b3a03866b422c0506e5
AG - CLONOR - CLOPLUS 40 - NOTICE DE POSE.pdf (contenu identique);AG - CLONOR - CLOPLUS 40 - NOTICE DE POSE.pdf;200;600;1;1502;POTEAU DE CLOTURE CLOPLUS 40 – 2M30 - VERT RAL 6005;;https://www.aciersgrosjean.be/Documents/Products/1502/AG - CLONOR - CLOPLUS 40 - NOTICE DE POSE.pdf;cab13eefe5be2c397aca9a380e42d86bf1082ab7
GAG - FT-CP40-Plis205.pdf (contenu identique);GAG - FT-CP40-Plis205.pdf;200;601;1;1502;POTEAU DE CLOTURE CLOPLUS 40 – 2M30 - VERT RAL 6005;;https://www.aciersgrosjean.be/Documents/Products/1502/GAG - FT-CP40-Plis205.pdf;04ad2b45b95bc2ab247f9b3a03866b422c0506e5
AG - CLONOR - CLOPLUS 40 - NOTICE DE POSE.pdf (contenu identique);AG - CLONOR - CLOPLUS 40 - NOTICE DE POSE.pdf;200;600;1;1503;POTEAU DE CLOTURE CLOPLUS 40 – 2M50 - VERT RAL 6005;;https://www.aciersgrosjean.be/Documents/Products/1503/AG - CLONOR - CLOPLUS 40 - NOTICE DE POSE.pdf;cab13eefe5be2c397aca9a380e42d86bf1082ab7
GAG - FT-CP40-Plis205.pdf (contenu identique);GAG - FT-CP40-Plis205.pdf;200;601;1;1503;POTEAU DE CLOTURE CLOPLUS 40 – 2M50 - VERT RAL 6005;;https://www.aciersgrosjean.be/Documents/Products/1503/GAG - FT-CP40-Plis205.pdf;04ad2b45b95bc2ab247f9b3a03866b422c0506e5
AG - CLONOR - CLOPLUS 40 - NOTICE DE POSE.pdf (contenu identique);AG - CLONOR - CLOPLUS 40 - NOTICE DE POSE.pdf;200;600;1;1504;POTEAU DE CLOTURE CLOPLUS 40 – 2M00 - NOIR RAL 9005;;https://www.aciersgrosjean.be/Documents/Products/1504/AG - CLONOR - CLOPLUS 40 - NOTICE DE POSE.pdf;cab13eefe5be2c397aca9a380e42d86bf1082ab7
GAG - FT-CP40-Plis205.pdf (contenu identique);GAG - FT-CP40-Plis205.pdf;200;601;1;1504;POTEAU DE CLOTURE CLOPLUS 40 – 2M00 - NOIR RAL 9005;;https://www.aciersgrosjean.be/Documents/Products/1504/GAG - FT-CP40-Plis205.pdf;04ad2b45b95bc2ab247f9b3a03866b422c0506e5
AG - CLONOR - CLOPLUS 40 - NOTICE DE POSE.pdf (contenu identique);AG - CLONOR - CLOPLUS 40 - NOTICE DE POSE.pdf;200;600;1;1505;POTEAU DE CLOTURE CLOPLUS 40 – 2M30 - NOIR RAL 9005;;https://www.aciersgrosjean.be/Documents/Products/1505/AG - CLONOR - CLOPLUS 40 - NOTICE DE POSE.pdf;cab13eefe5be2c397aca9a380e42d86bf1082ab7
GAG - FT-CP40-Plis205.pdf (contenu identique);GAG - FT-CP40-Plis205.pdf;200;601;1;1505;POTEAU DE CLOTURE CLOPLUS 40 – 2M30 - NOIR RAL 9005;;https://www.aciersgrosjean.be/Documents/Products/1505/GAG - FT-CP40-Plis205.pdf;04ad2b45b95bc2ab247f9b3a03866b422c0506e5
AG - CLONOR - CLOPLUS 40 - NOTICE DE POSE.pdf (contenu identique);AG - CLONOR - CLOPLUS 40 - NOTICE DE POSE.pdf;200;600;1;1506;POTEAU DE CLOTURE CLOPLUS 40 – 2M50 - NOIR RAL 9005;;https://www.aciersgrosjean.be/Documents/Products/1506/AG - CLONOR - CLOPLUS 40 - NOTICE DE POSE.pdf;cab13eefe5be2c397aca9a380e42d86bf1082ab7
GAG - FT-CP40-Plis205.pdf (contenu identique);GAG - FT-CP40-Plis205.pdf;200;601;1;1506;POTEAU DE CLOTURE CLOPLUS 40 – 2M50 - NOIR RAL 9005;;https://www.aciersgrosjean.be/Documents/Products/1506/GAG - FT-CP40-Plis205.pdf;04ad2b45b95bc2ab247f9b3a03866b422c0506e5
AG - CLONOR - CLOPLUS 40 - NOTICE DE POSE.pdf (contenu identique);AG - CLONOR - CLOPLUS 40 - NOTICE DE POSE.pdf;200;600;1;1507;POTEAU DE CLOTURE CLOPLUS 40 – 2M00 - GRIS RAL 7016;;https://www.aciersgrosjean.be/Documents/Products/1507/AG - CLONOR - CLOPLUS 40 - NOTICE DE POSE.pdf;cab13eefe5be2c397aca9a380e42d86bf1082ab7
GAG - FT-CP40-Plis205.pdf (contenu identique);GAG - FT-CP40-Plis205.pdf;200;601;1;1507;POTEAU DE CLOTURE CLOPLUS 40 – 2M00 - GRIS RAL 7016;;https://www.aciersgrosjean.be/Documents/Products/1507/GAG - FT-CP40-Plis205.pdf;04ad2b45b95bc2ab247f9b3a03866b422c0506e5
AG - CLONOR - CLOPLUS 40 - NOTICE DE POSE.pdf (contenu identique);AG - CLONOR - CLOPLUS 40 - NOTICE DE POSE.pdf;200;600;1;1508;POTEAU DE CLOTURE CLOPLUS 40 – 2M30 - GRIS RAL 7016;;https://www.aciersgrosjean.be/Documents/Products/1508/AG - CLONOR - CLOPLUS 40 - NOTICE DE POSE.pdf;cab13eefe5be2c397aca9a380e42d86bf1082ab7
GAG - FT-CP40-Plis205.pdf (contenu identique);GAG - FT-CP40-Plis205.pdf;200;601;1;1508;POTEAU DE CLOTURE CLOPLUS 40 – 2M30 - GRIS RAL 7016;;https://www.aciersgrosjean.be/Documents/Products/1508/GAG - FT-CP40-Plis205.pdf;04ad2b45b95bc2ab247f9b3a03866b422c0506e5
AG - CLONOR - CLOPLUS 40 - NOTICE DE POSE.pdf (contenu identique);AG - CLONOR - CLOPLUS 40 - NOTICE DE POSE.pdf;200;600;1;1509;POTEAU DE CLOTURE CLOPLUS 40 – 2M50 - GRIS RAL 7016;;https://www.aciersgrosjean.be/Documents/Products/1509/AG - CLONOR - CLOPLUS 40 - NOTICE DE POSE.pdf;cab13eefe5be2c397aca9a380e42d86bf1082ab7
GAG - FT-CP40-Plis205.pdf (contenu identique);GAG - FT-CP40-Plis205.pdf;200;601;1;1509;POTEAU DE CLOTURE CLOPLUS 40 – 2M50 - GRIS RAL 7016;;https://www.aciersgrosjean.be/Documents/Products/1509/GAG - FT-CP40-Plis205.pdf;04ad2b45b95bc2ab247f9b3a03866b422c0506e5
GAG - FT-CG64-Plis205.pdf;GAG - FT-CG64-Plis205.pdf;200;440;1;1520;POTEAU DE CLÔTURE CLOGRIFF 64 – 2M00 - VERT RAL 6005;;https://www.aciersgrosjean.be/Documents/Products/1520/GAG - FT-CG64-Plis205.pdf;f97fa44f2475f3a7851e55d7195e606a540c2d20
GAG - FT-CG64-Plis205.pdf (contenu identique);GAG - FT-CG64-Plis205.pdf;200;440;1;1521;POTEAU DE CLÔTURE CLOGRIFF 64 – 2M30 - VERT RAL 6005;;https://www.aciersgrosjean.be/Documents/Products/1521/GAG - FT-CG64-Plis205.pdf;f97fa44f2475f3a7851e55d7195e606a540c2d20
GAG - FT-CG64-Plis205.pdf (contenu identique);GAG - FT-CG64-Plis205.pdf;200;440;1;1522;POTEAU DE CLÔTURE CLOGRIFF 64 – 2M50 - VERT RAL 6005;;https://www.aciersgrosjean.be/Documents/Products/1522/GAG - FT-CG64-Plis205.pdf;f97fa44f2475f3a7851e55d7195e606a540c2d20
GAG - FT-CG64-Plis205.pdf (contenu identique);GAG - FT-CG64-Plis205.pdf;200;440;1;1524;POTEAU DE CLÔTURE CLOGRIFF 64 – 2M00 - NOIR RAL 9005;;https://www.aciersgrosjean.be/Documents/Products/1524/GAG - FT-CG64-Plis205.pdf;f97fa44f2475f3a7851e55d7195e606a540c2d20
GAG - FT-CG64-Plis205.pdf (contenu identique);GAG - FT-CG64-Plis205.pdf;200;440;1;1525;POTEAU DE CLÔTURE CLOGRIFF 64 – 2M30 - NOIR RAL 9005;;https://www.aciersgrosjean.be/Documents/Products/1525/GAG - FT-CG64-Plis205.pdf;f97fa44f2475f3a7851e55d7195e606a540c2d20
GAG - FT-CG64-Plis205.pdf (contenu identique);GAG - FT-CG64-Plis205.pdf;200;440;1;1526;POTEAU DE CLÔTURE CLOGRIFF 64 – 2M50 - NOIR RAL 9005;;https://www.aciersgrosjean.be/Documents/Products/1526/GAG - FT-CG64-Plis205.pdf;f97fa44f2475f3a7851e55d7195e606a540c2d20
GAG - FT-CG64-Plis205.pdf (contenu identique);GAG - FT-CG64-Plis205.pdf;200;440;1;1528;POTEAU DE CLÔTURE CLOGRIFF 64 – 2M00 -GRIS RAL 7016;;https://www.aciersgrosjean.be/Documents/Products/1528/GAG - FT-CG64-Plis205.pdf;f97fa44f2475f3a7851e55d7195e606a540c2d20
AG - CLONOR - CLOGRIFF 64 - NOTICE DE POSE.pdf;AG - CLONOR - CLOGRIFF 64 - NOTICE DE POSE.pdf;200;677;1;1533;PANNEAUX PLIS 205 Fils 5/5 – 3D - H. 1m73 – NOIR RAL 9005;;https://www.aciersgrosjean.be/Documents/Products/1533/AG - CLONOR - CLOGRIFF 64 - NOTICE DE POSE.pdf;16bfb33befc34bd8ac5921c00f715d24e09cd8ee
GAG - FT-CP40-Plis205.pdf (contenu identique);GAG - FT-CP40-Plis205.pdf;200;601;1;1533;PANNEAUX PLIS 205 Fils 5/5 – 3D - H. 1m73 – NOIR RAL 9005;;https://www.aciersgrosjean.be/Documents/Products/1533/GAG - FT-CP40-Plis205.pdf;04ad2b45b95bc2ab247f9b3a03866b422c0506e5
AG - CLONOR - CLOGRIFF 64 - NOTICE DE POSE.pdf (contenu identique);AG - CLONOR - CLOGRIFF 64 - NOTICE DE POSE.pdf;200;677;1;1534;PANNEAUX PLIS 205 Fils 5/5 – 3D - H. 1m93 – NOIR RAL 9005;;https://www.aciersgrosjean.be/Documents/Products/1534/AG - CLONOR - CLOGRIFF 64 - NOTICE DE POSE.pdf;16bfb33befc34bd8ac5921c00f715d24e09cd8ee
GAG - FT-CP40-Plis205.pdf (contenu identique);GAG - FT-CP40-Plis205.pdf;200;601;1;1534;PANNEAUX PLIS 205 Fils 5/5 – 3D - H. 1m93 – NOIR RAL 9005;;https://www.aciersgrosjean.be/Documents/Products/1534/GAG - FT-CP40-Plis205.pdf;04ad2b45b95bc2ab247f9b3a03866b422c0506e5
AG - CLONOR - CLOGRIFF 64 - NOTICE DE POSE.pdf (contenu identique);AG - CLONOR - CLOGRIFF 64 - NOTICE DE POSE.pdf;200;677;1;1536;PANNEAUX PLIS 205 Fils 5/5 – 3D - H. 1m73 – GRIS 7016;;https://www.aciersgrosjean.be/Documents/Products/1536/AG - CLONOR - CLOGRIFF 64 - NOTICE DE POSE.pdf;16bfb33befc34bd8ac5921c00f715d24e09cd8ee
AG - CLONOR - CLOPLUS 40 - NOTICE DE POSE.pdf (contenu identique);AG - CLONOR - CLOPLUS 40 - NOTICE DE POSE(1).pdf;200;600;1;1536;PANNEAUX PLIS 205 Fils 5/5 – 3D - H. 1m73 – GRIS 7016;;https://www.aciersgrosjean.be/Documents/Products/1536/AG - CLONOR - CLOPLUS 40 - NOTICE DE POSE(1).pdf;cab13eefe5be2c397aca9a380e42d86bf1082ab7
AG - CLONOR - CLOGRIFF 64 - NOTICE DE POSE.pdf (contenu identique);AG - CLONOR - CLOGRIFF 64 - NOTICE DE POSE.pdf;200;677;1;1537;PANNEAUX PLIS 205 Fils 5/5 – 3D - H. 1m93 – GRIS 7016;;https://www.aciersgrosjean.be/Documents/Products/1537/AG - CLONOR - CLOGRIFF 64 - NOTICE DE POSE.pdf;16bfb33befc34bd8ac5921c00f715d24e09cd8ee
AG - CLONOR - CLOPLUS 40 - NOTICE DE POSE.pdf (contenu identique);AG - CLONOR - CLOPLUS 40 - NOTICE DE POSE.pdf;200;600;1;1537;PANNEAUX PLIS 205 Fils 5/5 – 3D - H. 1m93 – GRIS 7016;;https://www.aciersgrosjean.be/Documents/Products/1537/AG - CLONOR - CLOPLUS 40 - NOTICE DE POSE.pdf;cab13eefe5be2c397aca9a380e42d86bf1082ab7
AG - CLONOR - CLOPLUS 40 - NOTICE DE POSE.pdf (contenu identique);AG - CLONOR - CLOPLUS 40 - NOTICE DE POSE.pdf;200;600;1;1538;PANNEAUX MEDIUM 3D Fils 5/4 – H.1m53 – VERT RAL 6005;;https://www.aciersgrosjean.be/Documents/Products/1538/AG - CLONOR - CLOPLUS 40 - NOTICE DE POSE.pdf;cab13eefe5be2c397aca9a380e42d86bf1082ab7
AG - CLONOR - CLOPLUS 40 - NOTICE DE POSE.pdf (contenu identique);AG - CLONOR - CLOPLUS 40 - NOTICE DE POSE.pdf;200;600;1;1539;PANNEAUX MEDIUM 3D Fils 5/4 – H.1m73 – VERT RAL 6005;;https://www.aciersgrosjean.be/Documents/Products/1539/AG - CLONOR - CLOPLUS 40 - NOTICE DE POSE.pdf;cab13eefe5be2c397aca9a380e42d86bf1082ab7
FER-T ACIERS GROSJEAN 4(1).pdf;FER-T ACIERS GROSJEAN 4(1).pdf;200;78;1;154;Fer en T 20x3mm en acier laminé à chaud;;https://www.aciersgrosjean.be/Documents/Products/154/FER-T ACIERS GROSJEAN 4(1).pdf;459436c68c81f1aa5534bea66f06d319577fdd5a
AG - CLONOR - CLOPLUS 40 - NOTICE DE POSE.pdf (contenu identique);AG - CLONOR - CLOPLUS 40 - NOTICE DE POSE.pdf;200;600;1;1540;PANNEAUX MEDIUM 3D Fils 5/4 – H.1m93 – VERT RAL 6005;;https://www.aciersgrosjean.be/Documents/Products/1540/AG - CLONOR - CLOPLUS 40 - NOTICE DE POSE.pdf;cab13eefe5be2c397aca9a380e42d86bf1082ab7
AG - CLONOR - CLOPLUS 40 - NOTICE DE POSE.pdf (contenu identique);AG - CLONOR - CLOPLUS 40 - NOTICE DE POSE.pdf;200;600;1;1541;PANNEAUX MEDIUM 3D Fils 5/4 – H.1m53 – NOIR RAL 9005;;https://www.aciersgrosjean.be/Documents/Products/1541/AG - CLONOR - CLOPLUS 40 - NOTICE DE POSE.pdf;cab13eefe5be2c397aca9a380e42d86bf1082ab7
AG - CLONOR - CLOPLUS 40 - NOTICE DE POSE.pdf (contenu identique);AG - CLONOR - CLOPLUS 40 - NOTICE DE POSE.pdf;200;600;1;1542;PANNEAUX MEDIUM 3D Fils 5/4 – H.1m73 – NOIR RAL 9005;;https://www.aciersgrosjean.be/Documents/Products/1542/AG - CLONOR - CLOPLUS 40 - NOTICE DE POSE.pdf;cab13eefe5be2c397aca9a380e42d86bf1082ab7
AG - CLONOR - CLOPLUS 40 - NOTICE DE POSE.pdf (contenu identique);AG - CLONOR - CLOPLUS 40 - NOTICE DE POSE.pdf;200;600;1;1543;PANNEAUX MEDIUM 3D Fils 5/4 – H.1m93 – NOIR RAL 9005;;https://www.aciersgrosjean.be/Documents/Products/1543/AG - CLONOR - CLOPLUS 40 - NOTICE DE POSE.pdf;cab13eefe5be2c397aca9a380e42d86bf1082ab7
AG - CLONOR - CLOPLUS 40 - NOTICE DE POSE.pdf (contenu identique);AG - CLONOR - CLOPLUS 40 - NOTICE DE POSE.pdf;200;600;1;1544;PANNEAUX MEDIUM 3D Fils 5/4 – H.1m53 – GRIS RAL 7016;;https://www.aciersgrosjean.be/Documents/Products/1544/AG - CLONOR - CLOPLUS 40 - NOTICE DE POSE.pdf;cab13eefe5be2c397aca9a380e42d86bf1082ab7
AG - CLONOR - CLOPLUS 40 - NOTICE DE POSE.pdf (contenu identique);AG - CLONOR - CLOPLUS 40 - NOTICE DE POSE.pdf;200;600;1;1545;PANNEAUX MEDIUM 3D Fils 5/4 – H.1m73 – GRIS RAL 7016;;https://www.aciersgrosjean.be/Documents/Products/1545/AG - CLONOR - CLOPLUS 40 - NOTICE DE POSE.pdf;cab13eefe5be2c397aca9a380e42d86bf1082ab7
AG - CLONOR - CLOPLUS 40 - NOTICE DE POSE.pdf (contenu identique);AG - CLONOR - CLOPLUS 40 - NOTICE DE POSE.pdf;200;600;1;1546;PANNEAUX MEDIUM 3D Fils 5/4 – H.1m93 – GRIS RAL 7016;;https://www.aciersgrosjean.be/Documents/Products/1546/AG - CLONOR - CLOPLUS 40 - NOTICE DE POSE.pdf;cab13eefe5be2c397aca9a380e42d86bf1082ab7
FER-T ACIERS GROSJEAN 4(1).pdf (contenu identique);FER-T ACIERS GROSJEAN 4(1).pdf;200;78;1;155;Fer en T 30x4mm en acier laminé à chaud;;https://www.aciersgrosjean.be/Documents/Products/155/FER-T ACIERS GROSJEAN 4(1).pdf;459436c68c81f1aa5534bea66f06d319577fdd5a
FER-T ACIERS GROSJEAN 4(1).pdf (contenu identique);FER-T ACIERS GROSJEAN 4.pdf;200;78;1;156;Fer en T 40x5mm en acier laminé à chaud;;https://www.aciersgrosjean.be/Documents/Products/156/FER-T ACIERS GROSJEAN 4.pdf;459436c68c81f1aa5534bea66f06d319577fdd5a
lattonedil-eurocopre-monolamiera-ag.pdf (contenu identique);ACIERS GROSJEAN - LATTONEDIL EUROCOPRE MONOLAMIERA.pdf;200;443;1;1566;Panneau isolé ECO 30mm – 260x105cm - RAL 7016;;https://www.aciersgrosjean.be/Documents/Products/1566/ACIERS GROSJEAN - LATTONEDIL EUROCOPRE MONOLAMIERA.pdf;5a6e36aafa35c56877f0ac9baf5db74cea5eab95
lattonedil-eurocopre-monolamiera-ag.pdf (contenu identique);ACIERS GROSJEAN - LATTONEDIL EUROCOPRE MONOLAMIERA.pdf;200;443;1;1567;Panneau isolé ECO 30mm – 310x105cm - RAL 7016;;https://www.aciersgrosjean.be/Documents/Products/1567/ACIERS GROSJEAN - LATTONEDIL EUROCOPRE MONOLAMIERA.pdf;5a6e36aafa35c56877f0ac9baf5db74cea5eab95
lattonedil-eurocopre-monolamiera-ag.pdf (contenu identique);ACIERS GROSJEAN - LATTONEDIL EUROCOPRE MONOLAMIERA.pdf;200;443;1;1568;Panneau isolé ECO 30mm – 360x105cm - RAL 7016;;https://www.aciersgrosjean.be/Documents/Products/1568/ACIERS GROSJEAN - LATTONEDIL EUROCOPRE MONOLAMIERA.pdf;5a6e36aafa35c56877f0ac9baf5db74cea5eab95
lattonedil-eurocopre-monolamiera-ag.pdf (contenu identique);ACIERS GROSJEAN - LATTONEDIL EUROCOPRE MONOLAMIERA.pdf;200;443;1;1569;Panneau isolé ECO 30mm – 410x105cm - RAL 7016;;https://www.aciersgrosjean.be/Documents/Products/1569/ACIERS GROSJEAN - LATTONEDIL EUROCOPRE MONOLAMIERA.pdf;5a6e36aafa35c56877f0ac9baf5db74cea5eab95
FER-T ACIERS GROSJEAN 4(1).pdf (contenu identique);FER-T ACIERS GROSJEAN 4.pdf;200;78;1;157;Fer en T 50x6mm en acier laminé à chaud;;https://www.aciersgrosjean.be/Documents/Products/157/FER-T ACIERS GROSJEAN 4.pdf;459436c68c81f1aa5534bea66f06d319577fdd5a
lattonedil-eurocopre-monolamiera-ag.pdf (contenu identique);ACIERS GROSJEAN - LATTONEDIL EUROCOPRE MONOLAMIERA.pdf;200;443;1;1570;Panneau isolé ECO 30mm – 460x105cm - RAL 7016;;https://www.aciersgrosjean.be/Documents/Products/1570/ACIERS GROSJEAN - LATTONEDIL EUROCOPRE MONOLAMIERA.pdf;5a6e36aafa35c56877f0ac9baf5db74cea5eab95
lattonedil-eurocopre-monolamiera-ag.pdf (contenu identique);ACIERS GROSJEAN - LATTONEDIL EUROCOPRE MONOLAMIERA.pdf;200;443;1;1571;Panneau isolé ECO 30mm – 510x105cm - RAL 7016;;https://www.aciersgrosjean.be/Documents/Products/1571/ACIERS GROSJEAN - LATTONEDIL EUROCOPRE MONOLAMIERA.pdf;5a6e36aafa35c56877f0ac9baf5db74cea5eab95
lattonedil-eurocopre-monolamiera-ag.pdf (contenu identique);ACIERS GROSJEAN - LATTONEDIL EUROCOPRE MONOLAMIERA.pdf;200;443;1;1572;Panneau isolé ECO 30mm – 560x105cm - RAL 7016;;https://www.aciersgrosjean.be/Documents/Products/1572/ACIERS GROSJEAN - LATTONEDIL EUROCOPRE MONOLAMIERA.pdf;5a6e36aafa35c56877f0ac9baf5db74cea5eab95
TREILLIS SOUDE EN ACIER POUR LA CONSTRUCTION - ACIERS GROSJEAN-3.pdf (contenu identique);TREILLIS SOUDE EN ACIER POUR LA CONSTRUCTION - ACIERS GROSJEAN-3.pdf;200;180;1;1574;Treillis soudé 50x50x4mm 3m x 2m;;https://www.aciersgrosjean.be/Documents/Products/1574/TREILLIS SOUDE EN ACIER POUR LA CONSTRUCTION - ACIERS GROSJEAN-3.pdf;75ae9f6624acfa2dfc0efe1b383d068a4c4546d0
lattonedil-eurocopre-monolamiera-ag.pdf (contenu identique);ACIERS GROSJEAN - LATTONEDIL EUROCOPRE MONOLAMIERA.pdf;200;443;1;1576;Panneau isolé ECO 30mm – 610x105cm - RAL 7016;;https://www.aciersgrosjean.be/Documents/Products/1576/ACIERS GROSJEAN - LATTONEDIL EUROCOPRE MONOLAMIERA.pdf;5a6e36aafa35c56877f0ac9baf5db74cea5eab95
GAG - FT-CG64-Plis205.pdf (contenu identique);GAG - FT-CG64-Plis205.pdf;200;440;1;1579;POTEAU DE CLÔTURE CLOGRIFF 64 – 2M50 - VERT RAL 7016;;https://www.aciersgrosjean.be/Documents/Products/1579/GAG - FT-CG64-Plis205.pdf;f97fa44f2475f3a7851e55d7195e606a540c2d20
POUTRELLE IPE ACIERS GROSJEAN 4(1).pdf;POUTRELLE IPE ACIERS GROSJEAN 4(1).pdf;200;103;1;158;Poutrelle IPE 180 en acier;;https://www.aciersgrosjean.be/Documents/Products/158/POUTRELLE IPE ACIERS GROSJEAN 4(1).pdf;a0ce2d0d447f2df16f0886bcb17627a3bb37804e
FT-ZINGA-FR-v7.pdf;FT-ZINGA-FR-v7.pdf;200;106;1;1609;ZINGA - FILM GALVANISANT 1KG;;https://www.aciersgrosjean.be/Documents/Products/1609/FT-ZINGA-FR-v7.pdf;1812e7e69d5890f3323496a78b94eca24f5d2edb
CARRE PLEIN.pdf (contenu identique);CARRE PLEIN.pdf;200;59;1;161;Carré plein de 16x16mm en acier;;https://www.aciersgrosjean.be/Documents/Products/161/CARRE PLEIN.pdf;7ef3dc1527b99e7875af0a4dc4014af22d8418e9
FT-ZINGA-FR-v7.pdf (contenu identique);FT-ZINGA-FR-v7.pdf;200;106;1;1610;ZINGA - FILM GALVANISANT 2KG;;https://www.aciersgrosjean.be/Documents/Products/1610/FT-ZINGA-FR-v7.pdf;1812e7e69d5890f3323496a78b94eca24f5d2edb
FT-ZINGASOLV-FR-V2.pdf;FT-ZINGASOLV-FR-V2.pdf;200;23;1;1611;ZINGA ZINGASOLV – 1L;;https://www.aciersgrosjean.be/Documents/Products/1611/FT-ZINGASOLV-FR-V2.pdf;d0232aa13ab5246d89348bf4411e92cb08c28f5b
FT-ZINGASPRAY-FR-v4.pdf;FT-ZINGASPRAY-FR-v4.pdf;200;77;1;1612;ZINGASPRAY - 500ML;;https://www.aciersgrosjean.be/Documents/Products/1612/FT-ZINGASPRAY-FR-v4.pdf;253329cd59a549b0bee0699b1d748b7c27395224
FT-ZINGALUSPRAY-FR-v3.pdf;FT-ZINGALUSPRAY-FR-v3.pdf;200;72;1;1613;ZINGALUSPRAY - 500ML;;https://www.aciersgrosjean.be/Documents/Products/1613/FT-ZINGALUSPRAY-FR-v3.pdf;788887cb9f430a57f1ebe9a325bf0b627a93e14f
FT-ZINGATARFREE-FR-v3.pdf;FT-ZINGATARFREE-FR-v3.pdf;200;51;1;1614;ZINGA ZINGATARFREE – 1L;;https://www.aciersgrosjean.be/Documents/Products/1614/FT-ZINGATARFREE-FR-v3.pdf;ee3e15d45c3a2e6253e8df74fd5131f0a07422da
FT-ZINGATARFREE-FR-v3.pdf (contenu identique);FT-ZINGATARFREE-FR-v3.pdf;200;51;1;1615;ZINGA ZINGATARFREE – 5L;;https://www.aciersgrosjean.be/Documents/Products/1615/FT-ZINGATARFREE-FR-v3.pdf;ee3e15d45c3a2e6253e8df74fd5131f0a07422da
FT-PARASILICO AM85-1.pdf;FT-PARASILICO AM85-1.pdf;200;362;1;1616;DL CHEMICALS PARASILICO AM85-1 - 300ml - transparent;;https://www.aciersgrosjean.be/Documents/Products/1616/FT-PARASILICO AM85-1.pdf;5e39d080c777b6d5a2015dbce43137fa82698026
FT-PARABOND 600.pdf;FT-PARABOND 600.pdf;200;368;1;1617;DL CHEMICALS PARABOND 600 – 290ml - gris;;https://www.aciersgrosjean.be/Documents/Products/1617/FT-PARABOND 600.pdf;453872aec706f0d68906f71f3a03c74762dbf9c3
FT-PARABOND 800.pdf;FT-PARABOND 800.pdf;200;338;1;1618;DL CHEMICALS PARABOND 800 – 290ml;;https://www.aciersgrosjean.be/Documents/Products/1618/FT-PARABOND 800.pdf;9b1228131f35f848effd203a429b160348bc31e3
FT-PARACHIM VINYLESTER.pdf;FT-PARACHIM VINYLESTER.pdf;200;1383;1;1619;DL CHEMICALS PARACHIM VINYLESTER – 300ml;;https://www.aciersgrosjean.be/Documents/Products/1619/FT-PARACHIM VINYLESTER.pdf;389a93696580e9c05a2321a3b5d2dbc25b8da395
FT-VIBOL COATING-All-Meta-Prim-FR.pdf;FT-VIBOL COATING-All-Meta-Prim-FR.pdf;200;194;1;1620;PRIMER ANTICORROSION - 1L BRUN ROUGE RAL 8012;;https://www.aciersgrosjean.be/Documents/Products/1620/FT-VIBOL COATING-All-Meta-Prim-FR.pdf;dc9d1aa6e1f9d097461d49a5cf735fa9e503c7bd
FT-VIBOL COATING-All-Meta-Prim-FR.pdf (contenu identique);FT-VIBOL COATING-All-Meta-Prim-FR.pdf;200;194;1;1621;PRIMER ANTICORROSION - 1L BLANC RAL 9010;;https://www.aciersgrosjean.be/Documents/Products/1621/FT-VIBOL COATING-All-Meta-Prim-FR.pdf;dc9d1aa6e1f9d097461d49a5cf735fa9e503c7bd
FT-VIBOL COATING-All-Meta-Prim-FR.pdf (contenu identique);FT-VIBOL COATING-All-Meta-Prim-FR.pdf;200;194;1;1622;PRIMER ANTICORROSION - 5L BRUN ROUGE RAL 8012;;https://www.aciersgrosjean.be/Documents/Products/1622/FT-VIBOL COATING-All-Meta-Prim-FR.pdf;dc9d1aa6e1f9d097461d49a5cf735fa9e503c7bd
FT-VIBOL COATING-All-Meta-Prim-FR.pdf (contenu identique);FT-VIBOL COATING-All-Meta-Prim-FR.pdf;200;194;1;1623;PRIMER ANTICORROSION - 1L GRIS RAL 7016;;https://www.aciersgrosjean.be/Documents/Products/1623/FT-VIBOL COATING-All-Meta-Prim-FR.pdf;dc9d1aa6e1f9d097461d49a5cf735fa9e503c7bd
FT-VIBOL COATING-All-Meta-Prim-FR.pdf (contenu identique);FT-VIBOL COATING-All-Meta-Prim-FR.pdf;200;194;1;1624;PRIMER ANTICORROSION - 5L GRIS RAL 7016;;https://www.aciersgrosjean.be/Documents/Products/1624/FT-VIBOL COATING-All-Meta-Prim-FR.pdf;dc9d1aa6e1f9d097461d49a5cf735fa9e503c7bd
FT-VIBOL COATING-All-Meta-Prim-FR.pdf (contenu identique);FT-VIBOL COATING-All-Meta-Prim-FR.pdf;200;194;1;1625;PRIMER ANTICORROSION - 1L NOIR RAL 9005;;https://www.aciersgrosjean.be/Documents/Products/1625/FT-VIBOL COATING-All-Meta-Prim-FR.pdf;dc9d1aa6e1f9d097461d49a5cf735fa9e503c7bd
CARRE PLEIN.pdf (contenu identique);CARRE PLEIN.pdf;200;59;1;163;Carré plein de 20x20mm en acier;;https://www.aciersgrosjean.be/Documents/Products/163/CARRE PLEIN.pdf;7ef3dc1527b99e7875af0a4dc4014af22d8418e9
FT-PLANCHER SECURIT PCP.pdf;FT-PLANCHER SECURIT PCP.pdf;200;4637;1;1636;Plancher securit PCP O2 - 1000x1000mm;;https://www.aciersgrosjean.be/Documents/Products/1636/FT-PLANCHER SECURIT PCP.pdf;f8d09500ac221d960fd28d5818b777d737e751fa
FT-Marches D'Escaliers ACHIL O2-Acier 240 PCP.pdf;FT-Marches D'Escaliers ACHIL O2-Acier 240 PCP.pdf;200;102;1;1642;Marche securit PCP O2 ACHIL 800 x 250mm;;https://www.aciersgrosjean.be/Documents/Products/1642/FT-Marches D'Escaliers ACHIL O2-Acier 240 PCP.pdf;6005b13135ac05899dbe47e01af2679ab0977af5
FT-Marches D'Escaliers ACHIL O2-Acier 240 PCP.pdf (contenu identique);FT-Marches D'Escaliers ACHIL O2-Acier 240 PCP.pdf;200;102;1;1643;Marche securit PCP O2 ACHIL 900x250mm;;https://www.aciersgrosjean.be/Documents/Products/1643/FT-Marches D'Escaliers ACHIL O2-Acier 240 PCP.pdf;6005b13135ac05899dbe47e01af2679ab0977af5
FT-Marches D'Escaliers ACHIL O2-Acier 240 PCP.pdf (contenu identique);FT-Marches D'Escaliers ACHIL O2-Acier 240 PCP.pdf;200;102;1;1644;Marche securit PCP O2 ACHIL 1000x250mm;;https://www.aciersgrosjean.be/Documents/Products/1644/FT-Marches D'Escaliers ACHIL O2-Acier 240 PCP.pdf;6005b13135ac05899dbe47e01af2679ab0977af5
ag-tasseau-40x40-maxi-imitation-bois.pdf (contenu identique);AG-TASSEAU 40x40 MAXI - IMITATION BOIS(1).pdf;200;522;1;1645;Tasseau 40x40 71x300cm - Parement | Chêne clair;;https://www.aciersgrosjean.be/Documents/Products/1645/AG-TASSEAU 40x40 MAXI - IMITATION BOIS(1).pdf;be9c4b05eb8e132d8fb91cf1e5c60e7a377ab39c
ag-tasseau-40x40-maxi-imitation-bois.pdf (contenu identique);AG-TASSEAU 40x40 MAXI - IMITATION BOIS(1).pdf;200;522;1;1646;Tasseau 40x40 71x250cm - Parement | Chêne clair;;https://www.aciersgrosjean.be/Documents/Products/1646/AG-TASSEAU 40x40 MAXI - IMITATION BOIS(1).pdf;be9c4b05eb8e132d8fb91cf1e5c60e7a377ab39c
FP- L 1001 125.pdf;FP- L 1001 125.pdf;200;329;1;1669;Meuleuse d'angle FLEX L 1001 – 1010W / 125 mm;;https://www.aciersgrosjean.be/Documents/Products/1669/FP- L 1001 125.pdf;87c8ca86e5ca3bc026e2c9288a657fa52493c5a5
CE EGALE LAC.pdf (contenu identique);CE EGALE LAC.pdf;200;99;1;181;Cornière égale 30x30x3mm Acier LAC;;https://www.aciersgrosjean.be/Documents/Products/181/CE EGALE LAC.pdf;483e713b038779df791469e60a01418f33773039
CE EGALE LAC.pdf (contenu identique);CE EGALE LAC.pdf;200;99;1;188;Cornière égale 40x40x3mm Acier LAC;;https://www.aciersgrosjean.be/Documents/Products/188/CE EGALE LAC.pdf;483e713b038779df791469e60a01418f33773039
CE EGALE LAC.pdf (contenu identique);CE EGALE LAC.pdf;200;99;1;189;Cornière égale 40x40x4mm Acier LAC;;https://www.aciersgrosjean.be/Documents/Products/189/CE EGALE LAC.pdf;483e713b038779df791469e60a01418f33773039
CE EGALE LAC.pdf (contenu identique);CE EGALE LAC.pdf;200;99;1;194;Cornière égale 50x50x3mm Acier LAC;;https://www.aciersgrosjean.be/Documents/Products/194/CE EGALE LAC.pdf;483e713b038779df791469e60a01418f33773039
CE EGALE LAC.pdf (contenu identique);CE EGALE LAC.pdf;200;99;1;196;Cornière égale 50x50x5mm Acier LAC;;https://www.aciersgrosjean.be/Documents/Products/196/CE EGALE LAC.pdf;483e713b038779df791469e60a01418f33773039
CE EGALE LAC.pdf (contenu identique);CE EGALE LAC.pdf;200;99;1;200;Cornière égale 60x60x6mm Acier LAC;;https://www.aciersgrosjean.be/Documents/Products/200/CE EGALE LAC.pdf;483e713b038779df791469e60a01418f33773039
CE EGALE LAC.pdf (contenu identique);4-CE LAC.pdf;200;99;1;213;Cornière égale 80x80x8mm Acier LAC;;https://www.aciersgrosjean.be/Documents/Products/213/4-CE LAC.pdf;483e713b038779df791469e60a01418f33773039
CE EGALE LAC.pdf (contenu identique);4-CE LAC.pdf;200;99;1;219;Cornière égale 100x100x10mm Acier LAC;;https://www.aciersgrosjean.be/Documents/Products/219/4-CE LAC.pdf;483e713b038779df791469e60a01418f33773039
POUTRELLE IPE ACIERS GROSJEAN 4(1).pdf (contenu identique);POUTRELLE IPE ACIERS GROSJEAN 4(1).pdf;200;103;1;228;Poutrelle IPE 200 en acier;;https://www.aciersgrosjean.be/Documents/Products/228/POUTRELLE IPE ACIERS GROSJEAN 4(1).pdf;a0ce2d0d447f2df16f0886bcb17627a3bb37804e
POUTRELLE IPE ACIERS GROSJEAN 4(1).pdf (contenu identique);POUTRELLE IPE ACIERS GROSJEAN 4(1).pdf;200;103;1;229;Poutrelle IPE 240 en acier;;https://www.aciersgrosjean.be/Documents/Products/229/POUTRELLE IPE ACIERS GROSJEAN 4(1).pdf;a0ce2d0d447f2df16f0886bcb17627a3bb37804e
POUTRELLE IPE ACIERS GROSJEAN 4(1).pdf (contenu identique);POUTRELLE IPE ACIERS GROSJEAN 4(1).pdf;200;103;1;231;Poutrelle IPE 100 en acier;;https://www.aciersgrosjean.be/Documents/Products/231/POUTRELLE IPE ACIERS GROSJEAN 4(1).pdf;a0ce2d0d447f2df16f0886bcb17627a3bb37804e
POUTRELLE IPE ACIERS GROSJEAN 4(1).pdf (contenu identique);POUTRELLE IPE ACIERS GROSJEAN 4(1).pdf;200;103;1;232;Poutrelle IPE 120 en acier;;https://www.aciersgrosjean.be/Documents/Products/232/POUTRELLE IPE ACIERS GROSJEAN 4(1).pdf;a0ce2d0d447f2df16f0886bcb17627a3bb37804e
POUTRELLE IPE ACIERS GROSJEAN 4(1).pdf (contenu identique);POUTRELLE IPE ACIERS GROSJEAN 4.pdf;200;103;1;233;Poutrelle IPE 140 en acier;;https://www.aciersgrosjean.be/Documents/Products/233/POUTRELLE IPE ACIERS GROSJEAN 4.pdf;a0ce2d0d447f2df16f0886bcb17627a3bb37804e
POUTRELLE IPE ACIERS GROSJEAN 4(1).pdf (contenu identique);POUTRELLE IPE ACIERS GROSJEAN 4(1).pdf;200;103;1;234;Poutrelle IPE 160 en acier;;https://www.aciersgrosjean.be/Documents/Products/234/POUTRELLE IPE ACIERS GROSJEAN 4(1).pdf;a0ce2d0d447f2df16f0886bcb17627a3bb37804e
POUTRELLE IPE ACIERS GROSJEAN 4(1).pdf (contenu identique);POUTRELLE IPE ACIERS GROSJEAN 4(1).pdf;200;103;1;235;Poutrelle IPE 220 en acier;;https://www.aciersgrosjean.be/Documents/Products/235/POUTRELLE IPE ACIERS GROSJEAN 4(1).pdf;a0ce2d0d447f2df16f0886bcb17627a3bb37804e
POUTRELLE IPE ACIERS GROSJEAN 4(1).pdf (contenu identique);INFOSTEEL - GRYMAFER - VM2013 - IPE.pdf;200;103;1;236;Poutrelle IPE 270;;https://www.aciersgrosjean.be/Documents/Products/236/INFOSTEEL - GRYMAFER - VM2013 - IPE.pdf;a0ce2d0d447f2df16f0886bcb17627a3bb37804e
POUTRELLE IPE ACIERS GROSJEAN 4(1).pdf (contenu identique);INFOSTEEL - GRYMAFER - VM2013 - IPE.pdf;200;103;1;237;Poutrelle IPE 300;;https://www.aciersgrosjean.be/Documents/Products/237/INFOSTEEL - GRYMAFER - VM2013 - IPE.pdf;a0ce2d0d447f2df16f0886bcb17627a3bb37804e
POUTRELLE IPE ACIERS GROSJEAN 4(1).pdf (contenu identique);INFOSTEEL - GRYMAFER - VM2013 - IPE.pdf;200;103;1;238;Poutrelle IPE 330;;https://www.aciersgrosjean.be/Documents/Products/238/INFOSTEEL - GRYMAFER - VM2013 - IPE.pdf;a0ce2d0d447f2df16f0886bcb17627a3bb37804e
FER-T ACIERS GROSJEAN 4(1).pdf (contenu identique);FER-T ACIERS GROSJEAN 4.pdf;200;78;1;258;Fer en T 60x7mm en acier laminé à chaud;;https://www.aciersgrosjean.be/Documents/Products/258/FER-T ACIERS GROSJEAN 4.pdf;459436c68c81f1aa5534bea66f06d319577fdd5a
3(2).pdf (contenu identique);3(1).pdf;200;90;1;276;Plat 80x8mm en acier laminé à chaud;;https://www.aciersgrosjean.be/Documents/Products/276/3(1).pdf;a3b1767dc218ca5dccea1b3b658bc122f1894f46
3(2).pdf (contenu identique);3(1).pdf;200;90;1;288;Plat 80x10mm en acier laminé à chaud;;https://www.aciersgrosjean.be/Documents/Products/288/3(1).pdf;a3b1767dc218ca5dccea1b3b658bc122f1894f46
3(2).pdf (contenu identique);3(1).pdf;200;90;1;307;Plat 70x10mm en acier laminé à chaud;;https://www.aciersgrosjean.be/Documents/Products/307/3(1).pdf;a3b1767dc218ca5dccea1b3b658bc122f1894f46
3(2).pdf (contenu identique);3(1).pdf;200;90;1;308;Plat 60x8mm en acier laminé à chaud;;https://www.aciersgrosjean.be/Documents/Products/308/3(1).pdf;a3b1767dc218ca5dccea1b3b658bc122f1894f46
3(2).pdf (contenu identique);3(1).pdf;200;90;1;310;Plat 60x5mm en acier laminé à chaud;;https://www.aciersgrosjean.be/Documents/Products/310/3(1).pdf;a3b1767dc218ca5dccea1b3b658bc122f1894f46
3(2).pdf (contenu identique);3(1).pdf;200;90;1;319;Plat 60x10mm en acier laminé à chaud;;https://www.aciersgrosjean.be/Documents/Products/319/3(1).pdf;a3b1767dc218ca5dccea1b3b658bc122f1894f46
3(2).pdf (contenu identique);3(1).pdf;200;90;1;320;Plat 50x8mm en acier laminé à chaud;;https://www.aciersgrosjean.be/Documents/Products/320/3(1).pdf;a3b1767dc218ca5dccea1b3b658bc122f1894f46
3(2).pdf (contenu identique);3(1).pdf;200;90;1;322;Plat 50x5mm en acier laminé à chaud;;https://www.aciersgrosjean.be/Documents/Products/322/3(1).pdf;a3b1767dc218ca5dccea1b3b658bc122f1894f46
3(2).pdf (contenu identique);3(1).pdf;200;90;1;326;Plat 50x3mm en acier laminé à chaud;;https://www.aciersgrosjean.be/Documents/Products/326/3(1).pdf;a3b1767dc218ca5dccea1b3b658bc122f1894f46
3(2).pdf (contenu identique);3(1).pdf;200;90;1;331;Plat 50x10mm en acier laminé à chaud;;https://www.aciersgrosjean.be/Documents/Products/331/3(1).pdf;a3b1767dc218ca5dccea1b3b658bc122f1894f46
3(2).pdf (contenu identique);3.pdf;200;90;1;341;Plat 20x5mm en acier laminé à chaud;;https://www.aciersgrosjean.be/Documents/Products/341/3.pdf;a3b1767dc218ca5dccea1b3b658bc122f1894f46
3(2).pdf (contenu identique);3.pdf;200;90;1;346;Plat 20x10mm en acier laminé à chaud;;https://www.aciersgrosjean.be/Documents/Products/346/3.pdf;a3b1767dc218ca5dccea1b3b658bc122f1894f46
3(2).pdf (contenu identique);3.pdf;200;90;1;347;Plat 30x6mm en acier laminé à chaud;;https://www.aciersgrosjean.be/Documents/Products/347/3.pdf;a3b1767dc218ca5dccea1b3b658bc122f1894f46
3(2).pdf (contenu identique);3.pdf;200;90;1;351;Plat 30x10mm en acier laminé à chaud;;https://www.aciersgrosjean.be/Documents/Products/351/3.pdf;a3b1767dc218ca5dccea1b3b658bc122f1894f46
CI-3.pdf;CI-3.pdf;200;96;1;356;Cornière inégale 200x100x10mm Acier LAC;;https://www.aciersgrosjean.be/Documents/Products/356/CI-3.pdf;b4c80e070d36e2d6202c68598c1f4fea542ae75c
3(2).pdf (contenu identique);3.pdf;200;90;1;365;Plat 25x4mm en acier laminé à chaud;;https://www.aciersgrosjean.be/Documents/Products/365/3.pdf;a3b1767dc218ca5dccea1b3b658bc122f1894f46
3(2).pdf (contenu identique);3.pdf;200;90;1;371;Plat 40x5mm en acier laminé à chaud;;https://www.aciersgrosjean.be/Documents/Products/371/3.pdf;a3b1767dc218ca5dccea1b3b658bc122f1894f46
CI-3.pdf (contenu identique);CI-3.pdf;200;96;1;376;Cornière inégale 100x50x6mm Acier LAC;;https://www.aciersgrosjean.be/Documents/Products/376/CI-3.pdf;b4c80e070d36e2d6202c68598c1f4fea542ae75c
3(2).pdf (contenu identique);3.pdf;200;90;1;380;Plat 40x10mm en acier laminé à chaud;;https://www.aciersgrosjean.be/Documents/Products/380/3.pdf;a3b1767dc218ca5dccea1b3b658bc122f1894f46
CI-3.pdf (contenu identique);CI-3.pdf;200;96;1;385;Cornière inégale 70x50x6mm Acier LAC;;https://www.aciersgrosjean.be/Documents/Products/385/CI-3.pdf;b4c80e070d36e2d6202c68598c1f4fea542ae75c
3(2).pdf (contenu identique);3.pdf;200;90;1;387;Plat 25x3mm en acier laminé à chaud;;https://www.aciersgrosjean.be/Documents/Products/387/3.pdf;a3b1767dc218ca5dccea1b3b658bc122f1894f46
3(2).pdf (contenu identique);3.pdf;200;90;1;388;Plat 25x10mm en acier laminé à chaud;;https://www.aciersgrosjean.be/Documents/Products/388/3.pdf;a3b1767dc218ca5dccea1b3b658bc122f1894f46
3(2).pdf (contenu identique);3.pdf;200;90;1;398;Plat 40x3mm en acier laminé à chaud;;https://www.aciersgrosjean.be/Documents/Products/398/3.pdf;a3b1767dc218ca5dccea1b3b658bc122f1894f46
3(2).pdf (contenu identique);3.pdf;200;90;1;403;Plat 20x3mm en acier laminé à chaud;;https://www.aciersgrosjean.be/Documents/Products/403/3.pdf;a3b1767dc218ca5dccea1b3b658bc122f1894f46
3(2).pdf (contenu identique);3.pdf;200;90;1;420;Plat 25x5mm en acier laminé à chaud;;https://www.aciersgrosjean.be/Documents/Products/420/3.pdf;a3b1767dc218ca5dccea1b3b658bc122f1894f46
3(2).pdf (contenu identique);3.pdf;200;90;1;422;Plat 40x4mm en acier laminé à chaud;;https://www.aciersgrosjean.be/Documents/Products/422/3.pdf;a3b1767dc218ca5dccea1b3b658bc122f1894f46
3(2).pdf (contenu identique);3.pdf;200;90;1;426;Plat 30x5mm en acier laminé à chaud;;https://www.aciersgrosjean.be/Documents/Products/426/3.pdf;a3b1767dc218ca5dccea1b3b658bc122f1894f46
3(2).pdf (contenu identique);3.pdf;200;90;1;427;Plat 30x8mm en acier laminé à chaud;;https://www.aciersgrosjean.be/Documents/Products/427/3.pdf;a3b1767dc218ca5dccea1b3b658bc122f1894f46
3(2).pdf (contenu identique);3.pdf;200;90;1;431;Plat 30x3mm en acier laminé à chaud;;https://www.aciersgrosjean.be/Documents/Products/431/3.pdf;a3b1767dc218ca5dccea1b3b658bc122f1894f46
LARGE PLAT 4.pdf (contenu identique);LARGE PLAT 4.pdf;200;118;1;435;Large plat 200x10mm en acier laminé à chaud;;https://www.aciersgrosjean.be/Documents/Products/435/LARGE PLAT 4.pdf;37be238b4cd94b282913b6a06e2837c8e9e6fcc4
CI-3.pdf (contenu identique);CI-3.pdf;200;96;1;439;Cornière inégale 60x40x5mm Acier LAC;;https://www.aciersgrosjean.be/Documents/Products/439/CI-3.pdf;b4c80e070d36e2d6202c68598c1f4fea542ae75c
3(2).pdf (contenu identique);3.pdf;200;90;1;447;Plat 30x20mm en acier laminé à chaud;;https://www.aciersgrosjean.be/Documents/Products/447/3.pdf;a3b1767dc218ca5dccea1b3b658bc122f1894f46
3(2).pdf (contenu identique);3.pdf;200;90;1;448;Plat 40x8mm en acier laminé à chaud;;https://www.aciersgrosjean.be/Documents/Products/448/3.pdf;a3b1767dc218ca5dccea1b3b658bc122f1894f46
CI-3.pdf (contenu identique);CI-3.pdf;200;96;1;450;Cornière inégale 150x100x10mm Acier LAC;;https://www.aciersgrosjean.be/Documents/Products/450/CI-3.pdf;b4c80e070d36e2d6202c68598c1f4fea542ae75c
3(2).pdf (contenu identique);3.pdf;200;90;1;461;Plat 140x10mm en acier laminé à chaud;;https://www.aciersgrosjean.be/Documents/Products/461/3.pdf;a3b1767dc218ca5dccea1b3b658bc122f1894f46
3(2).pdf (contenu identique);3.pdf;200;90;1;479;Plat 120x10mm en acier laminé à chaud;;https://www.aciersgrosjean.be/Documents/Products/479/3.pdf;a3b1767dc218ca5dccea1b3b658bc122f1894f46
ROND LISSE 3(1).pdf (contenu identique);ROND LISSE 3.pdf;200;53;1;508;Rond lisse 20mm en acier laminée à chaud;;https://www.aciersgrosjean.be/Documents/Products/508/ROND LISSE 3.pdf;c96ac496589b09157155174590fda17a1496f109
ROND LISSE 3(1).pdf (contenu identique);ROND LISSE 3.pdf;200;53;1;509;Rond lisse 22mm en acier laminée à chaud;;https://www.aciersgrosjean.be/Documents/Products/509/ROND LISSE 3.pdf;c96ac496589b09157155174590fda17a1496f109
3(2).pdf (contenu identique);3.pdf;200;90;1;519;Plat 100x5mm en acier laminé à chaud;;https://www.aciersgrosjean.be/Documents/Products/519/3.pdf;a3b1767dc218ca5dccea1b3b658bc122f1894f46
3(2).pdf (contenu identique);3.pdf;200;90;1;520;Plat 100x8mm en acier laminé à chaud;;https://www.aciersgrosjean.be/Documents/Products/520/3.pdf;a3b1767dc218ca5dccea1b3b658bc122f1894f46
3(2).pdf (contenu identique);3.pdf;200;90;1;523;Plat 120x5mm en acier laminé à chaud;;https://www.aciersgrosjean.be/Documents/Products/523/3.pdf;a3b1767dc218ca5dccea1b3b658bc122f1894f46
3(2).pdf (contenu identique);3.pdf;200;90;1;533;Plat 150x10mm en acier laminé à chaud;;https://www.aciersgrosjean.be/Documents/Products/533/3.pdf;a3b1767dc218ca5dccea1b3b658bc122f1894f46
3(2).pdf (contenu identique);3.pdf;200;90;1;535;Plat 100x10mm en acier laminé à chaud;;https://www.aciersgrosjean.be/Documents/Products/535/3.pdf;a3b1767dc218ca5dccea1b3b658bc122f1894f46
ROND LISSE 3(1).pdf (contenu identique);ROND LISSE 3(1).pdf;200;53;1;540;Rond lisse 14mm en acier laminée à chaud;;https://www.aciersgrosjean.be/Documents/Products/540/ROND LISSE 3(1).pdf;c96ac496589b09157155174590fda17a1496f109
3(2).pdf (contenu identique);3.pdf;200;90;1;546;Plat 150x5mm en acier laminé à chaud;;https://www.aciersgrosjean.be/Documents/Products/546/3.pdf;a3b1767dc218ca5dccea1b3b658bc122f1894f46
ROND LISSE 3(1).pdf (contenu identique);ROND LISSE 3(1).pdf;200;53;1;549;Rond lisse 18mm en acier laminée à chaud;;https://www.aciersgrosjean.be/Documents/Products/549/ROND LISSE 3(1).pdf;c96ac496589b09157155174590fda17a1496f109
TUBE CARRE ACIERS GROSJEAN 4.pdf;TUBE CARRE ACIERS GROSJEAN 4.pdf;200;196;1;554;Tube carré 15x15x2mm en acier;;https://www.aciersgrosjean.be/Documents/Products/554/TUBE CARRE ACIERS GROSJEAN 4.pdf;4e12e0978b23f7e4309d23f198ea09e2f26529f9
TUBE CARRE ACIERS GROSJEAN 4.pdf (contenu identique);TUBE CARRE ACIERS GROSJEAN 4.pdf;200;196;1;556;Tube carré 20x20x2mm en acier;;https://www.aciersgrosjean.be/Documents/Products/556/TUBE CARRE ACIERS GROSJEAN 4.pdf;4e12e0978b23f7e4309d23f198ea09e2f26529f9
TUBE CARRE ACIERS GROSJEAN 4.pdf (contenu identique);TUBE CARRE ACIERS GROSJEAN 4.pdf;200;196;1;558;Tube carré 25x25x2mm en acier;;https://www.aciersgrosjean.be/Documents/Products/558/TUBE CARRE ACIERS GROSJEAN 4.pdf;4e12e0978b23f7e4309d23f198ea09e2f26529f9
TUBE CARRE ACIERS GROSJEAN 4.pdf (contenu identique);TUBE CARRE ACIERS GROSJEAN 4.pdf;200;196;1;559;Tube carré 25x25x3mm en acier;;https://www.aciersgrosjean.be/Documents/Products/559/TUBE CARRE ACIERS GROSJEAN 4.pdf;4e12e0978b23f7e4309d23f198ea09e2f26529f9
TUBE CARRE ACIERS GROSJEAN 4.pdf (contenu identique);TUBE CARRE ACIERS GROSJEAN 4.pdf;200;196;1;561;Tube carré 30x30x2mm en acier;;https://www.aciersgrosjean.be/Documents/Products/561/TUBE CARRE ACIERS GROSJEAN 4.pdf;4e12e0978b23f7e4309d23f198ea09e2f26529f9
TUBE CARRE ACIERS GROSJEAN 4.pdf (contenu identique);TUBE CARRE ACIERS GROSJEAN 4.pdf;200;196;1;562;Tube carré 30x30x3mm en acier;;https://www.aciersgrosjean.be/Documents/Products/562/TUBE CARRE ACIERS GROSJEAN 4.pdf;4e12e0978b23f7e4309d23f198ea09e2f26529f9
TUBE CARRE ACIERS GROSJEAN 4.pdf (contenu identique);TUBE CARRE ACIERS GROSJEAN 4.pdf;200;196;1;564;Tube carré 35x35x2mm en acier;;https://www.aciersgrosjean.be/Documents/Products/564/TUBE CARRE ACIERS GROSJEAN 4.pdf;4e12e0978b23f7e4309d23f198ea09e2f26529f9
TUBE CARRE ACIERS GROSJEAN 4.pdf (contenu identique);TUBE CARRE ACIERS GROSJEAN 4.pdf;200;196;1;567;Tube carré 40x40x2mm en acier;;https://www.aciersgrosjean.be/Documents/Products/567/TUBE CARRE ACIERS GROSJEAN 4.pdf;4e12e0978b23f7e4309d23f198ea09e2f26529f9
TUBE CARRE ACIERS GROSJEAN 4.pdf (contenu identique);TUBE CARRE ACIERS GROSJEAN 4.pdf;200;196;1;568;Tube carré 40x40x3mm en acier;;https://www.aciersgrosjean.be/Documents/Products/568/TUBE CARRE ACIERS GROSJEAN 4.pdf;4e12e0978b23f7e4309d23f198ea09e2f26529f9
TUBE CARRE ACIERS GROSJEAN 4.pdf (contenu identique);TUBE CARRE ACIERS GROSJEAN 4.pdf;200;196;1;569;Tube carré 40x40x4mm en acier;;https://www.aciersgrosjean.be/Documents/Products/569/TUBE CARRE ACIERS GROSJEAN 4.pdf;4e12e0978b23f7e4309d23f198ea09e2f26529f9
TUBE CARRE ACIERS GROSJEAN 4.pdf (contenu identique);TUBE CARRE ACIERS GROSJEAN 4.pdf;200;196;1;570;Tube carré 45x45x2mm en acier;;https://www.aciersgrosjean.be/Documents/Products/570/TUBE CARRE ACIERS GROSJEAN 4.pdf;4e12e0978b23f7e4309d23f198ea09e2f26529f9
TUBE CARRE ACIERS GROSJEAN 4.pdf (contenu identique);TUBE CARRE ACIERS GROSJEAN 4.pdf;200;196;1;571;Tube carré 45x45x3mm en acier;;https://www.aciersgrosjean.be/Documents/Products/571/TUBE CARRE ACIERS GROSJEAN 4.pdf;4e12e0978b23f7e4309d23f198ea09e2f26529f9
TUBE CARRE ACIERS GROSJEAN 4.pdf (contenu identique);TUBE CARRE ACIERS GROSJEAN 4.pdf;200;196;1;572;Tube carré 50x50x2mm en acier;;https://www.aciersgrosjean.be/Documents/Products/572/TUBE CARRE ACIERS GROSJEAN 4.pdf;4e12e0978b23f7e4309d23f198ea09e2f26529f9
TUBE CARRE ACIERS GROSJEAN 4.pdf (contenu identique);TUBE CARRE ACIERS GROSJEAN 4.pdf;200;196;1;573;Tube carré 50x50x3mm en acier;;https://www.aciersgrosjean.be/Documents/Products/573/TUBE CARRE ACIERS GROSJEAN 4.pdf;4e12e0978b23f7e4309d23f198ea09e2f26529f9
TUBE CARRE ACIERS GROSJEAN 4.pdf (contenu identique);TUBE CARRE ACIERS GROSJEAN 4.pdf;200;196;1;574;Tube carré 50x50x4mm en acier;;https://www.aciersgrosjean.be/Documents/Products/574/TUBE CARRE ACIERS GROSJEAN 4.pdf;4e12e0978b23f7e4309d23f198ea09e2f26529f9
TUBE CARRE ACIERS GROSJEAN 4.pdf (contenu identique);TUBE CARRE ACIERS GROSJEAN 4.pdf;200;196;1;575;Tube carré 50x50x5mm en acier;;https://www.aciersgrosjean.be/Documents/Products/575/TUBE CARRE ACIERS GROSJEAN 4.pdf;4e12e0978b23f7e4309d23f198ea09e2f26529f9
TUBE CARRE ACIERS GROSJEAN 4.pdf (contenu identique);TUBE CARRE ACIERS GROSJEAN 4.pdf;200;196;1;576;Tube carré 60x60x2mm en acier;;https://www.aciersgrosjean.be/Documents/Products/576/TUBE CARRE ACIERS GROSJEAN 4.pdf;4e12e0978b23f7e4309d23f198ea09e2f26529f9
TUBE CARRE ACIERS GROSJEAN 4.pdf (contenu identique);TUBE CARRE ACIERS GROSJEAN 4.pdf;200;196;1;577;Tube carré 60x60x3mm en acier;;https://www.aciersgrosjean.be/Documents/Products/577/TUBE CARRE ACIERS GROSJEAN 4.pdf;4e12e0978b23f7e4309d23f198ea09e2f26529f9
TUBE CARRE ACIERS GROSJEAN 4.pdf (contenu identique);TUBE CARRE ACIERS GROSJEAN 4.pdf;200;196;1;578;Tube carré 60x60x4mm en acier;;https://www.aciersgrosjean.be/Documents/Products/578/TUBE CARRE ACIERS GROSJEAN 4.pdf;4e12e0978b23f7e4309d23f198ea09e2f26529f9
TUBE CARRE ACIERS GROSJEAN 4.pdf (contenu identique);TUBE CARRE ACIERS GROSJEAN 4.pdf;200;196;1;579;Tube carré 60x60x5mm en acier;;https://www.aciersgrosjean.be/Documents/Products/579/TUBE CARRE ACIERS GROSJEAN 4.pdf;4e12e0978b23f7e4309d23f198ea09e2f26529f9
TUBE CARRE ACIERS GROSJEAN 4.pdf (contenu identique);TUBE CARRE ACIERS GROSJEAN 4.pdf;200;196;1;581;Tube carré 70x70x3mm en acier;;https://www.aciersgrosjean.be/Documents/Products/581/TUBE CARRE ACIERS GROSJEAN 4.pdf;4e12e0978b23f7e4309d23f198ea09e2f26529f9
TUBE CARRE ACIERS GROSJEAN 4.pdf (contenu identique);TUBE CARRE ACIERS GROSJEAN 4.pdf;200;196;1;582;Tube carré 70x70x4mm en acier;;https://www.aciersgrosjean.be/Documents/Products/582/TUBE CARRE ACIERS GROSJEAN 4.pdf;4e12e0978b23f7e4309d23f198ea09e2f26529f9
TUBE CARRE ACIERS GROSJEAN 4.pdf (contenu identique);TUBE CARRE ACIERS GROSJEAN 4.pdf;200;196;1;583;Tube carré 70x70x5mm en acier;;https://www.aciersgrosjean.be/Documents/Products/583/TUBE CARRE ACIERS GROSJEAN 4.pdf;4e12e0978b23f7e4309d23f198ea09e2f26529f9
TUBE CARRE ACIERS GROSJEAN 4.pdf (contenu identique);TUBE CARRE ACIERS GROSJEAN 4.pdf;200;196;1;586;Tube carré 80x80x3mm en acier;;https://www.aciersgrosjean.be/Documents/Products/586/TUBE CARRE ACIERS GROSJEAN 4.pdf;4e12e0978b23f7e4309d23f198ea09e2f26529f9
TUBE CARRE ACIERS GROSJEAN 4.pdf (contenu identique);TUBE CARRE ACIERS GROSJEAN 4.pdf;200;196;1;587;Tube carré 80x80x4mm en acier;;https://www.aciersgrosjean.be/Documents/Products/587/TUBE CARRE ACIERS GROSJEAN 4.pdf;4e12e0978b23f7e4309d23f198ea09e2f26529f9
TUBE CARRE ACIERS GROSJEAN 4.pdf (contenu identique);TUBE CARRE ACIERS GROSJEAN 4.pdf;200;196;1;588;Tube carré 80x80x5mm en acier;;https://www.aciersgrosjean.be/Documents/Products/588/TUBE CARRE ACIERS GROSJEAN 4.pdf;4e12e0978b23f7e4309d23f198ea09e2f26529f9
TUBE CARRE ACIERS GROSJEAN 4.pdf (contenu identique);TUBE CARRE ACIERS GROSJEAN 4.pdf;200;196;1;591;Tube carré 90x90x3mm en acier;;https://www.aciersgrosjean.be/Documents/Products/591/TUBE CARRE ACIERS GROSJEAN 4.pdf;4e12e0978b23f7e4309d23f198ea09e2f26529f9
TUBE CARRE ACIERS GROSJEAN 4.pdf (contenu identique);TUBE CARRE ACIERS GROSJEAN 4.pdf;200;196;1;595;Tube carré 100x100x3mm en acier;;https://www.aciersgrosjean.be/Documents/Products/595/TUBE CARRE ACIERS GROSJEAN 4.pdf;4e12e0978b23f7e4309d23f198ea09e2f26529f9
TUBE CARRE ACIERS GROSJEAN 4.pdf (contenu identique);TUBE CARRE ACIERS GROSJEAN 4.pdf;200;196;1;596;Tube carré 100x100x4mm en acier;;https://www.aciersgrosjean.be/Documents/Products/596/TUBE CARRE ACIERS GROSJEAN 4.pdf;4e12e0978b23f7e4309d23f198ea09e2f26529f9
TUBE CARRE ACIERS GROSJEAN 4.pdf (contenu identique);TUBE CARRE ACIERS GROSJEAN 4.pdf;200;196;1;597;Tube carré 100x100x5mm en acier;;https://www.aciersgrosjean.be/Documents/Products/597/TUBE CARRE ACIERS GROSJEAN 4.pdf;4e12e0978b23f7e4309d23f198ea09e2f26529f9
TUBE CARRE ACIERS GROSJEAN 4.pdf (contenu identique);TUBE CARRE ACIERS GROSJEAN 4.pdf;200;196;1;600;Tube carré 100x100x10mm en acier;;https://www.aciersgrosjean.be/Documents/Products/600/TUBE CARRE ACIERS GROSJEAN 4.pdf;4e12e0978b23f7e4309d23f198ea09e2f26529f9
TUBE CARRE ACIERS GROSJEAN 4.pdf (contenu identique);TUBE CARRE ACIERS GROSJEAN 4.pdf;200;196;1;603;Tube carré 120x120x4mm en acier;;https://www.aciersgrosjean.be/Documents/Products/603/TUBE CARRE ACIERS GROSJEAN 4.pdf;4e12e0978b23f7e4309d23f198ea09e2f26529f9
TUBE CARRE ACIERS GROSJEAN 4.pdf (contenu identique);TUBE CARRE ACIERS GROSJEAN 4.pdf;200;196;1;604;Tube carré 120x120x5mm en acier;;https://www.aciersgrosjean.be/Documents/Products/604/TUBE CARRE ACIERS GROSJEAN 4.pdf;4e12e0978b23f7e4309d23f198ea09e2f26529f9
TUBE CARRE ACIERS GROSJEAN 4.pdf (contenu identique);TUBE CARRE ACIERS GROSJEAN 4.pdf;200;196;1;608;Tube carré 140x140x5mm en acier;;https://www.aciersgrosjean.be/Documents/Products/608/TUBE CARRE ACIERS GROSJEAN 4.pdf;4e12e0978b23f7e4309d23f198ea09e2f26529f9
TUBE CARRE ACIERS GROSJEAN 4.pdf (contenu identique);TUBE CARRE ACIERS GROSJEAN 4.pdf;200;196;1;612;Tube carré 150x150x5mm en acier;;https://www.aciersgrosjean.be/Documents/Products/612/TUBE CARRE ACIERS GROSJEAN 4.pdf;4e12e0978b23f7e4309d23f198ea09e2f26529f9
TUBE CARRE ACIERS GROSJEAN 4.pdf (contenu identique);TUBE CARRE ACIERS GROSJEAN 4.pdf;200;196;1;626;Tube carré 250x250x6mm en acier;;https://www.aciersgrosjean.be/Documents/Products/626/TUBE CARRE ACIERS GROSJEAN 4.pdf;4e12e0978b23f7e4309d23f198ea09e2f26529f9
TUBE CARRE ACIERS GROSJEAN 4.pdf (contenu identique);TUBE RECTANGLE ACIERS GROSJEAN 4 - INFOSTEEL - GRYMAFER - VM2013 - TUBES CARRES ET RECTANGLES - CHARGES UTILES.pdf;200;196;1;631;Tube rectangle 30x15x2mm en acier;;https://www.aciersgrosjean.be/Documents/Products/631/TUBE RECTANGLE ACIERS GROSJEAN 4 - INFOSTEEL - GRYMAFER - VM2013 - TUBES CARRES ET RECTANGLES - CHARGES UTILES.pdf;4e12e0978b23f7e4309d23f198ea09e2f26529f9
TUBE CARRE ACIERS GROSJEAN 4.pdf (contenu identique);TUBE RECTANGLE ACIERS GROSJEAN 4 - INFOSTEEL - GRYMAFER - VM2013 - TUBES CARRES ET RECTANGLES - CHARGES UTILES.pdf;200;196;1;633;Tube rectangle 30x20x2mm en acier;;https://www.aciersgrosjean.be/Documents/Products/633/TUBE RECTANGLE ACIERS GROSJEAN 4 - INFOSTEEL - GRYMAFER - VM2013 - TUBES CARRES ET RECTANGLES - CHARGES UTILES.pdf;4e12e0978b23f7e4309d23f198ea09e2f26529f9
TUBE CARRE ACIERS GROSJEAN 4.pdf (contenu identique);TUBE RECTANGLE ACIERS GROSJEAN 4 - INFOSTEEL - GRYMAFER - VM2013 - TUBES CARRES ET RECTANGLES - CHARGES UTILES.pdf;200;196;1;637;Tube rectangle 40x20x2mm en acier;;https://www.aciersgrosjean.be/Documents/Products/637/TUBE RECTANGLE ACIERS GROSJEAN 4 - INFOSTEEL - GRYMAFER - VM2013 - TUBES CARRES ET RECTANGLES - CHARGES UTILES.pdf;4e12e0978b23f7e4309d23f198ea09e2f26529f9
TUBE CARRE ACIERS GROSJEAN 4.pdf (contenu identique);TUBE RECTANGLE ACIERS GROSJEAN 4 - INFOSTEEL - GRYMAFER - VM2013 - TUBES CARRES ET RECTANGLES - CHARGES UTILES.pdf;200;196;1;638;Tube rectangle 40x20x3mm en acier;;https://www.aciersgrosjean.be/Documents/Products/638/TUBE RECTANGLE ACIERS GROSJEAN 4 - INFOSTEEL - GRYMAFER - VM2013 - TUBES CARRES ET RECTANGLES - CHARGES UTILES.pdf;4e12e0978b23f7e4309d23f198ea09e2f26529f9
TUBE CARRE ACIERS GROSJEAN 4.pdf (contenu identique);TUBE RECTANGLE ACIERS GROSJEAN 4 - INFOSTEEL - GRYMAFER - VM2013 - TUBES CARRES ET RECTANGLES - CHARGES UTILES.pdf;200;196;1;640;Tube rectangle 40x30x2mm en acier;;https://www.aciersgrosjean.be/Documents/Products/640/TUBE RECTANGLE ACIERS GROSJEAN 4 - INFOSTEEL - GRYMAFER - VM2013 - TUBES CARRES ET RECTANGLES - CHARGES UTILES.pdf;4e12e0978b23f7e4309d23f198ea09e2f26529f9
TUBE CARRE ACIERS GROSJEAN 4.pdf (contenu identique);TUBE RECTANGLE ACIERS GROSJEAN 4 - INFOSTEEL - GRYMAFER - VM2013 - TUBES CARRES ET RECTANGLES - CHARGES UTILES.pdf;200;196;1;641;Tube rectangle 50x20x2mm en acier;;https://www.aciersgrosjean.be/Documents/Products/641/TUBE RECTANGLE ACIERS GROSJEAN 4 - INFOSTEEL - GRYMAFER - VM2013 - TUBES CARRES ET RECTANGLES - CHARGES UTILES.pdf;4e12e0978b23f7e4309d23f198ea09e2f26529f9
TUBE CARRE ACIERS GROSJEAN 4.pdf (contenu identique);TUBE RECTANGLE ACIERS GROSJEAN 4 - INFOSTEEL - GRYMAFER - VM2013 - TUBES CARRES ET RECTANGLES - CHARGES UTILES.pdf;200;196;1;642;Tube rectangle 50x25x2mm en acier;;https://www.aciersgrosjean.be/Documents/Products/642/TUBE RECTANGLE ACIERS GROSJEAN 4 - INFOSTEEL - GRYMAFER - VM2013 - TUBES CARRES ET RECTANGLES - CHARGES UTILES.pdf;4e12e0978b23f7e4309d23f198ea09e2f26529f9
TUBE CARRE ACIERS GROSJEAN 4.pdf (contenu identique);TUBE RECTANGLE ACIERS GROSJEAN 4 - INFOSTEEL - GRYMAFER - VM2013 - TUBES CARRES ET RECTANGLES - CHARGES UTILES.pdf;200;196;1;644;Tube rectangle 50x30x2mm en acier;;https://www.aciersgrosjean.be/Documents/Products/644/TUBE RECTANGLE ACIERS GROSJEAN 4 - INFOSTEEL - GRYMAFER - VM2013 - TUBES CARRES ET RECTANGLES - CHARGES UTILES.pdf;4e12e0978b23f7e4309d23f198ea09e2f26529f9
TUBE CARRE ACIERS GROSJEAN 4.pdf (contenu identique);TUBE RECTANGLE ACIERS GROSJEAN 4 - INFOSTEEL - GRYMAFER - VM2013 - TUBES CARRES ET RECTANGLES - CHARGES UTILES.pdf;200;196;1;645;Tube rectangle 50x30x3mm en acier;;https://www.aciersgrosjean.be/Documents/Products/645/TUBE RECTANGLE ACIERS GROSJEAN 4 - INFOSTEEL - GRYMAFER - VM2013 - TUBES CARRES ET RECTANGLES - CHARGES UTILES.pdf;4e12e0978b23f7e4309d23f198ea09e2f26529f9
TUBE CARRE ACIERS GROSJEAN 4.pdf (contenu identique);TUBE RECTANGLE ACIERS GROSJEAN 4 - INFOSTEEL - GRYMAFER - VM2013 - TUBES CARRES ET RECTANGLES - CHARGES UTILES.pdf;200;196;1;649;Tube rectangle 60x30x2mm en acier;;https://www.aciersgrosjean.be/Documents/Products/649/TUBE RECTANGLE ACIERS GROSJEAN 4 - INFOSTEEL - GRYMAFER - VM2013 - TUBES CARRES ET RECTANGLES - CHARGES UTILES.pdf;4e12e0978b23f7e4309d23f198ea09e2f26529f9
TUBE CARRE ACIERS GROSJEAN 4.pdf (contenu identique);TUBE RECTANGLE ACIERS GROSJEAN 4 - INFOSTEEL - GRYMAFER - VM2013 - TUBES CARRES ET RECTANGLES - CHARGES UTILES.pdf;200;196;1;650;Tube rectangle 60x30x3mm en acier;;https://www.aciersgrosjean.be/Documents/Products/650/TUBE RECTANGLE ACIERS GROSJEAN 4 - INFOSTEEL - GRYMAFER - VM2013 - TUBES CARRES ET RECTANGLES - CHARGES UTILES.pdf;4e12e0978b23f7e4309d23f198ea09e2f26529f9
TUBE CARRE ACIERS GROSJEAN 4.pdf (contenu identique);TUBE RECTANGLE ACIERS GROSJEAN 4 - INFOSTEEL - GRYMAFER - VM2013 - TUBES CARRES ET RECTANGLES - CHARGES UTILES.pdf;200;196;1;651;Tube rectangle 60x40x2mm en acier;;https://www.aciersgrosjean.be/Documents/Products/651/TUBE RECTANGLE ACIERS GROSJEAN 4 - INFOSTEEL - GRYMAFER - VM2013 - TUBES CARRES ET RECTANGLES - CHARGES UTILES.pdf;4e12e0978b23f7e4309d23f198ea09e2f26529f9
TUBE CARRE ACIERS GROSJEAN 4.pdf (contenu identique);TUBE RECTANGLE ACIERS GROSJEAN 4 - INFOSTEEL - GRYMAFER - VM2013 - TUBES CARRES ET RECTANGLES - CHARGES UTILES.pdf;200;196;1;652;Tube rectangle 60x40x3mm en acier;;https://www.aciersgrosjean.be/Documents/Products/652/TUBE RECTANGLE ACIERS GROSJEAN 4 - INFOSTEEL - GRYMAFER - VM2013 - TUBES CARRES ET RECTANGLES - CHARGES UTILES.pdf;4e12e0978b23f7e4309d23f198ea09e2f26529f9
TUBE CARRE ACIERS GROSJEAN 4.pdf (contenu identique);TUBE RECTANGLE ACIERS GROSJEAN 4 - INFOSTEEL - GRYMAFER - VM2013 - TUBES CARRES ET RECTANGLES - CHARGES UTILES.pdf;200;196;1;656;Tube rectangle 80x40x2mm en acier;;https://www.aciersgrosjean.be/Documents/Products/656/TUBE RECTANGLE ACIERS GROSJEAN 4 - INFOSTEEL - GRYMAFER - VM2013 - TUBES CARRES ET RECTANGLES - CHARGES UTILES.pdf;4e12e0978b23f7e4309d23f198ea09e2f26529f9
TUBE CARRE ACIERS GROSJEAN 4.pdf (contenu identique);TUBE RECTANGLE ACIERS GROSJEAN 4 - INFOSTEEL - GRYMAFER - VM2013 - TUBES CARRES ET RECTANGLES - CHARGES UTILES.pdf;200;196;1;657;Tube rectangle 80x40x3mm en acier;;https://www.aciersgrosjean.be/Documents/Products/657/TUBE RECTANGLE ACIERS GROSJEAN 4 - INFOSTEEL - GRYMAFER - VM2013 - TUBES CARRES ET RECTANGLES - CHARGES UTILES.pdf;4e12e0978b23f7e4309d23f198ea09e2f26529f9
TUBE CARRE ACIERS GROSJEAN 4.pdf (contenu identique);TUBE RECTANGLE ACIERS GROSJEAN 4 - INFOSTEEL - GRYMAFER - VM2013 - TUBES CARRES ET RECTANGLES - CHARGES UTILES.pdf;200;196;1;658;Tube rectangle 80x40x4mm en acier;;https://www.aciersgrosjean.be/Documents/Products/658/TUBE RECTANGLE ACIERS GROSJEAN 4 - INFOSTEEL - GRYMAFER - VM2013 - TUBES CARRES ET RECTANGLES - CHARGES UTILES.pdf;4e12e0978b23f7e4309d23f198ea09e2f26529f9
TREILLIS SOUDE EN ACIER POUR LA CONSTRUCTION - ACIERS GROSJEAN-3.pdf (contenu identique);ACIERS POUR BETON ARME - RONDS - TREILLIS.pdf;200;180;1;66;Rond à béton crénelé de 6mm de diamètre en acier laminé à froid;;https://www.aciersgrosjean.be/Documents/Products/66/ACIERS POUR BETON ARME - RONDS - TREILLIS.pdf;75ae9f6624acfa2dfc0efe1b383d068a4c4546d0
TUBE CARRE ACIERS GROSJEAN 4.pdf (contenu identique);TUBE RECTANGLE ACIERS GROSJEAN 4 - INFOSTEEL - GRYMAFER - VM2013 - TUBES CARRES ET RECTANGLES - CHARGES UTILES.pdf;200;196;1;663;Tube rectangle 100x50x3mm en acier;;https://www.aciersgrosjean.be/Documents/Products/663/TUBE RECTANGLE ACIERS GROSJEAN 4 - INFOSTEEL - GRYMAFER - VM2013 - TUBES CARRES ET RECTANGLES - CHARGES UTILES.pdf;4e12e0978b23f7e4309d23f198ea09e2f26529f9
TUBE CARRE ACIERS GROSJEAN 4.pdf (contenu identique);TUBE RECTANGLE ACIERS GROSJEAN 4 - INFOSTEEL - GRYMAFER - VM2013 - TUBES CARRES ET RECTANGLES - CHARGES UTILES.pdf;200;196;1;664;Tube rectangle 100x50x4mm en acier;;https://www.aciersgrosjean.be/Documents/Products/664/TUBE RECTANGLE ACIERS GROSJEAN 4 - INFOSTEEL - GRYMAFER - VM2013 - TUBES CARRES ET RECTANGLES - CHARGES UTILES.pdf;4e12e0978b23f7e4309d23f198ea09e2f26529f9
TREILLIS SOUDE EN ACIER POUR LA CONSTRUCTION - ACIERS GROSJEAN-3.pdf (contenu identique);INFOSTEEL - GRYMAFER - VM2013 - ACIERS POUR BETON ARME - RONDS - TREILLIS.pdf;200;180;1;67;Rond à béton de 8mm de diamètre en acier laminé à chaud;;https://www.aciersgrosjean.be/Documents/Products/67/INFOSTEEL - GRYMAFER - VM2013 - ACIERS POUR BETON ARME - RONDS - TREILLIS.pdf;75ae9f6624acfa2dfc0efe1b383d068a4c4546d0
TUBE CARRE ACIERS GROSJEAN 4.pdf (contenu identique);TUBE RECTANGLE ACIERS GROSJEAN 4 - INFOSTEEL - GRYMAFER - VM2013 - TUBES CARRES ET RECTANGLES - CHARGES UTILES.pdf;200;196;1;670;Tube rectangle 120x60x3mm en acier;;https://www.aciersgrosjean.be/Documents/Products/670/TUBE RECTANGLE ACIERS GROSJEAN 4 - INFOSTEEL - GRYMAFER - VM2013 - TUBES CARRES ET RECTANGLES - CHARGES UTILES.pdf;4e12e0978b23f7e4309d23f198ea09e2f26529f9
TUBE CARRE ACIERS GROSJEAN 4.pdf (contenu identique);TUBE RECTANGLE ACIERS GROSJEAN 4 - INFOSTEEL - GRYMAFER - VM2013 - TUBES CARRES ET RECTANGLES - CHARGES UTILES.pdf;200;196;1;671;Tube rectangle 120x60x4mm en acier;;https://www.aciersgrosjean.be/Documents/Products/671/TUBE RECTANGLE ACIERS GROSJEAN 4 - INFOSTEEL - GRYMAFER - VM2013 - TUBES CARRES ET RECTANGLES - CHARGES UTILES.pdf;4e12e0978b23f7e4309d23f198ea09e2f26529f9
TREILLIS SOUDE EN ACIER POUR LA CONSTRUCTION - ACIERS GROSJEAN-3.pdf (contenu identique);ACIERS POUR BETON ARME - RONDS - TREILLIS.pdf;200;180;1;68;Rond à béton de 10mm de diamètre en acier laminé à chaud;;https://www.aciersgrosjean.be/Documents/Products/68/ACIERS POUR BETON ARME - RONDS - TREILLIS.pdf;75ae9f6624acfa2dfc0efe1b383d068a4c4546d0
TUBE CARRE ACIERS GROSJEAN 4.pdf (contenu identique);TUBE RECTANGLE ACIERS GROSJEAN 4 - INFOSTEEL - GRYMAFER - VM2013 - TUBES CARRES ET RECTANGLES - CHARGES UTILES.pdf;200;196;1;689;Tube rectangle 200x100x5mm en acier;;https://www.aciersgrosjean.be/Documents/Products/689/TUBE RECTANGLE ACIERS GROSJEAN 4 - INFOSTEEL - GRYMAFER - VM2013 - TUBES CARRES ET RECTANGLES - CHARGES UTILES.pdf;4e12e0978b23f7e4309d23f198ea09e2f26529f9
TREILLIS SOUDE EN ACIER POUR LA CONSTRUCTION - ACIERS GROSJEAN-3.pdf (contenu identique);ACIERS POUR BETON ARME - RONDS - TREILLIS.pdf;200;180;1;69;Rond à béton de 12mm de diamètre en acier laminé à chaud;;https://www.aciersgrosjean.be/Documents/Products/69/ACIERS POUR BETON ARME - RONDS - TREILLIS.pdf;75ae9f6624acfa2dfc0efe1b383d068a4c4546d0
TREILLIS SOUDE EN ACIER POUR LA CONSTRUCTION - ACIERS GROSJEAN-3.pdf (contenu identique);ACIERS POUR BETON ARME - RONDS - TREILLIS.pdf;200;180;1;70;Rond à béton de 14mm de diamètre en acier laminé à chaud;;https://www.aciersgrosjean.be/Documents/Products/70/ACIERS POUR BETON ARME - RONDS - TREILLIS.pdf;75ae9f6624acfa2dfc0efe1b383d068a4c4546d0
TUBE ROND ACIERS GROSJEAN 4.pdf;TUBE ROND ACIERS GROSJEAN 4.pdf;200;102;1;703;Tube rond 17,2(18)x2mm en acier brut série légère;;https://www.aciersgrosjean.be/Documents/Products/703/TUBE ROND ACIERS GROSJEAN 4.pdf;8e24a39dc7640042e524ced8428ef0446248d043
TUBE ROND ACIERS GROSJEAN 4.pdf (contenu identique);TUBE ROND ACIERS GROSJEAN 4.pdf;200;102;1;704;Tube rond 21,3x2mm en acier brut série légère;;https://www.aciersgrosjean.be/Documents/Products/704/TUBE ROND ACIERS GROSJEAN 4.pdf;8e24a39dc7640042e524ced8428ef0446248d043
TUBE ROND ACIERS GROSJEAN 4.pdf (contenu identique);TUBE ROND ACIERS GROSJEAN 4.pdf;200;102;1;705;Tube rond 26,9x2,5mm en acier brut série légère;;https://www.aciersgrosjean.be/Documents/Products/705/TUBE ROND ACIERS GROSJEAN 4.pdf;8e24a39dc7640042e524ced8428ef0446248d043
TUBE ROND ACIERS GROSJEAN 4.pdf (contenu identique);TUBE ROND ACIERS GROSJEAN 4.pdf;200;102;1;706;Tube rond 33,7x2,5mm en acier brut série légère;;https://www.aciersgrosjean.be/Documents/Products/706/TUBE ROND ACIERS GROSJEAN 4.pdf;8e24a39dc7640042e524ced8428ef0446248d043
TUBE ROND ACIERS GROSJEAN 4.pdf (contenu identique);TUBE ROND ACIERS GROSJEAN 4.pdf;200;102;1;707;Tube rond 42,4x2,5mm en acier brut série légère;;https://www.aciersgrosjean.be/Documents/Products/707/TUBE ROND ACIERS GROSJEAN 4.pdf;8e24a39dc7640042e524ced8428ef0446248d043
TUBE ROND ACIERS GROSJEAN 4.pdf (contenu identique);TUBE ROND ACIERS GROSJEAN 4.pdf;200;102;1;708;Tube rond 48,3x3mm en acier brut série légère;;https://www.aciersgrosjean.be/Documents/Products/708/TUBE ROND ACIERS GROSJEAN 4.pdf;8e24a39dc7640042e524ced8428ef0446248d043
TUBE ROND ACIERS GROSJEAN 4.pdf (contenu identique);TUBE ROND ACIERS GROSJEAN 4.pdf;200;102;1;709;Tube rond 60,3x3mm en acier brut série légère;;https://www.aciersgrosjean.be/Documents/Products/709/TUBE ROND ACIERS GROSJEAN 4.pdf;8e24a39dc7640042e524ced8428ef0446248d043
TREILLIS SOUDE EN ACIER POUR LA CONSTRUCTION - ACIERS GROSJEAN-3.pdf (contenu identique);ACIERS POUR BETON ARME - RONDS - TREILLIS.pdf;200;180;1;71;Rond à béton de 16mm de diamètre en acier laminé à chaud;;https://www.aciersgrosjean.be/Documents/Products/71/ACIERS POUR BETON ARME - RONDS - TREILLIS.pdf;75ae9f6624acfa2dfc0efe1b383d068a4c4546d0
TUBE ROND ACIERS GROSJEAN 4.pdf (contenu identique);TUBE ROND ACIERS GROSJEAN 4.pdf;200;102;1;710;Tube rond 76,1x3,25mm en acier brut série légère;;https://www.aciersgrosjean.be/Documents/Products/710/TUBE ROND ACIERS GROSJEAN 4.pdf;8e24a39dc7640042e524ced8428ef0446248d043
TUBE ROND ACIERS GROSJEAN 4.pdf (contenu identique);TUBE ROND ACIERS GROSJEAN 4.pdf;200;102;1;711;Tube rond 88,9x3,00mm en acier brut série légère;;https://www.aciersgrosjean.be/Documents/Products/711/TUBE ROND ACIERS GROSJEAN 4.pdf;8e24a39dc7640042e524ced8428ef0446248d043
TUBE ROND ACIERS GROSJEAN 4.pdf (contenu identique);TUBE ROND ACIERS GROSJEAN 4(1).pdf;200;102;1;712;Tube rond 101,6x3,65mm en acier brut série légère;;https://www.aciersgrosjean.be/Documents/Products/712/TUBE ROND ACIERS GROSJEAN 4(1).pdf;8e24a39dc7640042e524ced8428ef0446248d043
TUBE ROND ACIERS GROSJEAN 4.pdf (contenu identique);TUBE ROND ACIERS GROSJEAN 4.pdf;200;102;1;713;Tube rond 114,3x3,65mm en acier brut série légère;;https://www.aciersgrosjean.be/Documents/Products/713/TUBE ROND ACIERS GROSJEAN 4.pdf;8e24a39dc7640042e524ced8428ef0446248d043
TREILLIS SOUDE EN ACIER POUR LA CONSTRUCTION - ACIERS GROSJEAN-3.pdf (contenu identique);TS DEPASSANTS 3.pdf;200;180;1;722;Treillis soudé avec dépassants 150x150x6mm 5,95m x 2,35m;;https://www.aciersgrosjean.be/Documents/Products/722/TS DEPASSANTS 3.pdf;75ae9f6624acfa2dfc0efe1b383d068a4c4546d0
TREILLIS SOUDE EN ACIER POUR LA CONSTRUCTION - ACIERS GROSJEAN-3.pdf (contenu identique);TS DEPASSANTS 3.pdf;200;180;1;723;Treillis soudé avec dépassants 150x150x8mm 5,95m x 2,35m;;https://www.aciersgrosjean.be/Documents/Products/723/TS DEPASSANTS 3.pdf;75ae9f6624acfa2dfc0efe1b383d068a4c4546d0
TREILLIS SOUDE EN ACIER POUR LA CONSTRUCTION - ACIERS GROSJEAN-3.pdf (contenu identique);TS DEPASSANTS 3.pdf;200;180;1;724;Treillis soudé avec dépassants 150x150x10mm 5,95m x 2,35m;;https://www.aciersgrosjean.be/Documents/Products/724/TS DEPASSANTS 3.pdf;75ae9f6624acfa2dfc0efe1b383d068a4c4546d0
TREILLIS SOUDE EN ACIER POUR LA CONSTRUCTION - ACIERS GROSJEAN-3.pdf (contenu identique);TS DEPASSANTS 3.pdf;200;180;1;725;Treillis soudé avec dépassants 150x150x12mm 5,95m x 2,35m;;https://www.aciersgrosjean.be/Documents/Products/725/TS DEPASSANTS 3.pdf;75ae9f6624acfa2dfc0efe1b383d068a4c4546d0
ACIERS GROSJEAN - TOLES LAC - 3.pdf;ACIERS GROSJEAN - TOLES LAC - 3.pdf;200;352;1;729;Tôle de 2000x1000x2mm en acier laminée à chaud;;https://www.aciersgrosjean.be/Documents/Products/729/ACIERS GROSJEAN - TOLES LAC - 3.pdf;7fa3fb179cb0da8a887b7d8d35bd6cfe74018df6
TREILLIS SOUDE EN ACIER POUR LA CONSTRUCTION - ACIERS GROSJEAN-3.pdf (contenu identique);ACIERS POUR BETON ARME - RONDS - TREILLIS.pdf;200;180;1;73;Rond à béton de 20mm de diamètre en acier laminé à chaud;;https://www.aciersgrosjean.be/Documents/Products/73/ACIERS POUR BETON ARME - RONDS - TREILLIS.pdf;75ae9f6624acfa2dfc0efe1b383d068a4c4546d0
ACIERS GROSJEAN - TOLES LAC - 3.pdf (contenu identique);ACIERS GROSJEAN - TOLES LAC - 3.pdf;200;352;1;730;Tôle de 2500x1250x2mm en acier laminée à chaud;;https://www.aciersgrosjean.be/Documents/Products/730/ACIERS GROSJEAN - TOLES LAC - 3.pdf;7fa3fb179cb0da8a887b7d8d35bd6cfe74018df6
ACIERS GROSJEAN - TOLES LAC - 3.pdf (contenu identique);ACIERS GROSJEAN - TOLES LAC - 3.pdf;200;352;1;732;Tôle de 2000x1000x3mm en acier laminée à chaud;;https://www.aciersgrosjean.be/Documents/Products/732/ACIERS GROSJEAN - TOLES LAC - 3.pdf;7fa3fb179cb0da8a887b7d8d35bd6cfe74018df6
ACIERS GROSJEAN - TOLES LAC - 3.pdf (contenu identique);ACIERS GROSJEAN - TOLES LAC - 3.pdf;200;352;1;733;Tôle de 2500x1250x3mm en acier laminée à chaud;;https://www.aciersgrosjean.be/Documents/Products/733/ACIERS GROSJEAN - TOLES LAC - 3.pdf;7fa3fb179cb0da8a887b7d8d35bd6cfe74018df6
ACIERS GROSJEAN - TOLES LAC - 3.pdf (contenu identique);ACIERS GROSJEAN - TOLES LAC - 3.pdf;200;352;1;734;Tôle de 3000x1500x3mm en acier laminée à chaud;;https://www.aciersgrosjean.be/Documents/Products/734/ACIERS GROSJEAN - TOLES LAC - 3.pdf;7fa3fb179cb0da8a887b7d8d35bd6cfe74018df6
ACIERS GROSJEAN - TOLES LAC - 3.pdf (contenu identique);ACIERS GROSJEAN - TOLES LAC - 3.pdf;200;352;1;738;Tôle de 2000x1000x5mm en acier laminée à chaud;;https://www.aciersgrosjean.be/Documents/Products/738/ACIERS GROSJEAN - TOLES LAC - 3.pdf;7fa3fb179cb0da8a887b7d8d35bd6cfe74018df6
ACIERS GROSJEAN - TOLES LAC - 3.pdf (contenu identique);ACIERS GROSJEAN - TOLES LAC - 3(1).pdf;200;352;1;739;Tôle de 2500x1250x5mm en acier laminée à chaud;;https://www.aciersgrosjean.be/Documents/Products/739/ACIERS GROSJEAN - TOLES LAC - 3(1).pdf;7fa3fb179cb0da8a887b7d8d35bd6cfe74018df6
ACIERS GROSJEAN - TOLES LAC - 3.pdf (contenu identique);ACIERS GROSJEAN - TOLES LAC - 3.pdf;200;352;1;746;Tôle de 3000x1500x8mm en acier laminée à chaud;;https://www.aciersgrosjean.be/Documents/Products/746/ACIERS GROSJEAN - TOLES LAC - 3.pdf;7fa3fb179cb0da8a887b7d8d35bd6cfe74018df6
ACIERS GROSJEAN - TOLES LAC - 3.pdf (contenu identique);ACIERS GROSJEAN - TOLES LAC - 3.pdf;200;352;1;747;Tôle de 2000x1000x10mm en acier laminée à chaud;;https://www.aciersgrosjean.be/Documents/Products/747/ACIERS GROSJEAN - TOLES LAC - 3.pdf;7fa3fb179cb0da8a887b7d8d35bd6cfe74018df6
ACIERS GROSJEAN - TOLES LAC - 3.pdf (contenu identique);ACIERS GROSJEAN - TOLES LAC - 3.pdf;200;352;1;748;Tôle de 2500x1250x10mm en acier laminée à chaud;;https://www.aciersgrosjean.be/Documents/Products/748/ACIERS GROSJEAN - TOLES LAC - 3.pdf;7fa3fb179cb0da8a887b7d8d35bd6cfe74018df6
ACIERS GROSJEAN - TOLES LAC - 3.pdf (contenu identique);ACIERS GROSJEAN - TOLES LAC - 3.pdf;200;352;1;749;Tôle de 3000x1500x10mm en acier laminée à chaud;;https://www.aciersgrosjean.be/Documents/Products/749/ACIERS GROSJEAN - TOLES LAC - 3.pdf;7fa3fb179cb0da8a887b7d8d35bd6cfe74018df6
ACIERS GROSJEAN - TOLES LAC - 3.pdf (contenu identique);ACIERS GROSJEAN - TOLES LAC - 3.pdf;200;352;1;750;Tôle de 2000x1000x12mm en acier laminée à chaud;;https://www.aciersgrosjean.be/Documents/Products/750/ACIERS GROSJEAN - TOLES LAC - 3.pdf;7fa3fb179cb0da8a887b7d8d35bd6cfe74018df6
ACIERS GROSJEAN - TOLES LAC - 3.pdf (contenu identique);ACIERS GROSJEAN - TOLES LAC - 3.pdf;200;352;1;753;Tôle plane de 2000x1000x2mm LaserpressPlus®;;https://www.aciersgrosjean.be/Documents/Products/753/ACIERS GROSJEAN - TOLES LAC - 3.pdf;7fa3fb179cb0da8a887b7d8d35bd6cfe74018df6
ACIERS GROSJEAN - TOLES LAC - 3.pdf (contenu identique);ACIERS GROSJEAN - TOLES LAC - 3.pdf;200;352;1;754;Tôle plane de 2500x1250x2mm LaserpressPlus®;;https://www.aciersgrosjean.be/Documents/Products/754/ACIERS GROSJEAN - TOLES LAC - 3.pdf;7fa3fb179cb0da8a887b7d8d35bd6cfe74018df6
ACIERS GROSJEAN - TOLES LAC - 3.pdf (contenu identique);ACIERS GROSJEAN - TOLES LAC - 3.pdf;200;352;1;755;Tôle plane de 3000x1500x2mm LaserpressPlus®;;https://www.aciersgrosjean.be/Documents/Products/755/ACIERS GROSJEAN - TOLES LAC - 3.pdf;7fa3fb179cb0da8a887b7d8d35bd6cfe74018df6
ACIERS GROSJEAN - TOLES LAC - 3.pdf (contenu identique);ACIERS GROSJEAN - TOLES LAC - 3.pdf;200;352;1;756;Tôle plane de 2000x1000x3mm LaserpressPlus®;;https://www.aciersgrosjean.be/Documents/Products/756/ACIERS GROSJEAN - TOLES LAC - 3.pdf;7fa3fb179cb0da8a887b7d8d35bd6cfe74018df6
ACIERS GROSJEAN - TOLES LAC - 3.pdf (contenu identique);ACIERS GROSJEAN - TOLES LAC - 3.pdf;200;352;1;757;Tôle plane de 2500x1250x3mm LaserpressPlus®;;https://www.aciersgrosjean.be/Documents/Products/757/ACIERS GROSJEAN - TOLES LAC - 3.pdf;7fa3fb179cb0da8a887b7d8d35bd6cfe74018df6
ACIERS GROSJEAN - TOLES LAC - 3.pdf (contenu identique);ACIERS GROSJEAN - TOLES LAC - 3.pdf;200;352;1;758;Tôle plane de 3000x1500x3mm LaserpressPlus®;;https://www.aciersgrosjean.be/Documents/Products/758/ACIERS GROSJEAN - TOLES LAC - 3.pdf;7fa3fb179cb0da8a887b7d8d35bd6cfe74018df6
ACIERS GROSJEAN - TOLES LAC - 3.pdf (contenu identique);ACIERS GROSJEAN - TOLES LAC - 3.pdf;200;352;1;759;Tôle plane de 2000x1000x4mm LaserpressPlus®;;https://www.aciersgrosjean.be/Documents/Products/759/ACIERS GROSJEAN - TOLES LAC - 3.pdf;7fa3fb179cb0da8a887b7d8d35bd6cfe74018df6
ACIERS GROSJEAN - TOLES LAC - 3.pdf (contenu identique);ACIERS GROSJEAN - TOLES LAC - 3.pdf;200;352;1;760;Tôle plane de 2500x1250x4mm LaserpressPlus®;;https://www.aciersgrosjean.be/Documents/Products/760/ACIERS GROSJEAN - TOLES LAC - 3.pdf;7fa3fb179cb0da8a887b7d8d35bd6cfe74018df6
ACIERS GROSJEAN - TOLES LAC - 3.pdf (contenu identique);ACIERS GROSJEAN - TOLES LAC - 3.pdf;200;352;1;761;Tôle plane de 3000x1500x4mm LaserpressPlus®;;https://www.aciersgrosjean.be/Documents/Products/761/ACIERS GROSJEAN - TOLES LAC - 3.pdf;7fa3fb179cb0da8a887b7d8d35bd6cfe74018df6
ACIERS GROSJEAN - TOLES LAC - 3.pdf (contenu identique);ACIERS GROSJEAN - TOLES LAC - 3.pdf;200;352;1;762;Tôle plane de 2000x1000x5mm LaserpressPlus®;;https://www.aciersgrosjean.be/Documents/Products/762/ACIERS GROSJEAN - TOLES LAC - 3.pdf;7fa3fb179cb0da8a887b7d8d35bd6cfe74018df6
ACIERS GROSJEAN - TOLES LAC - 3.pdf (contenu identique);ACIERS GROSJEAN - TOLES LAC - 3.pdf;200;352;1;763;Tôle plane de 2500x1250x5mm LaserpressPlus®;;https://www.aciersgrosjean.be/Documents/Products/763/ACIERS GROSJEAN - TOLES LAC - 3.pdf;7fa3fb179cb0da8a887b7d8d35bd6cfe74018df6
ACIERS GROSJEAN - TOLES LAC - 3.pdf (contenu identique);ACIERS GROSJEAN - TOLES LAC - 3.pdf;200;352;1;764;Tôle plane LaserpressPlus® 240 skinpass de 3000x1500x5mm;;https://www.aciersgrosjean.be/Documents/Products/764/ACIERS GROSJEAN - TOLES LAC - 3.pdf;7fa3fb179cb0da8a887b7d8d35bd6cfe74018df6
ACIERS GROSJEAN - TOLES LAC - 3.pdf (contenu identique);ACIERS GROSJEAN - TOLES LAC - 3.pdf;200;352;1;765;Tôle plane de 2000x1000x6mm LaserpressPlus®;;https://www.aciersgrosjean.be/Documents/Products/765/ACIERS GROSJEAN - TOLES LAC - 3.pdf;7fa3fb179cb0da8a887b7d8d35bd6cfe74018df6
ACIERS GROSJEAN - TOLES LAC - 3.pdf (contenu identique);ACIERS GROSJEAN - TOLES LAC - 3.pdf;200;352;1;766;Tôle plane de 2500x1250x6mm LaserpressPlus®;;https://www.aciersgrosjean.be/Documents/Products/766/ACIERS GROSJEAN - TOLES LAC - 3.pdf;7fa3fb179cb0da8a887b7d8d35bd6cfe74018df6
ACIERS GROSJEAN - TOLES LAC - 3.pdf (contenu identique);ACIERS GROSJEAN - TOLES LAC - 3.pdf;200;352;1;767;Tôle plane de 3000x1500x6mm LaserpressPlus®;;https://www.aciersgrosjean.be/Documents/Products/767/ACIERS GROSJEAN - TOLES LAC - 3.pdf;7fa3fb179cb0da8a887b7d8d35bd6cfe74018df6
ACIERS GROSJEAN - TOLES LAC - 3.pdf (contenu identique);ACIERS GROSJEAN - TOLES LAC - 3.pdf;200;352;1;768;Tôle plane de 2000x1000x8mm LaserpressPlus®;;https://www.aciersgrosjean.be/Documents/Products/768/ACIERS GROSJEAN - TOLES LAC - 3.pdf;7fa3fb179cb0da8a887b7d8d35bd6cfe74018df6
ACIERS GROSJEAN - TOLES LAC - 3.pdf (contenu identique);ACIERS GROSJEAN - TOLES LAC - 3.pdf;200;352;1;769;Tôle plane de 2500x1250x8mm LaserpressPlus®;;https://www.aciersgrosjean.be/Documents/Products/769/ACIERS GROSJEAN - TOLES LAC - 3.pdf;7fa3fb179cb0da8a887b7d8d35bd6cfe74018df6
ACIERS GROSJEAN - TOLES LAC - 3.pdf (contenu identique);ACIERS GROSJEAN - TOLES LAC - 3.pdf;200;352;1;770;Tôle plane de 3000x1500x8mm LaserpressPlus®;;https://www.aciersgrosjean.be/Documents/Products/770/ACIERS GROSJEAN - TOLES LAC - 3.pdf;7fa3fb179cb0da8a887b7d8d35bd6cfe74018df6
ACIERS GROSJEAN - TOLES LAC - 3.pdf (contenu identique);ACIERS GROSJEAN - TOLES LAC - 3.pdf;200;352;1;771;Tôle plane de 2000x1000x10mm LaserpressPlus®;;https://www.aciersgrosjean.be/Documents/Products/771/ACIERS GROSJEAN - TOLES LAC - 3.pdf;7fa3fb179cb0da8a887b7d8d35bd6cfe74018df6
ACIERS GROSJEAN - TOLES LAC - 3.pdf (contenu identique);ACIERS GROSJEAN - TOLES LAC - 3.pdf;200;352;1;772;Tôle plane de 2500x1250x10mm LaserpressPlus®;;https://www.aciersgrosjean.be/Documents/Products/772/ACIERS GROSJEAN - TOLES LAC - 3.pdf;7fa3fb179cb0da8a887b7d8d35bd6cfe74018df6
ACIERS GROSJEAN - TOLES LAC - 3.pdf (contenu identique);ACIERS GROSJEAN - TOLES LAC - 3.pdf;200;352;1;773;Tôle plane de 3000x1500x10mm LaserpressPlus®;;https://www.aciersgrosjean.be/Documents/Products/773/ACIERS GROSJEAN - TOLES LAC - 3.pdf;7fa3fb179cb0da8a887b7d8d35bd6cfe74018df6
ACIERS GROSJEAN - TOLES LAC - 3.pdf (contenu identique);ACIERS GROSJEAN - TOLES LAC - 3.pdf;200;352;1;774;Tôle plane de 2000x1000x15mm LaserpressPlus®;;https://www.aciersgrosjean.be/Documents/Products/774/ACIERS GROSJEAN - TOLES LAC - 3.pdf;7fa3fb179cb0da8a887b7d8d35bd6cfe74018df6
ACIERS GROSJEAN - TOLES LAC - 3.pdf (contenu identique);ACIERS GROSJEAN - TOLES LAC - 3.pdf;200;352;1;775;Tôle plane de 2500x1250x15mm LaserpressPlus®;;https://www.aciersgrosjean.be/Documents/Products/775/ACIERS GROSJEAN - TOLES LAC - 3.pdf;7fa3fb179cb0da8a887b7d8d35bd6cfe74018df6
ACIERS GROSJEAN - TOLES LAC - 3.pdf (contenu identique);ACIERS GROSJEAN - TOLES LAC - 3.pdf;200;352;1;776;Tôle plane de 3000x1500x15mm LaserpressPlus®;;https://www.aciersgrosjean.be/Documents/Products/776/ACIERS GROSJEAN - TOLES LAC - 3.pdf;7fa3fb179cb0da8a887b7d8d35bd6cfe74018df6
ACIERS GROSJEAN - TOLES LAC - 3.pdf (contenu identique);ACIERS GROSJEAN - TOLES LARMEE - 3.pdf;200;352;1;777;Tôle de 2000x1000x3/5mm en acier larmée;;https://www.aciersgrosjean.be/Documents/Products/777/ACIERS GROSJEAN - TOLES LARMEE - 3.pdf;7fa3fb179cb0da8a887b7d8d35bd6cfe74018df6
ACIERS GROSJEAN - TOLES LAC - 3.pdf (contenu identique);ACIERS GROSJEAN - TOLES LARMEE - 3.pdf;200;352;1;778;Tôle de 2500x1250x3/5mm en acier larmée;;https://www.aciersgrosjean.be/Documents/Products/778/ACIERS GROSJEAN - TOLES LARMEE - 3.pdf;7fa3fb179cb0da8a887b7d8d35bd6cfe74018df6
ACIERS GROSJEAN - TOLES LAC - 3.pdf (contenu identique);ACIERS GROSJEAN - TOLES LARMEE - 3.pdf;200;352;1;779;Tôle de 3000x1500x3/5mm en acier larmée;;https://www.aciersgrosjean.be/Documents/Products/779/ACIERS GROSJEAN - TOLES LARMEE - 3.pdf;7fa3fb179cb0da8a887b7d8d35bd6cfe74018df6
ACIERS GROSJEAN - TOLES LAC - 3.pdf (contenu identique);ACIERS GROSJEAN - TOLES LARMEE - 3.pdf;200;352;1;783;Tôle de 2000x1000x5/7mm en acier larmée;;https://www.aciersgrosjean.be/Documents/Products/783/ACIERS GROSJEAN - TOLES LARMEE - 3.pdf;7fa3fb179cb0da8a887b7d8d35bd6cfe74018df6
ACIERS GROSJEAN - TOLES LAC - 3.pdf (contenu identique);ACIERS GROSJEAN - TOLES LARMEE - 3.pdf;200;352;1;784;Tôle de 2500x1250x5/7mm en acier larmée;;https://www.aciersgrosjean.be/Documents/Products/784/ACIERS GROSJEAN - TOLES LARMEE - 3.pdf;7fa3fb179cb0da8a887b7d8d35bd6cfe74018df6
ACIERS GROSJEAN - TOLES LAC - 3.pdf (contenu identique);ACIERS GROSJEAN - TOLES LARMEE - 3.pdf;200;352;1;785;Tôle de 3000x1500x5/7mm en acier larmée;;https://www.aciersgrosjean.be/Documents/Products/785/ACIERS GROSJEAN - TOLES LARMEE - 3.pdf;7fa3fb179cb0da8a887b7d8d35bd6cfe74018df6
ACIERS GROSJEAN - TOLES LAC - 3.pdf (contenu identique);TOLES.pdf;200;352;1;804;Tôle de 2000x1000x1mm en acier galvanisée;;https://www.aciersgrosjean.be/Documents/Products/804/TOLES.pdf;7fa3fb179cb0da8a887b7d8d35bd6cfe74018df6
ACIERS GROSJEAN - TOLES LAC - 3.pdf (contenu identique);TOLES.pdf;200;352;1;805;Tôle de 2500x1250x1mm en acier galvanisée;;https://www.aciersgrosjean.be/Documents/Products/805/TOLES.pdf;7fa3fb179cb0da8a887b7d8d35bd6cfe74018df6
ACIERS GROSJEAN - TOLES LAC - 3.pdf (contenu identique);TOLES.pdf;200;352;1;806;Tôle de 3000x1500x1mm en acier galvanisée;;https://www.aciersgrosjean.be/Documents/Products/806/TOLES.pdf;7fa3fb179cb0da8a887b7d8d35bd6cfe74018df6
ACIERS GROSJEAN - TOLES LAC - 3.pdf (contenu identique);TOLES.pdf;200;352;1;807;Tôle de 2000x1000x1,5mm en acier galvanisée;;https://www.aciersgrosjean.be/Documents/Products/807/TOLES.pdf;7fa3fb179cb0da8a887b7d8d35bd6cfe74018df6
ACIERS GROSJEAN - TOLES LAC - 3.pdf (contenu identique);TOLES.pdf;200;352;1;808;Tôle de 2500x1250x1,5mm en acier galvanisée;;https://www.aciersgrosjean.be/Documents/Products/808/TOLES.pdf;7fa3fb179cb0da8a887b7d8d35bd6cfe74018df6
ACIERS GROSJEAN - TOLES LAC - 3.pdf (contenu identique);TOLES.pdf;200;352;1;809;Tôle de 3000x1500x1,5mm en acier galvanisée;;https://www.aciersgrosjean.be/Documents/Products/809/TOLES.pdf;7fa3fb179cb0da8a887b7d8d35bd6cfe74018df6
ACIERS GROSJEAN - TOLES LAC - 3.pdf (contenu identique);TOLES.pdf;200;352;1;810;Tôle de 2000x1000x2mm en acier galvanisée;;https://www.aciersgrosjean.be/Documents/Products/810/TOLES.pdf;7fa3fb179cb0da8a887b7d8d35bd6cfe74018df6
ACIERS GROSJEAN - TOLES LAC - 3.pdf (contenu identique);TOLES.pdf;200;352;1;811;Tôle de 2500x1250x2mm en acier galvanisée;;https://www.aciersgrosjean.be/Documents/Products/811/TOLES.pdf;7fa3fb179cb0da8a887b7d8d35bd6cfe74018df6
ACIERS GROSJEAN - TOLES LAC - 3.pdf (contenu identique);TOLES.pdf;200;352;1;812;Tôle de 3000x1500x2mm en acier galvanisée;;https://www.aciersgrosjean.be/Documents/Products/812/TOLES.pdf;7fa3fb179cb0da8a887b7d8d35bd6cfe74018df6
ACIERS GROSJEAN - TOLES LAC - 3.pdf (contenu identique);TOLES.pdf;200;352;1;816;Tôle de 2000x1000x3mm en acier galvanisée;;https://www.aciersgrosjean.be/Documents/Products/816/TOLES.pdf;7fa3fb179cb0da8a887b7d8d35bd6cfe74018df6
ACIERS GROSJEAN - TOLES LAC - 3.pdf (contenu identique);TOLES.pdf;200;352;1;817;Tôle de 2500x1250x3mm en acier galvanisée;;https://www.aciersgrosjean.be/Documents/Products/817/TOLES.pdf;7fa3fb179cb0da8a887b7d8d35bd6cfe74018df6
ACIERS GROSJEAN - TOLES LAC - 3.pdf (contenu identique);TOLES.pdf;200;352;1;818;Tôle de 3000x1500x3mm en acier galvanisée;;https://www.aciersgrosjean.be/Documents/Products/818/TOLES.pdf;7fa3fb179cb0da8a887b7d8d35bd6cfe74018df6
ACIERS GROSJEAN - TOLES LAC - 3.pdf (contenu identique);ACIERS GROSJEAN - TOLES LAF - 3.pdf;200;352;1;828;Tôle de 2000x1000x1mm en acier laminé à froid;;https://www.aciersgrosjean.be/Documents/Products/828/ACIERS GROSJEAN - TOLES LAF - 3.pdf;7fa3fb179cb0da8a887b7d8d35bd6cfe74018df6
ACIERS GROSJEAN - TOLES LAC - 3.pdf (contenu identique);ACIERS GROSJEAN - TOLES LAF - 3.pdf;200;352;1;829;Tôle de 2500x1250x1mm en acier laminé à froid;;https://www.aciersgrosjean.be/Documents/Products/829/ACIERS GROSJEAN - TOLES LAF - 3.pdf;7fa3fb179cb0da8a887b7d8d35bd6cfe74018df6
ACIERS GROSJEAN - TOLES LAC - 3.pdf (contenu identique);ACIERS GROSJEAN - TOLES LAF - 3.pdf;200;352;1;830;Tôle de 3000x1500x1mm en acier laminé à froid;;https://www.aciersgrosjean.be/Documents/Products/830/ACIERS GROSJEAN - TOLES LAF - 3.pdf;7fa3fb179cb0da8a887b7d8d35bd6cfe74018df6
ACIERS GROSJEAN - TOLES LAC - 3.pdf (contenu identique);ACIERS GROSJEAN - TOLES LAF - 3.pdf;200;352;1;831;Tôle de 2000x1000x1,5mm en acier laminé à froid;;https://www.aciersgrosjean.be/Documents/Products/831/ACIERS GROSJEAN - TOLES LAF - 3.pdf;7fa3fb179cb0da8a887b7d8d35bd6cfe74018df6
ACIERS GROSJEAN - TOLES LAC - 3.pdf (contenu identique);ACIERS GROSJEAN - TOLES LAF - 3.pdf;200;352;1;832;Tôle de 2500x1250x1,5mm en acier laminé à froid;;https://www.aciersgrosjean.be/Documents/Products/832/ACIERS GROSJEAN - TOLES LAF - 3.pdf;7fa3fb179cb0da8a887b7d8d35bd6cfe74018df6
ACIERS GROSJEAN - TOLES LAC - 3.pdf (contenu identique);ACIERS GROSJEAN - TOLES LAF - 3.pdf;200;352;1;833;Tôle de 3000x1500x1,5mm en acier laminé à froid;;https://www.aciersgrosjean.be/Documents/Products/833/ACIERS GROSJEAN - TOLES LAF - 3.pdf;7fa3fb179cb0da8a887b7d8d35bd6cfe74018df6
ACIERS GROSJEAN - TOLES LAC - 3.pdf (contenu identique);ACIERS GROSJEAN - TOLES LAF - 3.pdf;200;352;1;834;Tôle de 2000x1000x2mm en acier laminé à froid;;https://www.aciersgrosjean.be/Documents/Products/834/ACIERS GROSJEAN - TOLES LAF - 3.pdf;7fa3fb179cb0da8a887b7d8d35bd6cfe74018df6
ACIERS GROSJEAN - TOLES LAC - 3.pdf (contenu identique);ACIERS GROSJEAN - TOLES LAF - 3.pdf;200;352;1;835;Tôle de 2500x1250x2mm en acier laminé à froid;;https://www.aciersgrosjean.be/Documents/Products/835/ACIERS GROSJEAN - TOLES LAF - 3.pdf;7fa3fb179cb0da8a887b7d8d35bd6cfe74018df6
ACIERS GROSJEAN - TOLES LAC - 3.pdf (contenu identique);TOLES(2).pdf;200;352;1;844;Tôle de 2500x1250x2mm plane en acier Corten;;https://www.aciersgrosjean.be/Documents/Products/844/TOLES(2).pdf;7fa3fb179cb0da8a887b7d8d35bd6cfe74018df6
ACIERS GROSJEAN - TOLES LAC - 3.pdf (contenu identique);TOLES(1).pdf;200;352;1;845;Tôle de 3000x1500x2mm plane en acier Corten;;https://www.aciersgrosjean.be/Documents/Products/845/TOLES(1).pdf;7fa3fb179cb0da8a887b7d8d35bd6cfe74018df6
ACIERS GROSJEAN - TOLES LAC - 3.pdf (contenu identique);TOLES(3).pdf;200;352;1;846;Tôle de 2000x1000x3mm plane en acier Corten;;https://www.aciersgrosjean.be/Documents/Products/846/TOLES(3).pdf;7fa3fb179cb0da8a887b7d8d35bd6cfe74018df6
ACIERS GROSJEAN - TOLES LAC - 3.pdf (contenu identique);TOLES(1).pdf;200;352;1;847;Tôle de 2500x1250x3mm plane en acier Corten;;https://www.aciersgrosjean.be/Documents/Products/847/TOLES(1).pdf;7fa3fb179cb0da8a887b7d8d35bd6cfe74018df6
ACIERS GROSJEAN - TOLES LAC - 3.pdf (contenu identique);TOLES(1).pdf;200;352;1;848;Tôle de 3000x1500x3mm plane en acier Corten;;https://www.aciersgrosjean.be/Documents/Products/848/TOLES(1).pdf;7fa3fb179cb0da8a887b7d8d35bd6cfe74018df6
ACIERS GROSJEAN - TOLES LAC - 3.pdf (contenu identique);QUARTO-3.pdf;200;352;1;876;Tôle de 2000x1000x20mm en acier Quarto;;https://www.aciersgrosjean.be/Documents/Products/876/QUARTO-3.pdf;7fa3fb179cb0da8a887b7d8d35bd6cfe74018df6
ag-fiche-technique-deweb-nts095rc-ft00249r1-anticondensation.pdf;ag-fiche-technique-deweb-nts095rc-ft00249r1-anticondensation.pdf;200;17;0;;;https://www.aciersgrosjean.be/catalogue-toiture-et-bardage | https://www.aciersgrosjean.be/tôle-profilée-non-isolée-avec-feutre-régulateur-de-condensation;https://www.aciersgrosjean.be/documentation/ag-fiche-technique-deweb-nts095rc-ft00249r1-anticondensation;5bd6863f3f20e60659cab1f35b3c2514b02dd475
agf-tole-profilee-25-267.pdf;agf-tole-profilee-25-267.pdf;200;570;0;;;https://www.aciersgrosjean.be/catalogue-toiture-et-bardage;https://www.aciersgrosjean.be/documentation/agf-tole-profilee-25-267;ef9bd61c933fee2917b3e597f684fa1896fede15
agf-tole-profilee-32-207-1035.pdf;agf-tole-profilee-32-207-1035.pdf;200;1569;0;;;https://www.aciersgrosjean.be/catalogue-toiture-et-bardage;https://www.aciersgrosjean.be/documentation/agf-tole-profilee-32-207-1035;69d3016cab6a84b14130a05ffd432e0918b9b82b
nuancier-toiture-bardage.pdf;nuancier-toiture-bardage.pdf;200;211;0;;;https://www.aciersgrosjean.be/catalogue-toiture-et-bardage | https://www.aciersgrosjean.be/toiture-bardage-2 | https://www.aciersgrosjean.be/toiture-bardage-2?pagenumber=2 | https://www.aciersgrosjean.be/toiture-bardage-2?pagenumber=3;https://www.aciersgrosjean.be/documentation/nuancier-toiture-bardage;b90df3aa1f87b292842c3e155f3fb8d1607645d8
profils-de-finition-standards.pdf;profils-de-finition-standards.pdf;200;426;0;;;https://www.aciersgrosjean.be/catalogue-toiture-et-bardage | https://www.aciersgrosjean.be/toiture-bardage-2 | https://www.aciersgrosjean.be/toiture-bardage-2?pagenumber=2 | https://www.aciersgrosjean.be/toiture-bardage-2?pagenumber=3;https://www.aciersgrosjean.be/documentation/profils-de-finition-standards;6bbb591e020d6a9db5c3a9348ec97a10a5f2ab08
