id;nom;univers;categorie;sous_categorie;niveau_4;autres_categories;reference_interne_sku;reference_fabricant;prix_ttc;prix_affiche;unite;disponibilite;variantes;specifications;nb_images;nb_pdf;pdf;url;images;decouvert_via
1594;COUPE PLAT 220 à 300;;;;;;c0fc8966-c77c-b9d2-1fdd-3a1f35ae645a;;6,05;6,05 € TTC / PC;TTC / PC;InStock;;;1;0;;https://www.aciersgrosjean.be/coupe-ipe-140-à-220-17;https://www.aciersgrosjean.be/images/thumbs/default-image_625.png;sitemap
1595;COUPE PLAT 350 à 400;;;;;;845c5a37-d47f-e2b1-f801-3a1f35aea4a1;;7,26;7,26 € TTC / PC;TTC / PC;InStock;;;1;0;;https://www.aciersgrosjean.be/coupe-ipe-140-à-220-18;https://www.aciersgrosjean.be/images/thumbs/default-image_625.png;sitemap
1585;COUPE TR SUP;;;;;;b946631c-950b-b4b4-f96d-3a1f3584f0f6;;6,41;6,41 € TTC / PC;TTC / PC;InStock;;;1;0;;https://www.aciersgrosjean.be/coupe-ipe-140-à-220-8;https://www.aciersgrosjean.be/images/thumbs/default-image_625.png;sitemap
1098;Tube acier rond diam 42,4X2,5 mm;;;;;;f095dae4-4005-4624-5476-3a13d725a124;;5,71;5,71 € TTC / PC;TTC / PC;InStock;;Épaisseur : 25 Milimètres | Longueur : 424 Milimètres;1;0;;https://www.aciersgrosjean.be/tube-acier-rond-diam-424x25-mm-2;https://www.aciersgrosjean.be/images/thumbs/default-image_625.png;sitemap
1392;Vasque 2;;;;;;9da80994-c9ec-0b86-aabe-3a19faace3db;;605,00;605,00 € TTC / PC;TTC / PC;InStock;;;1;0;;https://www.aciersgrosjean.be/vasque-2-2;https://www.aciersgrosjean.be/images/thumbs/default-image_625.png;sitemap
1391;Vasque Corten;;;;;;7af505af-a90a-0fa1-ef93-3a19fa9e8f55;;580,80;580,80 € TTC / PC;TTC / PC;InStock;;Longueur : 1000 mm | Largeur : 850 mm;1;0;;https://www.aciersgrosjean.be/vasque-corten-2;https://www.aciersgrosjean.be/images/thumbs/default-image_625.png;sitemap
68;Rond à béton de 10mm de diamètre en acier laminé à chaud;Acier;Armature béton;Rond à béton crénélé à chaud;;Acier | Acier > Armature béton;04603d0a-be7c-5386-a4fb-3a17a9db27ea;;1,48;1,48 € TTC / PC;TTC / PC;InStock;Longueur : 1m / 2m / 3m / 4m / 5m / 6m;Poids : 0.65 Kg;1;1;ACIERS POUR BETON ARME - RONDS - TREILLIS.pdf;https://www.aciersgrosjean.be/rond-à-béton-crénelé-de-10mm-de-diamètre-laminé-à-chaud;https://www.aciersgrosjean.be/images/thumbs/0001071_268a319ef96b4ccd8ee4af547e223fa2_625.jpeg;sitemap
69;Rond à béton de 12mm de diamètre en acier laminé à chaud;Acier;Armature béton;Rond à béton crénélé à chaud;;Acier | Acier > Armature béton;3c7acac9-a08d-0f6d-d134-3a17a9db2820;;2,15;2,15 € TTC / PC;TTC / PC;InStock;Longueur : 1m / 2m / 3m / 4m / 5m / 6m;Poids : 0.95 Kg;1;1;ACIERS POUR BETON ARME - RONDS - TREILLIS.pdf;https://www.aciersgrosjean.be/rond-à-béton-crénelé-de-12mm-de-diamètre-laminé-à-chaud;https://www.aciersgrosjean.be/images/thumbs/0001072_268a319ef96b4ccd8ee4af547e223fa2_625.jpeg;sitemap
70;Rond à béton de 14mm de diamètre en acier laminé à chaud;Acier;Armature béton;Rond à béton crénélé à chaud;;Acier | Acier > Armature béton;bf1e1e04-1e28-a172-8a2c-3a17a9db2844;;2,87;2,87 € TTC / PC;TTC / PC;InStock;Longueur : 1m / 2m / 3m / 4m / 5m / 6m;Poids : 1.27 Kg;1;1;ACIERS POUR BETON ARME - RONDS - TREILLIS.pdf;https://www.aciersgrosjean.be/rond-à-béton-crénelé-de-14mm-de-diamètre-laminé-à-chaud;https://www.aciersgrosjean.be/images/thumbs/0001073_268a319ef96b4ccd8ee4af547e223fa2_625.jpeg;sitemap
71;Rond à béton de 16mm de diamètre en acier laminé à chaud;Acier;Armature béton;Rond à béton crénélé à chaud;;Acier | Acier > Armature béton;794eecb1-2569-c716-19d9-3a17a9db28b5;;3,79;3,79 € TTC / PC;TTC / PC;InStock;Longueur : 1m / 2m / 3m / 4m / 5m / 6m;Poids : 1.68 Kg;1;1;ACIERS POUR BETON ARME - RONDS - TREILLIS.pdf;https://www.aciersgrosjean.be/rond-à-béton-crénelé-de-16mm-de-diamètre-laminé-à-chaud;https://www.aciersgrosjean.be/images/thumbs/0001074_268a319ef96b4ccd8ee4af547e223fa2_625.jpeg;sitemap
73;Rond à béton de 20mm de diamètre en acier laminé à chaud;Acier;Armature béton;Rond à béton crénélé à chaud;;Acier | Acier > Armature béton;b06822e5-0bc3-9b16-0ccd-3a17a9db2902;;5,89;5,89 € TTC / PC;TTC / PC;InStock;Longueur : 1m / 2m / 3m / 4m / 5m / 6m;Poids : 2.61 Kg;1;1;ACIERS POUR BETON ARME - RONDS - TREILLIS.pdf;https://www.aciersgrosjean.be/rond-à-béton-crénelé-de-20mm-de-diamètre-laminé-à-chaud;https://www.aciersgrosjean.be/images/thumbs/0001076_268a319ef96b4ccd8ee4af547e223fa2_625.jpeg;sitemap
67;Rond à béton de 8mm de diamètre en acier laminé à chaud;Acier;Armature béton;Rond à béton crénélé à chaud;;Acier | Acier > Armature béton;aa6af17c-017c-aef1-842f-3a17a9db27c1;;0,94;0,94 € TTC / PC;TTC / PC;InStock;Longueur : 1m / 2m / 3m / 4m / 5m / 6m;Poids : 0.41 Kg;1;1;INFOSTEEL - GRYMAFER - VM2013 - ACIERS POUR BETON ARME - RONDS - TREILLIS.pdf;https://www.aciersgrosjean.be/rond-à-béton-de-8mm-de-diamètre-en-acier-laminé-à-chaud;https://www.aciersgrosjean.be/images/thumbs/0001070_rond-a-beton-de-8mm-de-diametre-en-acier-lamine-a-chaud-test_625.jpeg;sitemap
66;Rond à béton crénelé de 6mm de diamètre en acier laminé à froid;Acier;Armature béton;Rond à béton crénélé à froid;;Acier | Acier > Armature béton;acb1da56-e8db-2218-fdaa-3a17a9db2780;;0,35;0,35 € TTC / PC;TTC / PC;InStock;Longueur : 1m / 2m / 3m / 4m / 5m / 6m;Poids : 0.24 Kg;1;1;ACIERS POUR BETON ARME - RONDS - TREILLIS.pdf;https://www.aciersgrosjean.be/rond-à-béton-crénelé-de-6mm-de-diamètre-laminé-à-froid;https://www.aciersgrosjean.be/images/thumbs/0001069_rond-a-beton-crenele-de-6mm-de-diametre-en-acier-lamine-a-froid_625.jpeg;sitemap
1263;Treillis soudé 100x100x10mm 5m x 2m;Acier;Armature béton;Treillis soudés;;Acier | Acier > Armature béton;77d54549-394e-a8e8-b2e4-3a1c688e3d47;;294,90;294,90 € TTC / PC;TTC / PC;InStock;;Poids : 123.4 Kg;3;1;TREILLIS SOUDE EN ACIER POUR LA CONSTRUCTION - ACIERS GROSJEAN-3.pdf;https://www.aciersgrosjean.be/treillis-soudé-100x100x10mm-5m-x-2m-2;https://www.aciersgrosjean.be/images/thumbs/0002373_119efc4a361345abb9c2ddd88629c9b8_625.jpeg | https://www.aciersgrosjean.be/images/thumbs/0002373_119efc4a361345abb9c2ddd88629c9b8.jpeg | https://www.aciersgrosjean.be/images/thumbs/0002374_4ede0b981ad04119bbf3a5b103714996.jpeg;sitemap
1261;Treillis soudé 100x100x5mm 5m x 2m;Acier;Armature béton;Treillis soudés;;Acier | Acier > Armature béton;08b56715-09f2-1cdc-8b1e-3a1c688e3adc;;75,29;75,29 € TTC / PC;TTC / PC;InStock;;Poids : 30.8 Kg;3;1;TREILLIS SOUDE EN ACIER POUR LA CONSTRUCTION - ACIERS GROSJEAN-3.pdf;https://www.aciersgrosjean.be/treillis-soudé-100x100x5mm-5m-x-2m;https://www.aciersgrosjean.be/images/thumbs/0002377_119efc4a361345abb9c2ddd88629c9b8_625.jpeg | https://www.aciersgrosjean.be/images/thumbs/0002377_119efc4a361345abb9c2ddd88629c9b8.jpeg | https://www.aciersgrosjean.be/images/thumbs/0002378_4ede0b981ad04119bbf3a5b103714996.jpeg;sitemap
1262;Treillis soudé 100x100x8mm 5m x 2m;Acier;Armature béton;Treillis soudés;;Acier | Acier > Armature béton;14c11cd5-bcc8-a362-2d12-3a1c688e3c6e;;188,80;188,80 € TTC / PC;TTC / PC;InStock;;Poids : 79 Kg;3;1;TREILLIS SOUDE EN ACIER POUR LA CONSTRUCTION - ACIERS GROSJEAN-3.pdf;https://www.aciersgrosjean.be/treillis-soudé-100x100x8mm-5m-x-2m-3;https://www.aciersgrosjean.be/images/thumbs/0002379_119efc4a361345abb9c2ddd88629c9b8_625.jpeg | https://www.aciersgrosjean.be/images/thumbs/0002379_119efc4a361345abb9c2ddd88629c9b8.jpeg | https://www.aciersgrosjean.be/images/thumbs/0002380_4ede0b981ad04119bbf3a5b103714996.jpeg;sitemap
1268;Treillis soudé 150x150x10mm 5m x 2m;Acier;Armature béton;Treillis soudés;;Acier | Acier > Armature béton;4970ee18-e006-aa69-797d-3a1c688e426a;;192,18;192,18 € TTC / PC;TTC / PC;InStock;;Poids : 80.83 Kg;3;1;AG - TS - 150x10 - 5000x2000 - P_524_A.pdf;https://www.aciersgrosjean.be/treillis-soudé-150x150x10mm-5m-x-2m-2;https://www.aciersgrosjean.be/images/thumbs/0002381_119efc4a361345abb9c2ddd88629c9b8_625.jpeg | https://www.aciersgrosjean.be/images/thumbs/0002381_119efc4a361345abb9c2ddd88629c9b8.jpeg | https://www.aciersgrosjean.be/images/thumbs/0002382_4ede0b981ad04119bbf3a5b103714996.jpeg;sitemap
1269;Treillis soudé 150x150x12mm 5m x 2m;Acier;Armature béton;Treillis soudés;;Acier | Acier > Armature béton;9624408d-84eb-e0ff-039f-3a1c688e4533;;276,59;276,59 € TTC / PC;TTC / PC;InStock;;Poids : 116.33 Kg;3;0;;https://www.aciersgrosjean.be/treillis-soudé-150x150x12mm-5m-x-2m-2;https://www.aciersgrosjean.be/images/thumbs/0002383_119efc4a361345abb9c2ddd88629c9b8_625.jpeg | https://www.aciersgrosjean.be/images/thumbs/0002383_119efc4a361345abb9c2ddd88629c9b8.jpeg | https://www.aciersgrosjean.be/images/thumbs/0002384_4ede0b981ad04119bbf3a5b103714996.jpeg;sitemap
1273;Treillis soudé 150x150x5mm 2m x 1m;Acier;Armature béton;Treillis soudés;;Acier | Acier > Armature béton;f0ba406a-6c25-2358-f62b-3a1c688e49cd;;12,37;12,37 € TTC / PC;TTC / PC;InStock;;Poids : 3.85 Kg;3;1;TREILLIS SOUDE EN ACIER POUR LA CONSTRUCTION - ACIERS GROSJEAN-3.pdf;https://www.aciersgrosjean.be/treillis-soudé-150x150x5mm-2m-x-1m;https://www.aciersgrosjean.be/images/thumbs/0002385_119efc4a361345abb9c2ddd88629c9b8_625.jpeg | https://www.aciersgrosjean.be/images/thumbs/0002385_119efc4a361345abb9c2ddd88629c9b8.jpeg | https://www.aciersgrosjean.be/images/thumbs/0002386_4ede0b981ad04119bbf3a5b103714996.jpeg;sitemap
1270;Treillis soudé 150x150x5mm 3m x 2m;Acier;Armature béton;Treillis soudés;;Acier | Acier > Armature béton;357d33e3-ba96-97ed-9ac4-3a1c688e4633;;31,48;31,48 € TTC / PC;TTC / PC;InStock;;Poids : 12.63 Kg;3;1;TREILLIS SOUDE EN ACIER POUR LA CONSTRUCTION - ACIERS GROSJEAN-3.pdf;https://www.aciersgrosjean.be/treillis-soudé-150x150x5mm-3m-x-2m;https://www.aciersgrosjean.be/images/thumbs/0002387_119efc4a361345abb9c2ddd88629c9b8_625.jpeg | https://www.aciersgrosjean.be/images/thumbs/0002387_119efc4a361345abb9c2ddd88629c9b8.jpeg | https://www.aciersgrosjean.be/images/thumbs/0002388_4ede0b981ad04119bbf3a5b103714996.jpeg;sitemap
1265;Treillis soudé 150x150x5mm 5m x 2m;Acier;Armature béton;Treillis soudés;;Acier | Acier > Armature béton;5f7a4b70-3a03-07cc-0fd3-3a1c688e3fa0;;50,03;50,03 € TTC / PC;TTC / PC;InStock;;Poids : 20.17 Kg;3;1;AG - TS - 150x5 - 5000x2000 - P_130_A.pdf;https://www.aciersgrosjean.be/treillis-soudé-150x150x5mm-5m-x-2m-2;https://www.aciersgrosjean.be/images/thumbs/0002389_119efc4a361345abb9c2ddd88629c9b8_625.jpeg | https://www.aciersgrosjean.be/images/thumbs/0002389_119efc4a361345abb9c2ddd88629c9b8.jpeg | https://www.aciersgrosjean.be/images/thumbs/0002390_4ede0b981ad04119bbf3a5b103714996.jpeg;sitemap
1271;Treillis soudé 150x150x6mm 3m x 2m;Acier;Armature béton;Treillis soudés;;Acier | Acier > Armature béton;7fc028e5-9ce7-ca01-8bf0-3a1c688e472d;;44,55;44,55 € TTC / PC;TTC / PC;InStock;;Poids : 18.5 Kg;3;1;TREILLIS SOUDE EN ACIER POUR LA CONSTRUCTION - ACIERS GROSJEAN-3.pdf;https://www.aciersgrosjean.be/treillis-soudé-150x150x6mm-3m-x-2m;https://www.aciersgrosjean.be/images/thumbs/0002391_119efc4a361345abb9c2ddd88629c9b8_625.jpeg | https://www.aciersgrosjean.be/images/thumbs/0002391_119efc4a361345abb9c2ddd88629c9b8.jpeg | https://www.aciersgrosjean.be/images/thumbs/0002392_4ede0b981ad04119bbf3a5b103714996.jpeg;sitemap
1266;Treillis soudé 150x150x6mm 5m x 2m;Acier;Armature béton;Treillis soudés;;Acier | Acier > Armature béton;34b8a6d9-b6ea-9323-4a73-3a1c688e4077;;69,67;69,67 € TTC / PC;TTC / PC;InStock;;Poids : 29.08 Kg;3;1;AG - TS - 150x6 - 5000x2000 - P_188_A.pdf;https://www.aciersgrosjean.be/treillis-soudé-150x150x6mm-5m-x-2m-2;https://www.aciersgrosjean.be/images/thumbs/0002393_119efc4a361345abb9c2ddd88629c9b8_625.jpeg | https://www.aciersgrosjean.be/images/thumbs/0002393_119efc4a361345abb9c2ddd88629c9b8.jpeg | https://www.aciersgrosjean.be/images/thumbs/0002394_4ede0b981ad04119bbf3a5b103714996.jpeg;sitemap
1272;Treillis soudé 150x150x8mm 3m x 2m;Acier;Armature béton;Treillis soudés;;Acier | Acier > Armature béton;43b38fec-828a-b2d7-ff8b-3a1c688e4813;;77,40;77,40 € TTC / PC;TTC / PC;InStock;;Poids : 32.39 Kg;3;1;TREILLIS SOUDE EN ACIER POUR LA CONSTRUCTION - ACIERS GROSJEAN-3.pdf;https://www.aciersgrosjean.be/treillis-soudé-150x150x8mm-3m-x-2m;https://www.aciersgrosjean.be/images/thumbs/0002395_119efc4a361345abb9c2ddd88629c9b8_625.jpeg | https://www.aciersgrosjean.be/images/thumbs/0002395_119efc4a361345abb9c2ddd88629c9b8.jpeg | https://www.aciersgrosjean.be/images/thumbs/0002396_4ede0b981ad04119bbf3a5b103714996.jpeg;sitemap
1267;Treillis soudé 150x150x8mm 5m x 2m;Acier;Armature béton;Treillis soudés;;Acier | Acier > Armature béton;cd66e992-4a6b-39f3-0f58-3a1c688e4157;;123,04;123,04 € TTC / PC;TTC / PC;InStock;;Poids : 51.75 Kg;3;1;AG - TS - 150x8 - 5000x2000 -  P_335_A.pdf;https://www.aciersgrosjean.be/treillis-soudé-150x150x8mm-5m-x-2m-2;https://www.aciersgrosjean.be/images/thumbs/0002397_119efc4a361345abb9c2ddd88629c9b8_625.jpeg | https://www.aciersgrosjean.be/images/thumbs/0002397_119efc4a361345abb9c2ddd88629c9b8.jpeg | https://www.aciersgrosjean.be/images/thumbs/0002398_4ede0b981ad04119bbf3a5b103714996.jpeg;sitemap
1574;Treillis soudé 50x50x4mm 3m x 2m;Acier;Armature béton;Treillis soudés;;Acier | Acier > Armature béton;6a8ae7d2-1fa0-8d5b-35ce-3a198d73fd88;;49,28;49,28 € TTC / PC;TTC / PC;InStock;;Poids : 25 Kg;3;1;TREILLIS SOUDE EN ACIER POUR LA CONSTRUCTION - ACIERS GROSJEAN-3.pdf;https://www.aciersgrosjean.be/treillis-soudé-50x50x4mm-3m-x-2m;https://www.aciersgrosjean.be/images/thumbs/0004980_3fd1f73b1a934333a58eb298612d979b_625.jpeg | https://www.aciersgrosjean.be/images/thumbs/0004980_3fd1f73b1a934333a58eb298612d979b.jpeg | https://www.aciersgrosjean.be/images/thumbs/0004853_4ede0b981ad04119bbf3a5b103714996.jpeg;sitemap
1259;Treillis soudé 50x50x4mm 5m x 2m;Acier;Armature béton;Treillis soudés;;Acier | Acier > Armature béton;540499dd-3c25-1719-75ce-3a1c688e37ef;;77,43;77,43 € TTC / PC;TTC / PC;InStock;;Poids : 43 Kg;3;1;TREILLIS SOUDE EN ACIER POUR LA CONSTRUCTION - ACIERS GROSJEAN-3.pdf;https://www.aciersgrosjean.be/treillis-soudé-50x50x4mm-5m-x-2m;https://www.aciersgrosjean.be/images/thumbs/0004981_3fd1f73b1a934333a58eb298612d979b_625.jpeg | https://www.aciersgrosjean.be/images/thumbs/0004981_3fd1f73b1a934333a58eb298612d979b.jpeg | https://www.aciersgrosjean.be/images/thumbs/0002400_4ede0b981ad04119bbf3a5b103714996.jpeg;sitemap
1260;Treillis soudé 75x75x5mm 5m x 2m;Acier;Armature béton;Treillis soudés;;Acier | Acier > Armature béton;5f7975a0-3d69-0473-78ec-3a1c688e39c6;;106,78;106,78 € TTC / PC;TTC / PC;InStock;;Poids : 41.43 Kg;3;1;TREILLIS SOUDE EN ACIER POUR LA CONSTRUCTION - ACIERS GROSJEAN-3.pdf;https://www.aciersgrosjean.be/treillis-soudé-75x75x5mm-5m-x-2m-2;https://www.aciersgrosjean.be/images/thumbs/0002401_119efc4a361345abb9c2ddd88629c9b8_625.jpeg | https://www.aciersgrosjean.be/images/thumbs/0002401_119efc4a361345abb9c2ddd88629c9b8.jpeg | https://www.aciersgrosjean.be/images/thumbs/0002402_4ede0b981ad04119bbf3a5b103714996.jpeg;sitemap
1274;Treillis soudé galvanisé 50x50x4mm 3m x 2m;Acier;Armature béton;Treillis soudés;;Acier | Acier > Armature béton;c315b835-3563-1805-ec51-3a1c688e4aaa;;74,49;74,49 € TTC / PC;TTC / PC;InStock;;Poids : 25 Kg;3;1;TREILLIS SOUDE EN ACIER POUR LA CONSTRUCTION - ACIERS GROSJEAN-3.pdf;https://www.aciersgrosjean.be/treillis-soudé-galvanisé-50x50x4mm-3m-x-2m;https://www.aciersgrosjean.be/images/thumbs/0004982_3fd1f73b1a934333a58eb298612d979b_625.jpeg | https://www.aciersgrosjean.be/images/thumbs/0004982_3fd1f73b1a934333a58eb298612d979b.jpeg | https://www.aciersgrosjean.be/images/thumbs/0002404_4ede0b981ad04119bbf3a5b103714996.jpeg;sitemap
1275;Treillis soudé galvanisé 50x50x4mm 5m x 2m;Acier;Armature béton;Treillis soudés;;Acier | Acier > Armature béton;21ee3489-252f-1d14-e96f-3a1c688e4c88;;119,26;119,26 € TTC / PC;TTC / PC;InStock;;Poids : 43 Kg;3;1;TREILLIS SOUDE EN ACIER POUR LA CONSTRUCTION - ACIERS GROSJEAN-3.pdf;https://www.aciersgrosjean.be/treillis-soudé-galvanisé-50x50x4mm-5m-x-2m;https://www.aciersgrosjean.be/images/thumbs/0004983_3fd1f73b1a934333a58eb298612d979b_625.jpeg | https://www.aciersgrosjean.be/images/thumbs/0004983_3fd1f73b1a934333a58eb298612d979b.jpeg | https://www.aciersgrosjean.be/images/thumbs/0002406_4ede0b981ad04119bbf3a5b103714996.jpeg;sitemap
724;Treillis soudé avec dépassants 150x150x10mm 5,95m x 2,35m;Acier;Armature béton;Treillis soudés avec dépassants;;Acier | Acier > Armature béton;1ffd8d22-a2fc-7649-f795-3a197a31ef1f;;241,33;241,33 € TTC / PC;TTC / PC;InStock;;Poids : 101.5 Kg;3;1;TS DEPASSANTS 3.pdf;https://www.aciersgrosjean.be/treillis-soudé-avec-dépassants-150x150x10mm-595m-x-235m;https://www.aciersgrosjean.be/images/thumbs/0002151_e37096cff2ef4119b298a402ccbc2a09_625.jpeg | https://www.aciersgrosjean.be/images/thumbs/0002151_e37096cff2ef4119b298a402ccbc2a09.jpeg | https://www.aciersgrosjean.be/images/thumbs/0002152_4ede0b981ad04119bbf3a5b103714996.jpeg;sitemap
725;Treillis soudé avec dépassants 150x150x12mm 5,95m x 2,35m;Acier;Armature béton;Treillis soudés avec dépassants;;Acier | Acier > Armature béton;d4196915-d703-d560-0915-3a197a31efe3;;330,50;330,50 € TTC / PC;TTC / PC;InStock;;Poids : 139 Kg;3;1;TS DEPASSANTS 3.pdf;https://www.aciersgrosjean.be/treillis-soudé-avec-dépassants-150x150x12mm-595m-x-235m;https://www.aciersgrosjean.be/images/thumbs/0002149_e37096cff2ef4119b298a402ccbc2a09_625.jpeg | https://www.aciersgrosjean.be/images/thumbs/0002149_e37096cff2ef4119b298a402ccbc2a09.jpeg | https://www.aciersgrosjean.be/images/thumbs/0002150_4ede0b981ad04119bbf3a5b103714996.jpeg;sitemap
722;Treillis soudé avec dépassants 150x150x6mm 5,95m x 2,35m;Acier;Armature béton;Treillis soudés avec dépassants;;Acier | Acier > Armature béton;7a1b594a-eec2-a0b4-8540-3a197a31edd5;;91,80;91,80 € TTC / PC;TTC / PC;InStock;;Poids : 38.32 Kg;3;1;TS DEPASSANTS 3.pdf;https://www.aciersgrosjean.be/treillis-soudé-avec-dépassants-150x150x6mm-595m-x-235m;https://www.aciersgrosjean.be/images/thumbs/0002147_e37096cff2ef4119b298a402ccbc2a09_625.jpeg | https://www.aciersgrosjean.be/images/thumbs/0002147_e37096cff2ef4119b298a402ccbc2a09.jpeg | https://www.aciersgrosjean.be/images/thumbs/0002148_4ede0b981ad04119bbf3a5b103714996.jpeg;sitemap
723;Treillis soudé avec dépassants 150x150x8mm 5,95m x 2,35m;Acier;Armature béton;Treillis soudés avec dépassants;;Acier | Acier > Armature béton;280a7e5e-c34c-7856-b38b-3a197a31ee93;;154,55;154,55 € TTC / PC;TTC / PC;InStock;;Poids : 65 Kg;3;1;TS DEPASSANTS 3.pdf;https://www.aciersgrosjean.be/treillis-soudé-avec-dépassants-150x150x8mm-595m-x-235m;https://www.aciersgrosjean.be/images/thumbs/0002145_e37096cff2ef4119b298a402ccbc2a09_625.jpeg | https://www.aciersgrosjean.be/images/thumbs/0002145_e37096cff2ef4119b298a402ccbc2a09.jpeg | https://www.aciersgrosjean.be/images/thumbs/0002146_4ede0b981ad04119bbf3a5b103714996.jpeg;sitemap
1099;Poutrelle HEA 100 en acier;Acier;Poutrelle;Poutrelle HEA;;Acier | Acier > Poutrelle;261d48db-0d3d-49d9-f813-3a1c688298ac;;41,38;41,38 € TTC / PC;TTC / PC;InStock;Finition * Choisissez la finition : GPP || Longueur : 1m / 2m / 3m / 4m / 5m / 6m || Longueur : 1m / 2m / 3m / 4m / 5m / 6m;Poids : 17.1 Kg;3;1;INFOSTEEL - GRYMAFER - VM2013 - HEA.pdf;https://www.aciersgrosjean.be/poutrelle-hea-100;https://www.aciersgrosjean.be/images/thumbs/0004213_2df611c9d0724eff9fbb7847401f1bd7_625.jpeg | https://www.aciersgrosjean.be/images/thumbs/0004213_2df611c9d0724eff9fbb7847401f1bd7.jpeg | https://www.aciersgrosjean.be/images/thumbs/0004214_72e3f415a1b3462c9b81e9c29c85404a.jpeg;sitemap
1101;Poutrelle HEA 120 en acier;Acier;Poutrelle;Poutrelle HEA;;Acier | Acier > Poutrelle;ecffaf1f-8bfe-f845-a0bf-3a1c68829ac7;;49,32;49,32 € TTC / PC;TTC / PC;InStock;Finition * Choisissez la finition : GPP || Longueur : 1m / 2m / 3m / 4m / 5m / 6m || Longueur : 1m / 2m / 3m / 4m / 5m / 6m;Poids : 20.38 Kg;3;1;INFOSTEEL - GRYMAFER - VM2013 - HEA.pdf;https://www.aciersgrosjean.be/poutrelle-hea-120;https://www.aciersgrosjean.be/images/thumbs/0004215_2df611c9d0724eff9fbb7847401f1bd7_625.jpeg | https://www.aciersgrosjean.be/images/thumbs/0004215_2df611c9d0724eff9fbb7847401f1bd7.jpeg | https://www.aciersgrosjean.be/images/thumbs/0004216_72e3f415a1b3462c9b81e9c29c85404a.jpeg;sitemap
1103;Poutrelle HEA 140 en acier;Acier;Poutrelle;Poutrelle HEA;;Acier | Acier > Poutrelle;dfa76470-2320-7c88-0473-3a1c68829cdf;;61,23;61,23 € TTC / PC;TTC / PC;InStock;Finition * Choisissez la finition : GPP || Longueur : 1m / 2m / 3m / 4m / 5m / 6m || Longueur : 1m / 2m / 3m / 4m / 5m / 6m;Poids : 25.3 Kg;3;1;INFOSTEEL - GRYMAFER - VM2013 - HEA.pdf;https://www.aciersgrosjean.be/poutrelle-hea-140;https://www.aciersgrosjean.be/images/thumbs/0004217_2df611c9d0724eff9fbb7847401f1bd7_625.jpeg | https://www.aciersgrosjean.be/images/thumbs/0004217_2df611c9d0724eff9fbb7847401f1bd7.jpeg | https://www.aciersgrosjean.be/images/thumbs/0004218_72e3f415a1b3462c9b81e9c29c85404a.jpeg;sitemap
1105;Poutrelle HEA 160 en acier;Acier;Poutrelle;Poutrelle HEA;;Acier | Acier > Poutrelle;46152313-fe39-5900-9b66-3a1c68829f08;;75,36;75,36 € TTC / PC;TTC / PC;InStock;Finition * Choisissez la finition : GPP || Longueur : 1m / 2m / 3m / 4m / 5m / 6m || Longueur : 1m / 2m / 3m / 4m / 5m / 6m;Poids : 31.14 Kg;3;1;INFOSTEEL - GRYMAFER - VM2013 - HEA.pdf;https://www.aciersgrosjean.be/poutrelle-hea-160;https://www.aciersgrosjean.be/images/thumbs/0004219_2df611c9d0724eff9fbb7847401f1bd7_625.jpeg | https://www.aciersgrosjean.be/images/thumbs/0004219_2df611c9d0724eff9fbb7847401f1bd7.jpeg | https://www.aciersgrosjean.be/images/thumbs/0004220_72e3f415a1b3462c9b81e9c29c85404a.jpeg;sitemap
1107;Poutrelle HEA 180 en acier;Acier;Poutrelle;Poutrelle HEA;;Acier | Acier > Poutrelle;d88c76cf-7d1f-6665-3547-3a1c6882a1f7;;87,99;87,99 € TTC / PC;TTC / PC;InStock;Finition * Choisissez la finition : GPP || Longueur : 1m / 2m / 3m / 4m / 5m / 6m || Longueur : 1m / 2m / 3m / 4m / 5m / 6m;Poids : 36.36 Kg;3;1;INFOSTEEL - GRYMAFER - VM2013 - HEA.pdf;https://www.aciersgrosjean.be/poutrelle-hea-180;https://www.aciersgrosjean.be/images/thumbs/0004221_2df611c9d0724eff9fbb7847401f1bd7_625.jpeg | https://www.aciersgrosjean.be/images/thumbs/0004221_2df611c9d0724eff9fbb7847401f1bd7.jpeg | https://www.aciersgrosjean.be/images/thumbs/0004222_72e3f415a1b3462c9b81e9c29c85404a.jpeg;sitemap
1109;Poutrelle HEA 200 en acier;Acier;Poutrelle;Poutrelle HEA;;Acier | Acier > Poutrelle;b7827885-0d57-cfe1-6b9b-3a1c6882a65a;;105,35;105,35 € TTC / PC;TTC / PC;InStock;Finition * Choisissez la finition : GPP || Longueur : 1m / 2m / 3m / 4m / 5m / 6m || Longueur : 1m / 2m / 3m / 4m / 5m / 6m;Poids : 43.32 Kg;3;1;INFOSTEEL - GRYMAFER - VM2013 - HEA.pdf;https://www.aciersgrosjean.be/poutrelle-hea-200;https://www.aciersgrosjean.be/images/thumbs/0004223_2df611c9d0724eff9fbb7847401f1bd7_625.jpeg | https://www.aciersgrosjean.be/images/thumbs/0004223_2df611c9d0724eff9fbb7847401f1bd7.jpeg | https://www.aciersgrosjean.be/images/thumbs/0004224_72e3f415a1b3462c9b81e9c29c85404a.jpeg;sitemap
1111;Poutrelle HEA 220 en acier;Acier;Poutrelle;Poutrelle HEA;;Acier | Acier > Poutrelle;4c5d839a-0896-81c2-b31f-3a1c6882aa81;;125,79;125,79 € TTC / PC;TTC / PC;InStock;Finition * Choisissez la finition : GPP || Longueur : 1m / 2m / 3m / 4m / 5m / 6m || Longueur : 1m / 2m / 3m / 4m / 5m / 6m;Poids : 51.72 Kg;3;1;INFOSTEEL - GRYMAFER - VM2013 - HEA.pdf;https://www.aciersgrosjean.be/poutrelle-hea-220;https://www.aciersgrosjean.be/images/thumbs/0004225_2df611c9d0724eff9fbb7847401f1bd7_625.jpeg | https://www.aciersgrosjean.be/images/thumbs/0004225_2df611c9d0724eff9fbb7847401f1bd7.jpeg | https://www.aciersgrosjean.be/images/thumbs/0004226_72e3f415a1b3462c9b81e9c29c85404a.jpeg;sitemap
1113;Poutrelle HEA 240 en acier;Acier;Poutrelle;Poutrelle HEA;;Acier | Acier > Poutrelle;fd54add8-2f00-241e-8528-3a1c6882ac85;;150,96;150,96 € TTC / PC;TTC / PC;InStock;Finition * Choisissez la finition : GPP || Longueur : 1m / 2m / 3m / 4m / 5m / 6m || Longueur : 1m / 2m / 3m / 4m / 5m / 6m;Poids : 61.76 Kg;3;1;INFOSTEEL - GRYMAFER - VM2013 - HEA.pdf;https://www.aciersgrosjean.be/poutrelle-hea-240;https://www.aciersgrosjean.be/images/thumbs/0004227_2df611c9d0724eff9fbb7847401f1bd7_625.jpeg | https://www.aciersgrosjean.be/images/thumbs/0004227_2df611c9d0724eff9fbb7847401f1bd7.jpeg | https://www.aciersgrosjean.be/images/thumbs/0004228_72e3f415a1b3462c9b81e9c29c85404a.jpeg;sitemap
1115;Poutrelle HEA 260 en acier;Acier;Poutrelle;Poutrelle HEA;;Acier | Acier > Poutrelle;b037882b-db65-4a03-6e74-3a1c6882aee1;;170,73;170,73 € TTC / PC;TTC / PC;InStock;Finition * Choisissez la finition : GPP || Longueur : 1m / 2m / 3m / 4m / 5m / 6m || Longueur : 1m / 2m / 3m / 4m / 5m / 6m;Poids : 69.85 Kg;3;1;INFOSTEEL - GRYMAFER - VM2013 - HEA.pdf;https://www.aciersgrosjean.be/poutrelle-hea-260;https://www.aciersgrosjean.be/images/thumbs/0004229_2df611c9d0724eff9fbb7847401f1bd7_625.jpeg | https://www.aciersgrosjean.be/images/thumbs/0004229_2df611c9d0724eff9fbb7847401f1bd7.jpeg | https://www.aciersgrosjean.be/images/thumbs/0004230_72e3f415a1b3462c9b81e9c29c85404a.jpeg;sitemap
1117;Poutrelle HEA 280 en acier;Acier;Poutrelle;Poutrelle HEA;;Acier | Acier > Poutrelle;3860b16e-2c14-c09c-4b5d-3a1c6882b0c5;;191,26;191,26 € TTC / PC;TTC / PC;InStock;Finition * Choisissez la finition : GPP || Longueur : 1m / 2m / 3m / 4m / 5m / 6m || Longueur : 1m / 2m / 3m / 4m / 5m / 6m;Poids : 78.25 Kg;3;1;INFOSTEEL - GRYMAFER - VM2013 - HEA.pdf;https://www.aciersgrosjean.be/poutrelle-hea-280;https://www.aciersgrosjean.be/images/thumbs/0004231_2df611c9d0724eff9fbb7847401f1bd7_625.jpeg | https://www.aciersgrosjean.be/images/thumbs/0004231_2df611c9d0724eff9fbb7847401f1bd7.jpeg | https://www.aciersgrosjean.be/images/thumbs/0004232_72e3f415a1b3462c9b81e9c29c85404a.jpeg;sitemap
1119;Poutrelle HEA 300 en acier;Acier;Poutrelle;Poutrelle HEA;;Acier | Acier > Poutrelle;d96ac47e-4099-03fa-9f22-3a1c6882b452;;221,05;221,05 € TTC / PC;TTC / PC;InStock;Finition * Choisissez la finition : GPP || Longueur : 1m / 2m / 3m / 4m / 5m / 6m || Longueur : 1m / 2m / 3m / 4m / 5m / 6m;Poids : 90.44 Kg;3;1;INFOSTEEL - GRYMAFER - VM2013 - HEA.pdf;https://www.aciersgrosjean.be/poutrelle-hea-300;https://www.aciersgrosjean.be/images/thumbs/0004233_2df611c9d0724eff9fbb7847401f1bd7_625.jpeg | https://www.aciersgrosjean.be/images/thumbs/0004233_2df611c9d0724eff9fbb7847401f1bd7.jpeg | https://www.aciersgrosjean.be/images/thumbs/0004234_72e3f415a1b3462c9b81e9c29c85404a.jpeg;sitemap
1147;Poutrelle HEB 100 en acier;Acier;Poutrelle;Poutrelle HEB;;Acier | Acier > Poutrelle;d06cc83e-a5d3-9081-f03a-3a1c6883eb88;;50,30;50,30 € TTC / PC;TTC / PC;InStock;Finition * Choisissez la finition : GPP || Longueur : 1m / 2m / 3m / 4m / 5m / 6m || Longueur : 1m / 2m / 3m / 4m / 5m / 6m;Poids : 20.89 Kg;3;1;INFOSTEEL - GRYMAFER - VM2013 - HEB.pdf;https://www.aciersgrosjean.be/poutrelle-heb-100;https://www.aciersgrosjean.be/images/thumbs/0004261_bba4442a6af945acbbedfe86edf25af4_625.jpeg | https://www.aciersgrosjean.be/images/thumbs/0004261_bba4442a6af945acbbedfe86edf25af4.jpeg | https://www.aciersgrosjean.be/images/thumbs/0004262_73cae0d7cc0d449b8b7925258668d220.jpeg;sitemap
1149;Poutrelle HEB 120 en acier;Acier;Poutrelle;Poutrelle HEB;;Acier | Acier > Poutrelle;7cc6d22b-4330-52ec-444b-3a1c6883ed7b;;65,86;65,86 € TTC / PC;TTC / PC;InStock;Finition * Choisissez la finition : GPP || Longueur : 1m / 2m / 3m / 4m / 5m / 6m || Longueur : 1m / 2m / 3m / 4m / 5m / 6m;Poids : 27.35 Kg;3;1;INFOSTEEL - GRYMAFER - VM2013 - HEB.pdf;https://www.aciersgrosjean.be/poutrelle-heb-120;https://www.aciersgrosjean.be/images/thumbs/0004263_bba4442a6af945acbbedfe86edf25af4_625.jpeg | https://www.aciersgrosjean.be/images/thumbs/0004263_bba4442a6af945acbbedfe86edf25af4.jpeg | https://www.aciersgrosjean.be/images/thumbs/0004264_73cae0d7cc0d449b8b7925258668d220.jpeg;sitemap
1151;Poutrelle HEB 140 en acier;Acier;Poutrelle;Poutrelle HEB;;Acier | Acier > Poutrelle;930eb02a-6a92-60c9-82a7-3a1c6883ef59;;83,11;83,11 € TTC / PC;TTC / PC;InStock;Finition * Choisissez la finition : GPP || Longueur : 1m / 2m / 3m / 4m / 5m / 6m || Longueur : 1m / 2m / 3m / 4m / 5m / 6m;Poids : 34.52 Kg;3;1;INFOSTEEL - GRYMAFER - VM2013 - HEB.pdf;https://www.aciersgrosjean.be/poutrelle-heb-140;https://www.aciersgrosjean.be/images/thumbs/0004265_bba4442a6af945acbbedfe86edf25af4_625.jpeg | https://www.aciersgrosjean.be/images/thumbs/0004265_bba4442a6af945acbbedfe86edf25af4.jpeg | https://www.aciersgrosjean.be/images/thumbs/0004266_73cae0d7cc0d449b8b7925258668d220.jpeg;sitemap
1153;Poutrelle HEB 160 en acier;Acier;Poutrelle;Poutrelle HEB;;Acier | Acier > Poutrelle;d60aee4e-8595-f136-7cfb-3a1c6883f142;;105,05;105,05 € TTC / PC;TTC / PC;InStock;Finition * Choisissez la finition : GPP || Longueur : 1m / 2m / 3m / 4m / 5m / 6m || Longueur : 1m / 2m / 3m / 4m / 5m / 6m;Poids : 43.63 Kg;3;1;INFOSTEEL - GRYMAFER - VM2013 - HEB.pdf;https://www.aciersgrosjean.be/poutrelle-heb-160;https://www.aciersgrosjean.be/images/thumbs/0004267_bba4442a6af945acbbedfe86edf25af4_625.jpeg | https://www.aciersgrosjean.be/images/thumbs/0004267_bba4442a6af945acbbedfe86edf25af4.jpeg | https://www.aciersgrosjean.be/images/thumbs/0004268_73cae0d7cc0d449b8b7925258668d220.jpeg;sitemap
1155;Poutrelle HEB 180 en acier;Acier;Poutrelle;Poutrelle HEB;;Acier | Acier > Poutrelle;3eb3bd6f-ecc7-3a71-8a3f-3a1c6883f324;;126,28;126,28 € TTC / PC;TTC / PC;InStock;Finition * Choisissez la finition : GPP || Longueur : 1m / 2m / 3m / 4m / 5m / 6m || Longueur : 1m / 2m / 3m / 4m / 5m / 6m;Poids : 52.44 Kg;3;1;INFOSTEEL - GRYMAFER - VM2013 - HEB.pdf;https://www.aciersgrosjean.be/poutrelle-heb-180;https://www.aciersgrosjean.be/images/thumbs/0004269_bba4442a6af945acbbedfe86edf25af4_625.jpeg | https://www.aciersgrosjean.be/images/thumbs/0004269_bba4442a6af945acbbedfe86edf25af4.jpeg | https://www.aciersgrosjean.be/images/thumbs/0004270_73cae0d7cc0d449b8b7925258668d220.jpeg;sitemap
1157;Poutrelle HEB 200 en acier;Acier;Poutrelle;Poutrelle HEB;;Acier | Acier > Poutrelle;40ae30b8-d2a8-f0e2-a7a2-3a1c6883f6bd;;151,93;151,93 € TTC / PC;TTC / PC;InStock;Finition * Choisissez la finition : GPP || Longueur : 1m / 2m / 3m / 4m / 5m / 6m || Longueur : 1m / 2m / 3m / 4m / 5m / 6m;Poids : 62.78 Kg;3;1;INFOSTEEL - GRYMAFER - VM2013 - HEB.pdf;https://www.aciersgrosjean.be/poutrelle-heb-200;https://www.aciersgrosjean.be/images/thumbs/0004271_bba4442a6af945acbbedfe86edf25af4_625.jpeg | https://www.aciersgrosjean.be/images/thumbs/0004271_bba4442a6af945acbbedfe86edf25af4.jpeg | https://www.aciersgrosjean.be/images/thumbs/0004272_73cae0d7cc0d449b8b7925258668d220.jpeg;sitemap
1159;Poutrelle HEB 220 en acier;Acier;Poutrelle;Poutrelle HEB;;Acier | Acier > Poutrelle;ed4a58b0-132d-eb35-ee06-3a1c6883f8b8;;177,22;177,22 € TTC / PC;TTC / PC;InStock;Finition * Choisissez la finition : GPP || Longueur : 1m / 2m / 3m / 4m / 5m / 6m || Longueur : 1m / 2m / 3m / 4m / 5m / 6m;Poids : 73.23 Kg;3;1;INFOSTEEL - GRYMAFER - VM2013 - HEB.pdf;https://www.aciersgrosjean.be/poutrelle-heb-220;https://www.aciersgrosjean.be/images/thumbs/0004273_bba4442a6af945acbbedfe86edf25af4_625.jpeg | https://www.aciersgrosjean.be/images/thumbs/0004273_bba4442a6af945acbbedfe86edf25af4.jpeg | https://www.aciersgrosjean.be/images/thumbs/0004274_73cae0d7cc0d449b8b7925258668d220.jpeg;sitemap
1161;Poutrelle HEB 240 en acier;Acier;Poutrelle;Poutrelle HEB;;Acier | Acier > Poutrelle;8df79df6-ab76-ab91-4b20-3a1c6883faa7;;207,24;207,24 € TTC / PC;TTC / PC;InStock;Finition * Choisissez la finition : GPP || Longueur : 1m / 2m / 3m / 4m / 5m / 6m || Longueur : 1m / 2m / 3m / 4m / 5m / 6m;Poids : 85.21 Kg;3;1;INFOSTEEL - GRYMAFER - VM2013 - HEB.pdf;https://www.aciersgrosjean.be/poutrelle-heb-240;https://www.aciersgrosjean.be/images/thumbs/0004275_bba4442a6af945acbbedfe86edf25af4_625.jpeg | https://www.aciersgrosjean.be/images/thumbs/0004275_bba4442a6af945acbbedfe86edf25af4.jpeg | https://www.aciersgrosjean.be/images/thumbs/0004276_73cae0d7cc0d449b8b7925258668d220.jpeg;sitemap
1163;Poutrelle HEB 260 en acier;Acier;Poutrelle;Poutrelle HEB;;Acier | Acier > Poutrelle;fd09a5c8-54b0-a75a-9769-3a1c6883fca6;;231,65;231,65 € TTC / PC;TTC / PC;InStock;Finition * Choisissez la finition : GPP || Longueur : 1m / 2m / 3m / 4m / 5m / 6m || Longueur : 1m / 2m / 3m / 4m / 5m / 6m;Poids : 95.25 Kg;3;1;INFOSTEEL - GRYMAFER - VM2013 - HEB.pdf;https://www.aciersgrosjean.be/poutrelle-heb-260;https://www.aciersgrosjean.be/images/thumbs/0004277_bba4442a6af945acbbedfe86edf25af4_625.jpeg | https://www.aciersgrosjean.be/images/thumbs/0004277_bba4442a6af945acbbedfe86edf25af4.jpeg | https://www.aciersgrosjean.be/images/thumbs/0004278_73cae0d7cc0d449b8b7925258668d220.jpeg;sitemap
1165;Poutrelle HEB 280 en acier;Acier;Poutrelle;Poutrelle HEB;;Acier | Acier > Poutrelle;2fb7015f-a1de-d4d2-9582-3a1c6883fefc;;256,56;256,56 € TTC / PC;TTC / PC;InStock;Finition * Choisissez la finition : GPP || Longueur : 1m / 2m / 3m / 4m / 5m / 6m || Longueur : 1m / 2m / 3m / 4m / 5m / 6m;Poids : 105.49 Kg;3;1;INFOSTEEL - GRYMAFER - VM2013 - HEB.pdf;https://www.aciersgrosjean.be/poutrelle-heb-280;https://www.aciersgrosjean.be/images/thumbs/0004279_bba4442a6af945acbbedfe86edf25af4_625.jpeg | https://www.aciersgrosjean.be/images/thumbs/0004279_bba4442a6af945acbbedfe86edf25af4.jpeg | https://www.aciersgrosjean.be/images/thumbs/0004280_73cae0d7cc0d449b8b7925258668d220.jpeg;sitemap
1167;Poutrelle HEB 300 en acier;Acier;Poutrelle;Poutrelle HEB;;Acier | Acier > Poutrelle;7ca84a1d-4736-5fc8-705f-3a1c688402c5;;291,44;291,44 € TTC / PC;TTC / PC;InStock;Finition * Choisissez la finition : GPP || Longueur : 1m / 2m / 3m / 4m / 5m / 6m || Longueur : 1m / 2m / 3m / 4m / 5m / 6m;Poids : 119.83 Kg;3;1;INFOSTEEL - GRYMAFER - VM2013 - HEB.pdf;https://www.aciersgrosjean.be/poutrelle-heb-300;https://www.aciersgrosjean.be/images/thumbs/0004281_bba4442a6af945acbbedfe86edf25af4_625.jpeg | https://www.aciersgrosjean.be/images/thumbs/0004281_bba4442a6af945acbbedfe86edf25af4.jpeg | https://www.aciersgrosjean.be/images/thumbs/0004282_73cae0d7cc0d449b8b7925258668d220.jpeg;sitemap
231;Poutrelle IPE 100 en acier;Acier;Poutrelle;Poutrelle IPE;;Acier | Acier > Poutrelle;795c0cb7-f546-201b-158f-3a17bf40f7ad;;19,78;19,78 € TTC / PC;TTC / PC;InStock;Finition * Choisissez la finition : GPP || Longueur : 1m / 2m / 3m / 4m / 5m / 6m || Longueur : 1m / 2m / 3m / 4m / 5m / 6m;Poids : 8.3 Kg;4;1;POUTRELLE IPE ACIERS GROSJEAN 4(1).pdf;https://www.aciersgrosjean.be/poutrelle-ipe-100-4;https://www.aciersgrosjean.be/images/thumbs/0003776_301d853d94904278bab6df7a5e4e9837_625.jpeg | https://www.aciersgrosjean.be/images/thumbs/0003776_301d853d94904278bab6df7a5e4e9837.jpeg | https://www.aciersgrosjean.be/images/thumbs/0003777_865646b7f22d4415a556de7af7de1a3a.jpeg | https://www.aciersgrosjean.be/images/thumbs/0003778_6f329e0775024112b648699a75024e37.jpeg;sitemap
232;Poutrelle IPE 120 en acier;Acier;Poutrelle;Poutrelle IPE;;Acier | Acier > Poutrelle;fd31811f-dd82-0622-5bc5-3a17bf40f7fd;;25,39;25,39 € TTC / PC;TTC / PC;InStock;Finition * Choisissez la finition : GPP || Longueur : 1m / 2m / 3m / 4m / 5m / 6m || Longueur : 1m / 2m / 3m / 4m / 5m / 6m;Poids : 10.65 Kg;4;1;POUTRELLE IPE ACIERS GROSJEAN 4(1).pdf;https://www.aciersgrosjean.be/poutrelle-ipe-120-6;https://www.aciersgrosjean.be/images/thumbs/0003782_301d853d94904278bab6df7a5e4e9837_625.jpeg | https://www.aciersgrosjean.be/images/thumbs/0003782_301d853d94904278bab6df7a5e4e9837.jpeg | https://www.aciersgrosjean.be/images/thumbs/0003783_865646b7f22d4415a556de7af7de1a3a.jpeg | https://www.aciersgrosjean.be/images/thumbs/0003784_6f329e0775024112b648699a75024e37.jpeg;sitemap
233;Poutrelle IPE 140 en acier;Acier;Poutrelle;Poutrelle IPE;;Acier | Acier > Poutrelle;5ddadb6c-0b05-c749-e304-3a17bf40f847;;31,96;31,96 € TTC / PC;TTC / PC;InStock;Finition * Choisissez la finition : GPP || Longueur : 1m / 2m / 3m / 4m / 5m / 6m || Longueur : 1m / 2m / 3m / 4m / 5m / 6m;Poids : 13.14 Kg;4;1;POUTRELLE IPE ACIERS GROSJEAN 4.pdf;https://www.aciersgrosjean.be/poutrelle-ipe-140-3;https://www.aciersgrosjean.be/images/thumbs/0003785_301d853d94904278bab6df7a5e4e9837_625.jpeg | https://www.aciersgrosjean.be/images/thumbs/0003785_301d853d94904278bab6df7a5e4e9837.jpeg | https://www.aciersgrosjean.be/images/thumbs/0005517_865646b7f22d4415a556de7af7de1a3a.jpeg | https://www.aciersgrosjean.be/images/thumbs/0003787_6f329e0775024112b648699a75024e37.jpeg;sitemap
234;Poutrelle IPE 160 en acier;Acier;Poutrelle;Poutrelle IPE;;Acier | Acier > Poutrelle;5e5663d5-7abc-b7f9-9d4e-3a17bf40f88f;;38,96;38,96 € TTC / PC;TTC / PC;InStock;Finition * Choisissez la finition : GPP || Longueur : 1m / 2m / 3m / 4m / 5m / 6m || Longueur : 1m / 2m / 3m / 4m / 5m / 6m;Poids : 16.18 Kg;4;1;POUTRELLE IPE ACIERS GROSJEAN 4(1).pdf;https://www.aciersgrosjean.be/poutrelle-ipe-160-3;https://www.aciersgrosjean.be/images/thumbs/0003791_301d853d94904278bab6df7a5e4e9837_625.jpeg | https://www.aciersgrosjean.be/images/thumbs/0003791_301d853d94904278bab6df7a5e4e9837.jpeg | https://www.aciersgrosjean.be/images/thumbs/0003792_865646b7f22d4415a556de7af7de1a3a.jpeg | https://www.aciersgrosjean.be/images/thumbs/0003793_6f329e0775024112b648699a75024e37.jpeg;sitemap
158;Poutrelle IPE 180 en acier;Acier;Poutrelle;Poutrelle IPE;;Acier | Acier > Poutrelle;8e4947fc-e1fa-6817-afc2-3a17bf40f8db;;46,38;46,38 € TTC / PC;TTC / PC;InStock;Finition * Choisissez la finition : GPP || Longueur : 1m / 2m / 3m / 4m / 5m / 6m || Longueur : 1m / 2m / 3m / 4m / 5m / 6m;Poids : 19.26 Kg;4;1;POUTRELLE IPE ACIERS GROSJEAN 4(1).pdf;https://www.aciersgrosjean.be/poutrelle-ipe-180-7;https://www.aciersgrosjean.be/images/thumbs/0003797_301d853d94904278bab6df7a5e4e9837_625.jpeg | https://www.aciersgrosjean.be/images/thumbs/0003797_301d853d94904278bab6df7a5e4e9837.jpeg | https://www.aciersgrosjean.be/images/thumbs/0003798_865646b7f22d4415a556de7af7de1a3a.jpeg | https://www.aciersgrosjean.be/images/thumbs/0003799_6f329e0775024112b648699a75024e37.jpeg;sitemap
228;Poutrelle IPE 200 en acier;Acier;Poutrelle;Poutrelle IPE;;Acier | Acier > Poutrelle;073abcdd-ee0f-5b1f-fc75-3a17bf40f904;;55,24;55,24 € TTC / PC;TTC / PC;InStock;Finition * Choisissez la finition : GPP || Longueur : 1m / 2m / 3m / 4m / 5m / 6m || Longueur : 1m / 2m / 3m / 4m / 5m / 6m;Poids : 22.94 Kg;4;1;POUTRELLE IPE ACIERS GROSJEAN 4(1).pdf;https://www.aciersgrosjean.be/poutrelle-ipe-200-2;https://www.aciersgrosjean.be/images/thumbs/0003804_301d853d94904278bab6df7a5e4e9837_625.jpeg | https://www.aciersgrosjean.be/images/thumbs/0003804_301d853d94904278bab6df7a5e4e9837.jpeg | https://www.aciersgrosjean.be/images/thumbs/0003805_865646b7f22d4415a556de7af7de1a3a.jpeg | https://www.aciersgrosjean.be/images/thumbs/0003806_6f329e0775024112b648699a75024e37.jpeg;sitemap
235;Poutrelle IPE 220 en acier;Acier;Poutrelle;Poutrelle IPE;;Acier | Acier > Poutrelle;e927cc10-5532-19f3-b26c-3a17bf40f953;;64,60;64,60 € TTC / PC;TTC / PC;InStock;Finition * Choisissez la finition : GPP || Longueur : 1m / 2m / 3m / 4m / 5m / 6m || Longueur : 1m / 2m / 3m / 4m / 5m / 6m;Poids : 26.83 Kg;4;1;POUTRELLE IPE ACIERS GROSJEAN 4(1).pdf;https://www.aciersgrosjean.be/poutrelle-ipe-220-3;https://www.aciersgrosjean.be/images/thumbs/0003810_301d853d94904278bab6df7a5e4e9837_625.jpeg | https://www.aciersgrosjean.be/images/thumbs/0003810_301d853d94904278bab6df7a5e4e9837.jpeg | https://www.aciersgrosjean.be/images/thumbs/0003811_865646b7f22d4415a556de7af7de1a3a.jpeg | https://www.aciersgrosjean.be/images/thumbs/0003812_6f329e0775024112b648699a75024e37.jpeg;sitemap
229;Poutrelle IPE 240 en acier;Acier;Poutrelle;Poutrelle IPE;;Acier | Acier > Poutrelle;e5a68446-d756-b946-9969-3a17bf40f978;;75,71;75,71 € TTC / PC;TTC / PC;InStock;Finition * Choisissez la finition : GPP || Longueur : 1m / 2m / 3m / 4m / 5m / 6m || Longueur : 1m / 2m / 3m / 4m / 5m / 6m;Poids : 31.44 Kg;4;1;POUTRELLE IPE ACIERS GROSJEAN 4(1).pdf;https://www.aciersgrosjean.be/poutrelle-ipe-240-en-acier;https://www.aciersgrosjean.be/images/thumbs/0003817_poutrelle-ipe-240-en-acier_625.jpeg | https://www.aciersgrosjean.be/images/thumbs/0003817_poutrelle-ipe-240-en-acier.jpeg | https://www.aciersgrosjean.be/images/thumbs/0003818_poutrelle-ipe-240-en-acier.jpeg | https://www.aciersgrosjean.be/images/thumbs/0003819_poutrelle-ipe-240-en-acier.jpeg;sitemap
236;Poutrelle IPE 270;Acier;Poutrelle;Poutrelle IPE;;Acier | Acier > Poutrelle;28a284de-03c3-92f0-9335-3a17bf40f9c5;;89,47;89,47 € TTC / PC;TTC / PC;InStock;Finition * Choisissez la finition : GPP || Longueur : 1m / 2m / 3m / 4m / 5m / 6m || Longueur : 1m / 2m / 3m / 4m / 5m / 6m;Poids : 36.97 Kg;3;1;INFOSTEEL - GRYMAFER - VM2013 - IPE.pdf;https://www.aciersgrosjean.be/poutrelle-ipe-270-3;https://www.aciersgrosjean.be/images/thumbs/0001958_301d853d94904278bab6df7a5e4e9837_625.jpeg | https://www.aciersgrosjean.be/images/thumbs/0001958_301d853d94904278bab6df7a5e4e9837.jpeg | https://www.aciersgrosjean.be/images/thumbs/0001959_6f329e0775024112b648699a75024e37.jpeg;sitemap
237;Poutrelle IPE 300;Acier;Poutrelle;Poutrelle IPE;;Acier | Acier > Poutrelle;c04035da-4bdc-afb5-1a86-3a17bf40fa19;;104,59;104,59 € TTC / PC;TTC / PC;InStock;Finition * Choisissez la finition : GPP || Longueur : 1m / 2m / 3m / 4m / 5m / 6m || Longueur : 1m / 2m / 3m / 4m / 5m / 6m;Poids : 43.22 Kg;3;1;INFOSTEEL - GRYMAFER - VM2013 - IPE.pdf;https://www.aciersgrosjean.be/poutrelle-ipe-300-3;https://www.aciersgrosjean.be/images/thumbs/0001964_301d853d94904278bab6df7a5e4e9837_625.jpeg | https://www.aciersgrosjean.be/images/thumbs/0001964_301d853d94904278bab6df7a5e4e9837.jpeg | https://www.aciersgrosjean.be/images/thumbs/0001965_6f329e0775024112b648699a75024e37.jpeg;sitemap
238;Poutrelle IPE 330;Acier;Poutrelle;Poutrelle IPE;;Acier | Acier > Poutrelle;6ff0417f-a420-dcee-1f6d-3a17bf40fa73;;122,31;122,31 € TTC / PC;TTC / PC;InStock;Finition * Choisissez la finition : GPP || Longueur : 1m / 2m / 3m / 4m / 5m / 6m || Longueur : 1m / 2m / 3m / 4m / 5m / 6m;Poids : 50.29 Kg;3;1;INFOSTEEL - GRYMAFER - VM2013 - IPE.pdf;https://www.aciersgrosjean.be/poutrelle-ipe-330-3;https://www.aciersgrosjean.be/images/thumbs/0001970_301d853d94904278bab6df7a5e4e9837_625.jpeg | https://www.aciersgrosjean.be/images/thumbs/0001970_301d853d94904278bab6df7a5e4e9837.jpeg | https://www.aciersgrosjean.be/images/thumbs/0001971_6f329e0775024112b648699a75024e37.jpeg;sitemap
1244;Poutrelle UPN 100 en acier;Acier;Poutrelle;Poutrelle UPN;;Acier | Acier > Poutrelle;5bf3666c-5a49-e066-0999-3a1c6887526e;;26,02;26,02 € TTC / PC;TTC / PC;InStock;Finition * Choisissez la finition : BRUT || Longueur : 1m / 2m / 3m / 4m / 5m / 6m;Poids : 10.86 Kg;3;1;INFOSTEEL - GRYMAFER - VM2013 - UPN.pdf;https://www.aciersgrosjean.be/poutrelle-upn-100;https://www.aciersgrosjean.be/images/thumbs/0004322_24df97d440ed46d986cd942eec291ba3_625.jpeg | https://www.aciersgrosjean.be/images/thumbs/0004322_24df97d440ed46d986cd942eec291ba3.jpeg | https://www.aciersgrosjean.be/images/thumbs/0004323_ef6a74181acd40359e95269b4068a24d.jpeg;sitemap
1245;Poutrelle UPN 120 en acier;Acier;Poutrelle;Poutrelle UPN;;Acier | Acier > Poutrelle;09bdb0fe-dd83-5ad5-e6e5-3a1c68875355;;32,63;32,63 € TTC / PC;TTC / PC;InStock;Finition * Choisissez la finition : BRUT || Longueur : 1m / 2m / 3m / 4m / 5m / 6m;Poids : 13.62 Kg;3;1;INFOSTEEL - GRYMAFER - VM2013 - UPN.pdf;https://www.aciersgrosjean.be/poutrelle-upn-120;https://www.aciersgrosjean.be/images/thumbs/0004324_24df97d440ed46d986cd942eec291ba3_625.jpeg | https://www.aciersgrosjean.be/images/thumbs/0004324_24df97d440ed46d986cd942eec291ba3.jpeg | https://www.aciersgrosjean.be/images/thumbs/0004325_ef6a74181acd40359e95269b4068a24d.jpeg;sitemap
1246;Poutrelle UPN 140 en acier;Acier;Poutrelle;Poutrelle UPN;;Acier | Acier > Poutrelle;29883d9d-67b4-b27f-b786-3a1c6887543b;;39,66;39,66 € TTC / PC;TTC / PC;InStock;Finition * Choisissez la finition : BRUT || Longueur : 1m / 2m / 3m / 4m / 5m / 6m;Poids : 16.39 Kg;3;1;INFOSTEEL - GRYMAFER - VM2013 - UPN.pdf;https://www.aciersgrosjean.be/poutrelle-upn-140;https://www.aciersgrosjean.be/images/thumbs/0004326_24df97d440ed46d986cd942eec291ba3_625.jpeg | https://www.aciersgrosjean.be/images/thumbs/0004326_24df97d440ed46d986cd942eec291ba3.jpeg | https://www.aciersgrosjean.be/images/thumbs/0004327_ef6a74181acd40359e95269b4068a24d.jpeg;sitemap
1247;Poutrelle UPN 160 en acier;Acier;Poutrelle;Poutrelle UPN;;Acier | Acier > Poutrelle;f8d74c2b-d7e6-e403-c9cd-3a1c6887552e;;46,85;46,85 € TTC / PC;TTC / PC;InStock;Finition * Choisissez la finition : BRUT || Longueur : 1m / 2m / 3m / 4m / 5m / 6m;Poids : 19.36 Kg;3;1;INFOSTEEL - GRYMAFER - VM2013 - UPN.pdf;https://www.aciersgrosjean.be/poutrelle-upn-160;https://www.aciersgrosjean.be/images/thumbs/0004328_24df97d440ed46d986cd942eec291ba3_625.jpeg | https://www.aciersgrosjean.be/images/thumbs/0004328_24df97d440ed46d986cd942eec291ba3.jpeg | https://www.aciersgrosjean.be/images/thumbs/0004329_ef6a74181acd40359e95269b4068a24d.jpeg;sitemap
1248;Poutrelle UPN 180 en acier;Acier;Poutrelle;Poutrelle UPN;;Acier | Acier > Poutrelle;1eef57ee-439d-47d2-eb0f-3a1c68875633;;54,52;54,52 € TTC / PC;TTC / PC;InStock;Finition * Choisissez la finition : BRUT || Longueur : 1m / 2m / 3m / 4m / 5m / 6m;Poids : 22.53 Kg;3;1;INFOSTEEL - GRYMAFER - VM2013 - UPN.pdf;https://www.aciersgrosjean.be/poutrelle-upn-180;https://www.aciersgrosjean.be/images/thumbs/0004330_24df97d440ed46d986cd942eec291ba3_625.jpeg | https://www.aciersgrosjean.be/images/thumbs/0004330_24df97d440ed46d986cd942eec291ba3.jpeg | https://www.aciersgrosjean.be/images/thumbs/0004331_ef6a74181acd40359e95269b4068a24d.jpeg;sitemap
1249;Poutrelle UPN 200 en acier;Acier;Poutrelle;Poutrelle UPN;;Acier | Acier > Poutrelle;a583f438-f76b-5383-61b9-3a1c6887572c;;62,70;62,70 € TTC / PC;TTC / PC;InStock;Finition * Choisissez la finition : BRUT || Longueur : 1m / 2m / 3m / 4m / 5m / 6m;Poids : 25.91 Kg;3;1;INFOSTEEL - GRYMAFER - VM2013 - UPN.pdf;https://www.aciersgrosjean.be/poutrelle-upn-200;https://www.aciersgrosjean.be/images/thumbs/0004332_24df97d440ed46d986cd942eec291ba3_625.jpeg | https://www.aciersgrosjean.be/images/thumbs/0004332_24df97d440ed46d986cd942eec291ba3.jpeg | https://www.aciersgrosjean.be/images/thumbs/0004333_ef6a74181acd40359e95269b4068a24d.jpeg;sitemap
1250;Poutrelle UPN 220 en acier;Acier;Poutrelle;Poutrelle UPN;;Acier | Acier > Poutrelle;cbff4fba-b0b1-ee2e-4627-3a1c68875808;;72,87;72,87 € TTC / PC;TTC / PC;InStock;Finition * Choisissez la finition : BRUT || Longueur : 1m / 2m / 3m / 4m / 5m / 6m;Poids : 30.11 Kg;3;1;INFOSTEEL - GRYMAFER - VM2013 - UPN.pdf;https://www.aciersgrosjean.be/poutrelle-upn-220;https://www.aciersgrosjean.be/images/thumbs/0004334_24df97d440ed46d986cd942eec291ba3_625.jpeg | https://www.aciersgrosjean.be/images/thumbs/0004334_24df97d440ed46d986cd942eec291ba3.jpeg | https://www.aciersgrosjean.be/images/thumbs/0004335_ef6a74181acd40359e95269b4068a24d.jpeg;sitemap
1251;Poutrelle UPN 240 en acier;Acier;Poutrelle;Poutrelle UPN;;Acier | Acier > Poutrelle;6a70387c-e5d1-1e5e-d73d-3a1c688758f2;;82,69;82,69 € TTC / PC;TTC / PC;InStock;Finition * Choisissez la finition : BRUT || Longueur : 1m / 2m / 3m / 4m / 5m / 6m;Poids : 34 Kg;3;1;INFOSTEEL - GRYMAFER - VM2013 - UPN.pdf;https://www.aciersgrosjean.be/poutrelle-upn-240;https://www.aciersgrosjean.be/images/thumbs/0004336_24df97d440ed46d986cd942eec291ba3_625.jpeg | https://www.aciersgrosjean.be/images/thumbs/0004336_24df97d440ed46d986cd942eec291ba3.jpeg | https://www.aciersgrosjean.be/images/thumbs/0004337_ef6a74181acd40359e95269b4068a24d.jpeg;sitemap
1252;Poutrelle UPN 260 en acier;Acier;Poutrelle;Poutrelle UPN;;Acier | Acier > Poutrelle;b34de19a-cb8c-d6c2-2b73-3a1c688759de;;94,42;94,42 € TTC / PC;TTC / PC;InStock;Finition * Choisissez la finition : BRUT || Longueur : 1m / 2m / 3m / 4m / 5m / 6m;Poids : 38.82 Kg;3;1;INFOSTEEL - GRYMAFER - VM2013 - UPN.pdf;https://www.aciersgrosjean.be/poutrelle-upn-260;https://www.aciersgrosjean.be/images/thumbs/0004338_24df97d440ed46d986cd942eec291ba3_625.jpeg | https://www.aciersgrosjean.be/images/thumbs/0004338_24df97d440ed46d986cd942eec291ba3.jpeg | https://www.aciersgrosjean.be/images/thumbs/0004339_ef6a74181acd40359e95269b4068a24d.jpeg;sitemap
1253;Poutrelle UPN 280 en acier;Acier;Poutrelle;Poutrelle UPN;;Acier | Acier > Poutrelle;ef63b314-c54a-e1ae-990a-3a1c68875caf;;104,36;104,36 € TTC / PC;TTC / PC;InStock;Finition * Choisissez la finition : BRUT || Longueur : 1m / 2m / 3m / 4m / 5m / 6m;Poids : 42.91 Kg;3;1;INFOSTEEL - GRYMAFER - VM2013 - UPN.pdf;https://www.aciersgrosjean.be/poutrelle-upn-280;https://www.aciersgrosjean.be/images/thumbs/0004340_24df97d440ed46d986cd942eec291ba3_625.jpeg | https://www.aciersgrosjean.be/images/thumbs/0004340_24df97d440ed46d986cd942eec291ba3.jpeg | https://www.aciersgrosjean.be/images/thumbs/0004341_ef6a74181acd40359e95269b4068a24d.jpeg;sitemap
1254;Poutrelle UPN 300 en acier;Acier;Poutrelle;Poutrelle UPN;;Acier | Acier > Poutrelle;e90ad2ad-60b5-7be2-1e52-3a1c68875d85;;114,84;114,84 € TTC / PC;TTC / PC;InStock;Finition * Choisissez la finition : BRUT || Longueur : 1m / 2m / 3m / 4m / 5m / 6m;Poids : 47.22 Kg;3;1;INFOSTEEL - GRYMAFER - VM2013 - UPN.pdf;https://www.aciersgrosjean.be/poutrelle-upn-300;https://www.aciersgrosjean.be/images/thumbs/0004342_24df97d440ed46d986cd942eec291ba3_625.jpeg | https://www.aciersgrosjean.be/images/thumbs/0004342_24df97d440ed46d986cd942eec291ba3.jpeg | https://www.aciersgrosjean.be/images/thumbs/0004343_ef6a74181acd40359e95269b4068a24d.jpeg;sitemap
1243;Poutrelle UPN 80 en acier;Acier;Poutrelle;Poutrelle UPN;;Acier | Acier > Poutrelle;97861e3e-1220-8d0e-7bbd-3a1c688750e7;;21,22;21,22 € TTC / PC;TTC / PC;InStock;Finition * Choisissez la finition : BRUT || Longueur : 1m / 2m / 3m / 4m / 5m / 6m;Poids : 8.86 Kg;3;1;INFOSTEEL - GRYMAFER - VM2013 - UPN.pdf;https://www.aciersgrosjean.be/poutrelle-upn-80-en-acier;https://www.aciersgrosjean.be/images/thumbs/0004320_poutrelle-upn-80-en-acier_625.jpeg | https://www.aciersgrosjean.be/images/thumbs/0004320_poutrelle-upn-80-en-acier.jpeg | https://www.aciersgrosjean.be/images/thumbs/0004321_poutrelle-upn-80-en-acier.jpeg;sitemap
121;Carré plein de 10x10mm en acier;Acier;Produit long;Carré plein;;Acier | Acier > Produit long;b13ac64a-0e34-bb1e-afb9-3a18491f52b5;;2,06;2,06 € TTC / PC;TTC / PC;InStock;Longueur : 1m / 2m / 3m / 4m / 5m / 6m;Poids : 0.8 Kg;3;1;CARRE PLEIN.pdf;https://www.aciersgrosjean.be/fer-carré-plein-de-10x10mm;https://www.aciersgrosjean.be/images/thumbs/0001152_1974c1114e75479792190a683f0cbbd6_625.jpeg | https://www.aciersgrosjean.be/images/thumbs/0001152_1974c1114e75479792190a683f0cbbd6.jpeg | https://www.aciersgrosjean.be/images/thumbs/0001153_d9830754331949be911c0f314a59613a.jpeg;sitemap
122;Carré plein de 12x12mm en acier;Acier;Produit long;Carré plein;;Acier | Acier > Produit long;c42715e0-6184-c1a7-df5f-3a18491f531b;;2,90;2,90 € TTC / PC;TTC / PC;InStock;Longueur : 1m / 2m / 3m / 4m / 5m / 6m;Poids : 1.16 Kg;4;1;CARRE PLEIN.pdf;https://www.aciersgrosjean.be/fer-carré-plein-de-12x12mm;https://www.aciersgrosjean.be/images/thumbs/0001154_1974c1114e75479792190a683f0cbbd6_625.jpeg | https://www.aciersgrosjean.be/images/thumbs/0001154_1974c1114e75479792190a683f0cbbd6.jpeg | https://www.aciersgrosjean.be/images/thumbs/0001155_d9830754331949be911c0f314a59613a.jpeg | https://www.aciersgrosjean.be/images/thumbs/0001697_98679ea2461e48a29e76c1f7c0284d25.jpeg;sitemap
123;Carré plein de 14x14mm en acier;Acier;Produit long;Carré plein;;Acier | Acier > Produit long;70e8dde6-d29a-577a-1bb9-3a18491f5340;;3,98;3,98 € TTC / PC;TTC / PC;InStock;Longueur : 1m / 2m / 3m / 4m / 5m / 6m;Poids : 1.58 Kg;3;1;CARRE PLEIN.pdf;https://www.aciersgrosjean.be/fer-carré-plein-de-14x14mm;https://www.aciersgrosjean.be/images/thumbs/0001156_1974c1114e75479792190a683f0cbbd6_625.jpeg | https://www.aciersgrosjean.be/images/thumbs/0001156_1974c1114e75479792190a683f0cbbd6.jpeg | https://www.aciersgrosjean.be/images/thumbs/0001157_d9830754331949be911c0f314a59613a.jpeg;sitemap
161;Carré plein de 16x16mm en acier;Acier;Produit long;Carré plein;;Acier | Acier > Produit long;028dc268-79a1-2398-1978-3a18491f5387;;5,05;5,05 € TTC / PC;TTC / PC;InStock;Longueur : 1m / 2m / 3m / 4m / 5m / 6m;Poids : 2.06 Kg;3;1;CARRE PLEIN.pdf;https://www.aciersgrosjean.be/fer-carré-plein-de-16x16mm;https://www.aciersgrosjean.be/images/thumbs/0001160_1974c1114e75479792190a683f0cbbd6_625.jpeg | https://www.aciersgrosjean.be/images/thumbs/0001160_1974c1114e75479792190a683f0cbbd6.jpeg | https://www.aciersgrosjean.be/images/thumbs/0001161_b8e4eb159ce34a1cb2d37fe378f81e58.jpeg;sitemap
163;Carré plein de 20x20mm en acier;Acier;Produit long;Carré plein;;Acier | Acier > Produit long;e3f2e140-1a07-0b2a-d804-3a18491f53da;;7,89;7,89 € TTC / PC;TTC / PC;InStock;Longueur : 1m / 2m / 3m / 4m / 5m / 6m;Poids : 3.22 Kg;3;1;CARRE PLEIN.pdf;https://www.aciersgrosjean.be/fer-carré-plein-de-20x20mm;https://www.aciersgrosjean.be/images/thumbs/0001164_1974c1114e75479792190a683f0cbbd6_625.jpeg | https://www.aciersgrosjean.be/images/thumbs/0001164_1974c1114e75479792190a683f0cbbd6.jpeg | https://www.aciersgrosjean.be/images/thumbs/0001165_d9830754331949be911c0f314a59613a.jpeg;sitemap
119;Carré plein de 6x6mm en acier;Acier;Produit long;Carré plein;;Acier | Acier > Produit long;0fdd0328-3744-c770-4329-3a18491f51e9;;0,73;0,73 € TTC / PC;TTC / PC;InStock;Longueur : 1m / 2m / 3m / 4m / 5m / 6m;Poids : 0.29 Kg;3;1;CARRE PLEIN.pdf;https://www.aciersgrosjean.be/fer-carré-plein-de-6x6mmtest;https://www.aciersgrosjean.be/images/thumbs/0005106_1974c1114e75479792190a683f0cbbd6_625.jpeg | https://www.aciersgrosjean.be/images/thumbs/0005106_1974c1114e75479792190a683f0cbbd6.jpeg | https://www.aciersgrosjean.be/images/thumbs/0001149_d9830754331949be911c0f314a59613a.jpeg;sitemap
120;Carré plein de 8x8mm en acier;Acier;Produit long;Carré plein;;Acier | Acier > Produit long;7b9740c3-1e17-9e09-9241-3a18491f524b;;1,33;1,33 € TTC / PC;TTC / PC;InStock;Longueur : 1m / 2m / 3m / 4m / 5m / 6m;Poids : 0.51 Kg;3;1;CARRE PLEIN.pdf;https://www.aciersgrosjean.be/fer-carré-plein-de-8x8mm;https://www.aciersgrosjean.be/images/thumbs/0001150_1974c1114e75479792190a683f0cbbd6_625.jpeg | https://www.aciersgrosjean.be/images/thumbs/0001150_1974c1114e75479792190a683f0cbbd6.jpeg | https://www.aciersgrosjean.be/images/thumbs/0001151_d9830754331949be911c0f314a59613a.jpeg;sitemap
376;Cornière inégale 100x50x6mm Acier LAC;Acier;Produit long;Cornière inégale en acier laminé à chaud;;Acier | Acier > Produit long;01780ea8-9bd7-48fd-ed56-3a18536414bb;;17,71;17,71 € TTC / PC;TTC / PC;InStock;Longueur : 1m / 2m / 3m / 4m / 5m / 6m;Poids : 7.02 Kg;3;1;CI-3.pdf;https://www.aciersgrosjean.be/cornière-inégale-en-acier-laminé-à-chaud-100x50x6mm;https://www.aciersgrosjean.be/images/thumbs/0002073_568045700be845c698dae4d193f03345_625.jpeg | https://www.aciersgrosjean.be/images/thumbs/0002073_568045700be845c698dae4d193f03345.jpeg | https://www.aciersgrosjean.be/images/thumbs/0002074_8c63b248380742a58cb7ee70c535c6c8.jpeg;sitemap
450;Cornière inégale 150x100x10mm Acier LAC;Acier;Produit long;Cornière inégale en acier laminé à chaud;;Acier | Acier > Produit long;ea9b1017-d2a2-0c4d-704d-3a1853641792;;49,53;49,53 € TTC / PC;TTC / PC;InStock;Longueur : 1m / 2m / 3m / 4m / 5m / 6m;Poids : 19.26 Kg;3;1;CI-3.pdf;https://www.aciersgrosjean.be/cornière-inégale-en-acier-laminé-à-chaud-150x100x10mm;https://www.aciersgrosjean.be/images/thumbs/0002103_568045700be845c698dae4d193f03345_625.jpeg | https://www.aciersgrosjean.be/images/thumbs/0002103_568045700be845c698dae4d193f03345.jpeg | https://www.aciersgrosjean.be/images/thumbs/0002104_8c63b248380742a58cb7ee70c535c6c8.jpeg;sitemap
356;Cornière inégale 200x100x10mm Acier LAC;Acier;Produit long;Cornière inégale en acier laminé à chaud;;Acier | Acier > Produit long;1daafab7-697c-a319-cf64-3a185364187d;;59,31;59,31 € TTC / PC;TTC / PC;InStock;Longueur : 1m / 2m / 3m / 4m / 5m / 6m;Poids : 23.51 Kg;3;1;CI-3.pdf;https://www.aciersgrosjean.be/cornière-inégale-en-acier-laminé-à-chaud-200x100x10mm;https://www.aciersgrosjean.be/images/thumbs/0002111_568045700be845c698dae4d193f03345_625.jpeg | https://www.aciersgrosjean.be/images/thumbs/0002111_568045700be845c698dae4d193f03345.jpeg | https://www.aciersgrosjean.be/images/thumbs/0002112_8c63b248380742a58cb7ee70c535c6c8.jpeg;sitemap
439;Cornière inégale 60x40x5mm Acier LAC;Acier;Produit long;Cornière inégale en acier laminé à chaud;;Acier | Acier > Produit long;332fbd2c-8beb-34a2-96a2-3a18536412cf;;9,72;9,72 € TTC / PC;TTC / PC;InStock;Longueur : 1m / 2m / 3m / 4m / 5m / 6m;Poids : 3.89 Kg;3;1;CI-3.pdf;https://www.aciersgrosjean.be/cornière-inégale-en-acier-laminé-à-chaud-60x40x5mm;https://www.aciersgrosjean.be/images/thumbs/0002043_568045700be845c698dae4d193f03345_625.jpeg | https://www.aciersgrosjean.be/images/thumbs/0002043_568045700be845c698dae4d193f03345.jpeg | https://www.aciersgrosjean.be/images/thumbs/0002044_8c63b248380742a58cb7ee70c535c6c8.jpeg;sitemap
385;Cornière inégale 70x50x6mm Acier LAC;Acier;Produit long;Cornière inégale en acier laminé à chaud;;Acier | Acier > Produit long;ead3a28a-4ae3-2bc1-83c9-3a1853641356;;14,42;14,42 € TTC / PC;TTC / PC;InStock;Longueur : 1m / 2m / 3m / 4m / 5m / 6m;Poids : 5.53 Kg;3;1;CI-3.pdf;https://www.aciersgrosjean.be/cornière-inégale-en-acier-laminé-à-chaud-70x50x6mm;https://www.aciersgrosjean.be/images/thumbs/0002051_568045700be845c698dae4d193f03345_625.jpeg | https://www.aciersgrosjean.be/images/thumbs/0002051_568045700be845c698dae4d193f03345.jpeg | https://www.aciersgrosjean.be/images/thumbs/0002052_8c63b248380742a58cb7ee70c535c6c8.jpeg;sitemap
219;Cornière égale 100x100x10mm Acier LAC;Acier;Produit long;Cornière égale en acier laminé à chaud;;Acier | Acier > Produit long;08512ede-8db2-02b6-d942-3a18492d622f;;37,59;37,59 € TTC / PC;TTC / PC;InStock;Longueur : 1m / 2m / 3m / 4m / 5m / 6m;Poids : 15.38 Kg;5;1;4-CE LAC.pdf;https://www.aciersgrosjean.be/cornière-égale-en-acier-laminé-à-chaud-100x100x10mm;https://www.aciersgrosjean.be/images/thumbs/0001345_1d6d2f584e27476b9e2172b3446a3961_625.jpeg | https://www.aciersgrosjean.be/images/thumbs/0001345_1d6d2f584e27476b9e2172b3446a3961.jpeg | https://www.aciersgrosjean.be/images/thumbs/0001346_d7b5f83c2bc643f29a57d9147f31965a.jpeg | https://www.aciersgrosjean.be/images/thumbs/0001347_0fa741891730488eafb1f4b926c0da74.jpeg | https://www.aciersgrosjean.be/images/thumbs/0001628_eccd109726c54e3aac071221770781d8.jpeg;sitemap
125;Cornière égale 20x20x3mm Acier LAC;Acier;Produit long;Cornière égale en acier laminé à chaud;;Acier | Acier > Produit long;9f3ee46b-756b-2065-f15d-3a18492d5b9d;;2,34;2,34 € TTC / PC;TTC / PC;InStock;Longueur : 1m / 2m / 3m / 4m / 5m / 6m;Poids : 0.9 Kg;4;1;CE EGALE LAC.pdf;https://www.aciersgrosjean.be/cornière-égale-en-acier-laminé-à-chaud-20x20x3mm;https://www.aciersgrosjean.be/images/thumbs/0001201_1d6d2f584e27476b9e2172b3446a3961_625.jpeg | https://www.aciersgrosjean.be/images/thumbs/0001201_1d6d2f584e27476b9e2172b3446a3961.jpeg | https://www.aciersgrosjean.be/images/thumbs/0001202_d7b5f83c2bc643f29a57d9147f31965a.jpeg | https://www.aciersgrosjean.be/images/thumbs/0001224_0fa741891730488eafb1f4b926c0da74.jpeg;sitemap
127;Cornière égale 25x25x3mm Acier LAC;Acier;Produit long;Cornière égale en acier laminé à chaud;;Acier | Acier > Produit long;1e6a72bf-2c60-aa76-2731-3a18492d5bdd;;2,89;2,89 € TTC / PC;TTC / PC;InStock;Longueur : 1m / 2m / 3m / 4m / 5m / 6m;Poids : 1.15 Kg;4;1;CE EGALE LAC.pdf;https://www.aciersgrosjean.be/cornière-égale-en-acier-laminé-à-chaud-25x25x3mm;https://www.aciersgrosjean.be/images/thumbs/0001205_1d6d2f584e27476b9e2172b3446a3961_625.jpeg | https://www.aciersgrosjean.be/images/thumbs/0001205_1d6d2f584e27476b9e2172b3446a3961.jpeg | https://www.aciersgrosjean.be/images/thumbs/0001206_d7b5f83c2bc643f29a57d9147f31965a.jpeg | https://www.aciersgrosjean.be/images/thumbs/0001226_0fa741891730488eafb1f4b926c0da74.jpeg;sitemap
181;Cornière égale 30x30x3mm Acier LAC;Acier;Produit long;Cornière égale en acier laminé à chaud;;Acier | Acier > Produit long;8aea5a86-34b3-db36-4132-3a18492d5c3b;;3,48;3,48 € TTC / PC;TTC / PC;InStock;Longueur : 1m / 2m / 3m / 4m / 5m / 6m;Poids : 1.39 Kg;4;1;CE EGALE LAC.pdf;https://www.aciersgrosjean.be/cornière-égale-en-acier-laminé-à-chaud-30x30x3mm;https://www.aciersgrosjean.be/images/thumbs/0001212_1d6d2f584e27476b9e2172b3446a3961_625.jpeg | https://www.aciersgrosjean.be/images/thumbs/0001212_1d6d2f584e27476b9e2172b3446a3961.jpeg | https://www.aciersgrosjean.be/images/thumbs/0001213_d7b5f83c2bc643f29a57d9147f31965a.jpeg | https://www.aciersgrosjean.be/images/thumbs/0001229_0fa741891730488eafb1f4b926c0da74.jpeg;sitemap
188;Cornière égale 40x40x3mm Acier LAC;Acier;Produit long;Cornière égale en acier laminé à chaud;;Acier | Acier > Produit long;eee01d81-0ded-747b-f502-3a18492d5d30;;4,67;4,67 € TTC / PC;TTC / PC;InStock;Longueur : 1m / 2m / 3m / 4m / 5m / 6m;Poids : 1.88 Kg;5;1;CE EGALE LAC.pdf;https://www.aciersgrosjean.be/cornière-égale-en-acier-laminé-à-chaud-40x40x3mm;https://www.aciersgrosjean.be/images/thumbs/0001240_1d6d2f584e27476b9e2172b3446a3961_625.jpeg | https://www.aciersgrosjean.be/images/thumbs/0001240_1d6d2f584e27476b9e2172b3446a3961.jpeg | https://www.aciersgrosjean.be/images/thumbs/0001241_d7b5f83c2bc643f29a57d9147f31965a.jpeg | https://www.aciersgrosjean.be/images/thumbs/0001242_0fa741891730488eafb1f4b926c0da74.jpeg | https://www.aciersgrosjean.be/images/thumbs/0001625_eccd109726c54e3aac071221770781d8.jpeg;sitemap
189;Cornière égale 40x40x4mm Acier LAC;Acier;Produit long;Cornière égale en acier laminé à chaud;;Acier | Acier > Produit long;dfd778df-37e9-973b-659c-3a18492d5d52;;6,09;6,09 € TTC / PC;TTC / PC;InStock;Longueur : 1m / 2m / 3m / 4m / 5m / 6m;Poids : 2.48 Kg;4;1;CE EGALE LAC.pdf;https://www.aciersgrosjean.be/cornière-égale-en-acier-laminé-à-chaud-40x40x4mm;https://www.aciersgrosjean.be/images/thumbs/0001243_1d6d2f584e27476b9e2172b3446a3961_625.jpeg | https://www.aciersgrosjean.be/images/thumbs/0001243_1d6d2f584e27476b9e2172b3446a3961.jpeg | https://www.aciersgrosjean.be/images/thumbs/0001244_d7b5f83c2bc643f29a57d9147f31965a.jpeg | https://www.aciersgrosjean.be/images/thumbs/0001245_0fa741891730488eafb1f4b926c0da74.jpeg;sitemap
194;Cornière égale 50x50x3mm Acier LAC;Acier;Produit long;Cornière égale en acier laminé à chaud;;Acier | Acier > Produit long;69315290-c3d1-6fcf-d972-3a18492d5e06;;6,24;6,24 € TTC / PC;TTC / PC;InStock;Longueur : 1m / 2m / 3m / 4m / 5m / 6m;Poids : 2.53 Kg;4;1;CE EGALE LAC.pdf;https://www.aciersgrosjean.be/cornière-égale-en-acier-laminé-à-chaud-50x50x3mm;https://www.aciersgrosjean.be/images/thumbs/0001258_1d6d2f584e27476b9e2172b3446a3961_625.jpeg | https://www.aciersgrosjean.be/images/thumbs/0001258_1d6d2f584e27476b9e2172b3446a3961.jpeg | https://www.aciersgrosjean.be/images/thumbs/0001259_d7b5f83c2bc643f29a57d9147f31965a.jpeg | https://www.aciersgrosjean.be/images/thumbs/0001260_0fa741891730488eafb1f4b926c0da74.jpeg;sitemap
196;Cornière égale 50x50x5mm Acier LAC;Acier;Produit long;Cornière égale en acier laminé à chaud;;Acier | Acier > Produit long;387a17cc-fbad-9710-9189-3a18492d5e4f;;9,44;9,44 € TTC / PC;TTC / PC;InStock;Longueur : 1m / 2m / 3m / 4m / 5m / 6m;Poids : 3.86 Kg;4;1;CE EGALE LAC.pdf;https://www.aciersgrosjean.be/cornière-égale-en-acier-laminé-à-chaud-50x50x5mm;https://www.aciersgrosjean.be/images/thumbs/0001264_1d6d2f584e27476b9e2172b3446a3961_625.jpeg | https://www.aciersgrosjean.be/images/thumbs/0001264_1d6d2f584e27476b9e2172b3446a3961.jpeg | https://www.aciersgrosjean.be/images/thumbs/0001265_d7b5f83c2bc643f29a57d9147f31965a.jpeg | https://www.aciersgrosjean.be/images/thumbs/0001266_0fa741891730488eafb1f4b926c0da74.jpeg;sitemap
200;Cornière égale 60x60x6mm Acier LAC;Acier;Produit long;Cornière égale en acier laminé à chaud;;Acier | Acier > Produit long;037d8d8a-45b0-583a-f35f-3a18492d5ee6;;13,56;13,56 € TTC / PC;TTC / PC;InStock;Longueur : 1m / 2m / 3m / 4m / 5m / 6m;Poids : 5.55 Kg;4;1;CE EGALE LAC.pdf;https://www.aciersgrosjean.be/cornière-égale-en-acier-laminé-à-chaud-60x60x6mm;https://www.aciersgrosjean.be/images/thumbs/0001276_1d6d2f584e27476b9e2172b3446a3961_625.jpeg | https://www.aciersgrosjean.be/images/thumbs/0001276_1d6d2f584e27476b9e2172b3446a3961.jpeg | https://www.aciersgrosjean.be/images/thumbs/0001277_d7b5f83c2bc643f29a57d9147f31965a.jpeg | https://www.aciersgrosjean.be/images/thumbs/0001278_0fa741891730488eafb1f4b926c0da74.jpeg;sitemap
213;Cornière égale 80x80x8mm Acier LAC;Acier;Produit long;Cornière égale en acier laminé à chaud;;Acier | Acier > Produit long;6500b7c6-b82a-ea7c-45f6-3a18492d610c;;24,18;24,18 € TTC / PC;TTC / PC;InStock;Longueur : 1m / 2m / 3m / 4m / 5m / 6m;Poids : 9.89 Kg;4;1;4-CE LAC.pdf;https://www.aciersgrosjean.be/cornière-égale-en-acier-laminé-à-chaud-80x80x8mm;https://www.aciersgrosjean.be/images/thumbs/0001317_1d6d2f584e27476b9e2172b3446a3961_625.jpeg | https://www.aciersgrosjean.be/images/thumbs/0001317_1d6d2f584e27476b9e2172b3446a3961.jpeg | https://www.aciersgrosjean.be/images/thumbs/0001318_d7b5f83c2bc643f29a57d9147f31965a.jpeg | https://www.aciersgrosjean.be/images/thumbs/0001337_0fa741891730488eafb1f4b926c0da74.jpeg;sitemap
154;Fer en T 20x3mm en acier laminé à chaud;Acier;Produit long;Fer T;;Acier | Acier > Produit long;d4c42dbf-a389-8dd2-0fe8-3a185368b0af;;2,58;2,58 € TTC / PC;TTC / PC;InStock;Longueur : 1m / 2m / 3m / 4m / 5m / 6m;Poids : 0.92 Kg;4;1;FER-T ACIERS GROSJEAN 4(1).pdf;https://www.aciersgrosjean.be/fer-en-t-20x3mm-2;https://www.aciersgrosjean.be/images/thumbs/0003203_3bd0ad7b7d244fd7867325d4b861a955_625.jpeg | https://www.aciersgrosjean.be/images/thumbs/0003203_3bd0ad7b7d244fd7867325d4b861a955.jpeg | https://www.aciersgrosjean.be/images/thumbs/0003204_44f621b173e84271b36aa08dea10fa65.jpeg | https://www.aciersgrosjean.be/images/thumbs/0003205_b8e4eb159ce34a1cb2d37fe378f81e58.jpeg;sitemap
155;Fer en T 30x4mm en acier laminé à chaud;Acier;Produit long;Fer T;;Acier | Acier > Produit long;ab528572-3175-9e54-5acd-3a185368b10d;;4,97;4,97 € TTC / PC;TTC / PC;InStock;Longueur : 1m / 2m / 3m / 4m / 5m / 6m;Poids : 1.81 Kg;4;1;FER-T ACIERS GROSJEAN 4(1).pdf;https://www.aciersgrosjean.be/fer-en-t-30x4mm-3;https://www.aciersgrosjean.be/images/thumbs/0003206_3bd0ad7b7d244fd7867325d4b861a955_625.jpeg | https://www.aciersgrosjean.be/images/thumbs/0003206_3bd0ad7b7d244fd7867325d4b861a955.jpeg | https://www.aciersgrosjean.be/images/thumbs/0003207_44f621b173e84271b36aa08dea10fa65.jpeg | https://www.aciersgrosjean.be/images/thumbs/0003208_b8e4eb159ce34a1cb2d37fe378f81e58.jpeg;sitemap
156;Fer en T 40x5mm en acier laminé à chaud;Acier;Produit long;Fer T;;Acier | Acier > Produit long;b7b42f18-5819-5af4-0cc0-3a185368b130;;8,29;8,29 € TTC / PC;TTC / PC;InStock;Longueur : 1m / 2m / 3m / 4m / 5m / 6m;Poids : 3.03 Kg;4;1;FER-T ACIERS GROSJEAN 4.pdf;https://www.aciersgrosjean.be/fer-en-t-40x5mm-2;https://www.aciersgrosjean.be/images/thumbs/0003209_3bd0ad7b7d244fd7867325d4b861a955_625.jpeg | https://www.aciersgrosjean.be/images/thumbs/0003209_3bd0ad7b7d244fd7867325d4b861a955.jpeg | https://www.aciersgrosjean.be/images/thumbs/0003210_44f621b173e84271b36aa08dea10fa65.jpeg | https://www.aciersgrosjean.be/images/thumbs/0003211_b8e4eb159ce34a1cb2d37fe378f81e58.jpeg;sitemap
157;Fer en T 50x6mm en acier laminé à chaud;Acier;Produit long;Fer T;;Acier | Acier > Produit long;92d5558b-ac22-af10-84e0-3a185368b160;;12,44;12,44 € TTC / PC;TTC / PC;InStock;Longueur : 1m / 2m / 3m / 4m / 5m / 6m;Poids : 4.55 Kg;4;1;FER-T ACIERS GROSJEAN 4.pdf;https://www.aciersgrosjean.be/fer-en-t-50x6mm-2;https://www.aciersgrosjean.be/images/thumbs/0003212_3bd0ad7b7d244fd7867325d4b861a955_625.jpeg | https://www.aciersgrosjean.be/images/thumbs/0003212_3bd0ad7b7d244fd7867325d4b861a955.jpeg | https://www.aciersgrosjean.be/images/thumbs/0003213_44f621b173e84271b36aa08dea10fa65.jpeg | https://www.aciersgrosjean.be/images/thumbs/0003214_b8e4eb159ce34a1cb2d37fe378f81e58.jpeg;sitemap
258;Fer en T 60x7mm en acier laminé à chaud;Acier;Produit long;Fer T;;Acier | Acier > Produit long;f45a2697-23f8-d6d2-d6a4-3a185368b181;;17,45;17,45 € TTC / PC;TTC / PC;InStock;Longueur : 1m / 2m / 3m / 4m / 5m / 6m;Poids : 6.38 Kg;4;1;FER-T ACIERS GROSJEAN 4.pdf;https://www.aciersgrosjean.be/fer-en-t-60x7mm-2;https://www.aciersgrosjean.be/images/thumbs/0003215_3bd0ad7b7d244fd7867325d4b861a955_625.jpeg | https://www.aciersgrosjean.be/images/thumbs/0003215_3bd0ad7b7d244fd7867325d4b861a955.jpeg | https://www.aciersgrosjean.be/images/thumbs/0003216_44f621b173e84271b36aa08dea10fa65.jpeg | https://www.aciersgrosjean.be/images/thumbs/0003217_b8e4eb159ce34a1cb2d37fe378f81e58.jpeg;sitemap
138;Large plat 180x10mm en acier laminé à chaud;Acier;Produit long;Large plat en acier laminé à chaud;;Acier | Acier > Produit long;2f9494e2-8bfe-abc7-44e6-3a18536919d0;;35,37;35,37 € TTC / PC;TTC / PC;InStock;Longueur : 1m / 2m / 3m / 4m / 5m / 6m;Poids : 14.47 Kg;4;1;LARGE PLAT 4.pdf;https://www.aciersgrosjean.be/large-plat-180x10mm-en-acier-laminé-à-chaud;https://www.aciersgrosjean.be/images/thumbs/0002133_large-plat-180x10mm-en-acier-lamine-a-chaud_625.jpeg | https://www.aciersgrosjean.be/images/thumbs/0002133_large-plat-180x10mm-en-acier-lamine-a-chaud.jpeg | https://www.aciersgrosjean.be/images/thumbs/0004967_large-plat-180x10mm-en-acier-lamine-a-chaud.jpeg | https://www.aciersgrosjean.be/images/thumbs/0004968_large-plat-180x10mm-en-acier-lamine-a-chaud.jpeg;sitemap
435;Large plat 200x10mm en acier laminé à chaud;Acier;Produit long;Large plat en acier laminé à chaud;;Acier | Acier > Produit long;aed8622e-0f22-9c11-27c2-3a1853691a0d;;39,11;39,11 € TTC / PC;TTC / PC;InStock;Longueur : 1m / 2m / 3m / 4m / 5m / 6m;Poids : 16 Kg;4;1;LARGE PLAT 4.pdf;https://www.aciersgrosjean.be/large-plat-200x10mm-en-acier-laminé-à-chaud;https://www.aciersgrosjean.be/images/thumbs/0002123_large-plat-200x10mm-en-acier-lamine-a-chaud_625.jpeg | https://www.aciersgrosjean.be/images/thumbs/0002123_large-plat-200x10mm-en-acier-lamine-a-chaud.jpeg | https://www.aciersgrosjean.be/images/thumbs/0004965_large-plat-200x10mm-en-acier-lamine-a-chaud.jpeg | https://www.aciersgrosjean.be/images/thumbs/0004966_large-plat-200x10mm-en-acier-lamine-a-chaud.jpeg;sitemap
135;Large plat en acier laminé à chaud 160x10mm;Acier;Produit long;Large plat en acier laminé à chaud;;Acier | Acier > Produit long;4e6abb50-1852-2dab-eb55-3a1853691931;;31,29;31,29 € TTC / PC;TTC / PC;InStock;Longueur : 1m / 2m / 3m / 4m / 5m / 6m;Poids : 12.8 Kg;4;1;LARGE PLAT 4.pdf;https://www.aciersgrosjean.be/large-plat-en-acier-laminé-à-chaud-160x10mm;https://www.aciersgrosjean.be/images/thumbs/0002141_large-plat-en-acier-lamine-a-chaud-160x10mm_625.jpeg | https://www.aciersgrosjean.be/images/thumbs/0002141_large-plat-en-acier-lamine-a-chaud-160x10mm.jpeg | https://www.aciersgrosjean.be/images/thumbs/0002142_large-plat-en-acier-lamine-a-chaud-160x10mm.jpeg | https://www.aciersgrosjean.be/images/thumbs/0002143_large-plat-en-acier-lamine-a-chaud-160x10mm.jpeg;sitemap
535;Plat 100x10mm en acier laminé à chaud;Acier;Produit long;Plat en acier laminé à chaud;;Acier | Acier > Produit long;59093f6f-3a46-a6d3-85ef-3a1853698b25;;19,55;19,55 € TTC / PC;TTC / PC;InStock;Longueur : 1m / 2m / 3m / 4m / 5m / 6m;Poids : 8.04 Kg;4;1;3.pdf;https://www.aciersgrosjean.be/plat-en-acier-laminé-à-chaud-100x10mm;https://www.aciersgrosjean.be/images/thumbs/0002435_ce43fb87dfbe40e3ae2a3399819dca3d_625.jpeg | https://www.aciersgrosjean.be/images/thumbs/0002435_ce43fb87dfbe40e3ae2a3399819dca3d.jpeg | https://www.aciersgrosjean.be/images/thumbs/0002436_c2140b89f6e54d0fa91f88a602c0cd00.jpeg | https://www.aciersgrosjean.be/images/thumbs/0002437_1dd4b5b814dc4613a7aefd263158b7c7.jpeg;sitemap
519;Plat 100x5mm en acier laminé à chaud;Acier;Produit long;Plat en acier laminé à chaud;;Acier | Acier > Produit long;eae792fe-c55e-21b9-b8b3-3a1853698a6c;;9,85;9,85 € TTC / PC;TTC / PC;InStock;Longueur : 1m / 2m / 3m / 4m / 5m / 6m;Poids : 4.03 Kg;4;1;3.pdf;https://www.aciersgrosjean.be/plat-en-acier-laminé-à-chaud-100x5mm;https://www.aciersgrosjean.be/images/thumbs/0002456_ce43fb87dfbe40e3ae2a3399819dca3d_625.jpeg | https://www.aciersgrosjean.be/images/thumbs/0002456_ce43fb87dfbe40e3ae2a3399819dca3d.jpeg | https://www.aciersgrosjean.be/images/thumbs/0002457_c2140b89f6e54d0fa91f88a602c0cd00.jpeg | https://www.aciersgrosjean.be/images/thumbs/0002458_1dd4b5b814dc4613a7aefd263158b7c7.jpeg;sitemap
520;Plat 100x8mm en acier laminé à chaud;Acier;Produit long;Plat en acier laminé à chaud;;Acier | Acier > Produit long;eb60b341-cb04-8b46-86f7-3a1853698ae6;;15,63;15,63 € TTC / PC;TTC / PC;InStock;Longueur : 1m / 2m / 3m / 4m / 5m / 6m;Poids : 6.43 Kg;4;1;3.pdf;https://www.aciersgrosjean.be/plat-en-acier-laminé-à-chaud-100x8mm;https://www.aciersgrosjean.be/images/thumbs/0002468_ce43fb87dfbe40e3ae2a3399819dca3d_625.jpeg | https://www.aciersgrosjean.be/images/thumbs/0002468_ce43fb87dfbe40e3ae2a3399819dca3d.jpeg | https://www.aciersgrosjean.be/images/thumbs/0002469_c2140b89f6e54d0fa91f88a602c0cd00.jpeg | https://www.aciersgrosjean.be/images/thumbs/0002470_1dd4b5b814dc4613a7aefd263158b7c7.jpeg;sitemap
139;Plat 10x3mm en acier laminé à chaud;Acier;Produit long;Plat en acier laminé à chaud;;Acier | Acier > Produit long;963c469a-4fad-ea1e-dc15-3a1853696f36;;0,62;0,62 € TTC / PC;TTC / PC;InStock;Longueur : 1m / 2m / 3m / 4m / 5m / 6m;Poids : 0.24 Kg;4;1;3(2).pdf;https://www.aciersgrosjean.be/plat-en-acier-laminé-à-chaud-10x3mm;https://www.aciersgrosjean.be/images/thumbs/0002471_ce43fb87dfbe40e3ae2a3399819dca3d_625.jpeg | https://www.aciersgrosjean.be/images/thumbs/0002471_ce43fb87dfbe40e3ae2a3399819dca3d.jpeg | https://www.aciersgrosjean.be/images/thumbs/0002472_c2140b89f6e54d0fa91f88a602c0cd00.jpeg | https://www.aciersgrosjean.be/images/thumbs/0002473_1dd4b5b814dc4613a7aefd263158b7c7.jpeg;sitemap
479;Plat 120x10mm en acier laminé à chaud;Acier;Produit long;Plat en acier laminé à chaud;;Acier | Acier > Produit long;105093ac-77cc-195b-f5bf-3a18536990f9;;23,47;23,47 € TTC / PC;TTC / PC;InStock;Longueur : 1m / 2m / 3m / 4m / 5m / 6m;Poids : 9.65 Kg;4;1;3.pdf;https://www.aciersgrosjean.be/plat-en-acier-laminé-à-chaud-120x10mm;https://www.aciersgrosjean.be/images/thumbs/0002507_ce43fb87dfbe40e3ae2a3399819dca3d_625.jpeg | https://www.aciersgrosjean.be/images/thumbs/0002507_ce43fb87dfbe40e3ae2a3399819dca3d.jpeg | https://www.aciersgrosjean.be/images/thumbs/0002508_c2140b89f6e54d0fa91f88a602c0cd00.jpeg | https://www.aciersgrosjean.be/images/thumbs/0002509_1dd4b5b814dc4613a7aefd263158b7c7.jpeg;sitemap
523;Plat 120x5mm en acier laminé à chaud;Acier;Produit long;Plat en acier laminé à chaud;;Acier | Acier > Produit long;66769181-6747-9648-669d-3a185369903c;;11,79;11,79 € TTC / PC;TTC / PC;InStock;Longueur : 1m / 2m / 3m / 4m / 5m / 6m;Poids : 4.82 Kg;4;1;3.pdf;https://www.aciersgrosjean.be/plat-en-acier-laminé-à-chaud-120x5mm;https://www.aciersgrosjean.be/images/thumbs/0002534_ce43fb87dfbe40e3ae2a3399819dca3d_625.jpeg | https://www.aciersgrosjean.be/images/thumbs/0002534_ce43fb87dfbe40e3ae2a3399819dca3d.jpeg | https://www.aciersgrosjean.be/images/thumbs/0002535_c2140b89f6e54d0fa91f88a602c0cd00.jpeg | https://www.aciersgrosjean.be/images/thumbs/0002536_1dd4b5b814dc4613a7aefd263158b7c7.jpeg;sitemap
461;Plat 140x10mm en acier laminé à chaud;Acier;Produit long;Plat en acier laminé à chaud;;Acier | Acier > Produit long;bc48e5e3-fc16-3e14-4f3b-3a1853699710;;27,53;27,53 € TTC / PC;TTC / PC;InStock;Longueur : 1m / 2m / 3m / 4m / 5m / 6m;Poids : 11.26 Kg;4;1;3.pdf;https://www.aciersgrosjean.be/plat-en-acier-laminé-à-chaud-140x10mm;https://www.aciersgrosjean.be/images/thumbs/0002601_ce43fb87dfbe40e3ae2a3399819dca3d_625.jpeg | https://www.aciersgrosjean.be/images/thumbs/0002601_ce43fb87dfbe40e3ae2a3399819dca3d.jpeg | https://www.aciersgrosjean.be/images/thumbs/0002602_c2140b89f6e54d0fa91f88a602c0cd00.jpeg | https://www.aciersgrosjean.be/images/thumbs/0002603_1dd4b5b814dc4613a7aefd263158b7c7.jpeg;sitemap
533;Plat 150x10mm en acier laminé à chaud;Acier;Produit long;Plat en acier laminé à chaud;;Acier | Acier > Produit long;5857b5e1-bd16-bf44-1df9-3a1853699a7c;;29,50;29,50 € TTC / PC;TTC / PC;InStock;Longueur : 1m / 2m / 3m / 4m / 5m / 6m;Poids : 12.07 Kg;4;1;3.pdf;https://www.aciersgrosjean.be/plat-en-acier-laminé-à-chaud-150x10mm;https://www.aciersgrosjean.be/images/thumbs/0002634_ce43fb87dfbe40e3ae2a3399819dca3d_625.jpeg | https://www.aciersgrosjean.be/images/thumbs/0002634_ce43fb87dfbe40e3ae2a3399819dca3d.jpeg | https://www.aciersgrosjean.be/images/thumbs/0002635_c2140b89f6e54d0fa91f88a602c0cd00.jpeg | https://www.aciersgrosjean.be/images/thumbs/0002636_1dd4b5b814dc4613a7aefd263158b7c7.jpeg;sitemap
546;Plat 150x5mm en acier laminé à chaud;Acier;Produit long;Plat en acier laminé à chaud;;Acier | Acier > Produit long;1b3d1f2c-0f1b-2856-c6dc-3a185369997d;;15,17;15,17 € TTC / PC;TTC / PC;InStock;Longueur : 1m / 2m / 3m / 4m / 5m / 6m;Poids : 6.03 Kg;4;1;3.pdf;https://www.aciersgrosjean.be/plat-en-acier-laminé-à-chaud-150x5mm;https://www.aciersgrosjean.be/images/thumbs/0002658_ce43fb87dfbe40e3ae2a3399819dca3d_625.jpeg | https://www.aciersgrosjean.be/images/thumbs/0002658_ce43fb87dfbe40e3ae2a3399819dca3d.jpeg | https://www.aciersgrosjean.be/images/thumbs/0002659_c2140b89f6e54d0fa91f88a602c0cd00.jpeg | https://www.aciersgrosjean.be/images/thumbs/0002660_1dd4b5b814dc4613a7aefd263158b7c7.jpeg;sitemap
346;Plat 20x10mm en acier laminé à chaud;Acier;Produit long;Plat en acier laminé à chaud;;Acier | Acier > Produit long;a44fea53-16f5-f770-369d-3a1853697334;;4,03;4,03 € TTC / PC;TTC / PC;InStock;Longueur : 1m / 2m / 3m / 4m / 5m / 6m;Poids : 1.61 Kg;4;1;3.pdf;https://www.aciersgrosjean.be/plat-en-acier-laminé-à-chaud-20x10mm;https://www.aciersgrosjean.be/images/thumbs/0002709_ce43fb87dfbe40e3ae2a3399819dca3d_625.jpeg | https://www.aciersgrosjean.be/images/thumbs/0002709_ce43fb87dfbe40e3ae2a3399819dca3d.jpeg | https://www.aciersgrosjean.be/images/thumbs/0002710_c2140b89f6e54d0fa91f88a602c0cd00.jpeg | https://www.aciersgrosjean.be/images/thumbs/0002711_1dd4b5b814dc4613a7aefd263158b7c7.jpeg;sitemap
403;Plat 20x3mm en acier laminé à chaud;Acier;Produit long;Plat en acier laminé à chaud;;Acier | Acier > Produit long;960e1ae1-5b29-0b5c-e4bf-3a185369727a;;1,27;1,27 € TTC / PC;TTC / PC;InStock;Longueur : 1m / 2m / 3m / 4m / 5m / 6m;Poids : 0.48 Kg;4;1;3.pdf;https://www.aciersgrosjean.be/plat-en-acier-laminé-à-chaud-20x3mm;https://www.aciersgrosjean.be/images/thumbs/0002718_ce43fb87dfbe40e3ae2a3399819dca3d_625.jpeg | https://www.aciersgrosjean.be/images/thumbs/0002718_ce43fb87dfbe40e3ae2a3399819dca3d.jpeg | https://www.aciersgrosjean.be/images/thumbs/0002719_c2140b89f6e54d0fa91f88a602c0cd00.jpeg | https://www.aciersgrosjean.be/images/thumbs/0002720_1dd4b5b814dc4613a7aefd263158b7c7.jpeg;sitemap
341;Plat 20x5mm en acier laminé à chaud;Acier;Produit long;Plat en acier laminé à chaud;;Acier | Acier > Produit long;e8905541-f10b-87b0-0549-3a18536972c1;;2,01;2,01 € TTC / PC;TTC / PC;InStock;Longueur : 1m / 2m / 3m / 4m / 5m / 6m;Poids : 0.8 Kg;4;1;3.pdf;https://www.aciersgrosjean.be/plat-en-acier-laminé-à-chaud-20x5mm;https://www.aciersgrosjean.be/images/thumbs/0002724_ce43fb87dfbe40e3ae2a3399819dca3d_625.jpeg | https://www.aciersgrosjean.be/images/thumbs/0002724_ce43fb87dfbe40e3ae2a3399819dca3d.jpeg | https://www.aciersgrosjean.be/images/thumbs/0002725_c2140b89f6e54d0fa91f88a602c0cd00.jpeg | https://www.aciersgrosjean.be/images/thumbs/0002726_1dd4b5b814dc4613a7aefd263158b7c7.jpeg;sitemap
388;Plat 25x10mm en acier laminé à chaud;Acier;Produit long;Plat en acier laminé à chaud;;Acier | Acier > Produit long;ac91fdc9-dbc7-7b69-2388-3a185369745d;;5,06;5,06 € TTC / PC;TTC / PC;InStock;Longueur : 1m / 2m / 3m / 4m / 5m / 6m;Poids : 2.02 Kg;4;1;3.pdf;https://www.aciersgrosjean.be/plat-en-acier-laminé-à-chaud-25x10mm;https://www.aciersgrosjean.be/images/thumbs/0002733_ce43fb87dfbe40e3ae2a3399819dca3d_625.jpeg | https://www.aciersgrosjean.be/images/thumbs/0002733_ce43fb87dfbe40e3ae2a3399819dca3d.jpeg | https://www.aciersgrosjean.be/images/thumbs/0002734_c2140b89f6e54d0fa91f88a602c0cd00.jpeg | https://www.aciersgrosjean.be/images/thumbs/0002735_1dd4b5b814dc4613a7aefd263158b7c7.jpeg;sitemap
387;Plat 25x3mm en acier laminé à chaud;Acier;Produit long;Plat en acier laminé à chaud;;Acier | Acier > Produit long;48f1d926-540f-fbef-c44e-3a18536973a0;;1,59;1,59 € TTC / PC;TTC / PC;InStock;Longueur : 1m / 2m / 3m / 4m / 5m / 6m;Poids : 0.6 Kg;4;1;3.pdf;https://www.aciersgrosjean.be/plat-en-acier-laminé-à-chaud-25x3mm;https://www.aciersgrosjean.be/images/thumbs/0002742_ce43fb87dfbe40e3ae2a3399819dca3d_625.jpeg | https://www.aciersgrosjean.be/images/thumbs/0002742_ce43fb87dfbe40e3ae2a3399819dca3d.jpeg | https://www.aciersgrosjean.be/images/thumbs/0002743_c2140b89f6e54d0fa91f88a602c0cd00.jpeg | https://www.aciersgrosjean.be/images/thumbs/0002744_1dd4b5b814dc4613a7aefd263158b7c7.jpeg;sitemap
365;Plat 25x4mm en acier laminé à chaud;Acier;Produit long;Plat en acier laminé à chaud;;Acier | Acier > Produit long;e987d653-20eb-bc3a-165b-3a18536973c3;;2,02;2,02 € TTC / PC;TTC / PC;InStock;Longueur : 1m / 2m / 3m / 4m / 5m / 6m;Poids : 0.8 Kg;4;1;3.pdf;https://www.aciersgrosjean.be/plat-en-acier-laminé-à-chaud-25x4mm;https://www.aciersgrosjean.be/images/thumbs/0002745_ce43fb87dfbe40e3ae2a3399819dca3d_625.jpeg | https://www.aciersgrosjean.be/images/thumbs/0002745_ce43fb87dfbe40e3ae2a3399819dca3d.jpeg | https://www.aciersgrosjean.be/images/thumbs/0002746_c2140b89f6e54d0fa91f88a602c0cd00.jpeg | https://www.aciersgrosjean.be/images/thumbs/0002747_1dd4b5b814dc4613a7aefd263158b7c7.jpeg;sitemap
420;Plat 25x5mm en acier laminé à chaud;Acier;Produit long;Plat en acier laminé à chaud;;Acier | Acier > Produit long;dc9c969a-60e7-468c-99bd-3a18536973e9;;2,50;2,50 € TTC / PC;TTC / PC;InStock;Longueur : 1m / 2m / 3m / 4m / 5m / 6m;Poids : 1 Kg;4;1;3.pdf;https://www.aciersgrosjean.be/plat-en-acier-laminé-à-chaud-25x5mm;https://www.aciersgrosjean.be/images/thumbs/0002748_ce43fb87dfbe40e3ae2a3399819dca3d_625.jpeg | https://www.aciersgrosjean.be/images/thumbs/0002748_ce43fb87dfbe40e3ae2a3399819dca3d.jpeg | https://www.aciersgrosjean.be/images/thumbs/0002749_c2140b89f6e54d0fa91f88a602c0cd00.jpeg | https://www.aciersgrosjean.be/images/thumbs/0002750_1dd4b5b814dc4613a7aefd263158b7c7.jpeg;sitemap
351;Plat 30x10mm en acier laminé à chaud;Acier;Produit long;Plat en acier laminé à chaud;;Acier | Acier > Produit long;8ea86f30-e577-e765-97de-3a18536975a3;;5,94;5,94 € TTC / PC;TTC / PC;InStock;Longueur : 1m / 2m / 3m / 4m / 5m / 6m;Poids : 2.42 Kg;4;1;3.pdf;https://www.aciersgrosjean.be/plat-en-acier-laminé-à-chaud-30x10mm;https://www.aciersgrosjean.be/images/thumbs/0002757_ce43fb87dfbe40e3ae2a3399819dca3d_625.jpeg | https://www.aciersgrosjean.be/images/thumbs/0002757_ce43fb87dfbe40e3ae2a3399819dca3d.jpeg | https://www.aciersgrosjean.be/images/thumbs/0002758_c2140b89f6e54d0fa91f88a602c0cd00.jpeg | https://www.aciersgrosjean.be/images/thumbs/0002759_1dd4b5b814dc4613a7aefd263158b7c7.jpeg;sitemap
447;Plat 30x20mm en acier laminé à chaud;Acier;Produit long;Plat en acier laminé à chaud;;Acier | Acier > Produit long;f45482e6-615e-df1d-c34d-3a1853697647;;11,83;11,83 € TTC / PC;TTC / PC;InStock;Longueur : 1m / 2m / 3m / 4m / 5m / 6m;Poids : 4.82 Kg;4;1;3.pdf;https://www.aciersgrosjean.be/plat-en-acier-laminé-à-chaud-30x20mm;https://www.aciersgrosjean.be/images/thumbs/0002766_ce43fb87dfbe40e3ae2a3399819dca3d_625.jpeg | https://www.aciersgrosjean.be/images/thumbs/0002766_ce43fb87dfbe40e3ae2a3399819dca3d.jpeg | https://www.aciersgrosjean.be/images/thumbs/0002767_c2140b89f6e54d0fa91f88a602c0cd00.jpeg | https://www.aciersgrosjean.be/images/thumbs/0002768_1dd4b5b814dc4613a7aefd263158b7c7.jpeg;sitemap
431;Plat 30x3mm en acier laminé à chaud;Acier;Produit long;Plat en acier laminé à chaud;;Acier | Acier > Produit long;2434e43b-5ff9-1b7d-1217-3a18536974d2;;1,86;1,86 € TTC / PC;TTC / PC;InStock;Longueur : 1m / 2m / 3m / 4m / 5m / 6m;Poids : 0.71 Kg;4;1;3.pdf;https://www.aciersgrosjean.be/plat-en-acier-laminé-à-chaud-30x3mm;https://www.aciersgrosjean.be/images/thumbs/0002769_ce43fb87dfbe40e3ae2a3399819dca3d_625.jpeg | https://www.aciersgrosjean.be/images/thumbs/0002769_ce43fb87dfbe40e3ae2a3399819dca3d.jpeg | https://www.aciersgrosjean.be/images/thumbs/0002770_c2140b89f6e54d0fa91f88a602c0cd00.jpeg | https://www.aciersgrosjean.be/images/thumbs/0002771_1dd4b5b814dc4613a7aefd263158b7c7.jpeg;sitemap
426;Plat 30x5mm en acier laminé à chaud;Acier;Produit long;Plat en acier laminé à chaud;;Acier | Acier > Produit long;f39bf482-e019-11cf-03b7-3a185369752a;;3,01;3,01 € TTC / PC;TTC / PC;InStock;Longueur : 1m / 2m / 3m / 4m / 5m / 6m;Poids : 1.21 Kg;4;1;3.pdf;https://www.aciersgrosjean.be/plat-en-acier-laminé-à-chaud-30x5mm;https://www.aciersgrosjean.be/images/thumbs/0002775_ce43fb87dfbe40e3ae2a3399819dca3d_625.jpeg | https://www.aciersgrosjean.be/images/thumbs/0002775_ce43fb87dfbe40e3ae2a3399819dca3d.jpeg | https://www.aciersgrosjean.be/images/thumbs/0002776_c2140b89f6e54d0fa91f88a602c0cd00.jpeg | https://www.aciersgrosjean.be/images/thumbs/0002777_1dd4b5b814dc4613a7aefd263158b7c7.jpeg;sitemap
347;Plat 30x6mm en acier laminé à chaud;Acier;Produit long;Plat en acier laminé à chaud;;Acier | Acier > Produit long;647aa2bb-89a5-87b3-13fc-3a1853697552;;3,55;3,55 € TTC / PC;TTC / PC;InStock;Longueur : 1m / 2m / 3m / 4m / 5m / 6m;Poids : 1.45 Kg;4;1;3.pdf;https://www.aciersgrosjean.be/plat-en-acier-laminé-à-chaud-30x6mm;https://www.aciersgrosjean.be/images/thumbs/0002778_ce43fb87dfbe40e3ae2a3399819dca3d_625.jpeg | https://www.aciersgrosjean.be/images/thumbs/0002778_ce43fb87dfbe40e3ae2a3399819dca3d.jpeg | https://www.aciersgrosjean.be/images/thumbs/0002779_c2140b89f6e54d0fa91f88a602c0cd00.jpeg | https://www.aciersgrosjean.be/images/thumbs/0002780_1dd4b5b814dc4613a7aefd263158b7c7.jpeg;sitemap
427;Plat 30x8mm en acier laminé à chaud;Acier;Produit long;Plat en acier laminé à chaud;;Acier | Acier > Produit long;5af4e9bc-b469-87f7-a26a-3a1853697577;;4,77;4,77 € TTC / PC;TTC / PC;InStock;Longueur : 1m / 2m / 3m / 4m / 5m / 6m;Poids : 1.94 Kg;4;1;3.pdf;https://www.aciersgrosjean.be/plat-en-acier-laminé-à-chaud-30x8mm;https://www.aciersgrosjean.be/images/thumbs/0002781_ce43fb87dfbe40e3ae2a3399819dca3d_625.jpeg | https://www.aciersgrosjean.be/images/thumbs/0002781_ce43fb87dfbe40e3ae2a3399819dca3d.jpeg | https://www.aciersgrosjean.be/images/thumbs/0002782_c2140b89f6e54d0fa91f88a602c0cd00.jpeg | https://www.aciersgrosjean.be/images/thumbs/0002783_1dd4b5b814dc4613a7aefd263158b7c7.jpeg;sitemap
380;Plat 40x10mm en acier laminé à chaud;Acier;Produit long;Plat en acier laminé à chaud;;Acier | Acier > Produit long;f1a068de-80d5-1d8a-5f33-3a1853697942;;7,83;7,83 € TTC / PC;TTC / PC;InStock;Longueur : 1m / 2m / 3m / 4m / 5m / 6m;Poids : 3.22 Kg;4;1;3.pdf;https://www.aciersgrosjean.be/plat-en-acier-laminé-à-chaud-40x10mm;https://www.aciersgrosjean.be/images/thumbs/0002819_ce43fb87dfbe40e3ae2a3399819dca3d_625.jpeg | https://www.aciersgrosjean.be/images/thumbs/0002819_ce43fb87dfbe40e3ae2a3399819dca3d.jpeg | https://www.aciersgrosjean.be/images/thumbs/0002820_c2140b89f6e54d0fa91f88a602c0cd00.jpeg | https://www.aciersgrosjean.be/images/thumbs/0002821_1dd4b5b814dc4613a7aefd263158b7c7.jpeg;sitemap
398;Plat 40x3mm en acier laminé à chaud;Acier;Produit long;Plat en acier laminé à chaud;;Acier | Acier > Produit long;b89c97c5-f315-ce13-ef43-3a1853697849;;2,50;2,50 € TTC / PC;TTC / PC;InStock;Longueur : 1m / 2m / 3m / 4m / 5m / 6m;Poids : 0.96 Kg;4;1;3.pdf;https://www.aciersgrosjean.be/plat-en-acier-laminé-à-chaud-40x3mm;https://www.aciersgrosjean.be/images/thumbs/0002835_ce43fb87dfbe40e3ae2a3399819dca3d_625.jpeg | https://www.aciersgrosjean.be/images/thumbs/0002835_ce43fb87dfbe40e3ae2a3399819dca3d.jpeg | https://www.aciersgrosjean.be/images/thumbs/0002836_c2140b89f6e54d0fa91f88a602c0cd00.jpeg | https://www.aciersgrosjean.be/images/thumbs/0002837_1dd4b5b814dc4613a7aefd263158b7c7.jpeg;sitemap
422;Plat 40x4mm en acier laminé à chaud;Acier;Produit long;Plat en acier laminé à chaud;;Acier | Acier > Produit long;e0dde983-ef11-29a8-8ac7-3a1853697897;;3,24;3,24 € TTC / PC;TTC / PC;InStock;Longueur : 1m / 2m / 3m / 4m / 5m / 6m;Poids : 1.29 Kg;4;1;3.pdf;https://www.aciersgrosjean.be/plat-en-acier-laminé-à-chaud-40x4mm;https://www.aciersgrosjean.be/images/thumbs/0002841_ce43fb87dfbe40e3ae2a3399819dca3d_625.jpeg | https://www.aciersgrosjean.be/images/thumbs/0002841_ce43fb87dfbe40e3ae2a3399819dca3d.jpeg | https://www.aciersgrosjean.be/images/thumbs/0002842_c2140b89f6e54d0fa91f88a602c0cd00.jpeg | https://www.aciersgrosjean.be/images/thumbs/0002843_1dd4b5b814dc4613a7aefd263158b7c7.jpeg;sitemap
371;Plat 40x5mm en acier laminé à chaud;Acier;Produit long;Plat en acier laminé à chaud;;Acier | Acier > Produit long;84811574-f4dd-9505-50e6-3a18536978c3;;3,97;3,97 € TTC / PC;TTC / PC;InStock;Longueur : 1m / 2m / 3m / 4m / 5m / 6m;Poids : 1.61 Kg;4;1;3.pdf;https://www.aciersgrosjean.be/plat-en-acier-laminé-à-chaud-40x5mm;https://www.aciersgrosjean.be/images/thumbs/0002844_ce43fb87dfbe40e3ae2a3399819dca3d_625.jpeg | https://www.aciersgrosjean.be/images/thumbs/0002844_ce43fb87dfbe40e3ae2a3399819dca3d.jpeg | https://www.aciersgrosjean.be/images/thumbs/0002845_c2140b89f6e54d0fa91f88a602c0cd00.jpeg | https://www.aciersgrosjean.be/images/thumbs/0002846_1dd4b5b814dc4613a7aefd263158b7c7.jpeg;sitemap
448;Plat 40x8mm en acier laminé à chaud;Acier;Produit long;Plat en acier laminé à chaud;;Acier | Acier > Produit long;58dfd1ff-2f6c-f472-063b-3a1853697918;;6,28;6,28 € TTC / PC;TTC / PC;InStock;Longueur : 1m / 2m / 3m / 4m / 5m / 6m;Poids : 2.58 Kg;4;1;3.pdf;https://www.aciersgrosjean.be/plat-en-acier-laminé-à-chaud-40x8mm;https://www.aciersgrosjean.be/images/thumbs/0002850_ce43fb87dfbe40e3ae2a3399819dca3d_625.jpeg | https://www.aciersgrosjean.be/images/thumbs/0002850_ce43fb87dfbe40e3ae2a3399819dca3d.jpeg | https://www.aciersgrosjean.be/images/thumbs/0002851_c2140b89f6e54d0fa91f88a602c0cd00.jpeg | https://www.aciersgrosjean.be/images/thumbs/0002852_1dd4b5b814dc4613a7aefd263158b7c7.jpeg;sitemap
331;Plat 50x10mm en acier laminé à chaud;Acier;Produit long;Plat en acier laminé à chaud;;Acier | Acier > Produit long;b12bd6a3-4265-a707-229c-3a1853697d1a;;9,80;9,80 € TTC / PC;TTC / PC;InStock;Longueur : 1m / 2m / 3m / 4m / 5m / 6m;Poids : 4.03 Kg;4;1;3(1).pdf;https://www.aciersgrosjean.be/plat-en-acier-laminé-à-chaud-50x10mm;https://www.aciersgrosjean.be/images/thumbs/0002883_ce43fb87dfbe40e3ae2a3399819dca3d_625.jpeg | https://www.aciersgrosjean.be/images/thumbs/0002883_ce43fb87dfbe40e3ae2a3399819dca3d.jpeg | https://www.aciersgrosjean.be/images/thumbs/0002884_c2140b89f6e54d0fa91f88a602c0cd00.jpeg | https://www.aciersgrosjean.be/images/thumbs/0002885_1dd4b5b814dc4613a7aefd263158b7c7.jpeg;sitemap
326;Plat 50x3mm en acier laminé à chaud;Acier;Produit long;Plat en acier laminé à chaud;;Acier | Acier > Produit long;3af52150-57f9-42b3-2e08-3a1853697c2e;;3,16;3,16 € TTC / PC;TTC / PC;InStock;Longueur : 1m / 2m / 3m / 4m / 5m / 6m;Poids : 1.21 Kg;4;1;3(1).pdf;https://www.aciersgrosjean.be/plat-en-acier-laminé-à-chaud-50x3mm;https://www.aciersgrosjean.be/images/thumbs/0002922_ce43fb87dfbe40e3ae2a3399819dca3d_625.jpeg | https://www.aciersgrosjean.be/images/thumbs/0002922_ce43fb87dfbe40e3ae2a3399819dca3d.jpeg | https://www.aciersgrosjean.be/images/thumbs/0002923_c2140b89f6e54d0fa91f88a602c0cd00.jpeg | https://www.aciersgrosjean.be/images/thumbs/0002924_1dd4b5b814dc4613a7aefd263158b7c7.jpeg;sitemap
322;Plat 50x5mm en acier laminé à chaud;Acier;Produit long;Plat en acier laminé à chaud;;Acier | Acier > Produit long;f2193cc7-21a0-6457-4a5d-3a1853697c89;;4,99;4,99 € TTC / PC;TTC / PC;InStock;Longueur : 1m / 2m / 3m / 4m / 5m / 6m;Poids : 2.02 Kg;4;1;3(1).pdf;https://www.aciersgrosjean.be/plat-en-acier-laminé-à-chaud-50x5mm;https://www.aciersgrosjean.be/images/thumbs/0002934_ce43fb87dfbe40e3ae2a3399819dca3d_625.jpeg | https://www.aciersgrosjean.be/images/thumbs/0002934_ce43fb87dfbe40e3ae2a3399819dca3d.jpeg | https://www.aciersgrosjean.be/images/thumbs/0002935_c2140b89f6e54d0fa91f88a602c0cd00.jpeg | https://www.aciersgrosjean.be/images/thumbs/0002936_1dd4b5b814dc4613a7aefd263158b7c7.jpeg;sitemap
320;Plat 50x8mm en acier laminé à chaud;Acier;Produit long;Plat en acier laminé à chaud;;Acier | Acier > Produit long;93fcb07a-ed7b-f80a-9c2a-3a1853697ced;;7,83;7,83 € TTC / PC;TTC / PC;InStock;Longueur : 1m / 2m / 3m / 4m / 5m / 6m;Poids : 3.22 Kg;4;1;3(1).pdf;https://www.aciersgrosjean.be/plat-en-acier-laminé-à-chaud-50x8mm;https://www.aciersgrosjean.be/images/thumbs/0002940_ce43fb87dfbe40e3ae2a3399819dca3d_625.jpeg | https://www.aciersgrosjean.be/images/thumbs/0002940_ce43fb87dfbe40e3ae2a3399819dca3d.jpeg | https://www.aciersgrosjean.be/images/thumbs/0002941_c2140b89f6e54d0fa91f88a602c0cd00.jpeg | https://www.aciersgrosjean.be/images/thumbs/0002942_1dd4b5b814dc4613a7aefd263158b7c7.jpeg;sitemap
319;Plat 60x10mm en acier laminé à chaud;Acier;Produit long;Plat en acier laminé à chaud;;Acier | Acier > Produit long;a367f915-a0e9-9007-c48c-3a1853697f60;;11,72;11,72 € TTC / PC;TTC / PC;InStock;Longueur : 1m / 2m / 3m / 4m / 5m / 6m;Poids : 4.82 Kg;4;1;3(1).pdf;https://www.aciersgrosjean.be/plat-en-acier-laminé-à-chaud-60x10mm;https://www.aciersgrosjean.be/images/thumbs/0002943_ce43fb87dfbe40e3ae2a3399819dca3d_625.jpeg | https://www.aciersgrosjean.be/images/thumbs/0002943_ce43fb87dfbe40e3ae2a3399819dca3d.jpeg | https://www.aciersgrosjean.be/images/thumbs/0002944_c2140b89f6e54d0fa91f88a602c0cd00.jpeg | https://www.aciersgrosjean.be/images/thumbs/0002945_1dd4b5b814dc4613a7aefd263158b7c7.jpeg;sitemap
310;Plat 60x5mm en acier laminé à chaud;Acier;Produit long;Plat en acier laminé à chaud;;Acier | Acier > Produit long;713f175b-93e3-4dd3-04b4-3a1853697ed0;;5,98;5,98 € TTC / PC;TTC / PC;InStock;Longueur : 1m / 2m / 3m / 4m / 5m / 6m;Poids : 2.42 Kg;4;1;3(1).pdf;https://www.aciersgrosjean.be/plat-en-acier-laminé-à-chaud-60x5mm;https://www.aciersgrosjean.be/images/thumbs/0002970_ce43fb87dfbe40e3ae2a3399819dca3d_625.jpeg | https://www.aciersgrosjean.be/images/thumbs/0002970_ce43fb87dfbe40e3ae2a3399819dca3d.jpeg | https://www.aciersgrosjean.be/images/thumbs/0002971_c2140b89f6e54d0fa91f88a602c0cd00.jpeg | https://www.aciersgrosjean.be/images/thumbs/0002972_1dd4b5b814dc4613a7aefd263158b7c7.jpeg;sitemap
308;Plat 60x8mm en acier laminé à chaud;Acier;Produit long;Plat en acier laminé à chaud;;Acier | Acier > Produit long;979a4aea-4ace-ab80-fe18-3a1853697f2c;;9,39;9,39 € TTC / PC;TTC / PC;InStock;Longueur : 1m / 2m / 3m / 4m / 5m / 6m;Poids : 3.86 Kg;4;1;3(1).pdf;https://www.aciersgrosjean.be/plat-en-acier-laminé-à-chaud-60x8mm;https://www.aciersgrosjean.be/images/thumbs/0002976_ce43fb87dfbe40e3ae2a3399819dca3d_625.jpeg | https://www.aciersgrosjean.be/images/thumbs/0002976_ce43fb87dfbe40e3ae2a3399819dca3d.jpeg | https://www.aciersgrosjean.be/images/thumbs/0002977_c2140b89f6e54d0fa91f88a602c0cd00.jpeg | https://www.aciersgrosjean.be/images/thumbs/0002978_1dd4b5b814dc4613a7aefd263158b7c7.jpeg;sitemap
307;Plat 70x10mm en acier laminé à chaud;Acier;Produit long;Plat en acier laminé à chaud;;Acier | Acier > Produit long;b6fe3f62-1049-4ac9-109f-3a185369819c;;13,70;13,70 € TTC / PC;TTC / PC;InStock;Longueur : 1m / 2m / 3m / 4m / 5m / 6m;Poids : 5.63 Kg;4;1;3(1).pdf;https://www.aciersgrosjean.be/plat-en-acier-laminé-à-chaud-70x10mm;https://www.aciersgrosjean.be/images/thumbs/0002979_ce43fb87dfbe40e3ae2a3399819dca3d_625.jpeg | https://www.aciersgrosjean.be/images/thumbs/0002979_ce43fb87dfbe40e3ae2a3399819dca3d.jpeg | https://www.aciersgrosjean.be/images/thumbs/0002980_c2140b89f6e54d0fa91f88a602c0cd00.jpeg | https://www.aciersgrosjean.be/images/thumbs/0002981_1dd4b5b814dc4613a7aefd263158b7c7.jpeg;sitemap
288;Plat 80x10mm en acier laminé à chaud;Acier;Produit long;Plat en acier laminé à chaud;;Acier | Acier > Produit long;30dfbfd8-a005-106c-90f7-3a1853698585;;18,78;18,78 € TTC / PC;TTC / PC;InStock;Longueur : 1m / 2m / 3m / 4m / 5m / 6m;Poids : 7.72 Kg;4;1;3(1).pdf;https://www.aciersgrosjean.be/plat-en-acier-laminé-à-chaud-80x10mm;https://www.aciersgrosjean.be/images/thumbs/0003040_ce43fb87dfbe40e3ae2a3399819dca3d_625.jpeg | https://www.aciersgrosjean.be/images/thumbs/0003040_ce43fb87dfbe40e3ae2a3399819dca3d.jpeg | https://www.aciersgrosjean.be/images/thumbs/0003041_c2140b89f6e54d0fa91f88a602c0cd00.jpeg | https://www.aciersgrosjean.be/images/thumbs/0003042_1dd4b5b814dc4613a7aefd263158b7c7.jpeg;sitemap
276;Plat 80x8mm en acier laminé à chaud;Acier;Produit long;Plat en acier laminé à chaud;;Acier | Acier > Produit long;dcc36524-5514-24ca-9100-3a1853698552;;15,63;15,63 € TTC / PC;TTC / PC;InStock;Longueur : 1m / 2m / 3m / 4m / 5m / 6m;Poids : 6.43 Kg;4;1;3(1).pdf;https://www.aciersgrosjean.be/plat-en-acier-laminé-à-chaud-80x8mm;https://www.aciersgrosjean.be/images/thumbs/0003076_ce43fb87dfbe40e3ae2a3399819dca3d_625.jpeg | https://www.aciersgrosjean.be/images/thumbs/0003076_ce43fb87dfbe40e3ae2a3399819dca3d.jpeg | https://www.aciersgrosjean.be/images/thumbs/0003077_c2140b89f6e54d0fa91f88a602c0cd00.jpeg | https://www.aciersgrosjean.be/images/thumbs/0003078_1dd4b5b814dc4613a7aefd263158b7c7.jpeg;sitemap
147;Rond lisse 10mm en acier laminée à chaud;Acier;Produit long;Rond plein lisse;;Acier | Acier > Produit long;397347b3-9ae6-4405-f677-3a18536a8f8e;;1,62;1,62 € TTC / PC;TTC / PC;InStock;Longueur : 1m / 2m / 3m / 4m / 5m / 6m;Poids : 0.63 Kg;3;1;ROND LISSE 3(1).pdf;https://www.aciersgrosjean.be/fer-rond-plein-lisse-de-10mm-de-diamètre;https://www.aciersgrosjean.be/images/thumbs/0003112_0e6b9c1def5f449f8bd7c62e33796d1a_625.jpeg | https://www.aciersgrosjean.be/images/thumbs/0003112_0e6b9c1def5f449f8bd7c62e33796d1a.jpeg | https://www.aciersgrosjean.be/images/thumbs/0003113_20b3d8c37642497f865a3609338212e0.jpeg;sitemap
148;Rond lisse 12mm en acier laminée à chaud;Acier;Produit long;Rond plein lisse;;Acier | Acier > Produit long;2553f870-73dd-69cb-02af-3a18536a8fe9;;2,27;2,27 € TTC / PC;TTC / PC;InStock;Longueur : 1m / 2m / 3m / 4m / 5m / 6m;Poids : 0.91 Kg;3;1;ROND LISSE 3(1).pdf;https://www.aciersgrosjean.be/fer-rond-plein-lisse-de-12mm-de-diamètre;https://www.aciersgrosjean.be/images/thumbs/0003134_0e6b9c1def5f449f8bd7c62e33796d1a_625.jpeg | https://www.aciersgrosjean.be/images/thumbs/0003134_0e6b9c1def5f449f8bd7c62e33796d1a.jpeg | https://www.aciersgrosjean.be/images/thumbs/0003135_20b3d8c37642497f865a3609338212e0.jpeg;sitemap
540;Rond lisse 14mm en acier laminée à chaud;Acier;Produit long;Rond plein lisse;;Acier | Acier > Produit long;a188fb03-3877-1272-5e89-3a18536a900e;;3,05;3,05 € TTC / PC;TTC / PC;InStock;Longueur : 1m / 2m / 3m / 4m / 5m / 6m;Poids : 1.24 Kg;3;1;ROND LISSE 3(1).pdf;https://www.aciersgrosjean.be/fer-rond-plein-lisse-de-14mm-de-diamètre;https://www.aciersgrosjean.be/images/thumbs/0003138_0e6b9c1def5f449f8bd7c62e33796d1a_625.jpeg | https://www.aciersgrosjean.be/images/thumbs/0003138_0e6b9c1def5f449f8bd7c62e33796d1a.jpeg | https://www.aciersgrosjean.be/images/thumbs/0003139_20b3d8c37642497f865a3609338212e0.jpeg;sitemap
144;Rond lisse 16mm en acier laminée à chaud;Acier;Produit long;Rond plein lisse;;Acier | Acier > Produit long;d8bf0369-6be8-9830-e20b-3a18536a904c;;3,97;3,97 € TTC / PC;TTC / PC;InStock;Longueur : 1m / 2m / 3m / 4m / 5m / 6m;Poids : 1.62 Kg;3;1;ROND LISSE 3(1).pdf;https://www.aciersgrosjean.be/fer-rond-plein-lisse-de-16mm-de-diamètre;https://www.aciersgrosjean.be/images/thumbs/0003142_0e6b9c1def5f449f8bd7c62e33796d1a_625.jpeg | https://www.aciersgrosjean.be/images/thumbs/0003142_0e6b9c1def5f449f8bd7c62e33796d1a.jpeg | https://www.aciersgrosjean.be/images/thumbs/0003143_20b3d8c37642497f865a3609338212e0.jpeg;sitemap
549;Rond lisse 18mm en acier laminée à chaud;Acier;Produit long;Rond plein lisse;;Acier | Acier > Produit long;95ef9917-973d-cc79-27d6-3a18536a906d;;5,02;5,02 € TTC / PC;TTC / PC;InStock;Longueur : 1m / 2m / 3m / 4m / 5m / 6m;Poids : 2.05 Kg;3;1;ROND LISSE 3(1).pdf;https://www.aciersgrosjean.be/fer-rond-plein-lisse-de-18mm-de-diamètre;https://www.aciersgrosjean.be/images/thumbs/0003144_0e6b9c1def5f449f8bd7c62e33796d1a_625.jpeg | https://www.aciersgrosjean.be/images/thumbs/0003144_0e6b9c1def5f449f8bd7c62e33796d1a.jpeg | https://www.aciersgrosjean.be/images/thumbs/0003145_20b3d8c37642497f865a3609338212e0.jpeg;sitemap
508;Rond lisse 20mm en acier laminée à chaud;Acier;Produit long;Rond plein lisse;;Acier | Acier > Produit long;ff94ca2e-4336-0093-f429-3a18536a908d;;6,20;6,20 € TTC / PC;TTC / PC;InStock;Longueur : 1m / 2m / 3m / 4m / 5m / 6m;Poids : 2.53 Kg;3;1;ROND LISSE 3.pdf;https://www.aciersgrosjean.be/fer-rond-plein-lisse-de-20mm-de-diamètre;https://www.aciersgrosjean.be/images/thumbs/0003146_0e6b9c1def5f449f8bd7c62e33796d1a_625.jpeg | https://www.aciersgrosjean.be/images/thumbs/0003146_0e6b9c1def5f449f8bd7c62e33796d1a.jpeg | https://www.aciersgrosjean.be/images/thumbs/0003147_20b3d8c37642497f865a3609338212e0.jpeg;sitemap
509;Rond lisse 22mm en acier laminée à chaud;Acier;Produit long;Rond plein lisse;;Acier | Acier > Produit long;876a00f0-1ead-7c32-7d87-3a18536a90ad;;7,48;7,48 € TTC / PC;TTC / PC;InStock;Longueur : 1m / 2m / 3m / 4m / 5m / 6m;Poids : 3.05 Kg;3;1;ROND LISSE 3.pdf;https://www.aciersgrosjean.be/fer-rond-plein-lisse-de-22mm-de-diamètre;https://www.aciersgrosjean.be/images/thumbs/0003148_0e6b9c1def5f449f8bd7c62e33796d1a_625.jpeg | https://www.aciersgrosjean.be/images/thumbs/0003148_0e6b9c1def5f449f8bd7c62e33796d1a.jpeg | https://www.aciersgrosjean.be/images/thumbs/0003149_20b3d8c37642497f865a3609338212e0.jpeg;sitemap
145;Rond lisse 6mm en acier laminée à chaud;Acier;Produit long;Rond plein lisse;;Acier | Acier > Produit long;a28febf8-236b-efcd-4003-3a18536a8f05;;0,58;0,58 € TTC / PC;TTC / PC;InStock;Longueur : 1m / 2m / 3m / 4m / 5m / 6m;Poids : 0.23 Kg;3;1;ROND LISSE 3.pdf;https://www.aciersgrosjean.be/fer-rond-plein-lisse-de-6mm-de-diamètre;https://www.aciersgrosjean.be/images/thumbs/0003178_0e6b9c1def5f449f8bd7c62e33796d1a_625.jpeg | https://www.aciersgrosjean.be/images/thumbs/0003178_0e6b9c1def5f449f8bd7c62e33796d1a.jpeg | https://www.aciersgrosjean.be/images/thumbs/0003179_20b3d8c37642497f865a3609338212e0.jpeg;sitemap
146;Rond lisse 8mm en acier laminée à chaud;Acier;Produit long;Rond plein lisse;;Acier | Acier > Produit long;9754b0b3-322b-21c8-fe85-3a18536a8f70;;1,04;1,04 € TTC / PC;TTC / PC;InStock;Longueur : 1m / 2m / 3m / 4m / 5m / 6m;Poids : 0.4 Kg;3;1;ROND LISSE 3.pdf;https://www.aciersgrosjean.be/fer-rond-plein-lisse-de-8mm-de-diamètre;https://www.aciersgrosjean.be/images/thumbs/0003188_0e6b9c1def5f449f8bd7c62e33796d1a_625.jpeg | https://www.aciersgrosjean.be/images/thumbs/0003188_0e6b9c1def5f449f8bd7c62e33796d1a.jpeg | https://www.aciersgrosjean.be/images/thumbs/0003189_20b3d8c37642497f865a3609338212e0.jpeg;sitemap
600;Tube carré 100x100x10mm en acier;Acier;Tube;Tube carré acier;;Acier | Acier > Tube;7161be3c-586a-309b-8106-3a1974e9858b;;68,21;68,21 € TTC / PC;TTC / PC;InStock;Longueur : 1m / 2m / 3m / 4m / 5m / 6m;Poids : 26.22 Kg;4;1;TUBE CARRE ACIERS GROSJEAN 4.pdf;https://www.aciersgrosjean.be/tube-en-acier-profilé-carré-de-100x100x10mm;https://www.aciersgrosjean.be/images/thumbs/0003449_a96813615c2c4ada93f185f2e4a1f382_625.jpeg | https://www.aciersgrosjean.be/images/thumbs/0003449_a96813615c2c4ada93f185f2e4a1f382.jpeg | https://www.aciersgrosjean.be/images/thumbs/0003450_a7916f5e912d41b48f1845ec84aaa32d.jpeg | https://www.aciersgrosjean.be/images/thumbs/0003451_a7ebfed5f16b4da79eeecc756272bdc9.jpeg;sitemap
595;Tube carré 100x100x3mm en acier;Acier;Tube;Tube carré acier;;Acier | Acier > Tube;046506fd-2de7-aded-2832-3a1974e9832f;;23,89;23,89 € TTC / PC;TTC / PC;InStock;Longueur : 1m / 2m / 3m / 4m / 5m / 6m;Poids : 9.18 Kg;4;1;TUBE CARRE ACIERS GROSJEAN 4.pdf;https://www.aciersgrosjean.be/tube-en-acier-profilé-carré-de-100x100x3mm;https://www.aciersgrosjean.be/images/thumbs/0003452_a96813615c2c4ada93f185f2e4a1f382_625.jpeg | https://www.aciersgrosjean.be/images/thumbs/0003452_a96813615c2c4ada93f185f2e4a1f382.jpeg | https://www.aciersgrosjean.be/images/thumbs/0003453_a7916f5e912d41b48f1845ec84aaa32d.jpeg | https://www.aciersgrosjean.be/images/thumbs/0003454_a7ebfed5f16b4da79eeecc756272bdc9.jpeg;sitemap
596;Tube carré 100x100x4mm en acier;Acier;Tube;Tube carré acier;;Acier | Acier > Tube;96fc567f-a0e1-fbf3-6ec5-3a1974e983a9;;31,17;31,17 € TTC / PC;TTC / PC;InStock;Longueur : 1m / 2m / 3m / 4m / 5m / 6m;Poids : 11.98 Kg;4;1;TUBE CARRE ACIERS GROSJEAN 4.pdf;https://www.aciersgrosjean.be/tube-en-acier-profilé-carré-de-100x100x4mm;https://www.aciersgrosjean.be/images/thumbs/0003455_a96813615c2c4ada93f185f2e4a1f382_625.jpeg | https://www.aciersgrosjean.be/images/thumbs/0003455_a96813615c2c4ada93f185f2e4a1f382.jpeg | https://www.aciersgrosjean.be/images/thumbs/0003456_a7916f5e912d41b48f1845ec84aaa32d.jpeg | https://www.aciersgrosjean.be/images/thumbs/0003457_a7ebfed5f16b4da79eeecc756272bdc9.jpeg;sitemap
597;Tube carré 100x100x5mm en acier;Acier;Tube;Tube carré acier;;Acier | Acier > Tube;cce09f36-bacc-ee5e-0274-3a1974e98426;;38,37;38,37 € TTC / PC;TTC / PC;InStock;Longueur : 1m / 2m / 3m / 4m / 5m / 6m;Poids : 14.75 Kg;4;1;TUBE CARRE ACIERS GROSJEAN 4.pdf;https://www.aciersgrosjean.be/tube-en-acier-profilé-carré-de-100x100x5mm;https://www.aciersgrosjean.be/images/thumbs/0003458_a96813615c2c4ada93f185f2e4a1f382_625.jpeg | https://www.aciersgrosjean.be/images/thumbs/0003458_a96813615c2c4ada93f185f2e4a1f382.jpeg | https://www.aciersgrosjean.be/images/thumbs/0003459_a7916f5e912d41b48f1845ec84aaa32d.jpeg | https://www.aciersgrosjean.be/images/thumbs/0003460_a7ebfed5f16b4da79eeecc756272bdc9.jpeg;sitemap
603;Tube carré 120x120x4mm en acier;Acier;Tube;Tube carré acier;;Acier | Acier > Tube;c272e91e-69a7-b243-f846-3a1974e98730;;37,82;37,82 € TTC / PC;TTC / PC;InStock;Longueur : 1m / 2m / 3m / 4m / 5m / 6m;Poids : 14.54 Kg;4;1;TUBE CARRE ACIERS GROSJEAN 4.pdf;https://www.aciersgrosjean.be/tube-en-acier-profilé-carré-de-120x120x4mm;https://www.aciersgrosjean.be/images/thumbs/0003480_a96813615c2c4ada93f185f2e4a1f382_625.jpeg | https://www.aciersgrosjean.be/images/thumbs/0003480_a96813615c2c4ada93f185f2e4a1f382.jpeg | https://www.aciersgrosjean.be/images/thumbs/0003481_a7916f5e912d41b48f1845ec84aaa32d.jpeg | https://www.aciersgrosjean.be/images/thumbs/0003482_a7ebfed5f16b4da79eeecc756272bdc9.jpeg;sitemap
604;Tube carré 120x120x5mm en acier;Acier;Tube;Tube carré acier;;Acier | Acier > Tube;4b680851-d931-6821-ec24-3a1974e987e2;;46,62;46,62 € TTC / PC;TTC / PC;InStock;Longueur : 1m / 2m / 3m / 4m / 5m / 6m;Poids : 17.92 Kg;4;1;TUBE CARRE ACIERS GROSJEAN 4.pdf;https://www.aciersgrosjean.be/tube-en-acier-profilé-carré-de-120x120x5mm;https://www.aciersgrosjean.be/images/thumbs/0003483_a96813615c2c4ada93f185f2e4a1f382_625.jpeg | https://www.aciersgrosjean.be/images/thumbs/0003483_a96813615c2c4ada93f185f2e4a1f382.jpeg | https://www.aciersgrosjean.be/images/thumbs/0003484_a7916f5e912d41b48f1845ec84aaa32d.jpeg | https://www.aciersgrosjean.be/images/thumbs/0003485_a7ebfed5f16b4da79eeecc756272bdc9.jpeg;sitemap
608;Tube carré 140x140x5mm en acier;Acier;Tube;Tube carré acier;;Acier | Acier > Tube;53506d70-bdc9-e12e-a37c-3a1974e98a46;;55,15;55,15 € TTC / PC;TTC / PC;InStock;Longueur : 1m / 2m / 3m / 4m / 5m / 6m;Poids : 21.2 Kg;4;1;TUBE CARRE ACIERS GROSJEAN 4.pdf;https://www.aciersgrosjean.be/tube-en-acier-profilé-carré-de-140x140x5mm;https://www.aciersgrosjean.be/images/thumbs/0003492_a96813615c2c4ada93f185f2e4a1f382_625.jpeg | https://www.aciersgrosjean.be/images/thumbs/0003492_a96813615c2c4ada93f185f2e4a1f382.jpeg | https://www.aciersgrosjean.be/images/thumbs/0003493_a7916f5e912d41b48f1845ec84aaa32d.jpeg | https://www.aciersgrosjean.be/images/thumbs/0003494_a7ebfed5f16b4da79eeecc756272bdc9.jpeg;sitemap
612;Tube carré 150x150x5mm en acier;Acier;Tube;Tube carré acier;;Acier | Acier > Tube;b8ccf173-dc17-6f04-f2cc-3a1974e98c2a;;59,42;59,42 € TTC / PC;TTC / PC;InStock;Longueur : 1m / 2m / 3m / 4m / 5m / 6m;Poids : 22.84 Kg;4;1;TUBE CARRE ACIERS GROSJEAN 4.pdf;https://www.aciersgrosjean.be/tube-en-acier-profilé-carré-de-150x150x5mm;https://www.aciersgrosjean.be/images/thumbs/0003507_a96813615c2c4ada93f185f2e4a1f382_625.jpeg | https://www.aciersgrosjean.be/images/thumbs/0003507_a96813615c2c4ada93f185f2e4a1f382.jpeg | https://www.aciersgrosjean.be/images/thumbs/0003508_a7916f5e912d41b48f1845ec84aaa32d.jpeg | https://www.aciersgrosjean.be/images/thumbs/0003509_a7ebfed5f16b4da79eeecc756272bdc9.jpeg;sitemap
554;Tube carré 15x15x2mm en acier;Acier;Tube;Tube carré acier;;Acier | Acier > Tube;660d84d1-81fc-9813-b1cb-3a1974e96ddf;;2,41;2,41 € TTC / PC;TTC / PC;InStock;Longueur : 1m / 2m / 3m / 4m / 5m / 6m;Poids : 0.83 Kg;4;1;TUBE CARRE ACIERS GROSJEAN 4.pdf;https://www.aciersgrosjean.be/tube-en-acier-profilé-carré-de-15x15x2mm;https://www.aciersgrosjean.be/images/thumbs/0003516_a96813615c2c4ada93f185f2e4a1f382_625.jpeg | https://www.aciersgrosjean.be/images/thumbs/0003516_a96813615c2c4ada93f185f2e4a1f382.jpeg | https://www.aciersgrosjean.be/images/thumbs/0003517_a7916f5e912d41b48f1845ec84aaa32d.jpeg | https://www.aciersgrosjean.be/images/thumbs/0003518_a7ebfed5f16b4da79eeecc756272bdc9.jpeg;sitemap
556;Tube carré 20x20x2mm en acier;Acier;Tube;Tube carré acier;;Acier | Acier > Tube;ab53f243-412b-76d7-4852-3a1974e9707e;;2,99;2,99 € TTC / PC;TTC / PC;InStock;Longueur : 1m / 2m / 3m / 4m / 5m / 6m;Poids : 1.15 Kg;4;1;TUBE CARRE ACIERS GROSJEAN 4.pdf;https://www.aciersgrosjean.be/tube-en-acier-profilé-carré-de-20x20x2mm;https://www.aciersgrosjean.be/images/thumbs/0003549_a96813615c2c4ada93f185f2e4a1f382_625.jpeg | https://www.aciersgrosjean.be/images/thumbs/0003549_a96813615c2c4ada93f185f2e4a1f382.jpeg | https://www.aciersgrosjean.be/images/thumbs/0003550_a7916f5e912d41b48f1845ec84aaa32d.jpeg | https://www.aciersgrosjean.be/images/thumbs/0003551_a7ebfed5f16b4da79eeecc756272bdc9.jpeg;sitemap
626;Tube carré 250x250x6mm en acier;Acier;Tube;Tube carré acier;;Acier | Acier > Tube;b0621f99-256a-6f78-dd51-3a1974e9934f;;120,42;120,42 € TTC / PC;TTC / PC;InStock;Longueur : 1m / 2m / 3m / 4m / 5m / 6m;Poids : 46.29 Kg;4;1;TUBE CARRE ACIERS GROSJEAN 4.pdf;https://www.aciersgrosjean.be/tube-en-acier-profilé-carré-de-250x250x6mm;https://www.aciersgrosjean.be/images/thumbs/0003558_a96813615c2c4ada93f185f2e4a1f382_625.jpeg | https://www.aciersgrosjean.be/images/thumbs/0003558_a96813615c2c4ada93f185f2e4a1f382.jpeg | https://www.aciersgrosjean.be/images/thumbs/0003559_a7916f5e912d41b48f1845ec84aaa32d.jpeg | https://www.aciersgrosjean.be/images/thumbs/0003560_a7ebfed5f16b4da79eeecc756272bdc9.jpeg;sitemap
558;Tube carré 25x25x2mm en acier;Acier;Tube;Tube carré acier;;Acier | Acier > Tube;46bc07cd-b269-00d4-1819-3a1974e97164;;3,62;3,62 € TTC / PC;TTC / PC;InStock;Longueur : 1m / 2m / 3m / 4m / 5m / 6m;Poids : 1.39 Kg;4;1;TUBE CARRE ACIERS GROSJEAN 4.pdf;https://www.aciersgrosjean.be/tube-en-acier-profilé-carré-de-25x25x2mm;https://www.aciersgrosjean.be/images/thumbs/0003567_a96813615c2c4ada93f185f2e4a1f382_625.jpeg | https://www.aciersgrosjean.be/images/thumbs/0003567_a96813615c2c4ada93f185f2e4a1f382.jpeg | https://www.aciersgrosjean.be/images/thumbs/0003568_a7916f5e912d41b48f1845ec84aaa32d.jpeg | https://www.aciersgrosjean.be/images/thumbs/0003569_a7ebfed5f16b4da79eeecc756272bdc9.jpeg;sitemap
559;Tube carré 25x25x3mm en acier;Acier;Tube;Tube carré acier;;Acier | Acier > Tube;d07b13b1-4e25-553c-5186-3a1974e971f5;;5,05;5,05 € TTC / PC;TTC / PC;InStock;Longueur : 1m / 2m / 3m / 4m / 5m / 6m;Poids : 1.94 Kg;4;1;TUBE CARRE ACIERS GROSJEAN 4.pdf;https://www.aciersgrosjean.be/tube-en-acier-profilé-carré-de-25x25x3mm;https://www.aciersgrosjean.be/images/thumbs/0003570_a96813615c2c4ada93f185f2e4a1f382_625.jpeg | https://www.aciersgrosjean.be/images/thumbs/0003570_a96813615c2c4ada93f185f2e4a1f382.jpeg | https://www.aciersgrosjean.be/images/thumbs/0003571_a7916f5e912d41b48f1845ec84aaa32d.jpeg | https://www.aciersgrosjean.be/images/thumbs/0003572_a7ebfed5f16b4da79eeecc756272bdc9.jpeg;sitemap
561;Tube carré 30x30x2mm en acier;Acier;Tube;Tube carré acier;;Acier | Acier > Tube;997291e8-5710-1e29-0a48-3a1974e972dd;;4,48;4,48 € TTC / PC;TTC / PC;InStock;Longueur : 1m / 2m / 3m / 4m / 5m / 6m;Poids : 1.72 Kg;4;1;TUBE CARRE ACIERS GROSJEAN 4.pdf;https://www.aciersgrosjean.be/tube-en-acier-profilé-carré-de-30x30x2mm;https://www.aciersgrosjean.be/images/thumbs/0003576_a96813615c2c4ada93f185f2e4a1f382_625.jpeg | https://www.aciersgrosjean.be/images/thumbs/0003576_a96813615c2c4ada93f185f2e4a1f382.jpeg | https://www.aciersgrosjean.be/images/thumbs/0003577_a7916f5e912d41b48f1845ec84aaa32d.jpeg | https://www.aciersgrosjean.be/images/thumbs/0003578_a7ebfed5f16b4da79eeecc756272bdc9.jpeg;sitemap
562;Tube carré 30x30x3mm en acier;Acier;Tube;Tube carré acier;;Acier | Acier > Tube;71d74a8f-5518-853e-4c33-3a1974e97355;;6,29;6,29 € TTC / PC;TTC / PC;InStock;Longueur : 1m / 2m / 3m / 4m / 5m / 6m;Poids : 2.42 Kg;4;1;TUBE CARRE ACIERS GROSJEAN 4.pdf;https://www.aciersgrosjean.be/tube-en-acier-profilé-carré-de-30x30x3mm;https://www.aciersgrosjean.be/images/thumbs/0003579_a96813615c2c4ada93f185f2e4a1f382_625.jpeg | https://www.aciersgrosjean.be/images/thumbs/0003579_a96813615c2c4ada93f185f2e4a1f382.jpeg | https://www.aciersgrosjean.be/images/thumbs/0003580_a7916f5e912d41b48f1845ec84aaa32d.jpeg | https://www.aciersgrosjean.be/images/thumbs/0003581_a7ebfed5f16b4da79eeecc756272bdc9.jpeg;sitemap
564;Tube carré 35x35x2mm en acier;Acier;Tube;Tube carré acier;;Acier | Acier > Tube;0f85636d-900a-1f03-6838-3a1974e9743d;;5,52;5,52 € TTC / PC;TTC / PC;InStock;Longueur : 1m / 2m / 3m / 4m / 5m / 6m;Poids : 2.12 Kg;4;1;TUBE CARRE ACIERS GROSJEAN 4.pdf;https://www.aciersgrosjean.be/tube-en-acier-profilé-carré-de-35x35x2mm;https://www.aciersgrosjean.be/images/thumbs/0003585_a96813615c2c4ada93f185f2e4a1f382_625.jpeg | https://www.aciersgrosjean.be/images/thumbs/0003585_a96813615c2c4ada93f185f2e4a1f382.jpeg | https://www.aciersgrosjean.be/images/thumbs/0003586_a7916f5e912d41b48f1845ec84aaa32d.jpeg | https://www.aciersgrosjean.be/images/thumbs/0003587_a7ebfed5f16b4da79eeecc756272bdc9.jpeg;sitemap
567;Tube carré 40x40x2mm en acier;Acier;Tube;Tube carré acier;;Acier | Acier > Tube;240219be-2080-9440-9ea6-3a1974e97593;;6,17;6,17 € TTC / PC;TTC / PC;InStock;Longueur : 1m / 2m / 3m / 4m / 5m / 6m;Poids : 2.37 Kg;4;1;TUBE CARRE ACIERS GROSJEAN 4.pdf;https://www.aciersgrosjean.be/tube-en-acier-profilé-carré-de-40x40x2mm;https://www.aciersgrosjean.be/images/thumbs/0003594_a96813615c2c4ada93f185f2e4a1f382_625.jpeg | https://www.aciersgrosjean.be/images/thumbs/0003594_a96813615c2c4ada93f185f2e4a1f382.jpeg | https://www.aciersgrosjean.be/images/thumbs/0003595_a7916f5e912d41b48f1845ec84aaa32d.jpeg | https://www.aciersgrosjean.be/images/thumbs/0003596_a7ebfed5f16b4da79eeecc756272bdc9.jpeg;sitemap
568;Tube carré 40x40x3mm en acier;Acier;Tube;Tube carré acier;;Acier | Acier > Tube;9d8a20ad-e87f-5c2b-98ee-3a1974e9760e;;8,80;8,80 € TTC / PC;TTC / PC;InStock;Longueur : 1m / 2m / 3m / 4m / 5m / 6m;Poids : 3.38 Kg;4;1;TUBE CARRE ACIERS GROSJEAN 4.pdf;https://www.aciersgrosjean.be/tube-en-acier-profilé-carré-de-40x40x3mm;https://www.aciersgrosjean.be/images/thumbs/0003597_a96813615c2c4ada93f185f2e4a1f382_625.jpeg | https://www.aciersgrosjean.be/images/thumbs/0003597_a96813615c2c4ada93f185f2e4a1f382.jpeg | https://www.aciersgrosjean.be/images/thumbs/0003598_a7916f5e912d41b48f1845ec84aaa32d.jpeg | https://www.aciersgrosjean.be/images/thumbs/0003599_a7ebfed5f16b4da79eeecc756272bdc9.jpeg;sitemap
569;Tube carré 40x40x4mm en acier;Acier;Tube;Tube carré acier;;Acier | Acier > Tube;38b32419-583c-aae0-0aa9-3a1974e97681;;11,19;11,19 € TTC / PC;TTC / PC;InStock;Longueur : 1m / 2m / 3m / 4m / 5m / 6m;Poids : 4.3 Kg;4;1;TUBE CARRE ACIERS GROSJEAN 4.pdf;https://www.aciersgrosjean.be/tube-en-acier-profilé-carré-de-40x40x4mm;https://www.aciersgrosjean.be/images/thumbs/0003600_a96813615c2c4ada93f185f2e4a1f382_625.jpeg | https://www.aciersgrosjean.be/images/thumbs/0003600_a96813615c2c4ada93f185f2e4a1f382.jpeg | https://www.aciersgrosjean.be/images/thumbs/0003601_a7916f5e912d41b48f1845ec84aaa32d.jpeg | https://www.aciersgrosjean.be/images/thumbs/0003602_a7ebfed5f16b4da79eeecc756272bdc9.jpeg;sitemap
570;Tube carré 45x45x2mm en acier;Acier;Tube;Tube carré acier;;Acier | Acier > Tube;f7fe0113-ac4e-aeca-5957-3a1974e976f4;;7,18;7,18 € TTC / PC;TTC / PC;InStock;Longueur : 1m / 2m / 3m / 4m / 5m / 6m;Poids : 2.76 Kg;4;1;TUBE CARRE ACIERS GROSJEAN 4.pdf;https://www.aciersgrosjean.be/tube-en-acier-profilé-carré-de-45x45x2mm;https://www.aciersgrosjean.be/images/thumbs/0003603_a96813615c2c4ada93f185f2e4a1f382_625.jpeg | https://www.aciersgrosjean.be/images/thumbs/0003603_a96813615c2c4ada93f185f2e4a1f382.jpeg | https://www.aciersgrosjean.be/images/thumbs/0003604_a7916f5e912d41b48f1845ec84aaa32d.jpeg | https://www.aciersgrosjean.be/images/thumbs/0003605_a7ebfed5f16b4da79eeecc756272bdc9.jpeg;sitemap
571;Tube carré 45x45x3mm en acier;Acier;Tube;Tube carré acier;;Acier | Acier > Tube;66cf4ffc-4fca-8edf-5740-3a1974e97768;;10,33;10,33 € TTC / PC;TTC / PC;InStock;Longueur : 1m / 2m / 3m / 4m / 5m / 6m;Poids : 3.97 Kg;4;1;TUBE CARRE ACIERS GROSJEAN 4.pdf;https://www.aciersgrosjean.be/tube-en-acier-profilé-carré-de-45x45x3mm;https://www.aciersgrosjean.be/images/thumbs/0003606_a96813615c2c4ada93f185f2e4a1f382_625.jpeg | https://www.aciersgrosjean.be/images/thumbs/0003606_a96813615c2c4ada93f185f2e4a1f382.jpeg | https://www.aciersgrosjean.be/images/thumbs/0003607_a7916f5e912d41b48f1845ec84aaa32d.jpeg | https://www.aciersgrosjean.be/images/thumbs/0003608_a7ebfed5f16b4da79eeecc756272bdc9.jpeg;sitemap
572;Tube carré 50x50x2mm en acier;Acier;Tube;Tube carré acier;;Acier | Acier > Tube;3c4beff0-6778-57ca-d7c1-3a1974e977da;;7,80;7,80 € TTC / PC;TTC / PC;InStock;Longueur : 1m / 2m / 3m / 4m / 5m / 6m;Poids : 3 Kg;4;1;TUBE CARRE ACIERS GROSJEAN 4.pdf;https://www.aciersgrosjean.be/tube-en-acier-profilé-carré-de-50x50x2mm;https://www.aciersgrosjean.be/images/thumbs/0003609_a96813615c2c4ada93f185f2e4a1f382_625.jpeg | https://www.aciersgrosjean.be/images/thumbs/0003609_a96813615c2c4ada93f185f2e4a1f382.jpeg | https://www.aciersgrosjean.be/images/thumbs/0003610_a7916f5e912d41b48f1845ec84aaa32d.jpeg | https://www.aciersgrosjean.be/images/thumbs/0003611_a7ebfed5f16b4da79eeecc756272bdc9.jpeg;sitemap
573;Tube carré 50x50x3mm en acier;Acier;Tube;Tube carré acier;;Acier | Acier > Tube;9297ee82-2034-fe76-063e-3a1974e97858;;11,31;11,31 € TTC / PC;TTC / PC;InStock;Longueur : 1m / 2m / 3m / 4m / 5m / 6m;Poids : 4.35 Kg;4;1;TUBE CARRE ACIERS GROSJEAN 4.pdf;https://www.aciersgrosjean.be/tube-en-acier-profilé-carré-de-50x50x3mm;https://www.aciersgrosjean.be/images/thumbs/0003612_a96813615c2c4ada93f185f2e4a1f382_625.jpeg | https://www.aciersgrosjean.be/images/thumbs/0003612_a96813615c2c4ada93f185f2e4a1f382.jpeg | https://www.aciersgrosjean.be/images/thumbs/0003613_a7916f5e912d41b48f1845ec84aaa32d.jpeg | https://www.aciersgrosjean.be/images/thumbs/0003614_a7ebfed5f16b4da79eeecc756272bdc9.jpeg;sitemap
574;Tube carré 50x50x4mm en acier;Acier;Tube;Tube carré acier;;Acier | Acier > Tube;1cd3d29f-a01d-fbaa-27ef-3a1974e978e1;;14,52;14,52 € TTC / PC;TTC / PC;InStock;Longueur : 1m / 2m / 3m / 4m / 5m / 6m;Poids : 5.58 Kg;4;1;TUBE CARRE ACIERS GROSJEAN 4.pdf;https://www.aciersgrosjean.be/tube-en-acier-profilé-carré-de-50x50x4mm;https://www.aciersgrosjean.be/images/thumbs/0003615_a96813615c2c4ada93f185f2e4a1f382_625.jpeg | https://www.aciersgrosjean.be/images/thumbs/0003615_a96813615c2c4ada93f185f2e4a1f382.jpeg | https://www.aciersgrosjean.be/images/thumbs/0003616_a7916f5e912d41b48f1845ec84aaa32d.jpeg | https://www.aciersgrosjean.be/images/thumbs/0003617_a7ebfed5f16b4da79eeecc756272bdc9.jpeg;sitemap
575;Tube carré 50x50x5mm en acier;Acier;Tube;Tube carré acier;;Acier | Acier > Tube;b3da3833-b7cd-631d-1b99-3a1974e97959;;17,48;17,48 € TTC / PC;TTC / PC;InStock;Longueur : 1m / 2m / 3m / 4m / 5m / 6m;Poids : 6.72 Kg;4;1;TUBE CARRE ACIERS GROSJEAN 4.pdf;https://www.aciersgrosjean.be/tube-en-acier-profilé-carré-de-50x50x5mm;https://www.aciersgrosjean.be/images/thumbs/0003618_a96813615c2c4ada93f185f2e4a1f382_625.jpeg | https://www.aciersgrosjean.be/images/thumbs/0003618_a96813615c2c4ada93f185f2e4a1f382.jpeg | https://www.aciersgrosjean.be/images/thumbs/0003619_a7916f5e912d41b48f1845ec84aaa32d.jpeg | https://www.aciersgrosjean.be/images/thumbs/0003620_a7ebfed5f16b4da79eeecc756272bdc9.jpeg;sitemap
576;Tube carré 60x60x2mm en acier;Acier;Tube;Tube carré acier;;Acier | Acier > Tube;135dc00b-897e-7481-0b4e-3a1974e979d3;;9,50;9,50 € TTC / PC;TTC / PC;InStock;Longueur : 1m / 2m / 3m / 4m / 5m / 6m;Poids : 3.65 Kg;4;1;TUBE CARRE ACIERS GROSJEAN 4.pdf;https://www.aciersgrosjean.be/tube-en-acier-profilé-carré-de-60x60x2mm;https://www.aciersgrosjean.be/images/thumbs/0003621_a96813615c2c4ada93f185f2e4a1f382_625.jpeg | https://www.aciersgrosjean.be/images/thumbs/0003621_a96813615c2c4ada93f185f2e4a1f382.jpeg | https://www.aciersgrosjean.be/images/thumbs/0003622_a7916f5e912d41b48f1845ec84aaa32d.jpeg | https://www.aciersgrosjean.be/images/thumbs/0003623_a7ebfed5f16b4da79eeecc756272bdc9.jpeg;sitemap
577;Tube carré 60x60x3mm en acier;Acier;Tube;Tube carré acier;;Acier | Acier > Tube;06a73b35-806a-252c-de7a-3a1974e97a5b;;13,84;13,84 € TTC / PC;TTC / PC;InStock;Longueur : 1m / 2m / 3m / 4m / 5m / 6m;Poids : 5.32 Kg;4;1;TUBE CARRE ACIERS GROSJEAN 4.pdf;https://www.aciersgrosjean.be/tube-en-acier-profilé-carré-de-60x60x3mm;https://www.aciersgrosjean.be/images/thumbs/0003624_a96813615c2c4ada93f185f2e4a1f382_625.jpeg | https://www.aciersgrosjean.be/images/thumbs/0003624_a96813615c2c4ada93f185f2e4a1f382.jpeg | https://www.aciersgrosjean.be/images/thumbs/0003625_a7916f5e912d41b48f1845ec84aaa32d.jpeg | https://www.aciersgrosjean.be/images/thumbs/0003626_a7ebfed5f16b4da79eeecc756272bdc9.jpeg;sitemap
578;Tube carré 60x60x4mm en acier;Acier;Tube;Tube carré acier;;Acier | Acier > Tube;3a656cb1-dbd9-180b-35a3-3a1974e97afc;;17,87;17,87 € TTC / PC;TTC / PC;InStock;Longueur : 1m / 2m / 3m / 4m / 5m / 6m;Poids : 6.87 Kg;4;1;TUBE CARRE ACIERS GROSJEAN 4.pdf;https://www.aciersgrosjean.be/tube-en-acier-profilé-carré-de-60x60x4mm;https://www.aciersgrosjean.be/images/thumbs/0003627_a96813615c2c4ada93f185f2e4a1f382_625.jpeg | https://www.aciersgrosjean.be/images/thumbs/0003627_a96813615c2c4ada93f185f2e4a1f382.jpeg | https://www.aciersgrosjean.be/images/thumbs/0003628_a7916f5e912d41b48f1845ec84aaa32d.jpeg | https://www.aciersgrosjean.be/images/thumbs/0003629_a7ebfed5f16b4da79eeecc756272bdc9.jpeg;sitemap
579;Tube carré 60x60x5mm en acier;Acier;Tube;Tube carré acier;;Acier | Acier > Tube;09999027-1b26-1c0c-c4c6-3a1974e97b74;;21,67;21,67 € TTC / PC;TTC / PC;InStock;Longueur : 1m / 2m / 3m / 4m / 5m / 6m;Poids : 8.33 Kg;4;1;TUBE CARRE ACIERS GROSJEAN 4.pdf;https://www.aciersgrosjean.be/tube-en-acier-profilé-carré-de-60x60x5mm;https://www.aciersgrosjean.be/images/thumbs/0003630_a96813615c2c4ada93f185f2e4a1f382_625.jpeg | https://www.aciersgrosjean.be/images/thumbs/0003630_a96813615c2c4ada93f185f2e4a1f382.jpeg | https://www.aciersgrosjean.be/images/thumbs/0003631_a7916f5e912d41b48f1845ec84aaa32d.jpeg | https://www.aciersgrosjean.be/images/thumbs/0003632_a7ebfed5f16b4da79eeecc756272bdc9.jpeg;sitemap
581;Tube carré 70x70x3mm en acier;Acier;Tube;Tube carré acier;;Acier | Acier > Tube;82ecb82e-926b-9fca-84cd-3a1974e97c64;;16,34;16,34 € TTC / PC;TTC / PC;InStock;Longueur : 1m / 2m / 3m / 4m / 5m / 6m;Poids : 6.28 Kg;4;1;TUBE CARRE ACIERS GROSJEAN 4.pdf;https://www.aciersgrosjean.be/tube-en-acier-profilé-carré-de-70x70x3mm;https://www.aciersgrosjean.be/images/thumbs/0003636_a96813615c2c4ada93f185f2e4a1f382_625.jpeg | https://www.aciersgrosjean.be/images/thumbs/0003636_a96813615c2c4ada93f185f2e4a1f382.jpeg | https://www.aciersgrosjean.be/images/thumbs/0003637_a7916f5e912d41b48f1845ec84aaa32d.jpeg | https://www.aciersgrosjean.be/images/thumbs/0003638_a7ebfed5f16b4da79eeecc756272bdc9.jpeg;sitemap
582;Tube carré 70x70x4mm en acier;Acier;Tube;Tube carré acier;;Acier | Acier > Tube;e5cdc652-53ae-0c03-a0b7-3a1974e97cdd;;21,22;21,22 € TTC / PC;TTC / PC;InStock;Longueur : 1m / 2m / 3m / 4m / 5m / 6m;Poids : 8.16 Kg;4;1;TUBE CARRE ACIERS GROSJEAN 4.pdf;https://www.aciersgrosjean.be/tube-en-acier-profilé-carré-de-70x70x4mm;https://www.aciersgrosjean.be/images/thumbs/0003639_a96813615c2c4ada93f185f2e4a1f382_625.jpeg | https://www.aciersgrosjean.be/images/thumbs/0003639_a96813615c2c4ada93f185f2e4a1f382.jpeg | https://www.aciersgrosjean.be/images/thumbs/0003640_a7916f5e912d41b48f1845ec84aaa32d.jpeg | https://www.aciersgrosjean.be/images/thumbs/0003641_a7ebfed5f16b4da79eeecc756272bdc9.jpeg;sitemap
583;Tube carré 70x70x5mm en acier;Acier;Tube;Tube carré acier;;Acier | Acier > Tube;d31a19f8-f45c-c27c-e03c-3a1974e97d54;;25,83;25,83 € TTC / PC;TTC / PC;InStock;Longueur : 1m / 2m / 3m / 4m / 5m / 6m;Poids : 9.93 Kg;4;1;TUBE CARRE ACIERS GROSJEAN 4.pdf;https://www.aciersgrosjean.be/tube-en-acier-profilé-carré-de-70x70x5mm;https://www.aciersgrosjean.be/images/thumbs/0003642_a96813615c2c4ada93f185f2e4a1f382_625.jpeg | https://www.aciersgrosjean.be/images/thumbs/0003642_a96813615c2c4ada93f185f2e4a1f382.jpeg | https://www.aciersgrosjean.be/images/thumbs/0003643_a7916f5e912d41b48f1845ec84aaa32d.jpeg | https://www.aciersgrosjean.be/images/thumbs/0003644_a7ebfed5f16b4da79eeecc756272bdc9.jpeg;sitemap
586;Tube carré 80x80x3mm en acier;Acier;Tube;Tube carré acier;;Acier | Acier > Tube;34a9e35a-b83e-70c4-4449-3a1974e97edf;;18,84;18,84 € TTC / PC;TTC / PC;InStock;Longueur : 1m / 2m / 3m / 4m / 5m / 6m;Poids : 7.24 Kg;4;1;TUBE CARRE ACIERS GROSJEAN 4.pdf;https://www.aciersgrosjean.be/tube-en-acier-profilé-carré-de-80x80x3mm;https://www.aciersgrosjean.be/images/thumbs/0003651_a96813615c2c4ada93f185f2e4a1f382_625.jpeg | https://www.aciersgrosjean.be/images/thumbs/0003651_a96813615c2c4ada93f185f2e4a1f382.jpeg | https://www.aciersgrosjean.be/images/thumbs/0003652_a7916f5e912d41b48f1845ec84aaa32d.jpeg | https://www.aciersgrosjean.be/images/thumbs/0003653_a7ebfed5f16b4da79eeecc756272bdc9.jpeg;sitemap
587;Tube carré 80x80x4mm en acier;Acier;Tube;Tube carré acier;;Acier | Acier > Tube;1513cdb6-bb85-c389-c40e-3a1974e97f56;;24,56;24,56 € TTC / PC;TTC / PC;InStock;Longueur : 1m / 2m / 3m / 4m / 5m / 6m;Poids : 9.44 Kg;4;1;TUBE CARRE ACIERS GROSJEAN 4.pdf;https://www.aciersgrosjean.be/tube-en-acier-profilé-carré-de-80x80x4mm;https://www.aciersgrosjean.be/images/thumbs/0003654_a96813615c2c4ada93f185f2e4a1f382_625.jpeg | https://www.aciersgrosjean.be/images/thumbs/0003654_a96813615c2c4ada93f185f2e4a1f382.jpeg | https://www.aciersgrosjean.be/images/thumbs/0003655_a7916f5e912d41b48f1845ec84aaa32d.jpeg | https://www.aciersgrosjean.be/images/thumbs/0003656_a7ebfed5f16b4da79eeecc756272bdc9.jpeg;sitemap
588;Tube carré 80x80x5mm en acier;Acier;Tube;Tube carré acier;;Acier | Acier > Tube;75c90bd5-e80f-fb0a-e58a-3a1974e97fd0;;30,10;30,10 € TTC / PC;TTC / PC;InStock;Longueur : 1m / 2m / 3m / 4m / 5m / 6m;Poids : 11.57 Kg;4;1;TUBE CARRE ACIERS GROSJEAN 4.pdf;https://www.aciersgrosjean.be/tube-en-acier-profilé-carré-de-80x80x5mm;https://www.aciersgrosjean.be/images/thumbs/0003657_a96813615c2c4ada93f185f2e4a1f382_625.jpeg | https://www.aciersgrosjean.be/images/thumbs/0003657_a96813615c2c4ada93f185f2e4a1f382.jpeg | https://www.aciersgrosjean.be/images/thumbs/0003658_a7916f5e912d41b48f1845ec84aaa32d.jpeg | https://www.aciersgrosjean.be/images/thumbs/0003659_a7ebfed5f16b4da79eeecc756272bdc9.jpeg;sitemap
591;Tube carré 90x90x3mm en acier;Acier;Tube;Tube carré acier;;Acier | Acier > Tube;d63916a8-97e3-7f33-6a48-3a1974e9813c;;21,33;21,33 € TTC / PC;TTC / PC;InStock;Longueur : 1m / 2m / 3m / 4m / 5m / 6m;Poids : 8.2 Kg;4;1;TUBE CARRE ACIERS GROSJEAN 4.pdf;https://www.aciersgrosjean.be/tube-en-acier-profilé-carré-de-90x90x3mm;https://www.aciersgrosjean.be/images/thumbs/0003666_a96813615c2c4ada93f185f2e4a1f382_625.jpeg | https://www.aciersgrosjean.be/images/thumbs/0003666_a96813615c2c4ada93f185f2e4a1f382.jpeg | https://www.aciersgrosjean.be/images/thumbs/0003667_a7916f5e912d41b48f1845ec84aaa32d.jpeg | https://www.aciersgrosjean.be/images/thumbs/0003668_a7ebfed5f16b4da79eeecc756272bdc9.jpeg;sitemap
663;Tube rectangle 100x50x3mm en acier;Acier;Tube;Tube rectangle acier;;Acier | Acier > Tube;5cd2cd5c-580f-5dac-d07a-3a1978ad001c;;18,34;18,34 € TTC / PC;TTC / PC;InStock;Longueur : 1m / 2m / 3m / 4m / 5m / 6m;Poids : 7.05 Kg;4;1;TUBE RECTANGLE ACIERS GROSJEAN 4 - INFOSTEEL - GRYMAFER - VM2013 - TUBES CARRES ET RECTANGLES - CHARGES UTILES.pdf;https://www.aciersgrosjean.be/tube-en-acier-profilé-rectangle-de-100x50x3mm;https://www.aciersgrosjean.be/images/thumbs/0003224_1bb59926d63e40869479a768827af763_625.jpeg | https://www.aciersgrosjean.be/images/thumbs/0003224_1bb59926d63e40869479a768827af763.jpeg | https://www.aciersgrosjean.be/images/thumbs/0003225_68eeabcee47a4ce78d38c8988bdd3344.jpeg | https://www.aciersgrosjean.be/images/thumbs/0003262_7cb09336ff45488a9196b513349259b3.jpeg;sitemap
664;Tube rectangle 100x50x4mm en acier;Acier;Tube;Tube rectangle acier;;Acier | Acier > Tube;dfb4cdd9-7ae2-a3ac-8215-3a1978ad00a5;;23,39;23,39 € TTC / PC;TTC / PC;InStock;Longueur : 1m / 2m / 3m / 4m / 5m / 6m;Poids : 8.99 Kg;4;1;TUBE RECTANGLE ACIERS GROSJEAN 4 - INFOSTEEL - GRYMAFER - VM2013 - TUBES CARRES ET RECTANGLES - CHARGES UTILES.pdf;https://www.aciersgrosjean.be/tube-en-acier-profilé-rectangle-de-100x50x4mm;https://www.aciersgrosjean.be/images/thumbs/0003226_1bb59926d63e40869479a768827af763_625.jpeg | https://www.aciersgrosjean.be/images/thumbs/0003226_1bb59926d63e40869479a768827af763.jpeg | https://www.aciersgrosjean.be/images/thumbs/0003227_68eeabcee47a4ce78d38c8988bdd3344.jpeg | https://www.aciersgrosjean.be/images/thumbs/0003263_7cb09336ff45488a9196b513349259b3.jpeg;sitemap
670;Tube rectangle 120x60x3mm en acier;Acier;Tube;Tube rectangle acier;;Acier | Acier > Tube;0ecf0686-f645-ec4f-07ec-3a1978ad03b1;;22,17;22,17 € TTC / PC;TTC / PC;InStock;Longueur : 1m / 2m / 3m / 4m / 5m / 6m;Poids : 8.52 Kg;4;1;TUBE RECTANGLE ACIERS GROSJEAN 4 - INFOSTEEL - GRYMAFER - VM2013 - TUBES CARRES ET RECTANGLES - CHARGES UTILES.pdf;https://www.aciersgrosjean.be/tube-en-acier-profilé-rectangle-de-120x60x3mm;https://www.aciersgrosjean.be/images/thumbs/0003238_1bb59926d63e40869479a768827af763_625.jpeg | https://www.aciersgrosjean.be/images/thumbs/0003238_1bb59926d63e40869479a768827af763.jpeg | https://www.aciersgrosjean.be/images/thumbs/0003239_68eeabcee47a4ce78d38c8988bdd3344.jpeg | https://www.aciersgrosjean.be/images/thumbs/0003269_7cb09336ff45488a9196b513349259b3.jpeg;sitemap
671;Tube rectangle 120x60x4mm en acier;Acier;Tube;Tube rectangle acier;;Acier | Acier > Tube;55160928-4abe-f61d-4c0b-3a1978ad0433;;28,51;28,51 € TTC / PC;TTC / PC;InStock;Longueur : 1m / 2m / 3m / 4m / 5m / 6m;Poids : 10.96 Kg;4;1;TUBE RECTANGLE ACIERS GROSJEAN 4 - INFOSTEEL - GRYMAFER - VM2013 - TUBES CARRES ET RECTANGLES - CHARGES UTILES.pdf;https://www.aciersgrosjean.be/tube-en-acier-profilé-rectangle-de-120x60x4mm;https://www.aciersgrosjean.be/images/thumbs/0003240_1bb59926d63e40869479a768827af763_625.jpeg | https://www.aciersgrosjean.be/images/thumbs/0003240_1bb59926d63e40869479a768827af763.jpeg | https://www.aciersgrosjean.be/images/thumbs/0003241_68eeabcee47a4ce78d38c8988bdd3344.jpeg | https://www.aciersgrosjean.be/images/thumbs/0003270_7cb09336ff45488a9196b513349259b3.jpeg;sitemap
689;Tube rectangle 200x100x5mm en acier;Acier;Tube;Tube rectangle acier;;Acier | Acier > Tube;ed1bb71d-8911-18a9-5cbb-3a1978ad0da4;;61,01;61,01 € TTC / PC;TTC / PC;InStock;Longueur : 1m / 2m / 3m / 4m / 5m / 6m;Poids : 23.45 Kg;4;1;TUBE RECTANGLE ACIERS GROSJEAN 4 - INFOSTEEL - GRYMAFER - VM2013 - TUBES CARRES ET RECTANGLES - CHARGES UTILES.pdf;https://www.aciersgrosjean.be/tube-en-acier-profilé-rectangle-de-200x100x5mm;https://www.aciersgrosjean.be/images/thumbs/0003302_1bb59926d63e40869479a768827af763_625.jpeg | https://www.aciersgrosjean.be/images/thumbs/0003302_1bb59926d63e40869479a768827af763.jpeg | https://www.aciersgrosjean.be/images/thumbs/0003303_68eeabcee47a4ce78d38c8988bdd3344.jpeg | https://www.aciersgrosjean.be/images/thumbs/0003304_7cb09336ff45488a9196b513349259b3.jpeg;sitemap
631;Tube rectangle 30x15x2mm en acier;Acier;Tube;Tube rectangle acier;;Acier | Acier > Tube;4e5dc779-6c1c-591c-f02a-3a1978acee8d;;3,41;3,41 € TTC / PC;TTC / PC;InStock;Longueur : 1m / 2m / 3m / 4m / 5m / 6m;Poids : 1.31 Kg;4;1;TUBE RECTANGLE ACIERS GROSJEAN 4 - INFOSTEEL - GRYMAFER - VM2013 - TUBES CARRES ET RECTANGLES - CHARGES UTILES.pdf;https://www.aciersgrosjean.be/tube-en-acier-profilé-rectangle-de-30x15x2mm;https://www.aciersgrosjean.be/images/thumbs/0003350_1bb59926d63e40869479a768827af763_625.jpeg | https://www.aciersgrosjean.be/images/thumbs/0003350_1bb59926d63e40869479a768827af763.jpeg | https://www.aciersgrosjean.be/images/thumbs/0003351_68eeabcee47a4ce78d38c8988bdd3344.jpeg | https://www.aciersgrosjean.be/images/thumbs/0003352_7cb09336ff45488a9196b513349259b3.jpeg;sitemap
633;Tube rectangle 30x20x2mm en acier;Acier;Tube;Tube rectangle acier;;Acier | Acier > Tube;8aa2ef4b-10f9-4e04-dba5-3a1978acf002;;3,82;3,82 € TTC / PC;TTC / PC;InStock;Longueur : 1m / 2m / 3m / 4m / 5m / 6m;Poids : 1.47 Kg;4;1;TUBE RECTANGLE ACIERS GROSJEAN 4 - INFOSTEEL - GRYMAFER - VM2013 - TUBES CARRES ET RECTANGLES - CHARGES UTILES.pdf;https://www.aciersgrosjean.be/tube-en-acier-profilé-rectangle-de-30x20x2mm;https://www.aciersgrosjean.be/images/thumbs/0003356_1bb59926d63e40869479a768827af763_625.jpeg | https://www.aciersgrosjean.be/images/thumbs/0003356_1bb59926d63e40869479a768827af763.jpeg | https://www.aciersgrosjean.be/images/thumbs/0003357_68eeabcee47a4ce78d38c8988bdd3344.jpeg | https://www.aciersgrosjean.be/images/thumbs/0003358_7cb09336ff45488a9196b513349259b3.jpeg;sitemap
637;Tube rectangle 40x20x2mm en acier;Acier;Tube;Tube rectangle acier;;Acier | Acier > Tube;0e2edae6-7247-a603-c5fb-3a1978acf1fb;;4,66;4,66 € TTC / PC;TTC / PC;InStock;Longueur : 1m / 2m / 3m / 4m / 5m / 6m;Poids : 1.79 Kg;4;1;TUBE RECTANGLE ACIERS GROSJEAN 4 - INFOSTEEL - GRYMAFER - VM2013 - TUBES CARRES ET RECTANGLES - CHARGES UTILES.pdf;https://www.aciersgrosjean.be/tube-en-acier-profilé-rectangle-de-40x20x2mm;https://www.aciersgrosjean.be/images/thumbs/0003371_1bb59926d63e40869479a768827af763_625.jpeg | https://www.aciersgrosjean.be/images/thumbs/0003371_1bb59926d63e40869479a768827af763.jpeg | https://www.aciersgrosjean.be/images/thumbs/0003372_68eeabcee47a4ce78d38c8988bdd3344.jpeg | https://www.aciersgrosjean.be/images/thumbs/0003373_7cb09336ff45488a9196b513349259b3.jpeg;sitemap
638;Tube rectangle 40x20x3mm en acier;Acier;Tube;Tube rectangle acier;;Acier | Acier > Tube;9e117fbf-9031-7964-7f25-3a1978acf27c;;6,74;6,74 € TTC / PC;TTC / PC;InStock;Longueur : 1m / 2m / 3m / 4m / 5m / 6m;Poids : 2.59 Kg;4;1;TUBE RECTANGLE ACIERS GROSJEAN 4 - INFOSTEEL - GRYMAFER - VM2013 - TUBES CARRES ET RECTANGLES - CHARGES UTILES.pdf;https://www.aciersgrosjean.be/tube-en-acier-profilé-rectangle-de-40x20x3mm;https://www.aciersgrosjean.be/images/thumbs/0003374_1bb59926d63e40869479a768827af763_625.jpeg | https://www.aciersgrosjean.be/images/thumbs/0003374_1bb59926d63e40869479a768827af763.jpeg | https://www.aciersgrosjean.be/images/thumbs/0003375_68eeabcee47a4ce78d38c8988bdd3344.jpeg | https://www.aciersgrosjean.be/images/thumbs/0003376_7cb09336ff45488a9196b513349259b3.jpeg;sitemap
640;Tube rectangle 40x30x2mm en acier;Acier;Tube;Tube rectangle acier;;Acier | Acier > Tube;1c838e7c-8dd4-9ad4-474b-3a1978acf386;;5,52;5,52 € TTC / PC;TTC / PC;InStock;Longueur : 1m / 2m / 3m / 4m / 5m / 6m;Poids : 2.12 Kg;4;1;TUBE RECTANGLE ACIERS GROSJEAN 4 - INFOSTEEL - GRYMAFER - VM2013 - TUBES CARRES ET RECTANGLES - CHARGES UTILES.pdf;https://www.aciersgrosjean.be/tube-en-acier-profilé-rectangle-de-40x30x2mm;https://www.aciersgrosjean.be/images/thumbs/0003380_1bb59926d63e40869479a768827af763_625.jpeg | https://www.aciersgrosjean.be/images/thumbs/0003380_1bb59926d63e40869479a768827af763.jpeg | https://www.aciersgrosjean.be/images/thumbs/0003381_68eeabcee47a4ce78d38c8988bdd3344.jpeg | https://www.aciersgrosjean.be/images/thumbs/0003382_7cb09336ff45488a9196b513349259b3.jpeg;sitemap
641;Tube rectangle 50x20x2mm en acier;Acier;Tube;Tube rectangle acier;;Acier | Acier > Tube;8f196775-57ad-c450-f12e-3a1978acf401;;5,52;5,52 € TTC / PC;TTC / PC;InStock;Longueur : 1m / 2m / 3m / 4m / 5m / 6m;Poids : 2.12 Kg;4;1;TUBE RECTANGLE ACIERS GROSJEAN 4 - INFOSTEEL - GRYMAFER - VM2013 - TUBES CARRES ET RECTANGLES - CHARGES UTILES.pdf;https://www.aciersgrosjean.be/tube-en-acier-profilé-rectangle-de-50x20x2mm;https://www.aciersgrosjean.be/images/thumbs/0003383_1bb59926d63e40869479a768827af763_625.jpeg | https://www.aciersgrosjean.be/images/thumbs/0003383_1bb59926d63e40869479a768827af763.jpeg | https://www.aciersgrosjean.be/images/thumbs/0003384_68eeabcee47a4ce78d38c8988bdd3344.jpeg | https://www.aciersgrosjean.be/images/thumbs/0003385_7cb09336ff45488a9196b513349259b3.jpeg;sitemap
642;Tube rectangle 50x25x2mm en acier;Acier;Tube;Tube rectangle acier;;Acier | Acier > Tube;c5af7ce3-9b0f-5141-3c10-3a1978acf47a;;5,99;5,99 € TTC / PC;TTC / PC;InStock;Longueur : 1m / 2m / 3m / 4m / 5m / 6m;Poids : 2.3 Kg;4;1;TUBE RECTANGLE ACIERS GROSJEAN 4 - INFOSTEEL - GRYMAFER - VM2013 - TUBES CARRES ET RECTANGLES - CHARGES UTILES.pdf;https://www.aciersgrosjean.be/tube-en-acier-profilé-rectangle-de-50x25x2mm;https://www.aciersgrosjean.be/images/thumbs/0003386_1bb59926d63e40869479a768827af763_625.jpeg | https://www.aciersgrosjean.be/images/thumbs/0003386_1bb59926d63e40869479a768827af763.jpeg | https://www.aciersgrosjean.be/images/thumbs/0003387_68eeabcee47a4ce78d38c8988bdd3344.jpeg | https://www.aciersgrosjean.be/images/thumbs/0003388_7cb09336ff45488a9196b513349259b3.jpeg;sitemap
644;Tube rectangle 50x30x2mm en acier;Acier;Tube;Tube rectangle acier;;Acier | Acier > Tube;0fbdd5d6-6306-153b-7391-3a1978acf577;;6,35;6,35 € TTC / PC;TTC / PC;InStock;Longueur : 1m / 2m / 3m / 4m / 5m / 6m;Poids : 2.44 Kg;4;1;TUBE RECTANGLE ACIERS GROSJEAN 4 - INFOSTEEL - GRYMAFER - VM2013 - TUBES CARRES ET RECTANGLES - CHARGES UTILES.pdf;https://www.aciersgrosjean.be/tube-en-acier-profilé-rectangle-de-50x30x2mm;https://www.aciersgrosjean.be/images/thumbs/0003392_1bb59926d63e40869479a768827af763_625.jpeg | https://www.aciersgrosjean.be/images/thumbs/0003392_1bb59926d63e40869479a768827af763.jpeg | https://www.aciersgrosjean.be/images/thumbs/0003393_68eeabcee47a4ce78d38c8988bdd3344.jpeg | https://www.aciersgrosjean.be/images/thumbs/0003394_7cb09336ff45488a9196b513349259b3.jpeg;sitemap
645;Tube rectangle 50x30x3mm en acier;Acier;Tube;Tube rectangle acier;;Acier | Acier > Tube;cdb12200-025b-e572-78cf-3a1978acf60d;;9,39;9,39 € TTC / PC;TTC / PC;InStock;Longueur : 1m / 2m / 3m / 4m / 5m / 6m;Poids : 3.61 Kg;4;1;TUBE RECTANGLE ACIERS GROSJEAN 4 - INFOSTEEL - GRYMAFER - VM2013 - TUBES CARRES ET RECTANGLES - CHARGES UTILES.pdf;https://www.aciersgrosjean.be/tube-en-acier-profilé-rectangle-de-50x30x3mm;https://www.aciersgrosjean.be/images/thumbs/0003395_1bb59926d63e40869479a768827af763_625.jpeg | https://www.aciersgrosjean.be/images/thumbs/0003395_1bb59926d63e40869479a768827af763.jpeg | https://www.aciersgrosjean.be/images/thumbs/0003396_68eeabcee47a4ce78d38c8988bdd3344.jpeg | https://www.aciersgrosjean.be/images/thumbs/0003397_7cb09336ff45488a9196b513349259b3.jpeg;sitemap
649;Tube rectangle 60x30x2mm en acier;Acier;Tube;Tube rectangle acier;;Acier | Acier > Tube;1c571044-075c-4e35-3c34-3a1978acf866;;7,18;7,18 € TTC / PC;TTC / PC;InStock;Longueur : 1m / 2m / 3m / 4m / 5m / 6m;Poids : 2.76 Kg;4;1;TUBE RECTANGLE ACIERS GROSJEAN 4 - INFOSTEEL - GRYMAFER - VM2013 - TUBES CARRES ET RECTANGLES - CHARGES UTILES.pdf;https://www.aciersgrosjean.be/tube-en-acier-profilé-rectangle-de-60x30x2mm;https://www.aciersgrosjean.be/images/thumbs/0003407_1bb59926d63e40869479a768827af763_625.jpeg | https://www.aciersgrosjean.be/images/thumbs/0003407_1bb59926d63e40869479a768827af763.jpeg | https://www.aciersgrosjean.be/images/thumbs/0003408_68eeabcee47a4ce78d38c8988bdd3344.jpeg | https://www.aciersgrosjean.be/images/thumbs/0003409_7cb09336ff45488a9196b513349259b3.jpeg;sitemap
650;Tube rectangle 60x30x3mm en acier;Acier;Tube;Tube rectangle acier;;Acier | Acier > Tube;d9032b86-1ecd-6bcc-99fb-3a1978acf8f8;;10,48;10,48 € TTC / PC;TTC / PC;InStock;Longueur : 1m / 2m / 3m / 4m / 5m / 6m;Poids : 4.03 Kg;4;1;TUBE RECTANGLE ACIERS GROSJEAN 4 - INFOSTEEL - GRYMAFER - VM2013 - TUBES CARRES ET RECTANGLES - CHARGES UTILES.pdf;https://www.aciersgrosjean.be/tube-en-acier-profilé-rectangle-de-60x30x3mm;https://www.aciersgrosjean.be/images/thumbs/0003410_1bb59926d63e40869479a768827af763_625.jpeg | https://www.aciersgrosjean.be/images/thumbs/0003410_1bb59926d63e40869479a768827af763.jpeg | https://www.aciersgrosjean.be/images/thumbs/0003411_68eeabcee47a4ce78d38c8988bdd3344.jpeg | https://www.aciersgrosjean.be/images/thumbs/0003412_7cb09336ff45488a9196b513349259b3.jpeg;sitemap
651;Tube rectangle 60x40x2mm en acier;Acier;Tube;Tube rectangle acier;;Acier | Acier > Tube;6b5220bb-8587-4834-b997-3a1978acf9b1;;8,01;8,01 € TTC / PC;TTC / PC;InStock;Longueur : 1m / 2m / 3m / 4m / 5m / 6m;Poids : 3.08 Kg;4;1;TUBE RECTANGLE ACIERS GROSJEAN 4 - INFOSTEEL - GRYMAFER - VM2013 - TUBES CARRES ET RECTANGLES - CHARGES UTILES.pdf;https://www.aciersgrosjean.be/tube-en-acier-profilé-rectangle-de-60x40x2mm;https://www.aciersgrosjean.be/images/thumbs/0003413_1bb59926d63e40869479a768827af763_625.jpeg | https://www.aciersgrosjean.be/images/thumbs/0003413_1bb59926d63e40869479a768827af763.jpeg | https://www.aciersgrosjean.be/images/thumbs/0003414_68eeabcee47a4ce78d38c8988bdd3344.jpeg | https://www.aciersgrosjean.be/images/thumbs/0003415_7cb09336ff45488a9196b513349259b3.jpeg;sitemap
652;Tube rectangle 60x40x3mm en acier;Acier;Tube;Tube rectangle acier;;Acier | Acier > Tube;6ddde2da-599f-3d2f-179f-3a1978acfa54;;11,94;11,94 € TTC / PC;TTC / PC;InStock;Longueur : 1m / 2m / 3m / 4m / 5m / 6m;Poids : 4.59 Kg;4;1;TUBE RECTANGLE ACIERS GROSJEAN 4 - INFOSTEEL - GRYMAFER - VM2013 - TUBES CARRES ET RECTANGLES - CHARGES UTILES.pdf;https://www.aciersgrosjean.be/tube-en-acier-profilé-rectangle-de-60x40x3mm;https://www.aciersgrosjean.be/images/thumbs/0003416_1bb59926d63e40869479a768827af763_625.jpeg | https://www.aciersgrosjean.be/images/thumbs/0003416_1bb59926d63e40869479a768827af763.jpeg | https://www.aciersgrosjean.be/images/thumbs/0003417_68eeabcee47a4ce78d38c8988bdd3344.jpeg | https://www.aciersgrosjean.be/images/thumbs/0003418_7cb09336ff45488a9196b513349259b3.jpeg;sitemap
656;Tube rectangle 80x40x2mm en acier;Acier;Tube;Tube rectangle acier;;Acier | Acier > Tube;7358d6bb-636a-6452-8b5a-3a1978acfc80;;9,70;9,70 € TTC / PC;TTC / PC;InStock;Longueur : 1m / 2m / 3m / 4m / 5m / 6m;Poids : 3.73 Kg;4;1;TUBE RECTANGLE ACIERS GROSJEAN 4 - INFOSTEEL - GRYMAFER - VM2013 - TUBES CARRES ET RECTANGLES - CHARGES UTILES.pdf;https://www.aciersgrosjean.be/tube-en-acier-profilé-rectangle-de-80x40x2mm;https://www.aciersgrosjean.be/images/thumbs/0003428_1bb59926d63e40869479a768827af763_625.jpeg | https://www.aciersgrosjean.be/images/thumbs/0003428_1bb59926d63e40869479a768827af763.jpeg | https://www.aciersgrosjean.be/images/thumbs/0003429_68eeabcee47a4ce78d38c8988bdd3344.jpeg | https://www.aciersgrosjean.be/images/thumbs/0003430_7cb09336ff45488a9196b513349259b3.jpeg;sitemap
657;Tube rectangle 80x40x3mm en acier;Acier;Tube;Tube rectangle acier;;Acier | Acier > Tube;0b2c4cd3-3690-8557-3a1d-3a1978acfcfe;;14,50;14,50 € TTC / PC;TTC / PC;InStock;Longueur : 1m / 2m / 3m / 4m / 5m / 6m;Poids : 5.57 Kg;4;1;TUBE RECTANGLE ACIERS GROSJEAN 4 - INFOSTEEL - GRYMAFER - VM2013 - TUBES CARRES ET RECTANGLES - CHARGES UTILES.pdf;https://www.aciersgrosjean.be/tube-en-acier-profilé-rectangle-de-80x40x3mm;https://www.aciersgrosjean.be/images/thumbs/0003431_1bb59926d63e40869479a768827af763_625.jpeg | https://www.aciersgrosjean.be/images/thumbs/0003431_1bb59926d63e40869479a768827af763.jpeg | https://www.aciersgrosjean.be/images/thumbs/0003432_68eeabcee47a4ce78d38c8988bdd3344.jpeg | https://www.aciersgrosjean.be/images/thumbs/0003433_7cb09336ff45488a9196b513349259b3.jpeg;sitemap
658;Tube rectangle 80x40x4mm en acier;Acier;Tube;Tube rectangle acier;;Acier | Acier > Tube;99cbbaf6-584a-a9fe-ae4a-3a1978acfd7c;;18,39;18,39 € TTC / PC;TTC / PC;InStock;Longueur : 1m / 2m / 3m / 4m / 5m / 6m;Poids : 7.07 Kg;4;1;TUBE RECTANGLE ACIERS GROSJEAN 4 - INFOSTEEL - GRYMAFER - VM2013 - TUBES CARRES ET RECTANGLES - CHARGES UTILES.pdf;https://www.aciersgrosjean.be/tube-en-acier-profilé-rectangle-de-80x40x4mm;https://www.aciersgrosjean.be/images/thumbs/0003434_1bb59926d63e40869479a768827af763_625.jpeg | https://www.aciersgrosjean.be/images/thumbs/0003434_1bb59926d63e40869479a768827af763.jpeg | https://www.aciersgrosjean.be/images/thumbs/0003435_68eeabcee47a4ce78d38c8988bdd3344.jpeg | https://www.aciersgrosjean.be/images/thumbs/0003436_7cb09336ff45488a9196b513349259b3.jpeg;sitemap
712;Tube rond 101,6x3,65mm en acier brut série légère;Acier;Tube;Tube rond acier;;Acier | Acier > Tube;28e92a15-ee46-7be7-63ca-3a197960edf6;;24,10;24,10 € TTC / PC;TTC / PC;InStock;Longueur : 1m / 2m / 3m / 4m / 5m / 6m;Poids : 8.7 Kg;4;1;TUBE ROND ACIERS GROSJEAN 4(1).pdf;https://www.aciersgrosjean.be/tube-en-acier-rond-brut-série-légère-de-diamètre-1016x365mm;https://www.aciersgrosjean.be/images/thumbs/0003682_93bc025889194a1587ec2c3f596fb5df_625.jpeg | https://www.aciersgrosjean.be/images/thumbs/0003682_93bc025889194a1587ec2c3f596fb5df.jpeg | https://www.aciersgrosjean.be/images/thumbs/0003683_24bc39bf53c84642b960d12b8d0548b4.jpeg | https://www.aciersgrosjean.be/images/thumbs/0003684_c04852ce9aec40249d1269bd849b1aa6.jpeg;sitemap
713;Tube rond 114,3x3,65mm en acier brut série légère;Acier;Tube;Tube rond acier;;Acier | Acier > Tube;de46c490-184f-d3dd-78a1-3a197960eeb8;;27,43;27,43 € TTC / PC;TTC / PC;InStock;Longueur : 1m / 2m / 3m / 4m / 5m / 6m;Poids : 9.9 Kg;4;1;TUBE ROND ACIERS GROSJEAN 4.pdf;https://www.aciersgrosjean.be/tube-en-acier-rond-brut-série-légère-de-diamètre-1143x365mm;https://www.aciersgrosjean.be/images/thumbs/0003685_93bc025889194a1587ec2c3f596fb5df_625.jpeg | https://www.aciersgrosjean.be/images/thumbs/0003685_93bc025889194a1587ec2c3f596fb5df.jpeg | https://www.aciersgrosjean.be/images/thumbs/0003686_24bc39bf53c84642b960d12b8d0548b4.jpeg | https://www.aciersgrosjean.be/images/thumbs/0003687_c04852ce9aec40249d1269bd849b1aa6.jpeg;sitemap
703;Tube rond 17,2(18)x2mm en acier brut série légère;Acier;Tube;Tube rond acier;;Acier | Acier > Tube;03579170-cdbd-bd11-bf71-3a197960e7d9;;2,13;2,13 € TTC / PC;TTC / PC;InStock;Longueur : 1m / 2m / 3m / 4m / 5m / 6m;Poids : 0.77 Kg;4;1;TUBE ROND ACIERS GROSJEAN 4.pdf;https://www.aciersgrosjean.be/tube-en-acier-rond-brut-série-légère-de-diamètre-172x18mm;https://www.aciersgrosjean.be/images/thumbs/0003706_93bc025889194a1587ec2c3f596fb5df_625.jpeg | https://www.aciersgrosjean.be/images/thumbs/0003706_93bc025889194a1587ec2c3f596fb5df.jpeg | https://www.aciersgrosjean.be/images/thumbs/0003707_24bc39bf53c84642b960d12b8d0548b4.jpeg | https://www.aciersgrosjean.be/images/thumbs/0003708_c04852ce9aec40249d1269bd849b1aa6.jpeg;sitemap
704;Tube rond 21,3x2mm en acier brut série légère;Acier;Tube;Tube rond acier;;Acier | Acier > Tube;4007bec1-f461-f77a-be06-3a197960e97f;;2,71;2,71 € TTC / PC;TTC / PC;InStock;Longueur : 1m / 2m / 3m / 4m / 5m / 6m;Poids : 0.98 Kg;4;1;TUBE ROND ACIERS GROSJEAN 4.pdf;https://www.aciersgrosjean.be/tube-en-acier-rond-brut-série-légère-de-diamètre-213x2mm;https://www.aciersgrosjean.be/images/thumbs/0003712_93bc025889194a1587ec2c3f596fb5df_625.jpeg | https://www.aciersgrosjean.be/images/thumbs/0003712_93bc025889194a1587ec2c3f596fb5df.jpeg | https://www.aciersgrosjean.be/images/thumbs/0003713_24bc39bf53c84642b960d12b8d0548b4.jpeg | https://www.aciersgrosjean.be/images/thumbs/0003714_c04852ce9aec40249d1269bd849b1aa6.jpeg;sitemap
705;Tube rond 26,9x2,5mm en acier brut série légère;Acier;Tube;Tube rond acier;;Acier | Acier > Tube;0beff739-a06f-655e-ef1e-3a197960ea44;;3,91;3,91 € TTC / PC;TTC / PC;InStock;Longueur : 1m / 2m / 3m / 4m / 5m / 6m;Poids : 1.41 Kg;4;1;TUBE ROND ACIERS GROSJEAN 4.pdf;https://www.aciersgrosjean.be/tube-en-acier-rond-brut-série-légère-de-diamètre-269x235mm;https://www.aciersgrosjean.be/images/thumbs/0003718_93bc025889194a1587ec2c3f596fb5df_625.jpeg | https://www.aciersgrosjean.be/images/thumbs/0003718_93bc025889194a1587ec2c3f596fb5df.jpeg | https://www.aciersgrosjean.be/images/thumbs/0003719_24bc39bf53c84642b960d12b8d0548b4.jpeg | https://www.aciersgrosjean.be/images/thumbs/0003720_c04852ce9aec40249d1269bd849b1aa6.jpeg;sitemap
706;Tube rond 33,7x2,5mm en acier brut série légère;Acier;Tube;Tube rond acier;;Acier | Acier > Tube;1597ba23-30f7-16f0-b7ee-3a197960eaff;;5,46;5,46 € TTC / PC;TTC / PC;InStock;Longueur : 1m / 2m / 3m / 4m / 5m / 6m;Poids : 1.97 Kg;4;1;TUBE ROND ACIERS GROSJEAN 4.pdf;https://www.aciersgrosjean.be/tube-en-acier-rond-brut-série-légère-de-diamètre-337x25mm;https://www.aciersgrosjean.be/images/thumbs/0003721_93bc025889194a1587ec2c3f596fb5df_625.jpeg | https://www.aciersgrosjean.be/images/thumbs/0003721_93bc025889194a1587ec2c3f596fb5df.jpeg | https://www.aciersgrosjean.be/images/thumbs/0003722_24bc39bf53c84642b960d12b8d0548b4.jpeg | https://www.aciersgrosjean.be/images/thumbs/0003723_c04852ce9aec40249d1269bd849b1aa6.jpeg;sitemap
707;Tube rond 42,4x2,5mm en acier brut série légère;Acier;Tube;Tube rond acier;;Acier | Acier > Tube;6ad1746e-ade6-bfe1-8888-3a197960eb7b;;6,98;6,98 € TTC / PC;TTC / PC;InStock;Longueur : 1m / 2m / 3m / 4m / 5m / 6m;Poids : 2.52 Kg;4;1;TUBE ROND ACIERS GROSJEAN 4.pdf;https://www.aciersgrosjean.be/tube-en-acier-rond-brut-série-légère-de-diamètre-424x25mm;https://www.aciersgrosjean.be/images/thumbs/0003724_93bc025889194a1587ec2c3f596fb5df_625.jpeg | https://www.aciersgrosjean.be/images/thumbs/0003724_93bc025889194a1587ec2c3f596fb5df.jpeg | https://www.aciersgrosjean.be/images/thumbs/0003725_24bc39bf53c84642b960d12b8d0548b4.jpeg | https://www.aciersgrosjean.be/images/thumbs/0003726_c04852ce9aec40249d1269bd849b1aa6.jpeg;sitemap
708;Tube rond 48,3x3mm en acier brut série légère;Acier;Tube;Tube rond acier;;Acier | Acier > Tube;0292923e-ed0c-177f-6d65-3a197960ebfa;;9,23;9,23 € TTC / PC;TTC / PC;InStock;Longueur : 1m / 2m / 3m / 4m / 5m / 6m;Poids : 3.33 Kg;4;1;TUBE ROND ACIERS GROSJEAN 4.pdf;https://www.aciersgrosjean.be/tube-en-acier-rond-brut-série-légère-de-diamètre-483x29mm;https://www.aciersgrosjean.be/images/thumbs/0003727_93bc025889194a1587ec2c3f596fb5df_625.jpeg | https://www.aciersgrosjean.be/images/thumbs/0003727_93bc025889194a1587ec2c3f596fb5df.jpeg | https://www.aciersgrosjean.be/images/thumbs/0003728_24bc39bf53c84642b960d12b8d0548b4.jpeg | https://www.aciersgrosjean.be/images/thumbs/0003729_c04852ce9aec40249d1269bd849b1aa6.jpeg;sitemap
709;Tube rond 60,3x3mm en acier brut série légère;Acier;Tube;Tube rond acier;;Acier | Acier > Tube;0fb08546-eaf2-9340-15dc-3a197960ec7c;;11,66;11,66 € TTC / PC;TTC / PC;InStock;Longueur : 1m / 2m / 3m / 4m / 5m / 6m;Poids : 4.21 Kg;4;1;TUBE ROND ACIERS GROSJEAN 4.pdf;https://www.aciersgrosjean.be/tube-en-acier-rond-brut-série-légère-de-diamètre-603x29mm;https://www.aciersgrosjean.be/images/thumbs/0003730_93bc025889194a1587ec2c3f596fb5df_625.jpeg | https://www.aciersgrosjean.be/images/thumbs/0003730_93bc025889194a1587ec2c3f596fb5df.jpeg | https://www.aciersgrosjean.be/images/thumbs/0003731_24bc39bf53c84642b960d12b8d0548b4.jpeg | https://www.aciersgrosjean.be/images/thumbs/0003732_c04852ce9aec40249d1269bd849b1aa6.jpeg;sitemap
710;Tube rond 76,1x3,25mm en acier brut série légère;Acier;Tube;Tube rond acier;;Acier | Acier > Tube;848489c9-5c35-5d67-b03d-3a197960ecf9;;16,07;16,07 € TTC / PC;TTC / PC;InStock;Longueur : 1m / 2m / 3m / 4m / 5m / 6m;Poids : 5.8 Kg;4;1;TUBE ROND ACIERS GROSJEAN 4.pdf;https://www.aciersgrosjean.be/tube-en-acier-rond-brut-série-légère-de-diamètre-761x325mm;https://www.aciersgrosjean.be/images/thumbs/0003733_93bc025889194a1587ec2c3f596fb5df_625.jpeg | https://www.aciersgrosjean.be/images/thumbs/0003733_93bc025889194a1587ec2c3f596fb5df.jpeg | https://www.aciersgrosjean.be/images/thumbs/0003734_24bc39bf53c84642b960d12b8d0548b4.jpeg | https://www.aciersgrosjean.be/images/thumbs/0003735_c04852ce9aec40249d1269bd849b1aa6.jpeg;sitemap
711;Tube rond 88,9x3,00mm en acier brut série légère;Acier;Tube;Tube rond acier;;Acier | Acier > Tube;3269bee7-508b-6608-e058-3a197960ed7b;;18,86;18,86 € TTC / PC;TTC / PC;InStock;Longueur : 1m / 2m / 3m / 4m / 5m / 6m;Poids : 6.81 Kg;4;1;TUBE ROND ACIERS GROSJEAN 4.pdf;https://www.aciersgrosjean.be/tube-en-acier-rond-brut-série-légère-de-diamètre-889x325mm;https://www.aciersgrosjean.be/images/thumbs/0003736_93bc025889194a1587ec2c3f596fb5df_625.jpeg | https://www.aciersgrosjean.be/images/thumbs/0003736_93bc025889194a1587ec2c3f596fb5df.jpeg | https://www.aciersgrosjean.be/images/thumbs/0003737_24bc39bf53c84642b960d12b8d0548b4.jpeg | https://www.aciersgrosjean.be/images/thumbs/0003738_c04852ce9aec40249d1269bd849b1aa6.jpeg;sitemap
846;Tôle de 2000x1000x3mm plane en acier Corten;Acier;Tôle;Tôle Corten;;Acier | Acier > Tôle;1219cea3-4466-e23a-90f2-3a197de4ce68;;162,85;162,85 € TTC / PC;TTC / PC;InStock;;Poids : 48.24 Kg;4;1;TOLES(3).pdf;https://www.aciersgrosjean.be/tôle-plane-en-acier-corten-de-2000x1000x3mm;https://www.aciersgrosjean.be/images/thumbs/0001744_672e4c997303413db8716042b2d67ba9_625.jpeg | https://www.aciersgrosjean.be/images/thumbs/0001744_672e4c997303413db8716042b2d67ba9.jpeg | https://www.aciersgrosjean.be/images/thumbs/0001745_c9466469d8bc4d9a8154d4f6bf2efa96.jpeg | https://www.aciersgrosjean.be/images/thumbs/0001746_d918159827554d8da08e908b50cda647.jpeg;sitemap
844;Tôle de 2500x1250x2mm plane en acier Corten;Acier;Tôle;Tôle Corten;;Acier | Acier > Tôle;2d2feba4-069e-ca05-606d-3a197de4cd71;;169,64;169,64 € TTC / PC;TTC / PC;InStock;;Poids : 50.25 Kg;4;1;TOLES(2).pdf;https://www.aciersgrosjean.be/tôle-plane-en-acier-corten-de-2500x1250x2mm;https://www.aciersgrosjean.be/images/thumbs/0001731_672e4c997303413db8716042b2d67ba9_625.jpeg | https://www.aciersgrosjean.be/images/thumbs/0001731_672e4c997303413db8716042b2d67ba9.jpeg | https://www.aciersgrosjean.be/images/thumbs/0001732_c9466469d8bc4d9a8154d4f6bf2efa96.jpeg | https://www.aciersgrosjean.be/images/thumbs/0001733_d918159827554d8da08e908b50cda647.jpeg;sitemap
847;Tôle de 2500x1250x3mm plane en acier Corten;Acier;Tôle;Tôle Corten;;Acier | Acier > Tôle;791ebfcc-68ae-41c1-3672-3a197de4cee2;;254,48;254,48 € TTC / PC;TTC / PC;InStock;;Poids : 75.38 Kg;4;1;TOLES(1).pdf;https://www.aciersgrosjean.be/tôle-plane-en-acier-corten-de-2500x1250x3mm;https://www.aciersgrosjean.be/images/thumbs/0001734_672e4c997303413db8716042b2d67ba9_625.jpeg | https://www.aciersgrosjean.be/images/thumbs/0001734_672e4c997303413db8716042b2d67ba9.jpeg | https://www.aciersgrosjean.be/images/thumbs/0001735_c9466469d8bc4d9a8154d4f6bf2efa96.jpeg | https://www.aciersgrosjean.be/images/thumbs/0001736_d918159827554d8da08e908b50cda647.jpeg;sitemap
845;Tôle de 3000x1500x2mm plane en acier Corten;Acier;Tôle;Tôle Corten;;Acier | Acier > Tôle;a7a0890c-a6e6-9faf-3411-3a197de4cdef;;244,27;244,27 € TTC / PC;TTC / PC;InStock;;Poids : 72.36 Kg;4;1;TOLES(1).pdf;https://www.aciersgrosjean.be/tôle-plane-en-acier-corten-de-3000x1500x2mm;https://www.aciersgrosjean.be/images/thumbs/0001737_672e4c997303413db8716042b2d67ba9_625.jpeg | https://www.aciersgrosjean.be/images/thumbs/0001737_672e4c997303413db8716042b2d67ba9.jpeg | https://www.aciersgrosjean.be/images/thumbs/0001738_c9466469d8bc4d9a8154d4f6bf2efa96.jpeg | https://www.aciersgrosjean.be/images/thumbs/0001739_d918159827554d8da08e908b50cda647.jpeg;sitemap
848;Tôle de 3000x1500x3mm plane en acier Corten;Acier;Tôle;Tôle Corten;;Acier | Acier > Tôle;a634f628-0fb8-9326-d29e-3a197de4cf61;;366,42;366,42 € TTC / PC;TTC / PC;InStock;;Poids : 108.54 Kg;4;1;TOLES(1).pdf;https://www.aciersgrosjean.be/tôle-plane-en-acier-corten-de-3000x1500x3mm;https://www.aciersgrosjean.be/images/thumbs/0001740_672e4c997303413db8716042b2d67ba9_625.jpeg | https://www.aciersgrosjean.be/images/thumbs/0001740_672e4c997303413db8716042b2d67ba9.jpeg | https://www.aciersgrosjean.be/images/thumbs/0001741_c9466469d8bc4d9a8154d4f6bf2efa96.jpeg | https://www.aciersgrosjean.be/images/thumbs/0001742_d918159827554d8da08e908b50cda647.jpeg;sitemap
807;Tôle de 2000x1000x1,5mm en acier galvanisée;Acier;Tôle;Tôle galvanisée;;Acier | Acier > Tôle;a9b6cdf8-568b-97bc-350d-3a197dda8f5b;;69,76;69,76 € TTC / PC;TTC / PC;InStock;;Poids : 24.12 Kg;3;1;TOLES.pdf;https://www.aciersgrosjean.be/tôle-en-acier-galvanisée-de-2000x1000x15mm;https://www.aciersgrosjean.be/images/thumbs/0001823_06ac2cf4986043c781756ac8ca0e8fc1_625.jpeg | https://www.aciersgrosjean.be/images/thumbs/0001823_06ac2cf4986043c781756ac8ca0e8fc1.jpeg | https://www.aciersgrosjean.be/images/thumbs/0001824_c9466469d8bc4d9a8154d4f6bf2efa96.jpeg;sitemap
804;Tôle de 2000x1000x1mm en acier galvanisée;Acier;Tôle;Tôle galvanisée;;Acier | Acier > Tôle;2e982df1-f5ea-07c7-4fca-3a197dda8df8;;46,50;46,50 € TTC / PC;TTC / PC;InStock;;Poids : 16.08 Kg;3;1;TOLES.pdf;https://www.aciersgrosjean.be/tôle-en-acier-galvanisée-de-2000x1000x1mm;https://www.aciersgrosjean.be/images/thumbs/0001821_06ac2cf4986043c781756ac8ca0e8fc1_625.jpeg | https://www.aciersgrosjean.be/images/thumbs/0001821_06ac2cf4986043c781756ac8ca0e8fc1.jpeg | https://www.aciersgrosjean.be/images/thumbs/0001822_c9466469d8bc4d9a8154d4f6bf2efa96.jpeg;sitemap
810;Tôle de 2000x1000x2mm en acier galvanisée;Acier;Tôle;Tôle galvanisée;;Acier | Acier > Tôle;a81f3f91-b1b5-d001-0fe1-3a197dda90c3;;93,00;93,00 € TTC / PC;TTC / PC;InStock;;Poids : 32.16 Kg;3;1;TOLES.pdf;https://www.aciersgrosjean.be/tôle-en-acier-galvanisée-de-2000x1000x2mm;https://www.aciersgrosjean.be/images/thumbs/0001825_06ac2cf4986043c781756ac8ca0e8fc1_625.jpeg | https://www.aciersgrosjean.be/images/thumbs/0001825_06ac2cf4986043c781756ac8ca0e8fc1.jpeg | https://www.aciersgrosjean.be/images/thumbs/0001826_c9466469d8bc4d9a8154d4f6bf2efa96.jpeg;sitemap
816;Tôle de 2000x1000x3mm en acier galvanisée;Acier;Tôle;Tôle galvanisée;;Acier | Acier > Tôle;419fc80c-885c-bf78-8c2e-3a197dda93bf;;142,16;142,16 € TTC / PC;TTC / PC;InStock;;Poids : 49.16 Kg;3;1;TOLES.pdf;https://www.aciersgrosjean.be/tôle-en-acier-galvanisée-de-2000x1000x3mm;https://www.aciersgrosjean.be/images/thumbs/0001829_06ac2cf4986043c781756ac8ca0e8fc1_625.jpeg | https://www.aciersgrosjean.be/images/thumbs/0001829_06ac2cf4986043c781756ac8ca0e8fc1.jpeg | https://www.aciersgrosjean.be/images/thumbs/0001830_c9466469d8bc4d9a8154d4f6bf2efa96.jpeg;sitemap
808;Tôle de 2500x1250x1,5mm en acier galvanisée;Acier;Tôle;Tôle galvanisée;;Acier | Acier > Tôle;157d749a-a7f1-f750-2202-3a197dda8fd7;;109,00;109,00 € TTC / PC;TTC / PC;InStock;;Poids : 37.69 Kg;3;1;TOLES.pdf;https://www.aciersgrosjean.be/tôle-en-acier-galvanisée-de-2500x1250x15mm;https://www.aciersgrosjean.be/images/thumbs/0001839_06ac2cf4986043c781756ac8ca0e8fc1_625.jpeg | https://www.aciersgrosjean.be/images/thumbs/0001839_06ac2cf4986043c781756ac8ca0e8fc1.jpeg | https://www.aciersgrosjean.be/images/thumbs/0001840_c9466469d8bc4d9a8154d4f6bf2efa96.jpeg;sitemap
805;Tôle de 2500x1250x1mm en acier galvanisée;Acier;Tôle;Tôle galvanisée;;Acier | Acier > Tôle;67f4e674-2a12-5792-d8f5-3a197dda8e75;;72,67;72,67 € TTC / PC;TTC / PC;InStock;;Poids : 25.13 Kg;3;1;TOLES.pdf;https://www.aciersgrosjean.be/tôle-en-acier-galvanisée-de-2500x1250x1mm;https://www.aciersgrosjean.be/images/thumbs/0001837_06ac2cf4986043c781756ac8ca0e8fc1_625.jpeg | https://www.aciersgrosjean.be/images/thumbs/0001837_06ac2cf4986043c781756ac8ca0e8fc1.jpeg | https://www.aciersgrosjean.be/images/thumbs/0001838_c9466469d8bc4d9a8154d4f6bf2efa96.jpeg;sitemap
811;Tôle de 2500x1250x2mm en acier galvanisée;Acier;Tôle;Tôle galvanisée;;Acier | Acier > Tôle;80634e5a-ee33-4537-db7d-3a197dda913d;;145,32;145,32 € TTC / PC;TTC / PC;InStock;;Poids : 50.25 Kg;3;1;TOLES.pdf;https://www.aciersgrosjean.be/tôle-en-acier-galvanisée-de-2500x1250x2mm;https://www.aciersgrosjean.be/images/thumbs/0001841_06ac2cf4986043c781756ac8ca0e8fc1_625.jpeg | https://www.aciersgrosjean.be/images/thumbs/0001841_06ac2cf4986043c781756ac8ca0e8fc1.jpeg | https://www.aciersgrosjean.be/images/thumbs/0001842_c9466469d8bc4d9a8154d4f6bf2efa96.jpeg;sitemap
817;Tôle de 2500x1250x3mm en acier galvanisée;Acier;Tôle;Tôle galvanisée;;Acier | Acier > Tôle;56dbfa9d-5007-c809-2d13-3a197dda9441;;222,16;222,16 € TTC / PC;TTC / PC;InStock;;Poids : 76.82 Kg;3;1;TOLES.pdf;https://www.aciersgrosjean.be/tôle-en-acier-galvanisée-de-2500x1250x3mm;https://www.aciersgrosjean.be/images/thumbs/0001845_06ac2cf4986043c781756ac8ca0e8fc1_625.jpeg | https://www.aciersgrosjean.be/images/thumbs/0001845_06ac2cf4986043c781756ac8ca0e8fc1.jpeg | https://www.aciersgrosjean.be/images/thumbs/0001846_c9466469d8bc4d9a8154d4f6bf2efa96.jpeg;sitemap
809;Tôle de 3000x1500x1,5mm en acier galvanisée;Acier;Tôle;Tôle galvanisée;;Acier | Acier > Tôle;b15d0b5a-1170-6034-e6fd-3a197dda904a;;156,95;156,95 € TTC / PC;TTC / PC;InStock;;Poids : 54.27 Kg;3;1;TOLES.pdf;https://www.aciersgrosjean.be/tôle-en-acier-galvanisée-de-3000x1500x15mm;https://www.aciersgrosjean.be/images/thumbs/0001856_06ac2cf4986043c781756ac8ca0e8fc1_625.jpeg | https://www.aciersgrosjean.be/images/thumbs/0001856_06ac2cf4986043c781756ac8ca0e8fc1.jpeg | https://www.aciersgrosjean.be/images/thumbs/0001857_c9466469d8bc4d9a8154d4f6bf2efa96.jpeg;sitemap
806;Tôle de 3000x1500x1mm en acier galvanisée;Acier;Tôle;Tôle galvanisée;;Acier | Acier > Tôle;d70e1ba7-bffb-7962-9f23-3a197dda8ee8;;104,63;104,63 € TTC / PC;TTC / PC;InStock;;Poids : 36.18 Kg;3;1;TOLES.pdf;https://www.aciersgrosjean.be/tôle-en-acier-galvanisée-de-3000x1500x1mm;https://www.aciersgrosjean.be/images/thumbs/0004005_06ac2cf4986043c781756ac8ca0e8fc1_625.jpeg | https://www.aciersgrosjean.be/images/thumbs/0004005_06ac2cf4986043c781756ac8ca0e8fc1.jpeg | https://www.aciersgrosjean.be/images/thumbs/0004006_c9466469d8bc4d9a8154d4f6bf2efa96.jpeg;sitemap
812;Tôle de 3000x1500x2mm en acier galvanisée;Acier;Tôle;Tôle galvanisée;;Acier | Acier > Tôle;a7f8ae8f-3310-2f32-edfe-3a197dda91cb;;209,26;209,26 € TTC / PC;TTC / PC;InStock;;Poids : 72.36 Kg;3;1;TOLES.pdf;https://www.aciersgrosjean.be/tôle-en-acier-galvanisée-de-3000x1500x2mm;https://www.aciersgrosjean.be/images/thumbs/0001858_06ac2cf4986043c781756ac8ca0e8fc1_625.jpeg | https://www.aciersgrosjean.be/images/thumbs/0001858_06ac2cf4986043c781756ac8ca0e8fc1.jpeg | https://www.aciersgrosjean.be/images/thumbs/0001859_c9466469d8bc4d9a8154d4f6bf2efa96.jpeg;sitemap
818;Tôle de 3000x1500x3mm en acier galvanisée;Acier;Tôle;Tôle galvanisée;;Acier | Acier > Tôle;07e5a9db-82ff-59f7-d58b-3a197dda94be;;319,88;319,88 € TTC / PC;TTC / PC;InStock;;Poids : 110.61 Kg;3;1;TOLES.pdf;https://www.aciersgrosjean.be/tôle-en-acier-galvanisée-de-3000x1500x3mm;https://www.aciersgrosjean.be/images/thumbs/0001862_06ac2cf4986043c781756ac8ca0e8fc1_625.jpeg | https://www.aciersgrosjean.be/images/thumbs/0001862_06ac2cf4986043c781756ac8ca0e8fc1.jpeg | https://www.aciersgrosjean.be/images/thumbs/0001863_c9466469d8bc4d9a8154d4f6bf2efa96.jpeg;sitemap
747;Tôle de 2000x1000x10mm en acier laminée à chaud;Acier;Tôle;Tôle laminé à chaud;;Acier | Acier > Tôle;7d98dfed-ea44-90ee-6f8e-3a197dcf9b13;;430,00;430,00 € TTC / PC;TTC / PC;InStock;;Poids : 160.8 Kg;3;1;ACIERS GROSJEAN - TOLES LAC - 3.pdf;https://www.aciersgrosjean.be/tôle-plane-en-acier-laminée-à-chaud-de-2000x1000x10mm;https://www.aciersgrosjean.be/images/thumbs/0003907_4b0f447213104a4493f03dbf72bffe39_625.jpeg | https://www.aciersgrosjean.be/images/thumbs/0003907_4b0f447213104a4493f03dbf72bffe39.jpeg | https://www.aciersgrosjean.be/images/thumbs/0003908_c9466469d8bc4d9a8154d4f6bf2efa96.jpeg;sitemap
750;Tôle de 2000x1000x12mm en acier laminée à chaud;Acier;Tôle;Tôle laminé à chaud;;Acier | Acier > Tôle;d678ffbe-5f71-d925-7174-3a197dcf9c76;;515,99;515,99 € TTC / PC;TTC / PC;InStock;;Poids : 192.96 Kg;3;1;ACIERS GROSJEAN - TOLES LAC - 3.pdf;https://www.aciersgrosjean.be/tôle-plane-en-acier-laminée-à-chaud-de-2000x1000x12mm;https://www.aciersgrosjean.be/images/thumbs/0003913_4b0f447213104a4493f03dbf72bffe39_625.jpeg | https://www.aciersgrosjean.be/images/thumbs/0003913_4b0f447213104a4493f03dbf72bffe39.jpeg | https://www.aciersgrosjean.be/images/thumbs/0003914_c9466469d8bc4d9a8154d4f6bf2efa96.jpeg;sitemap
729;Tôle de 2000x1000x2mm en acier laminée à chaud;Acier;Tôle;Tôle laminé à chaud;;Acier | Acier > Tôle;91cc7b93-fde2-c56c-58f2-3a197dcf92cb;;85,99;85,99 € TTC / PC;TTC / PC;InStock;;Poids : 32.16 Kg;3;1;ACIERS GROSJEAN - TOLES LAC - 3.pdf;https://www.aciersgrosjean.be/tôle-plane-en-acier-laminée-à-chaud-de-2000x1000x2mm;https://www.aciersgrosjean.be/images/thumbs/0003871_4b0f447213104a4493f03dbf72bffe39_625.jpeg | https://www.aciersgrosjean.be/images/thumbs/0003871_4b0f447213104a4493f03dbf72bffe39.jpeg | https://www.aciersgrosjean.be/images/thumbs/0003872_c9466469d8bc4d9a8154d4f6bf2efa96.jpeg;sitemap
732;Tôle de 2000x1000x3mm en acier laminée à chaud;Acier;Tôle;Tôle laminé à chaud;;Acier | Acier > Tôle;70a0a2e0-449a-c03e-81a8-3a197dcf941e;;129,00;129,00 € TTC / PC;TTC / PC;InStock;;Poids : 48.24 Kg;3;1;ACIERS GROSJEAN - TOLES LAC - 3.pdf;https://www.aciersgrosjean.be/tôle-plane-en-acier-laminée-à-chaud-de-2000x1000x3mm;https://www.aciersgrosjean.be/images/thumbs/0003877_4b0f447213104a4493f03dbf72bffe39_625.jpeg | https://www.aciersgrosjean.be/images/thumbs/0003877_4b0f447213104a4493f03dbf72bffe39.jpeg | https://www.aciersgrosjean.be/images/thumbs/0003878_c9466469d8bc4d9a8154d4f6bf2efa96.jpeg;sitemap
738;Tôle de 2000x1000x5mm en acier laminée à chaud;Acier;Tôle;Tôle laminé à chaud;;Acier | Acier > Tôle;717df566-9e5f-7619-6688-3a197dcf96fd;;214,99;214,99 € TTC / PC;TTC / PC;InStock;;Poids : 80.4 Kg;3;1;ACIERS GROSJEAN - TOLES LAC - 3.pdf;https://www.aciersgrosjean.be/tôle-plane-en-acier-laminée-à-chaud-de-2000x1000x5mm;https://www.aciersgrosjean.be/images/thumbs/0003889_4b0f447213104a4493f03dbf72bffe39_625.jpeg | https://www.aciersgrosjean.be/images/thumbs/0003889_4b0f447213104a4493f03dbf72bffe39.jpeg | https://www.aciersgrosjean.be/images/thumbs/0003890_c9466469d8bc4d9a8154d4f6bf2efa96.jpeg;sitemap
748;Tôle de 2500x1250x10mm en acier laminée à chaud;Acier;Tôle;Tôle laminé à chaud;;Acier | Acier > Tôle;dea61aa6-33a2-d64e-6bde-3a197dcf9b89;;671,86;671,86 € TTC / PC;TTC / PC;InStock;;Poids : 251.25 Kg;3;1;ACIERS GROSJEAN - TOLES LAC - 3.pdf;https://www.aciersgrosjean.be/tôle-plane-en-acier-laminée-à-chaud-de-2500x1250x10mm;https://www.aciersgrosjean.be/images/thumbs/0003909_4b0f447213104a4493f03dbf72bffe39_625.jpeg | https://www.aciersgrosjean.be/images/thumbs/0003909_4b0f447213104a4493f03dbf72bffe39.jpeg | https://www.aciersgrosjean.be/images/thumbs/0003910_c9466469d8bc4d9a8154d4f6bf2efa96.jpeg;sitemap
730;Tôle de 2500x1250x2mm en acier laminée à chaud;Acier;Tôle;Tôle laminé à chaud;;Acier | Acier > Tôle;5630bb25-e4ed-b565-e10a-3a197dcf933c;;134,37;134,37 € TTC / PC;TTC / PC;InStock;;Poids : 50.25 Kg;3;1;ACIERS GROSJEAN - TOLES LAC - 3.pdf;https://www.aciersgrosjean.be/tôle-plane-en-acier-laminée-à-chaud-de-2500x1250x2mm;https://www.aciersgrosjean.be/images/thumbs/0003873_4b0f447213104a4493f03dbf72bffe39_625.jpeg | https://www.aciersgrosjean.be/images/thumbs/0003873_4b0f447213104a4493f03dbf72bffe39.jpeg | https://www.aciersgrosjean.be/images/thumbs/0003874_c9466469d8bc4d9a8154d4f6bf2efa96.jpeg;sitemap
733;Tôle de 2500x1250x3mm en acier laminée à chaud;Acier;Tôle;Tôle laminé à chaud;;Acier | Acier > Tôle;2ae1be34-ab02-6aa4-5943-3a197dcf9490;;201,57;201,57 € TTC / PC;TTC / PC;InStock;;Poids : 75.38 Kg;3;1;ACIERS GROSJEAN - TOLES LAC - 3.pdf;https://www.aciersgrosjean.be/tôle-plane-en-acier-laminée-à-chaud-de-2500x1250x3mm;https://www.aciersgrosjean.be/images/thumbs/0003879_4b0f447213104a4493f03dbf72bffe39_625.jpeg | https://www.aciersgrosjean.be/images/thumbs/0003879_4b0f447213104a4493f03dbf72bffe39.jpeg | https://www.aciersgrosjean.be/images/thumbs/0003880_c9466469d8bc4d9a8154d4f6bf2efa96.jpeg;sitemap
739;Tôle de 2500x1250x5mm en acier laminée à chaud;Acier;Tôle;Tôle laminé à chaud;;Acier | Acier > Tôle;f51b1d67-c327-fc80-bfca-3a197dcf9770;;335,94;335,94 € TTC / PC;TTC / PC;InStock;;Poids : 125.63 Kg;3;1;ACIERS GROSJEAN - TOLES LAC - 3(1).pdf;https://www.aciersgrosjean.be/tôle-plane-en-acier-laminée-à-chaud-de-2500x1250x5mm;https://www.aciersgrosjean.be/images/thumbs/0003919_4b0f447213104a4493f03dbf72bffe39_625.jpeg | https://www.aciersgrosjean.be/images/thumbs/0003919_4b0f447213104a4493f03dbf72bffe39.jpeg | https://www.aciersgrosjean.be/images/thumbs/0003920_c9466469d8bc4d9a8154d4f6bf2efa96.jpeg;sitemap
749;Tôle de 3000x1500x10mm en acier laminée à chaud;Acier;Tôle;Tôle laminé à chaud;;Acier | Acier > Tôle;ee51ed3f-6975-d9c6-6543-3a197dcf9bfe;;967,49;967,49 € TTC / PC;TTC / PC;InStock;;Poids : 361.8 Kg;3;1;ACIERS GROSJEAN - TOLES LAC - 3.pdf;https://www.aciersgrosjean.be/tôle-plane-en-acier-laminée-à-chaud-de-3000x1500x10mm;https://www.aciersgrosjean.be/images/thumbs/0003911_4b0f447213104a4493f03dbf72bffe39_625.jpeg | https://www.aciersgrosjean.be/images/thumbs/0003911_4b0f447213104a4493f03dbf72bffe39.jpeg | https://www.aciersgrosjean.be/images/thumbs/0003912_c9466469d8bc4d9a8154d4f6bf2efa96.jpeg;sitemap
734;Tôle de 3000x1500x3mm en acier laminée à chaud;Acier;Tôle;Tôle laminé à chaud;;Acier | Acier > Tôle;0211d07c-ca4f-7c74-8b53-3a197dcf9517;;290,24;290,24 € TTC / PC;TTC / PC;InStock;;Poids : 108.54 Kg;3;1;ACIERS GROSJEAN - TOLES LAC - 3.pdf;https://www.aciersgrosjean.be/tôle-plane-en-acier-laminée-à-chaud-de-3000x1500x3mm;https://www.aciersgrosjean.be/images/thumbs/0003881_4b0f447213104a4493f03dbf72bffe39_625.jpeg | https://www.aciersgrosjean.be/images/thumbs/0003881_4b0f447213104a4493f03dbf72bffe39.jpeg | https://www.aciersgrosjean.be/images/thumbs/0003882_c9466469d8bc4d9a8154d4f6bf2efa96.jpeg;sitemap
746;Tôle de 3000x1500x8mm en acier laminée à chaud;Acier;Tôle;Tôle laminé à chaud;;Acier | Acier > Tôle;404afc5e-f2f4-ebc1-f339-3a197dcf9a9f;;773,99;773,99 € TTC / PC;TTC / PC;InStock;;Poids : 289.44 Kg;3;1;ACIERS GROSJEAN - TOLES LAC - 3.pdf;https://www.aciersgrosjean.be/tôle-plane-en-acier-laminée-à-chaud-de-3000x1500x8mm;https://www.aciersgrosjean.be/images/thumbs/0003905_4b0f447213104a4493f03dbf72bffe39_625.jpeg | https://www.aciersgrosjean.be/images/thumbs/0003905_4b0f447213104a4493f03dbf72bffe39.jpeg | https://www.aciersgrosjean.be/images/thumbs/0003906_c9466469d8bc4d9a8154d4f6bf2efa96.jpeg;sitemap
764;Tôle plane LaserpressPlus® 240 skinpass de 3000x1500x5mm;Acier;Tôle;Tôle laminé à chaud;;Acier | Acier > Tôle;dee1c9ab-62cc-2dc1-fbf1-3a197dcfa380;;496,87;496,87 € TTC / PC;TTC / PC;InStock;;Poids : 180.9 Kg;3;1;ACIERS GROSJEAN - TOLES LAC - 3.pdf;https://www.aciersgrosjean.be/tôle-plane-en-acier-laserplus-de-3000x1500x5mm;https://www.aciersgrosjean.be/images/thumbs/0003943_7236111eec4f4902a8e8910e50f232d4_625.jpeg | https://www.aciersgrosjean.be/images/thumbs/0003943_7236111eec4f4902a8e8910e50f232d4.jpeg | https://www.aciersgrosjean.be/images/thumbs/0003944_c9466469d8bc4d9a8154d4f6bf2efa96.jpeg;sitemap
771;Tôle plane de 2000x1000x10mm LaserpressPlus®;Acier;Tôle;Tôle laminé à chaud;;Acier | Acier > Tôle;bd1f60d4-a17d-7d73-312f-3a197dcfa6dd;;441,67;441,67 € TTC / PC;TTC / PC;InStock;;Poids : 160.8 Kg;3;1;ACIERS GROSJEAN - TOLES LAC - 3.pdf;https://www.aciersgrosjean.be/tôle-plane-en-acier-laserplus-de-2000x1000x10mm;https://www.aciersgrosjean.be/images/thumbs/0003957_7236111eec4f4902a8e8910e50f232d4_625.jpeg | https://www.aciersgrosjean.be/images/thumbs/0003957_7236111eec4f4902a8e8910e50f232d4.jpeg | https://www.aciersgrosjean.be/images/thumbs/0003958_c9466469d8bc4d9a8154d4f6bf2efa96.jpeg;sitemap
774;Tôle plane de 2000x1000x15mm LaserpressPlus®;Acier;Tôle;Tôle laminé à chaud;;Acier | Acier > Tôle;3ceaa60f-a647-e541-5437-3a197dcfa8b8;;659,21;659,21 € TTC / PC;TTC / PC;InStock;;Poids : 240 Kg;3;1;ACIERS GROSJEAN - TOLES LAC - 3.pdf;https://www.aciersgrosjean.be/tôle-plane-en-acier-laserplus-de-2000x1000x15mm;https://www.aciersgrosjean.be/images/thumbs/0003963_7236111eec4f4902a8e8910e50f232d4_625.jpeg | https://www.aciersgrosjean.be/images/thumbs/0003963_7236111eec4f4902a8e8910e50f232d4.jpeg | https://www.aciersgrosjean.be/images/thumbs/0003964_c9466469d8bc4d9a8154d4f6bf2efa96.jpeg;sitemap
753;Tôle plane de 2000x1000x2mm LaserpressPlus®;Acier;Tôle;Tôle laminé à chaud;;Acier | Acier > Tôle;ac1ffdac-7dce-3b61-447a-3a197dcf9de6;;88,33;88,33 € TTC / PC;TTC / PC;InStock;;Poids : 32.16 Kg;3;1;ACIERS GROSJEAN - TOLES LAC - 3.pdf;https://www.aciersgrosjean.be/tôle-plane-en-acier-laserplus-de-2000x1000x2mm;https://www.aciersgrosjean.be/images/thumbs/0003921_7236111eec4f4902a8e8910e50f232d4_625.jpeg | https://www.aciersgrosjean.be/images/thumbs/0003921_7236111eec4f4902a8e8910e50f232d4.jpeg | https://www.aciersgrosjean.be/images/thumbs/0003922_c9466469d8bc4d9a8154d4f6bf2efa96.jpeg;sitemap
756;Tôle plane de 2000x1000x3mm LaserpressPlus®;Acier;Tôle;Tôle laminé à chaud;;Acier | Acier > Tôle;a2bbb8b8-0838-bd2d-2497-3a197dcf9f8b;;132,50;132,50 € TTC / PC;TTC / PC;InStock;;Poids : 48.24 Kg;3;1;ACIERS GROSJEAN - TOLES LAC - 3.pdf;https://www.aciersgrosjean.be/tôle-plane-en-acier-laserplus-de-2000x1000x3mm;https://www.aciersgrosjean.be/images/thumbs/0003927_7236111eec4f4902a8e8910e50f232d4_625.jpeg | https://www.aciersgrosjean.be/images/thumbs/0003927_7236111eec4f4902a8e8910e50f232d4.jpeg | https://www.aciersgrosjean.be/images/thumbs/0003928_c9466469d8bc4d9a8154d4f6bf2efa96.jpeg;sitemap
759;Tôle plane de 2000x1000x4mm LaserpressPlus®;Acier;Tôle;Tôle laminé à chaud;;Acier | Acier > Tôle;a7935d85-0190-a5be-b9b3-3a197dcfa0fc;;176,67;176,67 € TTC / PC;TTC / PC;InStock;;Poids : 64.32 Kg;3;1;ACIERS GROSJEAN - TOLES LAC - 3.pdf;https://www.aciersgrosjean.be/tôle-plane-en-acier-laserplus-de-2000x1000x4mm;https://www.aciersgrosjean.be/images/thumbs/0003933_7236111eec4f4902a8e8910e50f232d4_625.jpeg | https://www.aciersgrosjean.be/images/thumbs/0003933_7236111eec4f4902a8e8910e50f232d4.jpeg | https://www.aciersgrosjean.be/images/thumbs/0003934_c9466469d8bc4d9a8154d4f6bf2efa96.jpeg;sitemap
762;Tôle plane de 2000x1000x5mm LaserpressPlus®;Acier;Tôle;Tôle laminé à chaud;;Acier | Acier > Tôle;517b0c46-84d0-c0d0-5ac8-3a197dcfa276;;220,84;220,84 € TTC / PC;TTC / PC;InStock;;Poids : 80.4 Kg;3;1;ACIERS GROSJEAN - TOLES LAC - 3.pdf;https://www.aciersgrosjean.be/tôle-plane-en-acier-laserplus-de-2000x1000x5mm;https://www.aciersgrosjean.be/images/thumbs/0003939_7236111eec4f4902a8e8910e50f232d4_625.jpeg | https://www.aciersgrosjean.be/images/thumbs/0003939_7236111eec4f4902a8e8910e50f232d4.jpeg | https://www.aciersgrosjean.be/images/thumbs/0003940_c9466469d8bc4d9a8154d4f6bf2efa96.jpeg;sitemap
765;Tôle plane de 2000x1000x6mm LaserpressPlus®;Acier;Tôle;Tôle laminé à chaud;;Acier | Acier > Tôle;03209960-2fba-931e-c537-3a197dcfa3fb;;265,00;265,00 € TTC / PC;TTC / PC;InStock;;Poids : 96.48 Kg;3;1;ACIERS GROSJEAN - TOLES LAC - 3.pdf;https://www.aciersgrosjean.be/tôle-plane-en-acier-laserplus-de-2000x1000x6mm;https://www.aciersgrosjean.be/images/thumbs/0003945_7236111eec4f4902a8e8910e50f232d4_625.jpeg | https://www.aciersgrosjean.be/images/thumbs/0003945_7236111eec4f4902a8e8910e50f232d4.jpeg | https://www.aciersgrosjean.be/images/thumbs/0003946_c9466469d8bc4d9a8154d4f6bf2efa96.jpeg;sitemap
768;Tôle plane de 2000x1000x8mm LaserpressPlus®;Acier;Tôle;Tôle laminé à chaud;;Acier | Acier > Tôle;f786d491-3200-74e4-6f61-3a197dcfa575;;353,33;353,33 € TTC / PC;TTC / PC;InStock;;Poids : 128.64 Kg;3;1;ACIERS GROSJEAN - TOLES LAC - 3.pdf;https://www.aciersgrosjean.be/tôle-plane-en-acier-laserplus-de-2000x1000x8mm;https://www.aciersgrosjean.be/images/thumbs/0003951_7236111eec4f4902a8e8910e50f232d4_625.jpeg | https://www.aciersgrosjean.be/images/thumbs/0003951_7236111eec4f4902a8e8910e50f232d4.jpeg | https://www.aciersgrosjean.be/images/thumbs/0003952_c9466469d8bc4d9a8154d4f6bf2efa96.jpeg;sitemap
772;Tôle plane de 2500x1250x10mm LaserpressPlus®;Acier;Tôle;Tôle laminé à chaud;;Acier | Acier > Tôle;7956d10f-3c17-964a-3689-3a197dcfa7a7;;690,11;690,11 € TTC / PC;TTC / PC;InStock;;Poids : 251.25 Kg;3;1;ACIERS GROSJEAN - TOLES LAC - 3.pdf;https://www.aciersgrosjean.be/tôle-plane-en-acier-laserplus-de-2500x1250x10mm;https://www.aciersgrosjean.be/images/thumbs/0003959_7236111eec4f4902a8e8910e50f232d4_625.jpeg | https://www.aciersgrosjean.be/images/thumbs/0003959_7236111eec4f4902a8e8910e50f232d4.jpeg | https://www.aciersgrosjean.be/images/thumbs/0003960_c9466469d8bc4d9a8154d4f6bf2efa96.jpeg;sitemap
775;Tôle plane de 2500x1250x15mm LaserpressPlus®;Acier;Tôle;Tôle laminé à chaud;;Acier | Acier > Tôle;fe07eed4-2753-ffe6-8538-3a197dcfa932;;1030,01;1030,01 € TTC / PC;TTC / PC;InStock;;Poids : 375 Kg;3;1;ACIERS GROSJEAN - TOLES LAC - 3.pdf;https://www.aciersgrosjean.be/tôle-plane-en-acier-laserplus-de-2500x1250x15mm;https://www.aciersgrosjean.be/images/thumbs/0003965_7236111eec4f4902a8e8910e50f232d4_625.jpeg | https://www.aciersgrosjean.be/images/thumbs/0003965_7236111eec4f4902a8e8910e50f232d4.jpeg | https://www.aciersgrosjean.be/images/thumbs/0003966_c9466469d8bc4d9a8154d4f6bf2efa96.jpeg;sitemap
754;Tôle plane de 2500x1250x2mm LaserpressPlus®;Acier;Tôle;Tôle laminé à chaud;;Acier | Acier > Tôle;881de77f-ad27-0507-9023-3a197dcf9e9c;;138,02;138,02 € TTC / PC;TTC / PC;InStock;;Poids : 50.25 Kg;3;1;ACIERS GROSJEAN - TOLES LAC - 3.pdf;https://www.aciersgrosjean.be/tôle-plane-en-acier-laserplus-de-2500x1250x2mm;https://www.aciersgrosjean.be/images/thumbs/0003923_7236111eec4f4902a8e8910e50f232d4_625.jpeg | https://www.aciersgrosjean.be/images/thumbs/0003923_7236111eec4f4902a8e8910e50f232d4.jpeg | https://www.aciersgrosjean.be/images/thumbs/0003924_c9466469d8bc4d9a8154d4f6bf2efa96.jpeg;sitemap
757;Tôle plane de 2500x1250x3mm LaserpressPlus®;Acier;Tôle;Tôle laminé à chaud;;Acier | Acier > Tôle;88e60103-9c81-ee84-a99e-3a197dcfa006;;207,04;207,04 € TTC / PC;TTC / PC;InStock;;Poids : 75.38 Kg;3;1;ACIERS GROSJEAN - TOLES LAC - 3.pdf;https://www.aciersgrosjean.be/tôle-plane-en-acier-laserplus-de-2500x1250x3mm;https://www.aciersgrosjean.be/images/thumbs/0003929_7236111eec4f4902a8e8910e50f232d4_625.jpeg | https://www.aciersgrosjean.be/images/thumbs/0003929_7236111eec4f4902a8e8910e50f232d4.jpeg | https://www.aciersgrosjean.be/images/thumbs/0003930_c9466469d8bc4d9a8154d4f6bf2efa96.jpeg;sitemap
760;Tôle plane de 2500x1250x4mm LaserpressPlus®;Acier;Tôle;Tôle laminé à chaud;;Acier | Acier > Tôle;83d9cd97-50ea-f5a3-030e-3a197dcfa179;;276,05;276,05 € TTC / PC;TTC / PC;InStock;;Poids : 100.5 Kg;3;1;ACIERS GROSJEAN - TOLES LAC - 3.pdf;https://www.aciersgrosjean.be/tôle-plane-en-acier-laserplus-de-2500x1250x4mm;https://www.aciersgrosjean.be/images/thumbs/0003935_7236111eec4f4902a8e8910e50f232d4_625.jpeg | https://www.aciersgrosjean.be/images/thumbs/0003935_7236111eec4f4902a8e8910e50f232d4.jpeg | https://www.aciersgrosjean.be/images/thumbs/0003936_c9466469d8bc4d9a8154d4f6bf2efa96.jpeg;sitemap
763;Tôle plane de 2500x1250x5mm LaserpressPlus®;Acier;Tôle;Tôle laminé à chaud;;Acier | Acier > Tôle;e214d39b-201f-d9d2-3321-3a197dcfa2f0;;345,07;345,07 € TTC / PC;TTC / PC;InStock;;Poids : 125.63 Kg;3;1;ACIERS GROSJEAN - TOLES LAC - 3.pdf;https://www.aciersgrosjean.be/tôle-plane-en-acier-laserplus-de-2500x1250x5mm;https://www.aciersgrosjean.be/images/thumbs/0003941_7236111eec4f4902a8e8910e50f232d4_625.jpeg | https://www.aciersgrosjean.be/images/thumbs/0003941_7236111eec4f4902a8e8910e50f232d4.jpeg | https://www.aciersgrosjean.be/images/thumbs/0003942_c9466469d8bc4d9a8154d4f6bf2efa96.jpeg;sitemap
766;Tôle plane de 2500x1250x6mm LaserpressPlus®;Acier;Tôle;Tôle laminé à chaud;;Acier | Acier > Tôle;37f85170-ee63-cc7f-cc0b-3a197dcfa479;;414,06;414,06 € TTC / PC;TTC / PC;InStock;;Poids : 150.75 Kg;3;1;ACIERS GROSJEAN - TOLES LAC - 3.pdf;https://www.aciersgrosjean.be/tôle-plane-en-acier-laserplus-de-2500x1250x6mm;https://www.aciersgrosjean.be/images/thumbs/0003947_7236111eec4f4902a8e8910e50f232d4_625.jpeg | https://www.aciersgrosjean.be/images/thumbs/0003947_7236111eec4f4902a8e8910e50f232d4.jpeg | https://www.aciersgrosjean.be/images/thumbs/0003948_c9466469d8bc4d9a8154d4f6bf2efa96.jpeg;sitemap
769;Tôle plane de 2500x1250x8mm LaserpressPlus®;Acier;Tôle;Tôle laminé à chaud;;Acier | Acier > Tôle;a4048525-d873-2e89-c5b4-3a197dcfa5eb;;552,09;552,09 € TTC / PC;TTC / PC;InStock;;Poids : 201 Kg;3;1;ACIERS GROSJEAN - TOLES LAC - 3.pdf;https://www.aciersgrosjean.be/tôle-plane-en-acier-laserplus-de-2500x1250x8mm;https://www.aciersgrosjean.be/images/thumbs/0003953_7236111eec4f4902a8e8910e50f232d4_625.jpeg | https://www.aciersgrosjean.be/images/thumbs/0003953_7236111eec4f4902a8e8910e50f232d4.jpeg | https://www.aciersgrosjean.be/images/thumbs/0003954_c9466469d8bc4d9a8154d4f6bf2efa96.jpeg;sitemap
773;Tôle plane de 3000x1500x10mm LaserpressPlus®;Acier;Tôle;Tôle laminé à chaud;;Acier | Acier > Tôle;2e50a570-92ad-da2a-142c-3a197dcfa82a;;993,76;993,76 € TTC / PC;TTC / PC;InStock;;Poids : 361.8 Kg;3;1;ACIERS GROSJEAN - TOLES LAC - 3.pdf;https://www.aciersgrosjean.be/tôle-plane-en-acier-laserplus-de-3000x1500x10mm;https://www.aciersgrosjean.be/images/thumbs/0003961_7236111eec4f4902a8e8910e50f232d4_625.jpeg | https://www.aciersgrosjean.be/images/thumbs/0003961_7236111eec4f4902a8e8910e50f232d4.jpeg | https://www.aciersgrosjean.be/images/thumbs/0003962_c9466469d8bc4d9a8154d4f6bf2efa96.jpeg;sitemap
776;Tôle plane de 3000x1500x15mm LaserpressPlus®;Acier;Tôle;Tôle laminé à chaud;;Acier | Acier > Tôle;0647a424-4b01-d361-2026-3a197dcfa9ae;;1483,22;1483,22 € TTC / PC;TTC / PC;InStock;;Poids : 540 Kg;3;1;ACIERS GROSJEAN - TOLES LAC - 3.pdf;https://www.aciersgrosjean.be/tôle-plane-en-acier-laserplus-de-3000x1500x15mm;https://www.aciersgrosjean.be/images/thumbs/0003967_7236111eec4f4902a8e8910e50f232d4_625.jpeg | https://www.aciersgrosjean.be/images/thumbs/0003967_7236111eec4f4902a8e8910e50f232d4.jpeg | https://www.aciersgrosjean.be/images/thumbs/0003968_c9466469d8bc4d9a8154d4f6bf2efa96.jpeg;sitemap
755;Tôle plane de 3000x1500x2mm LaserpressPlus®;Acier;Tôle;Tôle laminé à chaud;;Acier | Acier > Tôle;da322eb5-511d-c07f-e94b-3a197dcf9f13;;198,75;198,75 € TTC / PC;TTC / PC;InStock;;Poids : 72.36 Kg;3;1;ACIERS GROSJEAN - TOLES LAC - 3.pdf;https://www.aciersgrosjean.be/tôle-plane-en-acier-laserplus-de-3000x1500x2mm;https://www.aciersgrosjean.be/images/thumbs/0003925_7236111eec4f4902a8e8910e50f232d4_625.jpeg | https://www.aciersgrosjean.be/images/thumbs/0003925_7236111eec4f4902a8e8910e50f232d4.jpeg | https://www.aciersgrosjean.be/images/thumbs/0003926_c9466469d8bc4d9a8154d4f6bf2efa96.jpeg;sitemap
758;Tôle plane de 3000x1500x3mm LaserpressPlus®;Acier;Tôle;Tôle laminé à chaud;;Acier | Acier > Tôle;2393ba41-ea87-f4a8-61a0-3a197dcfa081;;298,13;298,13 € TTC / PC;TTC / PC;InStock;;Poids : 108.54 Kg;3;1;ACIERS GROSJEAN - TOLES LAC - 3.pdf;https://www.aciersgrosjean.be/tôle-plane-en-acier-laserplus-de-3000x1500x3mm;https://www.aciersgrosjean.be/images/thumbs/0003931_7236111eec4f4902a8e8910e50f232d4_625.jpeg | https://www.aciersgrosjean.be/images/thumbs/0003931_7236111eec4f4902a8e8910e50f232d4.jpeg | https://www.aciersgrosjean.be/images/thumbs/0003932_c9466469d8bc4d9a8154d4f6bf2efa96.jpeg;sitemap
761;Tôle plane de 3000x1500x4mm LaserpressPlus®;Acier;Tôle;Tôle laminé à chaud;;Acier | Acier > Tôle;a1a621d1-ddd4-e5fc-4e04-3a197dcfa1f2;;397,50;397,50 € TTC / PC;TTC / PC;InStock;;Poids : 144.72 Kg;3;1;ACIERS GROSJEAN - TOLES LAC - 3.pdf;https://www.aciersgrosjean.be/tôle-plane-en-acier-laserplus-de-3000x1500x4mm;https://www.aciersgrosjean.be/images/thumbs/0003937_7236111eec4f4902a8e8910e50f232d4_625.jpeg | https://www.aciersgrosjean.be/images/thumbs/0003937_7236111eec4f4902a8e8910e50f232d4.jpeg | https://www.aciersgrosjean.be/images/thumbs/0003938_c9466469d8bc4d9a8154d4f6bf2efa96.jpeg;sitemap
767;Tôle plane de 3000x1500x6mm LaserpressPlus®;Acier;Tôle;Tôle laminé à chaud;;Acier | Acier > Tôle;cef472f1-13c5-dd18-72d9-3a197dcfa4f3;;596,25;596,25 € TTC / PC;TTC / PC;InStock;;Poids : 217.08 Kg;3;1;ACIERS GROSJEAN - TOLES LAC - 3.pdf;https://www.aciersgrosjean.be/tôle-plane-en-acier-laserplus-de-3000x1500x6mm;https://www.aciersgrosjean.be/images/thumbs/0003949_7236111eec4f4902a8e8910e50f232d4_625.jpeg | https://www.aciersgrosjean.be/images/thumbs/0003949_7236111eec4f4902a8e8910e50f232d4.jpeg | https://www.aciersgrosjean.be/images/thumbs/0003950_c9466469d8bc4d9a8154d4f6bf2efa96.jpeg;sitemap
770;Tôle plane de 3000x1500x8mm LaserpressPlus®;Acier;Tôle;Tôle laminé à chaud;;Acier | Acier > Tôle;87ac0a51-0366-9a0f-7921-3a197dcfa663;;795,01;795,01 € TTC / PC;TTC / PC;InStock;;Poids : 289.44 Kg;3;1;ACIERS GROSJEAN - TOLES LAC - 3.pdf;https://www.aciersgrosjean.be/tôle-plane-en-acier-laserplus-de-3000x1500x8mm;https://www.aciersgrosjean.be/images/thumbs/0003955_7236111eec4f4902a8e8910e50f232d4_625.jpeg | https://www.aciersgrosjean.be/images/thumbs/0003955_7236111eec4f4902a8e8910e50f232d4.jpeg | https://www.aciersgrosjean.be/images/thumbs/0003956_c9466469d8bc4d9a8154d4f6bf2efa96.jpeg;sitemap
831;Tôle de 2000x1000x1,5mm en acier laminé à froid;Acier;Tôle;Tôle laminé à froid;;Acier | Acier > Tôle;4b7c7da2-5f9b-392c-20ba-3a197de295f0;;68,87;68,87 € TTC / PC;TTC / PC;InStock;;Poids : 24.12 Kg;3;1;ACIERS GROSJEAN - TOLES LAF - 3.pdf;https://www.aciersgrosjean.be/tôle-en-acier-laminé-à-froid-de-2000x1000x15mm;https://www.aciersgrosjean.be/images/thumbs/0004031_ef48640afc2e40f8b8c1b0222471157a_625.jpeg | https://www.aciersgrosjean.be/images/thumbs/0004031_ef48640afc2e40f8b8c1b0222471157a.jpeg | https://www.aciersgrosjean.be/images/thumbs/0004032_c9466469d8bc4d9a8154d4f6bf2efa96.jpeg;sitemap
828;Tôle de 2000x1000x1mm en acier laminé à froid;Acier;Tôle;Tôle laminé à froid;;Acier | Acier > Tôle;cc470511-a99c-98af-148a-3a197de29435;;45,92;45,92 € TTC / PC;TTC / PC;InStock;;Poids : 16.08 Kg;3;1;ACIERS GROSJEAN - TOLES LAF - 3.pdf;https://www.aciersgrosjean.be/tôle-en-acier-laminé-à-froid-de-2000x1000x1mm;https://www.aciersgrosjean.be/images/thumbs/0004025_ef48640afc2e40f8b8c1b0222471157a_625.jpeg | https://www.aciersgrosjean.be/images/thumbs/0004025_ef48640afc2e40f8b8c1b0222471157a.jpeg | https://www.aciersgrosjean.be/images/thumbs/0004026_c9466469d8bc4d9a8154d4f6bf2efa96.jpeg;sitemap
834;Tôle de 2000x1000x2mm en acier laminé à froid;Acier;Tôle;Tôle laminé à froid;;Acier | Acier > Tôle;700e62ac-b029-a7ba-ac6c-3a197de29768;;91,84;91,84 € TTC / PC;TTC / PC;InStock;;Poids : 32.16 Kg;3;1;ACIERS GROSJEAN - TOLES LAF - 3.pdf;https://www.aciersgrosjean.be/tôle-en-acier-laminé-à-froid-de-2000x1000x2mm;https://www.aciersgrosjean.be/images/thumbs/0004037_ef48640afc2e40f8b8c1b0222471157a_625.jpeg | https://www.aciersgrosjean.be/images/thumbs/0004037_ef48640afc2e40f8b8c1b0222471157a.jpeg | https://www.aciersgrosjean.be/images/thumbs/0004038_c9466469d8bc4d9a8154d4f6bf2efa96.jpeg;sitemap
832;Tôle de 2500x1250x1,5mm en acier laminé à froid;Acier;Tôle;Tôle laminé à froid;;Acier | Acier > Tôle;9f57506b-dc13-942a-992f-3a197de29669;;107,63;107,63 € TTC / PC;TTC / PC;InStock;;Poids : 37.69 Kg;3;1;ACIERS GROSJEAN - TOLES LAF - 3.pdf;https://www.aciersgrosjean.be/tôle-en-acier-laminé-à-froid-de-2500x1250x15mm;https://www.aciersgrosjean.be/images/thumbs/0004033_ef48640afc2e40f8b8c1b0222471157a_625.jpeg | https://www.aciersgrosjean.be/images/thumbs/0004033_ef48640afc2e40f8b8c1b0222471157a.jpeg | https://www.aciersgrosjean.be/images/thumbs/0004034_c9466469d8bc4d9a8154d4f6bf2efa96.jpeg;sitemap
829;Tôle de 2500x1250x1mm en acier laminé à froid;Acier;Tôle;Tôle laminé à froid;;Acier | Acier > Tôle;128ec085-2fc4-6e0e-e2da-3a197de294ec;;71,77;71,77 € TTC / PC;TTC / PC;InStock;;Poids : 25.13 Kg;3;1;ACIERS GROSJEAN - TOLES LAF - 3.pdf;https://www.aciersgrosjean.be/tôle-en-acier-laminé-à-froid-de-2500x1250x1mm;https://www.aciersgrosjean.be/images/thumbs/0004027_ef48640afc2e40f8b8c1b0222471157a_625.jpeg | https://www.aciersgrosjean.be/images/thumbs/0004027_ef48640afc2e40f8b8c1b0222471157a.jpeg | https://www.aciersgrosjean.be/images/thumbs/0004028_c9466469d8bc4d9a8154d4f6bf2efa96.jpeg;sitemap
835;Tôle de 2500x1250x2mm en acier laminé à froid;Acier;Tôle;Tôle laminé à froid;;Acier | Acier > Tôle;9b89b159-dde8-0cc8-cd3c-3a197de297e6;;143,49;143,49 € TTC / PC;TTC / PC;InStock;;Poids : 50.25 Kg;3;1;ACIERS GROSJEAN - TOLES LAF - 3.pdf;https://www.aciersgrosjean.be/tôle-en-acier-laminé-à-froid-de-2500x1250x2mm;https://www.aciersgrosjean.be/images/thumbs/0004039_ef48640afc2e40f8b8c1b0222471157a_625.jpeg | https://www.aciersgrosjean.be/images/thumbs/0004039_ef48640afc2e40f8b8c1b0222471157a.jpeg | https://www.aciersgrosjean.be/images/thumbs/0004040_c9466469d8bc4d9a8154d4f6bf2efa96.jpeg;sitemap
833;Tôle de 3000x1500x1,5mm en acier laminé à froid;Acier;Tôle;Tôle laminé à froid;;Acier | Acier > Tôle;1c54d21c-2ea1-38ef-a65e-3a197de296ee;;154,98;154,98 € TTC / PC;TTC / PC;InStock;;Poids : 54.27 Kg;3;1;ACIERS GROSJEAN - TOLES LAF - 3.pdf;https://www.aciersgrosjean.be/tôle-en-acier-laminé-à-froid-de-3000x1500x15mm;https://www.aciersgrosjean.be/images/thumbs/0004035_ef48640afc2e40f8b8c1b0222471157a_625.jpeg | https://www.aciersgrosjean.be/images/thumbs/0004035_ef48640afc2e40f8b8c1b0222471157a.jpeg | https://www.aciersgrosjean.be/images/thumbs/0004036_c9466469d8bc4d9a8154d4f6bf2efa96.jpeg;sitemap
830;Tôle de 3000x1500x1mm en acier laminé à froid;Acier;Tôle;Tôle laminé à froid;;Acier | Acier > Tôle;f0a3ca11-c6f0-eb41-6c1e-3a197de2956d;;103,31;103,31 € TTC / PC;TTC / PC;InStock;;Poids : 36.18 Kg;3;1;ACIERS GROSJEAN - TOLES LAF - 3.pdf;https://www.aciersgrosjean.be/tôle-en-acier-laminé-à-froid-de-3000x1500x1mm;https://www.aciersgrosjean.be/images/thumbs/0004029_ef48640afc2e40f8b8c1b0222471157a_625.jpeg | https://www.aciersgrosjean.be/images/thumbs/0004029_ef48640afc2e40f8b8c1b0222471157a.jpeg | https://www.aciersgrosjean.be/images/thumbs/0004030_c9466469d8bc4d9a8154d4f6bf2efa96.jpeg;sitemap
777;Tôle de 2000x1000x3/5mm en acier larmée;Acier;Tôle;Tôle larmée en acier;;Acier | Acier > Tôle;3221afa0-b353-48bf-85a8-3a197dd65a16;;148,87;148,87 € TTC / PC;TTC / PC;InStock;;Poids : 53.26 Kg;3;1;ACIERS GROSJEAN - TOLES LARMEE - 3.pdf;https://www.aciersgrosjean.be/tôle-en-acier-larmée-de-2000x1000x35mm;https://www.aciersgrosjean.be/images/thumbs/0004387_f34b175c6cfe40558cd368a2227784ec_625.jpeg | https://www.aciersgrosjean.be/images/thumbs/0004387_f34b175c6cfe40558cd368a2227784ec.jpeg | https://www.aciersgrosjean.be/images/thumbs/0003970_c9466469d8bc4d9a8154d4f6bf2efa96.jpeg;sitemap
783;Tôle de 2000x1000x5/7mm en acier larmée;Acier;Tôle;Tôle larmée en acier;;Acier | Acier > Tôle;5863d311-e061-99af-b247-3a197dd65d59;;240,46;240,46 € TTC / PC;TTC / PC;InStock;;Poids : 86.03 Kg;3;1;ACIERS GROSJEAN - TOLES LARMEE - 3.pdf;https://www.aciersgrosjean.be/tôle-en-acier-larmée-de-2000x1000x57mm;https://www.aciersgrosjean.be/images/thumbs/0004392_f34b175c6cfe40558cd368a2227784ec_625.jpeg | https://www.aciersgrosjean.be/images/thumbs/0004392_f34b175c6cfe40558cd368a2227784ec.jpeg | https://www.aciersgrosjean.be/images/thumbs/0003982_c9466469d8bc4d9a8154d4f6bf2efa96.jpeg;sitemap
778;Tôle de 2500x1250x3/5mm en acier larmée;Acier;Tôle;Tôle larmée en acier;;Acier | Acier > Tôle;65529c0c-9ebf-2a82-6846-3a197dd65ad5;;232,61;232,61 € TTC / PC;TTC / PC;InStock;;Poids : 83.22 Kg;3;1;ACIERS GROSJEAN - TOLES LARMEE - 3.pdf;https://www.aciersgrosjean.be/tôle-en-acier-larmée-de-2500x1250x35mm;https://www.aciersgrosjean.be/images/thumbs/0004386_f34b175c6cfe40558cd368a2227784ec_625.jpeg | https://www.aciersgrosjean.be/images/thumbs/0004386_f34b175c6cfe40558cd368a2227784ec.jpeg | https://www.aciersgrosjean.be/images/thumbs/0003972_c9466469d8bc4d9a8154d4f6bf2efa96.jpeg;sitemap
784;Tôle de 2500x1250x5/7mm en acier larmée;Acier;Tôle;Tôle larmée en acier;;Acier | Acier > Tôle;2fb4b6ee-33d3-3e10-eca2-3a197dd65de0;;375,74;375,74 € TTC / PC;TTC / PC;InStock;;Poids : 134.43 Kg;3;1;ACIERS GROSJEAN - TOLES LARMEE - 3.pdf;https://www.aciersgrosjean.be/tôle-en-acier-larmée-de-2500x1250x57mm;https://www.aciersgrosjean.be/images/thumbs/0004393_f34b175c6cfe40558cd368a2227784ec_625.jpeg | https://www.aciersgrosjean.be/images/thumbs/0004393_f34b175c6cfe40558cd368a2227784ec.jpeg | https://www.aciersgrosjean.be/images/thumbs/0003984_c9466469d8bc4d9a8154d4f6bf2efa96.jpeg;sitemap
779;Tôle de 3000x1500x3/5mm en acier larmée;Acier;Tôle;Tôle larmée en acier;;Acier | Acier > Tôle;7ca2aeba-9610-27c2-ffa7-3a197dd65b51;;334,94;334,94 € TTC / PC;TTC / PC;InStock;;Poids : 119.83 Kg;3;1;ACIERS GROSJEAN - TOLES LARMEE - 3.pdf;https://www.aciersgrosjean.be/tôle-en-acier-larmée-de-3000x1500x35mm;https://www.aciersgrosjean.be/images/thumbs/0004388_f34b175c6cfe40558cd368a2227784ec_625.jpeg | https://www.aciersgrosjean.be/images/thumbs/0004388_f34b175c6cfe40558cd368a2227784ec.jpeg | https://www.aciersgrosjean.be/images/thumbs/0003974_c9466469d8bc4d9a8154d4f6bf2efa96.jpeg;sitemap
785;Tôle de 3000x1500x5/7mm en acier larmée;Acier;Tôle;Tôle larmée en acier;;Acier | Acier > Tôle;0f2db69a-4b78-2f0a-d448-3a197dd65e5d;;541,05;541,05 € TTC / PC;TTC / PC;InStock;;Poids : 193.57 Kg;3;1;ACIERS GROSJEAN - TOLES LARMEE - 3.pdf;https://www.aciersgrosjean.be/tôle-en-acier-larmée-de-3000x1500x57mm;https://www.aciersgrosjean.be/images/thumbs/0003985_c9466469d8bc4d9a8154d4f6bf2efa96_625.jpeg | https://www.aciersgrosjean.be/images/thumbs/0003985_c9466469d8bc4d9a8154d4f6bf2efa96.jpeg | https://www.aciersgrosjean.be/images/thumbs/0004394_f34b175c6cfe40558cd368a2227784ec.jpeg;sitemap
1667;TOLES PERFOREES - aléatoire 2000 x 1000 x 1;Acier;Tôle;Tôle perforée;;Acier | Acier > Tôle;48a13c51-3bb6-8f4a-5402-3a201390a673;;83,85;83,85 € TTC / PC;TTC / PC;InStock;;Poids : 1 Kg;1;0;;https://www.aciersgrosjean.be/toles-perforees-aléatoire-2000-x-1000-x-1;https://www.aciersgrosjean.be/images/thumbs/0005197_8d9fe7cc2c2f4effa2e5d8b4ef9430dc_625.jpeg;sitemap
1662;TOLES PERFOREES - trous carrés - 2000 x 1000 x 2,0 - C10 U15;Acier;Tôle;Tôle perforée;;Acier | Acier > Tôle;8185b99b-32d7-92b5-7a72-3a2013909131;;91,04;91,04 € TTC / PC;TTC / PC;InStock;;Poids : 1 Kg;1;0;;https://www.aciersgrosjean.be/toles-perforees-trous-carrés-2000-x-1000-x-20-c10-u15;https://www.aciersgrosjean.be/images/thumbs/0005186_92c62f3fe8ed48f798b0db943a1d46c7_625.jpeg;sitemap
1673;TOLES PERFOREES - trous ronds - 2000 x 1000 x 2 - R5 T8;Acier;Tôle;Tôle perforée;;Acier | Acier > Tôle;a5f2bc81-1bc3-abd4-a864-3a20139058d8;;93,92;93,92 € TTC / PC;TTC / PC;InStock;;Poids : 1 Kg;1;0;;https://www.aciersgrosjean.be/toles-perforees-trous-ronds-2000-x-1000-x-2-r5-t8-3;https://www.aciersgrosjean.be/images/thumbs/0005200_f0c57b06129046aca254cd4004821606_625.jpeg;sitemap
1656;TOLES PERFOREES - trous ronds - 2000 x 1000 x 2,0 - R10 T15;Acier;Tôle;Tôle perforée;;Acier | Acier > Tôle;c933dc6a-cfeb-c64f-44f7-3a2013907301;;89,84;89,84 € TTC / PC;TTC / PC;InStock;;Poids : 1 Kg;1;0;;https://www.aciersgrosjean.be/toles-perforees-trous-ronds-2000-x-1000-x-20-r10-t15;https://www.aciersgrosjean.be/images/thumbs/0005180_0ae017cbbdbe40f6a68a6642c37f1cab_625.jpeg;sitemap
1658;TOLES PERFOREES - trous ronds - 2000 x 1000 x 3,0 - R10 T15;Acier;Tôle;Tôle perforée;;Acier | Acier > Tôle;18902a09-a2fb-be52-1994-3a2013907f18;;128,66;128,66 € TTC / PC;TTC / PC;InStock;;Poids : 1 Kg;1;0;;https://www.aciersgrosjean.be/toles-perforees-trous-ronds-2000-x-1000-x-30-r10-t15;https://www.aciersgrosjean.be/images/thumbs/0005182_0ae017cbbdbe40f6a68a6642c37f1cab_625.jpeg;sitemap
1652;TOLES PERFOREES - trous ronds - 2000 x 1000 x 3,0 - R5 T8;Acier;Tôle;Tôle perforée;;Acier | Acier > Tôle;e1e46da3-8111-5205-609e-3a2013906477;;156,68;156,68 € TTC / PC;TTC / PC;InStock;;Poids : 1 Kg;1;0;;https://www.aciersgrosjean.be/toles-perforees-trous-ronds-2000-x-1000-x-30-r5-t8;https://www.aciersgrosjean.be/images/thumbs/0005175_f0c57b06129046aca254cd4004821606_625.jpeg;sitemap
1666;TOLES PERFOREES GALVA - trous ronds - 2000 x 1000 x 2 - R10 T15;Acier;Tôle;Tôle perforée;;Acier | Acier > Tôle;234d247a-8aee-8d63-11d1-3a201390a277;;95,83;95,83 € TTC / PC;TTC / PC;InStock;;Poids : 1 Kg;1;0;;https://www.aciersgrosjean.be/toles-perforees-galva-trous-ronds-2000-x-1000-x-2-r10-t15;https://www.aciersgrosjean.be/images/thumbs/0005190_0ae017cbbdbe40f6a68a6642c37f1cab_625.jpeg;sitemap
1665;TOLES PERFOREES GALVA - trous ronds - 2000 x 1000 x 2,0 - R5 T8;Acier;Tôle;Tôle perforée;;Acier | Acier > Tôle;ef25071a-929d-3be7-4ca6-3a2013909ec8;;103,02;103,02 € TTC / PC;TTC / PC;InStock;;Poids : 1 Kg;1;0;;https://www.aciersgrosjean.be/toles-perforees-galva-trous-ronds-2000-x-1000-x-20-r5-t8;https://www.aciersgrosjean.be/images/thumbs/0005189_f0c57b06129046aca254cd4004821606_625.jpeg;sitemap
876;Tôle de 2000x1000x20mm en acier Quarto;Acier;Tôle;Tôle quarto;;Acier | Acier > Tôle;b7348693-2043-4703-6bff-3a197def4a50;;891,12;891,12 € TTC / PC;TTC / PC;InStock;;Poids : 321.6 Kg;3;1;QUARTO-3.pdf;https://www.aciersgrosjean.be/tôle-en-acier-quarto-de-2000x1000x20mm;https://www.aciersgrosjean.be/images/thumbs/0002173_ca770557973e4a2ab434a6342755a555_625.jpeg | https://www.aciersgrosjean.be/images/thumbs/0002173_ca770557973e4a2ab434a6342755a555.jpeg | https://www.aciersgrosjean.be/images/thumbs/0002174_c9466469d8bc4d9a8154d4f6bf2efa96.jpeg;sitemap
930;Cornière égale 20x20x2mm en aluminium;Aluminium;Produit long en Aluminium;Cornière égale en aluminium;;Aluminium | Aluminium > Produit long en Aluminium;fdfaee77-743d-058a-0d78-3a1b67a16656;;2,18;2,18 € TTC / PC;TTC / PC;InStock;Longueur : 1m / 2m / 3m / 4m / 5m / 6m;Poids : 0.21 Kg;3;0;;https://www.aciersgrosjean.be/cornière-égale-en-aluminium-20x20x2mm;https://www.aciersgrosjean.be/images/thumbs/0004438_9ea65cbd431c4fc8b77ec3babf8dab61_625.jpeg | https://www.aciersgrosjean.be/images/thumbs/0004438_9ea65cbd431c4fc8b77ec3babf8dab61.jpeg | https://www.aciersgrosjean.be/images/thumbs/0004439_d7b5f83c2bc643f29a57d9147f31965a.jpeg;sitemap
931;Cornière égale 25x25x2mm en aluminium;Aluminium;Produit long en Aluminium;Cornière égale en aluminium;;Aluminium | Aluminium > Produit long en Aluminium;2eafbd05-1714-7dea-8534-3a1b67a167b4;;2,69;2,69 € TTC / PC;TTC / PC;InStock;Longueur : 1m / 2m / 3m / 4m / 5m / 6m;Poids : 0.26 Kg;3;0;;https://www.aciersgrosjean.be/cornière-égale-en-aluminium-25x25x2mm;https://www.aciersgrosjean.be/images/thumbs/0004440_9ea65cbd431c4fc8b77ec3babf8dab61_625.jpeg | https://www.aciersgrosjean.be/images/thumbs/0004440_9ea65cbd431c4fc8b77ec3babf8dab61.jpeg | https://www.aciersgrosjean.be/images/thumbs/0004441_d7b5f83c2bc643f29a57d9147f31965a.jpeg;sitemap
932;Cornière égale 30x30x2mm en aluminium;Aluminium;Produit long en Aluminium;Cornière égale en aluminium;;Aluminium | Aluminium > Produit long en Aluminium;473f963f-872e-8c86-a545-3a1b67a16907;;3,32;3,32 € TTC / PC;TTC / PC;InStock;Longueur : 1m / 2m / 3m / 4m / 5m / 6m;Poids : 0.32 Kg;3;0;;https://www.aciersgrosjean.be/cornière-égale-en-aluminium-30x30x2mm;https://www.aciersgrosjean.be/images/thumbs/0004442_9ea65cbd431c4fc8b77ec3babf8dab61_625.jpeg | https://www.aciersgrosjean.be/images/thumbs/0004442_9ea65cbd431c4fc8b77ec3babf8dab61.jpeg | https://www.aciersgrosjean.be/images/thumbs/0004443_d7b5f83c2bc643f29a57d9147f31965a.jpeg;sitemap
933;Cornière égale 30x30x3mm en aluminium;Aluminium;Produit long en Aluminium;Cornière égale en aluminium;;Aluminium | Aluminium > Produit long en Aluminium;ae7c0d88-7268-dd4d-90b0-3a1b67a16a06;;4,76;4,76 € TTC / PC;TTC / PC;InStock;Longueur : 1m / 2m / 3m / 4m / 5m / 6m;Poids : 0.46 Kg;3;0;;https://www.aciersgrosjean.be/cornière-égale-en-aluminium-30x30x3mm;https://www.aciersgrosjean.be/images/thumbs/0004444_9ea65cbd431c4fc8b77ec3babf8dab61_625.jpeg | https://www.aciersgrosjean.be/images/thumbs/0004444_9ea65cbd431c4fc8b77ec3babf8dab61.jpeg | https://www.aciersgrosjean.be/images/thumbs/0004445_d7b5f83c2bc643f29a57d9147f31965a.jpeg;sitemap
935;Cornière égale 40x40x2mm en aluminium;Aluminium;Produit long en Aluminium;Cornière égale en aluminium;;Aluminium | Aluminium > Produit long en Aluminium;17d46b81-a1b2-ded5-fcfe-3a1b67a16be7;;4,45;4,45 € TTC / PC;TTC / PC;InStock;Longueur : 1m / 2m / 3m / 4m / 5m / 6m;Poids : 0.43 Kg;3;0;;https://www.aciersgrosjean.be/cornière-égale-en-aluminium-40x40x2mm;https://www.aciersgrosjean.be/images/thumbs/0004448_9ea65cbd431c4fc8b77ec3babf8dab61_625.jpeg | https://www.aciersgrosjean.be/images/thumbs/0004448_9ea65cbd431c4fc8b77ec3babf8dab61.jpeg | https://www.aciersgrosjean.be/images/thumbs/0004449_d7b5f83c2bc643f29a57d9147f31965a.jpeg;sitemap
936;Cornière égale 40x40x3mm en aluminium;Aluminium;Produit long en Aluminium;Cornière égale en aluminium;;Aluminium | Aluminium > Produit long en Aluminium;51c65160-89ab-591d-909b-3a1b67a16cde;;6,41;6,41 € TTC / PC;TTC / PC;InStock;Longueur : 1m / 2m / 3m / 4m / 5m / 6m;Poids : 0.62 Kg;3;0;;https://www.aciersgrosjean.be/cornière-égale-en-aluminium-40x40x3mm;https://www.aciersgrosjean.be/images/thumbs/0004450_9ea65cbd431c4fc8b77ec3babf8dab61_625.jpeg | https://www.aciersgrosjean.be/images/thumbs/0004450_9ea65cbd431c4fc8b77ec3babf8dab61.jpeg | https://www.aciersgrosjean.be/images/thumbs/0004451_d7b5f83c2bc643f29a57d9147f31965a.jpeg;sitemap
938;Cornière égale 50x50x3mm en aluminium;Aluminium;Produit long en Aluminium;Cornière égale en aluminium;;Aluminium | Aluminium > Produit long en Aluminium;82bff605-cd11-4c19-fd5e-3a1b67a170b6;;8,17;8,17 € TTC / PC;TTC / PC;InStock;Longueur : 1m / 2m / 3m / 4m / 5m / 6m;Poids : 0.79 Kg;3;0;;https://www.aciersgrosjean.be/cornière-égale-en-aluminium-50x50x3mm;https://www.aciersgrosjean.be/images/thumbs/0004454_9ea65cbd431c4fc8b77ec3babf8dab61_625.jpeg | https://www.aciersgrosjean.be/images/thumbs/0004454_9ea65cbd431c4fc8b77ec3babf8dab61.jpeg | https://www.aciersgrosjean.be/images/thumbs/0004455_d7b5f83c2bc643f29a57d9147f31965a.jpeg;sitemap
941;Cornière égale 60x60x3mm en aluminium;Aluminium;Produit long en Aluminium;Cornière égale en aluminium;;Aluminium | Aluminium > Produit long en Aluminium;b3ee48a2-5f42-488f-566c-3a1b67a17587;;9,83;9,83 € TTC / PC;TTC / PC;InStock;Longueur : 1m / 2m / 3m / 4m / 5m / 6m;Poids : 0.95 Kg;3;0;;https://www.aciersgrosjean.be/cornière-égale-en-aluminium-60x60x3mm;https://www.aciersgrosjean.be/images/thumbs/0004460_9ea65cbd431c4fc8b77ec3babf8dab61_625.jpeg | https://www.aciersgrosjean.be/images/thumbs/0004460_9ea65cbd431c4fc8b77ec3babf8dab61.jpeg | https://www.aciersgrosjean.be/images/thumbs/0004461_d7b5f83c2bc643f29a57d9147f31965a.jpeg;sitemap
1001;Plat de 100x5mm en aluminium;Aluminium;Produit long en Aluminium;Plat en aluminium;;Aluminium | Aluminium > Produit long en Aluminium;f21bcb9c-8c6f-6953-6b2f-3a1b67b0e788;;13,96;13,96 € TTC / PC;TTC / PC;InStock;Longueur : 1m / 2m / 3m / 4m / 5m / 6m;Poids : 1.35 Kg;3;0;;https://www.aciersgrosjean.be/plat-en-aluminium-de-100x5mm;https://www.aciersgrosjean.be/images/thumbs/0004556_bb8154a4aad7410bb37ae1141e8b854d_625.jpeg | https://www.aciersgrosjean.be/images/thumbs/0004556_bb8154a4aad7410bb37ae1141e8b854d.jpeg | https://www.aciersgrosjean.be/images/thumbs/0004557_c2140b89f6e54d0fa91f88a602c0cd00.jpeg;sitemap
988;Plat de 20x3mm en aluminium;Aluminium;Produit long en Aluminium;Plat en aluminium;;Aluminium | Aluminium > Produit long en Aluminium;8a358491-0d48-5555-de77-3a1b67b0d6fe;;1,75;1,75 € TTC / PC;TTC / PC;InStock;Longueur : 1m / 2m / 3m / 4m / 5m / 6m;Poids : 0.17 Kg;3;0;;https://www.aciersgrosjean.be/plat-en-aluminium-de-20x3mm;https://www.aciersgrosjean.be/images/thumbs/0004530_bb8154a4aad7410bb37ae1141e8b854d_625.jpeg | https://www.aciersgrosjean.be/images/thumbs/0004530_bb8154a4aad7410bb37ae1141e8b854d.jpeg | https://www.aciersgrosjean.be/images/thumbs/0004531_c2140b89f6e54d0fa91f88a602c0cd00.jpeg;sitemap
989;Plat de 25x3mm en aluminium;Aluminium;Produit long en Aluminium;Plat en aluminium;;Aluminium | Aluminium > Produit long en Aluminium;b0e147dd-c6dd-7b9b-26ba-3a1b67b0d861;;2,18;2,18 € TTC / PC;TTC / PC;InStock;Longueur : 1m / 2m / 3m / 4m / 5m / 6m;Poids : 0.21 Kg;3;0;;https://www.aciersgrosjean.be/plat-en-aluminium-de-25x3mm;https://www.aciersgrosjean.be/images/thumbs/0004532_bb8154a4aad7410bb37ae1141e8b854d_625.jpeg | https://www.aciersgrosjean.be/images/thumbs/0004532_bb8154a4aad7410bb37ae1141e8b854d.jpeg | https://www.aciersgrosjean.be/images/thumbs/0004533_c2140b89f6e54d0fa91f88a602c0cd00.jpeg;sitemap
990;Plat de 30x3mm en aluminium;Aluminium;Produit long en Aluminium;Plat en aluminium;;Aluminium | Aluminium > Produit long en Aluminium;1cd647b2-9fea-5306-d882-3a1b67b0dae3;;2,59;2,59 € TTC / PC;TTC / PC;InStock;Longueur : 1m / 2m / 3m / 4m / 5m / 6m;Poids : 0.25 Kg;3;0;;https://www.aciersgrosjean.be/plat-en-aluminium-de-30x3mm;https://www.aciersgrosjean.be/images/thumbs/0004534_bb8154a4aad7410bb37ae1141e8b854d_625.jpeg | https://www.aciersgrosjean.be/images/thumbs/0004534_bb8154a4aad7410bb37ae1141e8b854d.jpeg | https://www.aciersgrosjean.be/images/thumbs/0004535_c2140b89f6e54d0fa91f88a602c0cd00.jpeg;sitemap
991;Plat de 30x5mm en aluminium;Aluminium;Produit long en Aluminium;Plat en aluminium;;Aluminium | Aluminium > Produit long en Aluminium;b998b5e7-aa86-ec43-8e1d-3a1b67b0dd22;;4,25;4,25 € TTC / PC;TTC / PC;InStock;Longueur : 1m / 2m / 3m / 4m / 5m / 6m;Poids : 0.41 Kg;3;0;;https://www.aciersgrosjean.be/plat-en-aluminium-de-30x5mm;https://www.aciersgrosjean.be/images/thumbs/0004536_bb8154a4aad7410bb37ae1141e8b854d_625.jpeg | https://www.aciersgrosjean.be/images/thumbs/0004536_bb8154a4aad7410bb37ae1141e8b854d.jpeg | https://www.aciersgrosjean.be/images/thumbs/0004537_c2140b89f6e54d0fa91f88a602c0cd00.jpeg;sitemap
993;Plat de 40x3mm en aluminium;Aluminium;Produit long en Aluminium;Plat en aluminium;;Aluminium | Aluminium > Produit long en Aluminium;9367e862-a8af-bb7f-737c-3a1b67b0ded7;;3,41;3,41 € TTC / PC;TTC / PC;InStock;Longueur : 1m / 2m / 3m / 4m / 5m / 6m;Poids : 0.33 Kg;3;0;;https://www.aciersgrosjean.be/plat-en-aluminium-de-40x3mm;https://www.aciersgrosjean.be/images/thumbs/0004540_bb8154a4aad7410bb37ae1141e8b854d_625.jpeg | https://www.aciersgrosjean.be/images/thumbs/0004540_bb8154a4aad7410bb37ae1141e8b854d.jpeg | https://www.aciersgrosjean.be/images/thumbs/0004541_c2140b89f6e54d0fa91f88a602c0cd00.jpeg;sitemap
994;Plat de 40x5mm en aluminium;Aluminium;Produit long en Aluminium;Plat en aluminium;;Aluminium | Aluminium > Produit long en Aluminium;63bba0e8-2126-43fe-684d-3a1b67b0dfa6;;5,59;5,59 € TTC / PC;TTC / PC;InStock;Longueur : 1m / 2m / 3m / 4m / 5m / 6m;Poids : 0.54 Kg;3;0;;https://www.aciersgrosjean.be/plat-en-aluminium-de-40x5mm;https://www.aciersgrosjean.be/images/thumbs/0004542_bb8154a4aad7410bb37ae1141e8b854d_625.jpeg | https://www.aciersgrosjean.be/images/thumbs/0004542_bb8154a4aad7410bb37ae1141e8b854d.jpeg | https://www.aciersgrosjean.be/images/thumbs/0004543_c2140b89f6e54d0fa91f88a602c0cd00.jpeg;sitemap
996;Plat de 50x3mm en aluminium;Aluminium;Produit long en Aluminium;Plat en aluminium;;Aluminium | Aluminium > Produit long en Aluminium;b2e3a326-cc29-6e12-f1ee-3a1b67b0e158;;4,25;4,25 € TTC / PC;TTC / PC;InStock;Longueur : 1m / 2m / 3m / 4m / 5m / 6m;Poids : 0.41 Kg;3;0;;https://www.aciersgrosjean.be/plat-en-aluminium-de-50x3mm;https://www.aciersgrosjean.be/images/thumbs/0004546_bb8154a4aad7410bb37ae1141e8b854d_625.jpeg | https://www.aciersgrosjean.be/images/thumbs/0004546_bb8154a4aad7410bb37ae1141e8b854d.jpeg | https://www.aciersgrosjean.be/images/thumbs/0004547_c2140b89f6e54d0fa91f88a602c0cd00.jpeg;sitemap
997;Plat de 50x5mm en aluminium;Aluminium;Produit long en Aluminium;Plat en aluminium;;Aluminium | Aluminium > Produit long en Aluminium;26b65eae-1249-247c-3038-3a1b67b0e22a;;7,03;7,03 € TTC / PC;TTC / PC;InStock;Longueur : 1m / 2m / 3m / 4m / 5m / 6m;Poids : 0.68 Kg;3;0;;https://www.aciersgrosjean.be/plat-en-aluminium-de-50x5mm;https://www.aciersgrosjean.be/images/thumbs/0004548_bb8154a4aad7410bb37ae1141e8b854d_625.jpeg | https://www.aciersgrosjean.be/images/thumbs/0004548_bb8154a4aad7410bb37ae1141e8b854d.jpeg | https://www.aciersgrosjean.be/images/thumbs/0004549_c2140b89f6e54d0fa91f88a602c0cd00.jpeg;sitemap
999;Plat de 60x5mm en aluminium;Aluminium;Produit long en Aluminium;Plat en aluminium;;Aluminium | Aluminium > Produit long en Aluminium;ebdbaa8e-58b7-fbd2-02a5-3a1b67b0e5c2;;8,39;8,39 € TTC / PC;TTC / PC;InStock;Longueur : 1m / 2m / 3m / 4m / 5m / 6m;Poids : 0.81 Kg;3;0;;https://www.aciersgrosjean.be/plat-en-aluminium-de-60x5mm;https://www.aciersgrosjean.be/images/thumbs/0004552_bb8154a4aad7410bb37ae1141e8b854d_625.jpeg | https://www.aciersgrosjean.be/images/thumbs/0004552_bb8154a4aad7410bb37ae1141e8b854d.jpeg | https://www.aciersgrosjean.be/images/thumbs/0004553_c2140b89f6e54d0fa91f88a602c0cd00.jpeg;sitemap
1000;Plat de 80x5mm en aluminium;Aluminium;Produit long en Aluminium;Plat en aluminium;;Aluminium | Aluminium > Produit long en Aluminium;3da8ddb0-57fa-b3a2-a23e-3a1b67b0e6b1;;11,17;11,17 € TTC / PC;TTC / PC;InStock;Longueur : 1m / 2m / 3m / 4m / 5m / 6m;Poids : 1.08 Kg;3;0;;https://www.aciersgrosjean.be/plat-en-aluminium-de-80x5mm;https://www.aciersgrosjean.be/images/thumbs/0004554_bb8154a4aad7410bb37ae1141e8b854d_625.jpeg | https://www.aciersgrosjean.be/images/thumbs/0004554_bb8154a4aad7410bb37ae1141e8b854d.jpeg | https://www.aciersgrosjean.be/images/thumbs/0004555_c2140b89f6e54d0fa91f88a602c0cd00.jpeg;sitemap
979;Profil en T 20x20x2mm en aluminium;Aluminium;Produit long en Aluminium;Profil en T en aluminium;;Aluminium | Aluminium > Produit long en Aluminium;d281c0ac-b135-4cb3-21a4-3a1b67b0ca76;;2,18;2,18 € TTC / PC;TTC / PC;InStock;Longueur : 1m / 2m / 3m / 4m / 5m / 6m;Poids : 0.21 Kg;3;0;;https://www.aciersgrosjean.be/profil-en-t-en-aluminium-20x20x2mm;https://www.aciersgrosjean.be/images/thumbs/0004507_dd3866850de544e48e0a664d8250efde_625.jpeg | https://www.aciersgrosjean.be/images/thumbs/0004507_dd3866850de544e48e0a664d8250efde.jpeg | https://www.aciersgrosjean.be/images/thumbs/0004508_4e535accfe0349cc8ac848af2898d3bb.jpeg;sitemap
980;Profil en T 25x25x2mm en aluminium;Aluminium;Produit long en Aluminium;Profil en T en aluminium;;Aluminium | Aluminium > Produit long en Aluminium;34b4e2f2-d5b9-f4d1-3d29-3a1b67b0cbf4;;2,80;2,80 € TTC / PC;TTC / PC;InStock;Longueur : 1m / 2m / 3m / 4m / 5m / 6m;Poids : 0.27 Kg;3;0;;https://www.aciersgrosjean.be/profil-en-t-en-aluminium-25x25x2mm;https://www.aciersgrosjean.be/images/thumbs/0004509_dd3866850de544e48e0a664d8250efde_625.jpeg | https://www.aciersgrosjean.be/images/thumbs/0004509_dd3866850de544e48e0a664d8250efde.jpeg | https://www.aciersgrosjean.be/images/thumbs/0004510_4e535accfe0349cc8ac848af2898d3bb.jpeg;sitemap
981;Profil en T 30x30x2mm en aluminium;Aluminium;Produit long en Aluminium;Profil en T en aluminium;;Aluminium | Aluminium > Produit long en Aluminium;5a5212d2-d652-e639-6b59-3a1b67b0cd4e;;3,32;3,32 € TTC / PC;TTC / PC;InStock;Longueur : 1m / 2m / 3m / 4m / 5m / 6m;Poids : 0.32 Kg;3;0;;https://www.aciersgrosjean.be/profil-en-t-en-aluminium-30x30x2mm;https://www.aciersgrosjean.be/images/thumbs/0004511_dd3866850de544e48e0a664d8250efde_625.jpeg | https://www.aciersgrosjean.be/images/thumbs/0004511_dd3866850de544e48e0a664d8250efde.jpeg | https://www.aciersgrosjean.be/images/thumbs/0004512_4e535accfe0349cc8ac848af2898d3bb.jpeg;sitemap
949;Profil en U 20x20x20x2mm en Aluminium;Aluminium;Produit long en Aluminium;Profil en U en Aluminium;;Aluminium | Aluminium > Produit long en Aluminium;bbcd58aa-0cf2-f94f-71db-3a1b67a182cb;;3,11;3,11 € TTC / PC;TTC / PC;InStock;Longueur : 1m / 2m / 3m / 4m / 5m / 6m;Poids : 0.3 Kg;3;0;;https://www.aciersgrosjean.be/profil-en-u-en-aluminium-20x20x20x2mm;https://www.aciersgrosjean.be/images/thumbs/0004481_d2fae24968854c59934f29d57e4ac128_625.jpeg | https://www.aciersgrosjean.be/images/thumbs/0004481_d2fae24968854c59934f29d57e4ac128.jpeg | https://www.aciersgrosjean.be/images/thumbs/0004482_cd1adff35d934b97bc40967560f63344.jpeg;sitemap
950;Profil en U 25x25x25x2mm en Aluminium;Aluminium;Produit long en Aluminium;Profil en U en Aluminium;;Aluminium | Aluminium > Produit long en Aluminium;9896b39a-b359-3d7f-2017-3a1b67a18450;;3,93;3,93 € TTC / PC;TTC / PC;InStock;Longueur : 1m / 2m / 3m / 4m / 5m / 6m;Poids : 0.38 Kg;3;0;;https://www.aciersgrosjean.be/profil-en-u-en-aluminium-25x25x25x2mm;https://www.aciersgrosjean.be/images/thumbs/0004483_d2fae24968854c59934f29d57e4ac128_625.jpeg | https://www.aciersgrosjean.be/images/thumbs/0004483_d2fae24968854c59934f29d57e4ac128.jpeg | https://www.aciersgrosjean.be/images/thumbs/0004484_cd1adff35d934b97bc40967560f63344.jpeg;sitemap
952;Profil en U 40x40x40x2mm en Aluminium;Aluminium;Produit long en Aluminium;Profil en U en Aluminium;;Aluminium | Aluminium > Produit long en Aluminium;8b588a9c-ba0f-b668-510a-3a1b67a186bb;;6,52;6,52 € TTC / PC;TTC / PC;InStock;Longueur : 1m / 2m / 3m / 4m / 5m / 6m;Poids : 0.63 Kg;3;0;;https://www.aciersgrosjean.be/profil-en-u-en-aluminium-40x40x40x2mm;https://www.aciersgrosjean.be/images/thumbs/0004487_d2fae24968854c59934f29d57e4ac128_625.jpeg | https://www.aciersgrosjean.be/images/thumbs/0004487_d2fae24968854c59934f29d57e4ac128.jpeg | https://www.aciersgrosjean.be/images/thumbs/0004488_cd1adff35d934b97bc40967560f63344.jpeg;sitemap
951;Profil en U en 30x30x30x2mm Aluminium;Aluminium;Produit long en Aluminium;Profil en U en Aluminium;;Aluminium | Aluminium > Produit long en Aluminium;579b84e7-4efd-616a-c8a8-3a1b67a185e5;;4,76;4,76 € TTC / PC;TTC / PC;InStock;Longueur : 1m / 2m / 3m / 4m / 5m / 6m;Poids : 0.46 Kg;3;0;;https://www.aciersgrosjean.be/profil-en-u-en-aluminium-30x30x30x2mm;https://www.aciersgrosjean.be/images/thumbs/0004485_d2fae24968854c59934f29d57e4ac128_625.jpeg | https://www.aciersgrosjean.be/images/thumbs/0004485_d2fae24968854c59934f29d57e4ac128.jpeg | https://www.aciersgrosjean.be/images/thumbs/0004486_cd1adff35d934b97bc40967560f63344.jpeg;sitemap
1011;Tôle de 2000x1000x1mm en aluminium;Aluminium;Tole Alu;Tôle plane en Aluminium;;Aluminium | Aluminium > Tole Alu;dec16987-ce4c-e109-eb28-3a1b67976ef1;;56,41;56,41 € TTC / PC;TTC / PC;InStock;;Poids : 5.55 Kg;3;0;;https://www.aciersgrosjean.be/tôle-plane-en-aluminium-de-2000x1000x1mm-4;https://www.aciersgrosjean.be/images/thumbs/0004352_44d69f17442543279343b1bda7307530_625.jpeg | https://www.aciersgrosjean.be/images/thumbs/0004352_44d69f17442543279343b1bda7307530.jpeg | https://www.aciersgrosjean.be/images/thumbs/0004353_c9466469d8bc4d9a8154d4f6bf2efa96.jpeg;sitemap
1014;Tôle de 2000x1000x2mm en aluminium;Aluminium;Tole Alu;Tôle plane en Aluminium;;Aluminium | Aluminium > Tole Alu;8acc9b7f-0ed9-30ae-5868-3a1b679774ed;;112,92;112,92 € TTC / PC;TTC / PC;InStock;;Poids : 11.11 Kg;3;0;;https://www.aciersgrosjean.be/tôle-plane-en-aluminium-de-2000x1000x2mm-2;https://www.aciersgrosjean.be/images/thumbs/0004358_44d69f17442543279343b1bda7307530_625.jpeg | https://www.aciersgrosjean.be/images/thumbs/0004358_44d69f17442543279343b1bda7307530.jpeg | https://www.aciersgrosjean.be/images/thumbs/0004359_c9466469d8bc4d9a8154d4f6bf2efa96.jpeg;sitemap
1017;Tôle de 2000x1000x3mm en aluminium;Aluminium;Tole Alu;Tôle plane en Aluminium;;Aluminium | Aluminium > Tole Alu;e82de17b-0a38-1792-f0c0-3a1b67a14d6d;;169,33;169,33 € TTC / PC;TTC / PC;InStock;;Poids : 16.66 Kg;3;0;;https://www.aciersgrosjean.be/tôle-plane-en-aluminium-de-2000x1000x3mm-2;https://www.aciersgrosjean.be/images/thumbs/0004366_44d69f17442543279343b1bda7307530_625.jpeg | https://www.aciersgrosjean.be/images/thumbs/0004366_44d69f17442543279343b1bda7307530.jpeg | https://www.aciersgrosjean.be/images/thumbs/0004367_c9466469d8bc4d9a8154d4f6bf2efa96.jpeg;sitemap
1012;Tôle de 2500x1250x1mm en aluminium;Aluminium;Tole Alu;Tôle plane en Aluminium;;Aluminium | Aluminium > Tole Alu;775f4bf8-c956-a0a3-51ea-3a1b679771af;;88,22;88,22 € TTC / PC;TTC / PC;InStock;;Poids : 8.68 Kg;3;0;;https://www.aciersgrosjean.be/tôle-plane-en-aluminium-de-2500x1250x1mm-2;https://www.aciersgrosjean.be/images/thumbs/0004364_44d69f17442543279343b1bda7307530_625.jpeg | https://www.aciersgrosjean.be/images/thumbs/0004364_44d69f17442543279343b1bda7307530.jpeg | https://www.aciersgrosjean.be/images/thumbs/0004365_c9466469d8bc4d9a8154d4f6bf2efa96.jpeg;sitemap
1015;Tôle de 2500x1250x2mm en aluminium;Aluminium;Tole Alu;Tôle plane en Aluminium;;Aluminium | Aluminium > Tole Alu;cfa44ad2-ff41-5c0d-54cd-3a1b67a1498e;;176,44;176,44 € TTC / PC;TTC / PC;InStock;;Poids : 17.36 Kg;3;0;;https://www.aciersgrosjean.be/tôle-plane-en-aluminium-de-2500x1250x2mm-2;https://www.aciersgrosjean.be/images/thumbs/0004360_44d69f17442543279343b1bda7307530_625.jpeg | https://www.aciersgrosjean.be/images/thumbs/0004360_44d69f17442543279343b1bda7307530.jpeg | https://www.aciersgrosjean.be/images/thumbs/0004361_c9466469d8bc4d9a8154d4f6bf2efa96.jpeg;sitemap
1018;Tôle de 2500x1250x3mm en aluminium;Aluminium;Tole Alu;Tôle plane en Aluminium;;Aluminium | Aluminium > Tole Alu;9b156c96-d350-ae85-320e-3a1b67a14e4f;;264,57;264,57 € TTC / PC;TTC / PC;InStock;;Poids : 26.03 Kg;3;0;;https://www.aciersgrosjean.be/tôle-plane-en-aluminium-de-2500x1250x3mm-2;https://www.aciersgrosjean.be/images/thumbs/0004368_44d69f17442543279343b1bda7307530_625.jpeg | https://www.aciersgrosjean.be/images/thumbs/0004368_44d69f17442543279343b1bda7307530.jpeg | https://www.aciersgrosjean.be/images/thumbs/0004369_c9466469d8bc4d9a8154d4f6bf2efa96.jpeg;sitemap
1013;Tôle de 3000x1500x1mm en aluminium;Aluminium;Tole Alu;Tôle plane en Aluminium;;Aluminium | Aluminium > Tole Alu;c849bc65-00ab-d9e0-6496-3a1b6797736c;;127,05;127,05 € TTC / PC;TTC / PC;InStock;;Poids : 12.5 Kg;3;0;;https://www.aciersgrosjean.be/tôle-plane-en-aluminium-de-3000x1500x1mm-2;https://www.aciersgrosjean.be/images/thumbs/0004356_44d69f17442543279343b1bda7307530_625.jpeg | https://www.aciersgrosjean.be/images/thumbs/0004356_44d69f17442543279343b1bda7307530.jpeg | https://www.aciersgrosjean.be/images/thumbs/0004357_c9466469d8bc4d9a8154d4f6bf2efa96.jpeg;sitemap
1016;Tôle de 3000x1500x2mm en aluminium;Aluminium;Tole Alu;Tôle plane en Aluminium;;Aluminium | Aluminium > Tole Alu;25255a35-8c06-266f-a73f-3a1b67a14b70;;254,00;254,00 € TTC / PC;TTC / PC;InStock;;Poids : 24.99 Kg;3;0;;https://www.aciersgrosjean.be/tôle-plane-en-aluminium-de-3000x1500x2mm-2;https://www.aciersgrosjean.be/images/thumbs/0004362_44d69f17442543279343b1bda7307530_625.jpeg | https://www.aciersgrosjean.be/images/thumbs/0004362_44d69f17442543279343b1bda7307530.jpeg | https://www.aciersgrosjean.be/images/thumbs/0004363_c9466469d8bc4d9a8154d4f6bf2efa96.jpeg;sitemap
1019;Tôle de 3000x1500x3mm en aluminium;Aluminium;Tole Alu;Tôle plane en Aluminium;;Aluminium | Aluminium > Tole Alu;cd23ad69-18eb-3acb-0347-3a1b67a14f30;;381,05;381,05 € TTC / PC;TTC / PC;InStock;;Poids : 37.49 Kg;3;0;;https://www.aciersgrosjean.be/tôle-plane-en-aluminium-de-3000x1500x3mm-2;https://www.aciersgrosjean.be/images/thumbs/0004370_44d69f17442543279343b1bda7307530_625.jpeg | https://www.aciersgrosjean.be/images/thumbs/0004370_44d69f17442543279343b1bda7307530.jpeg | https://www.aciersgrosjean.be/images/thumbs/0004371_c9466469d8bc4d9a8154d4f6bf2efa96.jpeg;sitemap
1026;Tôle striée de 2000x1000x2,5/4mm en aluminium;Aluminium;Tole Alu;Tôle striée en aluminium;;Aluminium | Aluminium > Tole Alu;7c567cfe-15d5-77e0-49d6-3a1b67a157fb;;152,46;152,46 € TTC / PC;TTC / PC;InStock;;Poids : 15 Kg;3;0;;https://www.aciersgrosjean.be/tôle-striée-en-aluminium-de-2000x1000x254mm-2;https://www.aciersgrosjean.be/images/thumbs/0004405_0b545054b57d46c7a4d518df819c1381_625.jpeg | https://www.aciersgrosjean.be/images/thumbs/0004405_0b545054b57d46c7a4d518df819c1381.jpeg | https://www.aciersgrosjean.be/images/thumbs/0004406_c9466469d8bc4d9a8154d4f6bf2efa96.jpeg;sitemap
1029;Tôle striée de 2000x1000x3,5/5mm en aluminium;Aluminium;Tole Alu;Tôle striée en aluminium;;Aluminium | Aluminium > Tole Alu;4c31414c-abb2-f35a-a9ad-3a1b67a15ba4;;216,49;216,49 € TTC / PC;TTC / PC;InStock;;Poids : 21.3 Kg;3;0;;https://www.aciersgrosjean.be/tôle-striée-en-aluminium-de-2000x1000x355mm-2;https://www.aciersgrosjean.be/images/thumbs/0004412_0b545054b57d46c7a4d518df819c1381_625.jpeg | https://www.aciersgrosjean.be/images/thumbs/0004412_0b545054b57d46c7a4d518df819c1381.jpeg | https://www.aciersgrosjean.be/images/thumbs/0004413_c9466469d8bc4d9a8154d4f6bf2efa96.jpeg;sitemap
1032;Tôle striée de 2000x1000x5/7mm en aluminium;Aluminium;Tole Alu;Tôle striée en aluminium;;Aluminium | Aluminium > Tole Alu;8e943029-2576-7598-6068-3a1b67a15e4a;;304,92;304,92 € TTC / PC;TTC / PC;InStock;;Poids : 30 Kg;3;0;;https://www.aciersgrosjean.be/tôle-striée-en-aluminium-de-2000x1000x57mm-2;https://www.aciersgrosjean.be/images/thumbs/0004418_0b545054b57d46c7a4d518df819c1381_625.jpeg | https://www.aciersgrosjean.be/images/thumbs/0004418_0b545054b57d46c7a4d518df819c1381.jpeg | https://www.aciersgrosjean.be/images/thumbs/0004419_c9466469d8bc4d9a8154d4f6bf2efa96.jpeg;sitemap
1027;Tôle striée de 2500x1250x2,5/4mm en aluminium;Aluminium;Tole Alu;Tôle striée en aluminium;;Aluminium | Aluminium > Tole Alu;1158fb0b-5d6d-55f7-b3b0-3a1b67a15984;;238,25;238,25 € TTC / PC;TTC / PC;InStock;;Poids : 23.44 Kg;3;0;;https://www.aciersgrosjean.be/tôle-striée-en-aluminium-de-2500x1250x254mm-2;https://www.aciersgrosjean.be/images/thumbs/0004407_0b545054b57d46c7a4d518df819c1381_625.jpeg | https://www.aciersgrosjean.be/images/thumbs/0004407_0b545054b57d46c7a4d518df819c1381.jpeg | https://www.aciersgrosjean.be/images/thumbs/0004408_c9466469d8bc4d9a8154d4f6bf2efa96.jpeg;sitemap
1030;Tôle striée de 2500x1250x3,5/5mm en aluminium;Aluminium;Tole Alu;Tôle striée en aluminium;;Aluminium | Aluminium > Tole Alu;732169ec-b9ef-bef9-775d-3a1b67a15ca5;;338,26;338,26 € TTC / PC;TTC / PC;InStock;;Poids : 33.28 Kg;3;0;;https://www.aciersgrosjean.be/tôle-striée-en-aluminium-de-2500x1250x355mm-2;https://www.aciersgrosjean.be/images/thumbs/0004414_0b545054b57d46c7a4d518df819c1381_625.jpeg | https://www.aciersgrosjean.be/images/thumbs/0004414_0b545054b57d46c7a4d518df819c1381.jpeg | https://www.aciersgrosjean.be/images/thumbs/0004415_c9466469d8bc4d9a8154d4f6bf2efa96.jpeg;sitemap
1033;Tôle striée de 2500x1250x5/7mm en aluminium;Aluminium;Tole Alu;Tôle striée en aluminium;;Aluminium | Aluminium > Tole Alu;6c5e863f-ea3b-910b-2c1a-3a1b67a15f94;;476,49;476,49 € TTC / PC;TTC / PC;InStock;;Poids : 46.88 Kg;3;0;;https://www.aciersgrosjean.be/tôle-striée-en-aluminium-de-2500x1250x57mm-2;https://www.aciersgrosjean.be/images/thumbs/0004420_0b545054b57d46c7a4d518df819c1381_625.jpeg | https://www.aciersgrosjean.be/images/thumbs/0004420_0b545054b57d46c7a4d518df819c1381.jpeg | https://www.aciersgrosjean.be/images/thumbs/0004421_c9466469d8bc4d9a8154d4f6bf2efa96.jpeg;sitemap
1028;Tôle striée de 3000x1500x2,5/4mm en aluminium;Aluminium;Tole Alu;Tôle striée en aluminium;;Aluminium | Aluminium > Tole Alu;28e17301-43dc-3318-a713-3a1b67a15ad1;;343,04;343,04 € TTC / PC;TTC / PC;InStock;;Poids : 33.75 Kg;3;0;;https://www.aciersgrosjean.be/tôle-striée-en-aluminium-de-3000x1500x254mm-2;https://www.aciersgrosjean.be/images/thumbs/0004409_0b545054b57d46c7a4d518df819c1381_625.jpeg | https://www.aciersgrosjean.be/images/thumbs/0004409_0b545054b57d46c7a4d518df819c1381.jpeg | https://www.aciersgrosjean.be/images/thumbs/0004411_c9466469d8bc4d9a8154d4f6bf2efa96.jpeg;sitemap
1031;Tôle striée de 3000x1500x3,5/5mm en aluminium;Aluminium;Tole Alu;Tôle striée en aluminium;;Aluminium | Aluminium > Tole Alu;f72f5bb5-4b3a-5c5e-179f-3a1b67a15d80;;487,16;487,16 € TTC / PC;TTC / PC;InStock;;Poids : 47.93 Kg;3;0;;https://www.aciersgrosjean.be/tôle-striée-en-aluminium-de-3000x1500x355mm-2;https://www.aciersgrosjean.be/images/thumbs/0004416_0b545054b57d46c7a4d518df819c1381_625.jpeg | https://www.aciersgrosjean.be/images/thumbs/0004416_0b545054b57d46c7a4d518df819c1381.jpeg | https://www.aciersgrosjean.be/images/thumbs/0004417_c9466469d8bc4d9a8154d4f6bf2efa96.jpeg;sitemap
1034;Tôle striée de 3000x1500x5/7mm en aluminium;Aluminium;Tole Alu;Tôle striée en aluminium;;Aluminium | Aluminium > Tole Alu;6a03237e-110d-f9eb-fa56-3a1b67a16078;;686,07;686,07 € TTC / PC;TTC / PC;InStock;;Poids : 67.5 Kg;3;0;;https://www.aciersgrosjean.be/tôle-striée-en-aluminium-de-3000x1500x57mm-2;https://www.aciersgrosjean.be/images/thumbs/0004422_0b545054b57d46c7a4d518df819c1381_625.jpeg | https://www.aciersgrosjean.be/images/thumbs/0004422_0b545054b57d46c7a4d518df819c1381.jpeg | https://www.aciersgrosjean.be/images/thumbs/0004423_c9466469d8bc4d9a8154d4f6bf2efa96.jpeg;sitemap
959;Tube carré de 15x15x2mm en aluminium;Aluminium;Tube Alu;Tube carré en aluminium;;Aluminium | Aluminium > Tube Alu;1f6f932e-1725-b5f7-bd50-3a1b67b0b1d5;;3,21;3,21 € TTC / PC;TTC / PC;InStock;Longueur : 1m / 2m / 3m / 4m / 5m / 6m;Poids : 0.31 Kg;3;0;;https://www.aciersgrosjean.be/tube-carré-en-aluminium-de-15x15x2mm;https://www.aciersgrosjean.be/images/thumbs/0004564_078644d871ff466b8db49e39134ffbce_625.jpeg | https://www.aciersgrosjean.be/images/thumbs/0004564_078644d871ff466b8db49e39134ffbce.jpeg | https://www.aciersgrosjean.be/images/thumbs/0004565_80c8fa5449bc4e6aa4dc8ffe7827b261.jpeg;sitemap
960;Tube carré de 20x20x2mm en aluminium;Aluminium;Tube Alu;Tube carré en aluminium;;Aluminium | Aluminium > Tube Alu;654dfd53-9970-2b48-40af-3a1b67b0b2ca;;4,03;4,03 € TTC / PC;TTC / PC;InStock;Longueur : 1m / 2m / 3m / 4m / 5m / 6m;Poids : 0.39 Kg;3;0;;https://www.aciersgrosjean.be/tube-carré-en-aluminium-de-20x20x2mm;https://www.aciersgrosjean.be/images/thumbs/0004566_078644d871ff466b8db49e39134ffbce_625.jpeg | https://www.aciersgrosjean.be/images/thumbs/0004566_078644d871ff466b8db49e39134ffbce.jpeg | https://www.aciersgrosjean.be/images/thumbs/0004567_80c8fa5449bc4e6aa4dc8ffe7827b261.jpeg;sitemap
961;Tube carré de 25x25x2mm en aluminium;Aluminium;Tube Alu;Tube carré en aluminium;;Aluminium | Aluminium > Tube Alu;6e408448-ff73-e534-f845-3a1b67b0b3c6;;5,18;5,18 € TTC / PC;TTC / PC;InStock;Longueur : 1m / 2m / 3m / 4m / 5m / 6m;Poids : 0.5 Kg;3;0;;https://www.aciersgrosjean.be/tube-carré-en-aluminium-de-25x25x2mm;https://www.aciersgrosjean.be/images/thumbs/0004568_078644d871ff466b8db49e39134ffbce_625.jpeg | https://www.aciersgrosjean.be/images/thumbs/0004568_078644d871ff466b8db49e39134ffbce.jpeg | https://www.aciersgrosjean.be/images/thumbs/0004569_80c8fa5449bc4e6aa4dc8ffe7827b261.jpeg;sitemap
963;Tube carré de 35x35x2mm en aluminium;Aluminium;Tube Alu;Tube carré en aluminium;;Aluminium | Aluminium > Tube Alu;28f7a9f6-1075-3561-44e7-3a1b67b0b598;;7,34;7,34 € TTC / PC;TTC / PC;InStock;Longueur : 1m / 2m / 3m / 4m / 5m / 6m;Poids : 0.71 Kg;3;0;;https://www.aciersgrosjean.be/tube-carré-en-aluminium-de-35x35x2mm;https://www.aciersgrosjean.be/images/thumbs/0004572_078644d871ff466b8db49e39134ffbce_625.jpeg | https://www.aciersgrosjean.be/images/thumbs/0004572_078644d871ff466b8db49e39134ffbce.jpeg | https://www.aciersgrosjean.be/images/thumbs/0004573_80c8fa5449bc4e6aa4dc8ffe7827b261.jpeg;sitemap
964;Tube carré de 40x40x2mm en aluminium;Aluminium;Tube Alu;Tube carré en aluminium;;Aluminium | Aluminium > Tube Alu;d35c6387-b15f-0312-7d8e-3a1b67b0b67a;;8,48;8,48 € TTC / PC;TTC / PC;InStock;Longueur : 1m / 2m / 3m / 4m / 5m / 6m;Poids : 0.82 Kg;3;0;;https://www.aciersgrosjean.be/tube-carré-en-aluminium-de-40x40x2mm;https://www.aciersgrosjean.be/images/thumbs/0004574_078644d871ff466b8db49e39134ffbce_625.jpeg | https://www.aciersgrosjean.be/images/thumbs/0004574_078644d871ff466b8db49e39134ffbce.jpeg | https://www.aciersgrosjean.be/images/thumbs/0004575_80c8fa5449bc4e6aa4dc8ffe7827b261.jpeg;sitemap
965;Tube carré de 40x40x3mm en aluminium;Aluminium;Tube Alu;Tube carré en aluminium;;Aluminium | Aluminium > Tube Alu;a5025fbb-f9b8-403e-8c37-3a1b67b0b75a;;12,41;12,41 € TTC / PC;TTC / PC;InStock;Longueur : 1m / 2m / 3m / 4m / 5m / 6m;Poids : 1.2 Kg;3;0;;https://www.aciersgrosjean.be/tube-carré-en-aluminium-de-40x40x3mm;https://www.aciersgrosjean.be/images/thumbs/0004576_078644d871ff466b8db49e39134ffbce_625.jpeg | https://www.aciersgrosjean.be/images/thumbs/0004576_078644d871ff466b8db49e39134ffbce.jpeg | https://www.aciersgrosjean.be/images/thumbs/0004577_80c8fa5449bc4e6aa4dc8ffe7827b261.jpeg;sitemap
967;Tube carré de 50x50x2mm en aluminium;Aluminium;Tube Alu;Tube carré en aluminium;;Aluminium | Aluminium > Tube Alu;ab7b1a70-4cbe-1054-ccf7-3a1b67b0b901;;10,76;10,76 € TTC / PC;TTC / PC;InStock;Longueur : 1m / 2m / 3m / 4m / 5m / 6m;Poids : 1.04 Kg;3;0;;https://www.aciersgrosjean.be/tube-carré-en-aluminium-de-50x50x2mm;https://www.aciersgrosjean.be/images/thumbs/0004580_078644d871ff466b8db49e39134ffbce_625.jpeg | https://www.aciersgrosjean.be/images/thumbs/0004580_078644d871ff466b8db49e39134ffbce.jpeg | https://www.aciersgrosjean.be/images/thumbs/0004581_80c8fa5449bc4e6aa4dc8ffe7827b261.jpeg;sitemap
1575;Tube carré de 60x60x3mm en aluminium;Aluminium;Tube Alu;Tube carré en aluminium;;Aluminium | Aluminium > Tube Alu;c8ae66ba-cf31-5812-9cad-3a1f1c0d1d12;;19,14;19,14 € TTC / PC;TTC / PC;InStock;Longueur : 1m / 2m / 3m / 4m / 5m / 6m;Poids : 1.85 Kg;3;0;;https://www.aciersgrosjean.be/tube-carré-de-60x60x3mm-en-aluminium;https://www.aciersgrosjean.be/images/thumbs/0004857_078644d871ff466b8db49e39134ffbce_625.jpeg | https://www.aciersgrosjean.be/images/thumbs/0004857_078644d871ff466b8db49e39134ffbce.jpeg | https://www.aciersgrosjean.be/images/thumbs/0004858_80c8fa5449bc4e6aa4dc8ffe7827b261.jpeg;sitemap
969;Tube rectangle de 30x20x2mm en aluminium;Aluminium;Tube Alu;Tube rectangle en aluminium;;Aluminium | Aluminium > Tube Alu;b41bb8d6-00a1-328a-8b5a-3a1b67b0be00;;5,18;5,18 € TTC / PC;TTC / PC;InStock;Longueur : 1m / 2m / 3m / 4m / 5m / 6m;Poids : 0.5 Kg;3;0;;https://www.aciersgrosjean.be/tube-rectangle-en-aluminium-de-30x20x2mm;https://www.aciersgrosjean.be/images/thumbs/0004584_ff248b62307a4df491383ee3cf9378d3_625.jpeg | https://www.aciersgrosjean.be/images/thumbs/0004584_ff248b62307a4df491383ee3cf9378d3.jpeg | https://www.aciersgrosjean.be/images/thumbs/0004585_c21eb1ec1a974da9a33a531c864be4c5.jpeg;sitemap
971;Tube rectangle de 50x30x2mm en aluminium;Aluminium;Tube Alu;Tube rectangle en aluminium;;Aluminium | Aluminium > Tube Alu;ff95897a-aae8-c92a-a6aa-3a1b67b0c0e7;;8,48;8,48 € TTC / PC;TTC / PC;InStock;Longueur : 1m / 2m / 3m / 4m / 5m / 6m;Poids : 0.82 Kg;3;0;;https://www.aciersgrosjean.be/tube-rectangle-en-aluminium-de-50x30x2mm;https://www.aciersgrosjean.be/images/thumbs/0004588_ff248b62307a4df491383ee3cf9378d3_625.jpeg | https://www.aciersgrosjean.be/images/thumbs/0004588_ff248b62307a4df491383ee3cf9378d3.jpeg | https://www.aciersgrosjean.be/images/thumbs/0004589_c21eb1ec1a974da9a33a531c864be4c5.jpeg;sitemap
973;Tube rectangle de 60x30x3mm en aluminium;Aluminium;Tube Alu;Tube rectangle en aluminium;;Aluminium | Aluminium > Tube Alu;fff12ac3-5dee-36e0-ba5b-3a1b67b0c2c3;;14,07;14,07 € TTC / PC;TTC / PC;InStock;Longueur : 1m / 2m / 3m / 4m / 5m / 6m;Poids : 1.36 Kg;3;0;;https://www.aciersgrosjean.be/tube-rectangle-en-aluminium-de-60x30x3mm;https://www.aciersgrosjean.be/images/thumbs/0004592_ff248b62307a4df491383ee3cf9378d3_625.jpeg | https://www.aciersgrosjean.be/images/thumbs/0004592_ff248b62307a4df491383ee3cf9378d3.jpeg | https://www.aciersgrosjean.be/images/thumbs/0004593_c21eb1ec1a974da9a33a531c864be4c5.jpeg;sitemap
974;Tube rectangle de 60x40x2mm en aluminium;Aluminium;Tube Alu;Tube rectangle en aluminium;;Aluminium | Aluminium > Tube Alu;5472cac1-7824-4907-6007-3a1b67b0c3ad;;10,76;10,76 € TTC / PC;TTC / PC;InStock;Longueur : 1m / 2m / 3m / 4m / 5m / 6m;Poids : 1.04 Kg;3;0;;https://www.aciersgrosjean.be/tube-rectangle-en-aluminium-de-60x40x2mm;https://www.aciersgrosjean.be/images/thumbs/0004594_ff248b62307a4df491383ee3cf9378d3_625.jpeg | https://www.aciersgrosjean.be/images/thumbs/0004594_ff248b62307a4df491383ee3cf9378d3.jpeg | https://www.aciersgrosjean.be/images/thumbs/0004595_c21eb1ec1a974da9a33a531c864be4c5.jpeg;sitemap
975;Tube rectangle de 60x40x3mm en aluminium;Aluminium;Tube Alu;Tube rectangle en aluminium;;Aluminium | Aluminium > Tube Alu;17ef2010-4752-75d2-9e7d-3a1b67b0c47a;;15,73;15,73 € TTC / PC;TTC / PC;InStock;Longueur : 1m / 2m / 3m / 4m / 5m / 6m;Poids : 1.52 Kg;3;0;;https://www.aciersgrosjean.be/tube-rectangle-en-aluminium-de-60x40x3mm;https://www.aciersgrosjean.be/images/thumbs/0004596_ff248b62307a4df491383ee3cf9378d3_625.jpeg | https://www.aciersgrosjean.be/images/thumbs/0004596_ff248b62307a4df491383ee3cf9378d3.jpeg | https://www.aciersgrosjean.be/images/thumbs/0004597_c21eb1ec1a974da9a33a531c864be4c5.jpeg;sitemap
1003;Tube rond de 20x2mm en aluminium;Aluminium;Tube Alu;Tube rond en aluminium;;Aluminium | Aluminium > Tube Alu;dcfc7109-87b4-9bda-3da4-3a1b67b0ea61;;3,21;3,21 € TTC / PC;TTC / PC;InStock;Longueur : 1m / 2m / 3m / 4m / 5m / 6m;Poids : 0.31 Kg;3;0;;https://www.aciersgrosjean.be/tube-rond-en-aluminium-de-20x2mm;https://www.aciersgrosjean.be/images/thumbs/0004608_e5425110ce5c466e97b6baa91fd49565_625.jpeg | https://www.aciersgrosjean.be/images/thumbs/0004608_e5425110ce5c466e97b6baa91fd49565.jpeg | https://www.aciersgrosjean.be/images/thumbs/0004609_c04852ce9aec40249d1269bd849b1aa6.jpeg;sitemap
1004;Tube rond de 25x2mm en aluminium;Aluminium;Tube Alu;Tube rond en aluminium;;Aluminium | Aluminium > Tube Alu;2e6b95e1-59df-084b-6bbc-3a1b67b0ebb1;;4,03;4,03 € TTC / PC;TTC / PC;InStock;Longueur : 1m / 2m / 3m / 4m / 5m / 6m;Poids : 0.39 Kg;3;0;;https://www.aciersgrosjean.be/tube-rond-en-aluminium-de-25x2mm;https://www.aciersgrosjean.be/images/thumbs/0004610_e5425110ce5c466e97b6baa91fd49565_625.jpeg | https://www.aciersgrosjean.be/images/thumbs/0004610_e5425110ce5c466e97b6baa91fd49565.jpeg | https://www.aciersgrosjean.be/images/thumbs/0004611_c04852ce9aec40249d1269bd849b1aa6.jpeg;sitemap
1005;Tube rond de 30x2mm en aluminium;Aluminium;Tube Alu;Tube rond en aluminium;;Aluminium | Aluminium > Tube Alu;8d44a6e5-6d7b-f6e9-1dd7-3a1b67b0ec87;;4,96;4,96 € TTC / PC;TTC / PC;InStock;Longueur : 1m / 2m / 3m / 4m / 5m / 6m;Poids : 0.48 Kg;3;0;;https://www.aciersgrosjean.be/tube-rond-en-aluminium-de-30x2mm;https://www.aciersgrosjean.be/images/thumbs/0004612_e5425110ce5c466e97b6baa91fd49565_625.jpeg | https://www.aciersgrosjean.be/images/thumbs/0004612_e5425110ce5c466e97b6baa91fd49565.jpeg | https://www.aciersgrosjean.be/images/thumbs/0004613_c04852ce9aec40249d1269bd849b1aa6.jpeg;sitemap
1006;Tube rond de 35x2mm en aluminium;Aluminium;Tube Alu;Tube rond en aluminium;;Aluminium | Aluminium > Tube Alu;008f93a5-3d67-c8a2-62e7-3a1b67b0ed60;;5,80;5,80 € TTC / PC;TTC / PC;InStock;Longueur : 1m / 2m / 3m / 4m / 5m / 6m;Poids : 0.56 Kg;3;0;;https://www.aciersgrosjean.be/tube-rond-en-aluminium-de-35x2mm;https://www.aciersgrosjean.be/images/thumbs/0004614_e5425110ce5c466e97b6baa91fd49565_625.jpeg | https://www.aciersgrosjean.be/images/thumbs/0004614_e5425110ce5c466e97b6baa91fd49565.jpeg | https://www.aciersgrosjean.be/images/thumbs/0004615_c04852ce9aec40249d1269bd849b1aa6.jpeg;sitemap
1007;Tube rond de 40x2mm en aluminium;Aluminium;Tube Alu;Tube rond en aluminium;;Aluminium | Aluminium > Tube Alu;b072a894-c956-f0f4-f56c-3a1b67b0ee41;;6,62;6,62 € TTC / PC;TTC / PC;InStock;Longueur : 1m / 2m / 3m / 4m / 5m / 6m;Poids : 0.64 Kg;3;0;;https://www.aciersgrosjean.be/tube-rond-en-aluminium-de-40x2mm;https://www.aciersgrosjean.be/images/thumbs/0004616_e5425110ce5c466e97b6baa91fd49565_625.jpeg | https://www.aciersgrosjean.be/images/thumbs/0004616_e5425110ce5c466e97b6baa91fd49565.jpeg | https://www.aciersgrosjean.be/images/thumbs/0004617_c04852ce9aec40249d1269bd849b1aa6.jpeg;sitemap
1675;Bordure en acier Corten® 150/25 x 2500mm;Clôture & jardin;Aménagement;Bordure Corten et Galva;;Clôture & jardin | Clôture & jardin > Aménagement;06be655a-2b87-2a49-f81f-3a207eb31bc1;;45,41;45,41 € TTC / PC;TTC / PC;InStock;;;3;0;;https://www.aciersgrosjean.be/bordure-en-acier-corten-15025-x-2500mm;https://www.aciersgrosjean.be/images/thumbs/0005238_bordure-en-acier-corten-15025-x-2500mm_625.jpeg | https://www.aciersgrosjean.be/images/thumbs/0005238_bordure-en-acier-corten-15025-x-2500mm.jpeg | https://www.aciersgrosjean.be/images/thumbs/0005239_bordure-en-acier-corten-15025-x-2500mm.jpeg;sitemap
1674;Bordure en acier galvanisé 150/25 x 2500mm;Clôture & jardin;Aménagement;Bordure Corten et Galva;;Clôture & jardin | Clôture & jardin > Aménagement;db13acab-55f2-1093-1cbc-3a207eb3f9ee;;41,74;41,74 € TTC / PC;TTC / PC;InStock;;;3;0;;https://www.aciersgrosjean.be/bordure-galva-15025;https://www.aciersgrosjean.be/images/thumbs/0005245_bordure-en-acier-galvanise-15025-x-2500mm_625.jpeg | https://www.aciersgrosjean.be/images/thumbs/0005245_bordure-en-acier-galvanise-15025-x-2500mm.jpeg | https://www.aciersgrosjean.be/images/thumbs/0005246_bordure-en-acier-galvanise-15025-x-2500mm.jpeg;sitemap
1547;BRIDE RAPIDE EN INOX;Clôture & jardin;Clôture;Fixation clôture;;Clôture & jardin | Clôture & jardin > Clôture;23a44bdc-ac69-4ef5-7284-3a1ef2d68fb8;;0,64;0,64 € TTC / PC;TTC / PC;InStock;;Poids : 1 Kg;1;0;;https://www.aciersgrosjean.be/brides-rapides-inox-3;https://www.aciersgrosjean.be/images/thumbs/0004846_9f733380e1ca416e8c113b2fabda822c_625.jpeg;sitemap
1551;CLÉ DE MONTAGE BRIDE RAPIDE;Clôture & jardin;Clôture;Fixation clôture;;Clôture & jardin | Clôture & jardin > Clôture;147af9f8-edfc-d12b-fc9d-3a1ef2d69c6d;;23,43;23,43 € TTC / PC;TTC / PC;InStock;;Poids : 1 Kg;1;0;;https://www.aciersgrosjean.be/cle-de-montage-bride-rapide-3;https://www.aciersgrosjean.be/images/thumbs/0004839_72bb0675675d4aa592f7e4cfa30b2f4d_625.jpeg;sitemap
1549;FIXATION BRIDE 30 NV NOIR;Clôture & jardin;Clôture;Fixation clôture;;Clôture & jardin | Clôture & jardin > Clôture;23cfd3f2-29c8-e268-91a2-3a1ef2d69685;;1,61;1,61 € TTC / PC;TTC / PC;InStock;;Poids : 1 Kg;1;0;;https://www.aciersgrosjean.be/fixations-brides-30-noir-3;https://www.aciersgrosjean.be/images/thumbs/0004844_65c72d63757645099bad50fde9b1ab4e_625.jpeg;sitemap
1550;KIT 12 SERVEURS CLOGRIFF 64;Clôture & jardin;Clôture;Fixation clôture;;Clôture & jardin | Clôture & jardin > Clôture;87987fa6-a0ec-7aca-a00d-3a1ef2d6998e;;5,95;5,95 € TTC / PC;TTC / PC;InStock;;Poids : 1 Kg;3;0;;https://www.aciersgrosjean.be/kit-12-serveurs-clogriff-64-3;https://www.aciersgrosjean.be/images/thumbs/0004842_e38c4492ee6a486398ac7ba6047c28a9_625.jpeg | https://www.aciersgrosjean.be/images/thumbs/0004842_e38c4492ee6a486398ac7ba6047c28a9.jpeg | https://www.aciersgrosjean.be/images/thumbs/0004843_491cd5517de244ebacd631361137cc45.jpeg;sitemap
1548;KIT 50 FIXATIONS BRIDES 30 NV NOIR;Clôture & jardin;Clôture;Fixation clôture;;Clôture & jardin | Clôture & jardin > Clôture;79e330fe-ea46-bbed-de08-3a1ef2d692ea;;74,50;74,50 € TTC / PC;TTC / PC;InStock;;Poids : 1 Kg;1;0;;https://www.aciersgrosjean.be/kit-50-fixations-brides-30-noir-3;https://www.aciersgrosjean.be/images/thumbs/0004845_5a92a74c31624cbd946b4cae93b78394_625.jpeg;sitemap
1544;PANNEAUX MEDIUM 3D Fils 5/4 – H.1m53 – GRIS RAL 7016;Clôture & jardin;Clôture;Panneaux clôture;;Clôture & jardin | Clôture & jardin > Clôture;90ec56bf-75ae-158a-c4fc-3a1ef2d68695;;31,62;31,62 € TTC / PC;TTC / PC;InStock;;Poids : 1 Kg;3;1;AG - CLONOR - CLOPLUS 40 - NOTICE DE POSE.pdf;https://www.aciersgrosjean.be/panneau-plis-3d-fil-54-1530x2504-gris-3;https://www.aciersgrosjean.be/images/thumbs/0004902_a039030e4c9e4c9d8a25bf192ce8b374_625.jpeg | https://www.aciersgrosjean.be/images/thumbs/0004902_a039030e4c9e4c9d8a25bf192ce8b374.jpeg | https://www.aciersgrosjean.be/images/thumbs/0004947_730f52a466874b4fb84fd8e2b48e6449.jpeg;sitemap
1541;PANNEAUX MEDIUM 3D Fils 5/4 – H.1m53 – NOIR RAL 9005;Clôture & jardin;Clôture;Panneaux clôture;;Clôture & jardin | Clôture & jardin > Clôture;2f71dac7-f702-f7d7-98fa-3a1ef2d67c99;;31,62;31,62 € TTC / PC;TTC / PC;InStock;;Poids : 1 Kg;3;1;AG - CLONOR - CLOPLUS 40 - NOTICE DE POSE.pdf;https://www.aciersgrosjean.be/panneau-plis-3d-fil-54-1530x2504-noir-3;https://www.aciersgrosjean.be/images/thumbs/0004899_8317b0bb2ad64f4e8ccc71f43d021731_625.jpeg | https://www.aciersgrosjean.be/images/thumbs/0004899_8317b0bb2ad64f4e8ccc71f43d021731.jpeg | https://www.aciersgrosjean.be/images/thumbs/0004944_ecc6340a836a4f0a9114e94987f4545c.jpeg;sitemap
1538;PANNEAUX MEDIUM 3D Fils 5/4 – H.1m53 – VERT RAL 6005;Clôture & jardin;Clôture;Panneaux clôture;;Clôture & jardin | Clôture & jardin > Clôture;c06dba1e-707b-abdf-204f-3a1ef2d67419;;31,62;31,62 € TTC / PC;TTC / PC;InStock;;Poids : 1 Kg;3;1;AG - CLONOR - CLOPLUS 40 - NOTICE DE POSE.pdf;https://www.aciersgrosjean.be/panneau-plis-3d-fil-54-1530x2504-vert-3;https://www.aciersgrosjean.be/images/thumbs/0004896_55fe1c3dd03d41bcabb9f0d8459c5963_625.jpeg | https://www.aciersgrosjean.be/images/thumbs/0004896_55fe1c3dd03d41bcabb9f0d8459c5963.jpeg | https://www.aciersgrosjean.be/images/thumbs/0004941_345b263236d64be3919b9a88a13602b3.jpeg;sitemap
1545;PANNEAUX MEDIUM 3D Fils 5/4 – H.1m73 – GRIS RAL 7016;Clôture & jardin;Clôture;Panneaux clôture;;Clôture & jardin | Clôture & jardin > Clôture;a7628162-a4c6-af49-3330-3a1ef2d6896f;;34,09;34,09 € TTC / PC;TTC / PC;InStock;;Poids : 1 Kg;3;1;AG - CLONOR - CLOPLUS 40 - NOTICE DE POSE.pdf;https://www.aciersgrosjean.be/panneau-plis-3d-fil-54-1730x2504-gris-3;https://www.aciersgrosjean.be/images/thumbs/0004903_a039030e4c9e4c9d8a25bf192ce8b374_625.jpeg | https://www.aciersgrosjean.be/images/thumbs/0004903_a039030e4c9e4c9d8a25bf192ce8b374.jpeg | https://www.aciersgrosjean.be/images/thumbs/0004948_730f52a466874b4fb84fd8e2b48e6449.jpeg;sitemap
1542;PANNEAUX MEDIUM 3D Fils 5/4 – H.1m73 – NOIR RAL 9005;Clôture & jardin;Clôture;Panneaux clôture;;Clôture & jardin | Clôture & jardin > Clôture;c24961dc-b2ed-969e-3025-3a1ef2d67faa;;34,09;34,09 € TTC / PC;TTC / PC;InStock;;Poids : 1 Kg;3;1;AG - CLONOR - CLOPLUS 40 - NOTICE DE POSE.pdf;https://www.aciersgrosjean.be/panneaux-medium-3d-fils-54-h1m73-noir-ral-9005;https://www.aciersgrosjean.be/images/thumbs/0004900_panneaux-medium-3d-fils-54-h1m73-noir-ral-9005_625.jpeg | https://www.aciersgrosjean.be/images/thumbs/0004900_panneaux-medium-3d-fils-54-h1m73-noir-ral-9005.jpeg | https://www.aciersgrosjean.be/images/thumbs/0004945_panneaux-medium-3d-fils-54-h1m73-noir-ral-9005.jpeg;sitemap
1539;PANNEAUX MEDIUM 3D Fils 5/4 – H.1m73 – VERT RAL 6005;Clôture & jardin;Clôture;Panneaux clôture;;Clôture & jardin | Clôture & jardin > Clôture;c9bf3a6b-4fa5-36e8-19cc-3a1ef2d67703;;34,09;34,09 € TTC / PC;TTC / PC;InStock;;Poids : 1 Kg;3;1;AG - CLONOR - CLOPLUS 40 - NOTICE DE POSE.pdf;https://www.aciersgrosjean.be/panneau-plis-3d-fil-54-1730x2504-vert-3;https://www.aciersgrosjean.be/images/thumbs/0004897_55fe1c3dd03d41bcabb9f0d8459c5963_625.jpeg | https://www.aciersgrosjean.be/images/thumbs/0004897_55fe1c3dd03d41bcabb9f0d8459c5963.jpeg | https://www.aciersgrosjean.be/images/thumbs/0004942_345b263236d64be3919b9a88a13602b3.jpeg;sitemap
1546;PANNEAUX MEDIUM 3D Fils 5/4 – H.1m93 – GRIS RAL 7016;Clôture & jardin;Clôture;Panneaux clôture;;Clôture & jardin | Clôture & jardin > Clôture;db25d33c-4289-a9ca-9288-3a1ef2d68c89;;36,81;36,81 € TTC / PC;TTC / PC;InStock;;Poids : 1 Kg;3;1;AG - CLONOR - CLOPLUS 40 - NOTICE DE POSE.pdf;https://www.aciersgrosjean.be/panneau-plis-3d-fil-54-1930x2504-gris-3;https://www.aciersgrosjean.be/images/thumbs/0004904_a039030e4c9e4c9d8a25bf192ce8b374_625.jpeg | https://www.aciersgrosjean.be/images/thumbs/0004904_a039030e4c9e4c9d8a25bf192ce8b374.jpeg | https://www.aciersgrosjean.be/images/thumbs/0004949_730f52a466874b4fb84fd8e2b48e6449.jpeg;sitemap
1543;PANNEAUX MEDIUM 3D Fils 5/4 – H.1m93 – NOIR RAL 9005;Clôture & jardin;Clôture;Panneaux clôture;;Clôture & jardin | Clôture & jardin > Clôture;449b3382-bd54-09b9-58b9-3a1ef2d682a1;;36,81;36,81 € TTC / PC;TTC / PC;InStock;;Poids : 1 Kg;3;1;AG - CLONOR - CLOPLUS 40 - NOTICE DE POSE.pdf;https://www.aciersgrosjean.be/panneau-plis-3d-fil-54-1930x2504-noir-3;https://www.aciersgrosjean.be/images/thumbs/0004901_8317b0bb2ad64f4e8ccc71f43d021731_625.jpeg | https://www.aciersgrosjean.be/images/thumbs/0004901_8317b0bb2ad64f4e8ccc71f43d021731.jpeg | https://www.aciersgrosjean.be/images/thumbs/0004946_ecc6340a836a4f0a9114e94987f4545c.jpeg;sitemap
1540;PANNEAUX MEDIUM 3D Fils 5/4 – H.1m93 – VERT RAL 6005;Clôture & jardin;Clôture;Panneaux clôture;;Clôture & jardin | Clôture & jardin > Clôture;02a0eaca-614c-7273-4e3b-3a1ef2d679b6;;36,81;36,81 € TTC / PC;TTC / PC;InStock;;Poids : 1 Kg;3;1;AG - CLONOR - CLOPLUS 40 - NOTICE DE POSE.pdf;https://www.aciersgrosjean.be/panneau-plis-3d-fil-54-1930x2504-vert-3;https://www.aciersgrosjean.be/images/thumbs/0004898_55fe1c3dd03d41bcabb9f0d8459c5963_625.jpeg | https://www.aciersgrosjean.be/images/thumbs/0004898_55fe1c3dd03d41bcabb9f0d8459c5963.jpeg | https://www.aciersgrosjean.be/images/thumbs/0004943_345b263236d64be3919b9a88a13602b3.jpeg;sitemap
1536;PANNEAUX PLIS 205 Fils 5/5 – 3D - H. 1m73 – GRIS 7016;Clôture & jardin;Clôture;Panneaux clôture;;Clôture & jardin | Clôture & jardin > Clôture;bfff59f6-22ea-e214-106d-3a1ef2d66d99;;60,03;60,03 € TTC / PC;TTC / PC;InStock;;Poids : 1 Kg;3;2;AG - CLONOR - CLOGRIFF 64 - NOTICE DE POSE.pdf | AG - CLONOR - CLOPLUS 40 - NOTICE DE POSE(1).pdf;https://www.aciersgrosjean.be/panneau-plis-3d-fil-55-1730x2505-gris-3;https://www.aciersgrosjean.be/images/thumbs/0004910_3114fabcd75a4b50a13ae67121557cf4_625.jpeg | https://www.aciersgrosjean.be/images/thumbs/0004910_3114fabcd75a4b50a13ae67121557cf4.jpeg | https://www.aciersgrosjean.be/images/thumbs/0004939_730f52a466874b4fb84fd8e2b48e6449.jpeg;sitemap
1533;PANNEAUX PLIS 205 Fils 5/5 – 3D - H. 1m73 – NOIR RAL 9005;Clôture & jardin;Clôture;Panneaux clôture;;Clôture & jardin | Clôture & jardin > Clôture;1b1ef0f7-e172-212c-f869-3a1ef2d66432;;60,03;60,03 € TTC / PC;TTC / PC;InStock;;Poids : 1 Kg;3;2;GAG - FT-CP40-Plis205.pdf | AG - CLONOR - CLOGRIFF 64 - NOTICE DE POSE.pdf;https://www.aciersgrosjean.be/panneau-plis-3d-fil-55-1730x2505-noir-3;https://www.aciersgrosjean.be/images/thumbs/0004907_f0815ef21ddb4994bcd183d7a95129b3_625.jpeg | https://www.aciersgrosjean.be/images/thumbs/0004907_f0815ef21ddb4994bcd183d7a95129b3.jpeg | https://www.aciersgrosjean.be/images/thumbs/0004936_ecc6340a836a4f0a9114e94987f4545c.jpeg;sitemap
1537;PANNEAUX PLIS 205 Fils 5/5 – 3D - H. 1m93 – GRIS 7016;Clôture & jardin;Clôture;Panneaux clôture;;Clôture & jardin | Clôture & jardin > Clôture;01f8243e-d6a0-1111-ef51-3a1ef2d670e3;;64,34;64,34 € TTC / PC;TTC / PC;InStock;;Poids : 1 Kg;3;2;AG - CLONOR - CLOPLUS 40 - NOTICE DE POSE.pdf | AG - CLONOR - CLOGRIFF 64 - NOTICE DE POSE.pdf;https://www.aciersgrosjean.be/panneau-plis-3d-fil-55-1930x2505-gris-3;https://www.aciersgrosjean.be/images/thumbs/0004911_3114fabcd75a4b50a13ae67121557cf4_625.jpeg | https://www.aciersgrosjean.be/images/thumbs/0004911_3114fabcd75a4b50a13ae67121557cf4.jpeg | https://www.aciersgrosjean.be/images/thumbs/0004940_730f52a466874b4fb84fd8e2b48e6449.jpeg;sitemap
1534;PANNEAUX PLIS 205 Fils 5/5 – 3D - H. 1m93 – NOIR RAL 9005;Clôture & jardin;Clôture;Panneaux clôture;;Clôture & jardin | Clôture & jardin > Clôture;d6449903-f530-ec0c-08e2-3a1ef2d6672d;;64,34;64,34 € TTC / PC;TTC / PC;InStock;;Poids : 1 Kg;3;2;GAG - FT-CP40-Plis205.pdf | AG - CLONOR - CLOGRIFF 64 - NOTICE DE POSE.pdf;https://www.aciersgrosjean.be/panneaux-plis-205-fils-55-3d-h-1m93-noir-ral-9005;https://www.aciersgrosjean.be/images/thumbs/0004908_panneaux-plis-205-fils-55-3d-h-1m93-noir-ral-9005_625.jpeg | https://www.aciersgrosjean.be/images/thumbs/0004908_panneaux-plis-205-fils-55-3d-h-1m93-noir-ral-9005.jpeg | https://www.aciersgrosjean.be/images/thumbs/0004937_ecc6340a836a4f0a9114e94987f4545c.jpeg;sitemap
1507;POTEAU DE CLOTURE CLOPLUS 40 – 2M00 - GRIS RAL 7016;Clôture & jardin;Clôture;Poteaux clôture;;Clôture & jardin | Clôture & jardin > Clôture;39b39858-46dd-1d7e-6af9-3a1ef2d61884;;35,88;35,88 € TTC / PC;TTC / PC;InStock;;Poids : 1 Kg;1;2;AG - CLONOR - CLOPLUS 40 - NOTICE DE POSE.pdf | GAG - FT-CP40-Plis205.pdf;https://www.aciersgrosjean.be/poteau-cloplus-40-at-lt2000-avec-trou-gris-2;https://www.aciersgrosjean.be/images/thumbs/0004892_2e6acae7bac2449e928270e06c154fa4_625.jpeg;sitemap
1504;POTEAU DE CLOTURE CLOPLUS 40 – 2M00 - NOIR RAL 9005;Clôture & jardin;Clôture;Poteaux clôture;;Clôture & jardin | Clôture & jardin > Clôture;eee0f1dc-fb2e-dbd0-85ee-3a1ef2d61014;;35,88;35,88 € TTC / PC;TTC / PC;InStock;;Poids : 1 Kg;1;2;AG - CLONOR - CLOPLUS 40 - NOTICE DE POSE.pdf | GAG - FT-CP40-Plis205.pdf;https://www.aciersgrosjean.be/poteau-cloplus-40-at-lt2000-avec-trou-noir-2;https://www.aciersgrosjean.be/images/thumbs/0004890_96f2fbf2a318465097bcaa24518e94cb_625.jpeg;sitemap
1501;POTEAU DE CLOTURE CLOPLUS 40 – 2M00 - VERT RAL 6005;Clôture & jardin;Clôture;Poteaux clôture;;Clôture & jardin | Clôture & jardin > Clôture;0581ce8b-022d-8c0c-5b68-3a1ef2d6060b;;35,88;35,88 € TTC / PC;TTC / PC;InStock;;Poids : 1 Kg;1;2;GAG - FT-CP40-Plis205.pdf | AG - CLONOR - CLOPLUS 40 - NOTICE DE POSE.pdf;https://www.aciersgrosjean.be/poteau-cloplus-40-at-lt2000-avec-trou-vert-2;https://www.aciersgrosjean.be/images/thumbs/0004887_ae575272fed141ffb2a32c8985df4327_625.jpeg;sitemap
1508;POTEAU DE CLOTURE CLOPLUS 40 – 2M30 - GRIS RAL 7016;Clôture & jardin;Clôture;Poteaux clôture;;Clôture & jardin | Clôture & jardin > Clôture;5321dc43-feab-1d3e-47a4-3a1ef2d61b63;;39,45;39,45 € TTC / PC;TTC / PC;InStock;;Poids : 1 Kg;1;2;AG - CLONOR - CLOPLUS 40 - NOTICE DE POSE.pdf | GAG - FT-CP40-Plis205.pdf;https://www.aciersgrosjean.be/poteau-cloplus-40-at-lt2300-avec-trou-gris-2;https://www.aciersgrosjean.be/images/thumbs/0004893_2e6acae7bac2449e928270e06c154fa4_625.jpeg;sitemap
1505;POTEAU DE CLOTURE CLOPLUS 40 – 2M30 - NOIR RAL 9005;Clôture & jardin;Clôture;Poteaux clôture;;Clôture & jardin | Clôture & jardin > Clôture;3c6bea84-1d69-1ed2-75fb-3a1ef2d612e0;;39,45;39,45 € TTC / PC;TTC / PC;InStock;;Poids : 1 Kg;1;2;AG - CLONOR - CLOPLUS 40 - NOTICE DE POSE.pdf | GAG - FT-CP40-Plis205.pdf;https://www.aciersgrosjean.be/poteau-cloplus-40-at-lt2300-avec-trou-noir-2;https://www.aciersgrosjean.be/images/thumbs/0004895_96f2fbf2a318465097bcaa24518e94cb_625.jpeg;sitemap
1502;POTEAU DE CLOTURE CLOPLUS 40 – 2M30 - VERT RAL 6005;Clôture & jardin;Clôture;Poteaux clôture;;Clôture & jardin | Clôture & jardin > Clôture;1bc44833-8dee-b612-f922-3a1ef2d60aa8;;39,45;39,45 € TTC / PC;TTC / PC;InStock;;Poids : 1 Kg;1;2;AG - CLONOR - CLOPLUS 40 - NOTICE DE POSE.pdf | GAG - FT-CP40-Plis205.pdf;https://www.aciersgrosjean.be/poteau-cloplus-40-at-lt2300-avec-trou-vert-2;https://www.aciersgrosjean.be/images/thumbs/0004888_ae575272fed141ffb2a32c8985df4327_625.jpeg;sitemap
1509;POTEAU DE CLOTURE CLOPLUS 40 – 2M50 - GRIS RAL 7016;Clôture & jardin;Clôture;Poteaux clôture;;Clôture & jardin | Clôture & jardin > Clôture;1ebb30f0-66fe-5087-fa22-3a1ef2d61ea9;;41,47;41,47 € TTC / PC;TTC / PC;InStock;;Poids : 1 Kg;1;2;AG - CLONOR - CLOPLUS 40 - NOTICE DE POSE.pdf | GAG - FT-CP40-Plis205.pdf;https://www.aciersgrosjean.be/poteau-cloplus-40-at-lt2500-avec-trou-gris-2;https://www.aciersgrosjean.be/images/thumbs/0004894_2e6acae7bac2449e928270e06c154fa4_625.jpeg;sitemap
1506;POTEAU DE CLOTURE CLOPLUS 40 – 2M50 - NOIR RAL 9005;Clôture & jardin;Clôture;Poteaux clôture;;Clôture & jardin | Clôture & jardin > Clôture;f615db8c-0440-c5a7-8b3d-3a1ef2d615c4;;41,47;41,47 € TTC / PC;TTC / PC;InStock;;Poids : 1 Kg;1;2;AG - CLONOR - CLOPLUS 40 - NOTICE DE POSE.pdf | GAG - FT-CP40-Plis205.pdf;https://www.aciersgrosjean.be/poteau-cloplus-40-at-lt2500-avec-trou-noir-2;https://www.aciersgrosjean.be/images/thumbs/0004891_96f2fbf2a318465097bcaa24518e94cb_625.jpeg;sitemap
1503;POTEAU DE CLOTURE CLOPLUS 40 – 2M50 - VERT RAL 6005;Clôture & jardin;Clôture;Poteaux clôture;;Clôture & jardin | Clôture & jardin > Clôture;33872c65-2dd6-a5ff-85f5-3a1ef2d60d51;;41,47;41,47 € TTC / PC;TTC / PC;InStock;;Poids : 1 Kg;1;2;AG - CLONOR - CLOPLUS 40 - NOTICE DE POSE.pdf | GAG - FT-CP40-Plis205.pdf;https://www.aciersgrosjean.be/poteau-cloplus-40-at-lt2500-avec-trou-vert-2;https://www.aciersgrosjean.be/images/thumbs/0004889_ae575272fed141ffb2a32c8985df4327_625.jpeg;sitemap
1524;POTEAU DE CLÔTURE CLOGRIFF 64 – 2M00 - NOIR RAL 9005;Clôture & jardin;Clôture;Poteaux clôture;;Clôture & jardin | Clôture & jardin > Clôture;42d63856-00ab-967a-f182-3a1ef2d64a56;;27,29;27,29 € TTC / PC;TTC / PC;InStock;;Poids : 1 Kg;1;1;GAG - FT-CG64-Plis205.pdf;https://www.aciersgrosjean.be/poteaux-à-encoche-longueur-2000-noir-3;https://www.aciersgrosjean.be/images/thumbs/0004879_b943349689ec4c6ca3bba4bfadb55db9_625.jpeg;sitemap
1520;POTEAU DE CLÔTURE CLOGRIFF 64 – 2M00 - VERT RAL 6005;Clôture & jardin;Clôture;Poteaux clôture;;Clôture & jardin | Clôture & jardin > Clôture;352761bc-88b5-bd7f-d72f-3a1ef2d63e25;;27,29;27,29 € TTC / PC;TTC / PC;InStock;;Poids : 1 Kg;1;1;GAG - FT-CG64-Plis205.pdf;https://www.aciersgrosjean.be/poteaux-à-encoche-longueur-2000-vert-3;https://www.aciersgrosjean.be/images/thumbs/0004875_44feafb7670a4e628b6892c51c15b3ab_625.jpeg;sitemap
1528;POTEAU DE CLÔTURE CLOGRIFF 64 – 2M00 -GRIS RAL 7016;Clôture & jardin;Clôture;Poteaux clôture;;Clôture & jardin | Clôture & jardin > Clôture;d171695b-29ec-58ab-823c-3a1ef2d655c7;;27,29;27,29 € TTC / PC;TTC / PC;InStock;;Poids : 1 Kg;1;1;GAG - FT-CG64-Plis205.pdf;https://www.aciersgrosjean.be/poteau-de-clôture-clogriff-64-2m00-gris-ral-7016;https://www.aciersgrosjean.be/images/thumbs/0004885_poteau-de-cloture-clogriff-64-2m00-gris-ral-7016_625.jpeg;sitemap
1525;POTEAU DE CLÔTURE CLOGRIFF 64 – 2M30 - NOIR RAL 9005;Clôture & jardin;Clôture;Poteaux clôture;;Clôture & jardin | Clôture & jardin > Clôture;c54651ca-aedf-001f-128f-3a1ef2d64d24;;30,46;30,46 € TTC / PC;TTC / PC;InStock;;Poids : 1 Kg;1;1;GAG - FT-CG64-Plis205.pdf;https://www.aciersgrosjean.be/poteaux-à-encoche-longueur-2300-noir-3;https://www.aciersgrosjean.be/images/thumbs/0004880_b943349689ec4c6ca3bba4bfadb55db9_625.jpeg;sitemap
1521;POTEAU DE CLÔTURE CLOGRIFF 64 – 2M30 - VERT RAL 6005;Clôture & jardin;Clôture;Poteaux clôture;;Clôture & jardin | Clôture & jardin > Clôture;d55269e0-2fb6-82f2-5791-3a1ef2d64140;;30,46;30,46 € TTC / PC;TTC / PC;InStock;;Poids : 1 Kg;1;1;GAG - FT-CG64-Plis205.pdf;https://www.aciersgrosjean.be/poteaux-à-encoche-longueur-2300-vert-3;https://www.aciersgrosjean.be/images/thumbs/0004876_44feafb7670a4e628b6892c51c15b3ab_625.jpeg;sitemap
1526;POTEAU DE CLÔTURE CLOGRIFF 64 – 2M50 - NOIR RAL 9005;Clôture & jardin;Clôture;Poteaux clôture;;Clôture & jardin | Clôture & jardin > Clôture;a5afe5e5-0579-10b6-aca5-3a1ef2d6501a;;32,38;32,38 € TTC / PC;TTC / PC;InStock;;Poids : 1 Kg;1;1;GAG - FT-CG64-Plis205.pdf;https://www.aciersgrosjean.be/poteaux-à-encoche-longueur-2500-noir-3;https://www.aciersgrosjean.be/images/thumbs/0004881_b943349689ec4c6ca3bba4bfadb55db9_625.jpeg;sitemap
1522;POTEAU DE CLÔTURE CLOGRIFF 64 – 2M50 - VERT RAL 6005;Clôture & jardin;Clôture;Poteaux clôture;;Clôture & jardin | Clôture & jardin > Clôture;83700b0d-363b-b757-c721-3a1ef2d64447;;32,38;32,38 € TTC / PC;TTC / PC;InStock;;Poids : 1 Kg;1;1;GAG - FT-CG64-Plis205.pdf;https://www.aciersgrosjean.be/poteaux-à-encoche-longueur-2500-vert-3;https://www.aciersgrosjean.be/images/thumbs/0004877_44feafb7670a4e628b6892c51c15b3ab_625.jpeg;sitemap
1579;POTEAU DE CLÔTURE CLOGRIFF 64 – 2M50 - VERT RAL 7016;Clôture & jardin;Clôture;Poteaux clôture;;Clôture & jardin | Clôture & jardin > Clôture;930ff43e-8186-eb47-5655-3a1f208c6bcc;;32,38;32,38 € TTC / PC;TTC / PC;InStock;;Poids : 1 Kg;1;1;GAG - FT-CG64-Plis205.pdf;https://www.aciersgrosjean.be/poteau-de-clôture-clogriff-64-2m50-vert-ral-7016;https://www.aciersgrosjean.be/images/thumbs/0004886_373a60c43e634f1288b0487c3f70ea60_625.jpeg;sitemap
1052;Cornière égale 20x20x3mm en Inox;Inox;Produit long Inox;Cornière égale en Inox;;Inox | Inox > Produit long Inox;f3147f2e-2252-49be-3b3a-3a1b86811ac6;;8,30;8,30 € TTC / PC;TTC / PC;InStock;Longueur : 1m / 2m / 3m / 4m / 5m / 6m;Poids : 0.9 Kg;3;0;;https://www.aciersgrosjean.be/cornière-égale-en-inox-20x20x3mm;https://www.aciersgrosjean.be/images/thumbs/0004680_a35b9e0245624d0886e7b1810eb39945_625.jpeg | https://www.aciersgrosjean.be/images/thumbs/0004680_a35b9e0245624d0886e7b1810eb39945.jpeg | https://www.aciersgrosjean.be/images/thumbs/0004681_d7b5f83c2bc643f29a57d9147f31965a.jpeg;sitemap
1053;Cornière égale 25x25x3mm en Inox;Inox;Produit long Inox;Cornière égale en Inox;;Inox | Inox > Produit long Inox;7752c749-33ea-fa7c-1db1-3a1b86811c2b;;10,04;10,04 € TTC / PC;TTC / PC;InStock;Longueur : 1m / 2m / 3m / 4m / 5m / 6m;Poids : 1.15 Kg;3;0;;https://www.aciersgrosjean.be/cornière-égale-en-inox-25x25x3mm;https://www.aciersgrosjean.be/images/thumbs/0004682_a35b9e0245624d0886e7b1810eb39945_625.jpeg | https://www.aciersgrosjean.be/images/thumbs/0004682_a35b9e0245624d0886e7b1810eb39945.jpeg | https://www.aciersgrosjean.be/images/thumbs/0004683_d7b5f83c2bc643f29a57d9147f31965a.jpeg;sitemap
1054;Cornière égale 30x30x3mm en Inox;Inox;Produit long Inox;Cornière égale en Inox;;Inox | Inox > Produit long Inox;3dd5c3b5-8448-5fe7-4eeb-3a1b86811d73;;12,05;12,05 € TTC / PC;TTC / PC;InStock;Longueur : 1m / 2m / 3m / 4m / 5m / 6m;Poids : 1.38 Kg;3;0;;https://www.aciersgrosjean.be/cornière-égale-en-inox-30x30x3mm;https://www.aciersgrosjean.be/images/thumbs/0004684_a35b9e0245624d0886e7b1810eb39945_625.jpeg | https://www.aciersgrosjean.be/images/thumbs/0004684_a35b9e0245624d0886e7b1810eb39945.jpeg | https://www.aciersgrosjean.be/images/thumbs/0004685_d7b5f83c2bc643f29a57d9147f31965a.jpeg;sitemap
1055;Cornière égale 40x40x4mm en Inox;Inox;Produit long Inox;Cornière égale en Inox;;Inox | Inox > Produit long Inox;0fca11a1-fa17-6f48-5b6b-3a1b86811e50;;21,67;21,67 € TTC / PC;TTC / PC;InStock;Longueur : 1m / 2m / 3m / 4m / 5m / 6m;Poids : 2.48 Kg;3;0;;https://www.aciersgrosjean.be/cornière-égale-en-inox-40x40x4mm;https://www.aciersgrosjean.be/images/thumbs/0004686_a35b9e0245624d0886e7b1810eb39945_625.jpeg | https://www.aciersgrosjean.be/images/thumbs/0004686_a35b9e0245624d0886e7b1810eb39945.jpeg | https://www.aciersgrosjean.be/images/thumbs/0004687_d7b5f83c2bc643f29a57d9147f31965a.jpeg;sitemap
1056;Cornière égale 50x50x5mm en Inox;Inox;Produit long Inox;Cornière égale en Inox;;Inox | Inox > Produit long Inox;e6b86e11-28f8-b9b1-5b9c-3a1b86811f39;;33,64;33,64 € TTC / PC;TTC / PC;InStock;Longueur : 1m / 2m / 3m / 4m / 5m / 6m;Poids : 3.85 Kg;3;0;;https://www.aciersgrosjean.be/cornière-égale-en-inox-50x50x5mm;https://www.aciersgrosjean.be/images/thumbs/0004688_a35b9e0245624d0886e7b1810eb39945_625.jpeg | https://www.aciersgrosjean.be/images/thumbs/0004688_a35b9e0245624d0886e7b1810eb39945.jpeg | https://www.aciersgrosjean.be/images/thumbs/0004689_d7b5f83c2bc643f29a57d9147f31965a.jpeg;sitemap
1057;Plat 20x3mm en Inox 304;Inox;Produit long Inox;Plat en Inox;;Inox | Inox > Produit long Inox;32ac3d43-e86b-c918-6461-3a1b868121bc;;3,79;3,79 € TTC / PC;TTC / PC;InStock;Longueur : 1m / 2m / 3m / 4m / 5m / 6m;Poids : 0.48 Kg;3;0;;https://www.aciersgrosjean.be/plat-en-inox-20x3mm;https://www.aciersgrosjean.be/images/thumbs/0004691_615d544f89574d65ba9c62867707314c_625.jpeg | https://www.aciersgrosjean.be/images/thumbs/0004691_615d544f89574d65ba9c62867707314c.jpeg | https://www.aciersgrosjean.be/images/thumbs/0004692_c2140b89f6e54d0fa91f88a602c0cd00.jpeg;sitemap
1058;Plat 20x5mm en Inox 304;Inox;Produit long Inox;Plat en Inox;;Inox | Inox > Produit long Inox;c3360865-20a8-91c3-a2b8-3a1b86812330;;6,32;6,32 € TTC / PC;TTC / PC;InStock;Longueur : 1m / 2m / 3m / 4m / 5m / 6m;Poids : 0.8 Kg;3;0;;https://www.aciersgrosjean.be/plat-en-inox20x5mm;https://www.aciersgrosjean.be/images/thumbs/0004693_615d544f89574d65ba9c62867707314c_625.jpeg | https://www.aciersgrosjean.be/images/thumbs/0004693_615d544f89574d65ba9c62867707314c.jpeg | https://www.aciersgrosjean.be/images/thumbs/0004694_c2140b89f6e54d0fa91f88a602c0cd00.jpeg;sitemap
1059;Plat 25x3mm en Inox 304;Inox;Produit long Inox;Plat en Inox;;Inox | Inox > Produit long Inox;57f67534-b3a4-68b3-5655-3a1b86812555;;4,74;4,74 € TTC / PC;TTC / PC;InStock;Longueur : 1m / 2m / 3m / 4m / 5m / 6m;Poids : 0.6 Kg;3;0;;https://www.aciersgrosjean.be/plat-en-inox-25x3mm;https://www.aciersgrosjean.be/images/thumbs/0004695_615d544f89574d65ba9c62867707314c_625.jpeg | https://www.aciersgrosjean.be/images/thumbs/0004695_615d544f89574d65ba9c62867707314c.jpeg | https://www.aciersgrosjean.be/images/thumbs/0004696_c2140b89f6e54d0fa91f88a602c0cd00.jpeg;sitemap
1060;Plat 25x5mm en Inox 304;Inox;Produit long Inox;Plat en Inox;;Inox | Inox > Produit long Inox;1cbf92ab-d981-9182-be3a-3a1b86812695;;7,90;7,90 € TTC / PC;TTC / PC;InStock;Longueur : 1m / 2m / 3m / 4m / 5m / 6m;Poids : 1 Kg;3;0;;https://www.aciersgrosjean.be/plat-en-inox-25x5mm;https://www.aciersgrosjean.be/images/thumbs/0004697_615d544f89574d65ba9c62867707314c_625.jpeg | https://www.aciersgrosjean.be/images/thumbs/0004697_615d544f89574d65ba9c62867707314c.jpeg | https://www.aciersgrosjean.be/images/thumbs/0004698_c2140b89f6e54d0fa91f88a602c0cd00.jpeg;sitemap
1061;Plat 30x3mm en Inox 304;Inox;Produit long Inox;Plat en Inox;;Inox | Inox > Produit long Inox;13304660-ef7d-f471-900a-3a1b86812785;;5,69;5,69 € TTC / PC;TTC / PC;InStock;Longueur : 1m / 2m / 3m / 4m / 5m / 6m;Poids : 0.72 Kg;3;0;;https://www.aciersgrosjean.be/plat-en-inox-30x3mm;https://www.aciersgrosjean.be/images/thumbs/0004699_615d544f89574d65ba9c62867707314c_625.jpeg | https://www.aciersgrosjean.be/images/thumbs/0004699_615d544f89574d65ba9c62867707314c.jpeg | https://www.aciersgrosjean.be/images/thumbs/0004700_c2140b89f6e54d0fa91f88a602c0cd00.jpeg;sitemap
1062;Plat 30x5mm en Inox 304;Inox;Produit long Inox;Plat en Inox;;Inox | Inox > Produit long Inox;cf571463-aa75-ad26-e971-3a1b8681285f;;9,49;9,49 € TTC / PC;TTC / PC;InStock;Longueur : 1m / 2m / 3m / 4m / 5m / 6m;Poids : 1.2 Kg;3;0;;https://www.aciersgrosjean.be/plat-en-inox-30x5mm;https://www.aciersgrosjean.be/images/thumbs/0004701_615d544f89574d65ba9c62867707314c_625.jpeg | https://www.aciersgrosjean.be/images/thumbs/0004701_615d544f89574d65ba9c62867707314c.jpeg | https://www.aciersgrosjean.be/images/thumbs/0004702_c2140b89f6e54d0fa91f88a602c0cd00.jpeg;sitemap
1066;Plat 40x3mm en Inox 304;Inox;Produit long Inox;Plat en Inox;;Inox | Inox > Produit long Inox;e686eb38-a208-9f7d-470c-3a1b86812be1;;7,59;7,59 € TTC / PC;TTC / PC;InStock;Longueur : 1m / 2m / 3m / 4m / 5m / 6m;Poids : 0.96 Kg;3;0;;https://www.aciersgrosjean.be/plat-en-inox-40x3mm;https://www.aciersgrosjean.be/images/thumbs/0004709_615d544f89574d65ba9c62867707314c_625.jpeg | https://www.aciersgrosjean.be/images/thumbs/0004709_615d544f89574d65ba9c62867707314c.jpeg | https://www.aciersgrosjean.be/images/thumbs/0004710_c2140b89f6e54d0fa91f88a602c0cd00.jpeg;sitemap
1068;Plat 40x5mm en Inox 304;Inox;Produit long Inox;Plat en Inox;;Inox | Inox > Produit long Inox;a0e45d9f-72f3-e846-a747-3a1b86812fec;;12,64;12,64 € TTC / PC;TTC / PC;InStock;Longueur : 1m / 2m / 3m / 4m / 5m / 6m;Poids : 1.6 Kg;3;0;;https://www.aciersgrosjean.be/plat-en-inox-40x5mm;https://www.aciersgrosjean.be/images/thumbs/0004713_615d544f89574d65ba9c62867707314c_625.jpeg | https://www.aciersgrosjean.be/images/thumbs/0004713_615d544f89574d65ba9c62867707314c.jpeg | https://www.aciersgrosjean.be/images/thumbs/0004714_c2140b89f6e54d0fa91f88a602c0cd00.jpeg;sitemap
1070;Plat 50x5mm en Inox 304;Inox;Produit long Inox;Plat en Inox;;Inox | Inox > Produit long Inox;29324d61-72cb-0f85-259e-3a1b868132cf;;15,80;15,80 € TTC / PC;TTC / PC;InStock;Longueur : 1m / 2m / 3m / 4m / 5m / 6m;Poids : 2 Kg;3;0;;https://www.aciersgrosjean.be/plat-en-inox-50x5mm;https://www.aciersgrosjean.be/images/thumbs/0004717_615d544f89574d65ba9c62867707314c_625.jpeg | https://www.aciersgrosjean.be/images/thumbs/0004717_615d544f89574d65ba9c62867707314c.jpeg | https://www.aciersgrosjean.be/images/thumbs/0004718_c2140b89f6e54d0fa91f88a602c0cd00.jpeg;sitemap
1071;Plat 60x5mm en Inox 304;Inox;Produit long Inox;Plat en Inox;;Inox | Inox > Produit long Inox;4cd57728-9c28-e11b-7ef8-3a1b868133a8;;18,96;18,96 € TTC / PC;TTC / PC;InStock;Longueur : 1m / 2m / 3m / 4m / 5m / 6m;Poids : 2.4 Kg;3;0;;https://www.aciersgrosjean.be/plat-en-inox-60x5mm;https://www.aciersgrosjean.be/images/thumbs/0004719_615d544f89574d65ba9c62867707314c_625.jpeg | https://www.aciersgrosjean.be/images/thumbs/0004719_615d544f89574d65ba9c62867707314c.jpeg | https://www.aciersgrosjean.be/images/thumbs/0004720_c2140b89f6e54d0fa91f88a602c0cd00.jpeg;sitemap
1049;Rond plein lisse diamètre 10mm en Inox;Inox;Produit long Inox;Rond plein lisse en Inox;;Inox | Inox > Produit long Inox;1f8ded90-51dd-fc0d-b3b4-3a1b8681178c;;5,12;5,12 € TTC / PC;TTC / PC;InStock;Longueur : 1m / 2m / 3m / 4m / 5m / 6m;Poids : 0.63 Kg;3;0;;https://www.aciersgrosjean.be/rond-plein-lisse-en-inox-diamètre-10mm;https://www.aciersgrosjean.be/images/thumbs/0004673_50477a3b05364de8add96c574b9e74fe_625.jpeg | https://www.aciersgrosjean.be/images/thumbs/0004673_50477a3b05364de8add96c574b9e74fe.jpeg | https://www.aciersgrosjean.be/images/thumbs/0004674_20b3d8c37642497f865a3609338212e0.jpeg;sitemap
1050;Rond plein lisse diamètre 12mm en Inox;Inox;Produit long Inox;Rond plein lisse en Inox;;Inox | Inox > Produit long Inox;7d33103f-e731-9064-2559-3a1b868118ea;;7,39;7,39 € TTC / PC;TTC / PC;InStock;Longueur : 1m / 2m / 3m / 4m / 5m / 6m;Poids : 0.91 Kg;3;0;;https://www.aciersgrosjean.be/rond-plein-lisse-en-inox-diamètre-12mm;https://www.aciersgrosjean.be/images/thumbs/0004675_50477a3b05364de8add96c574b9e74fe_625.jpeg | https://www.aciersgrosjean.be/images/thumbs/0004675_50477a3b05364de8add96c574b9e74fe.jpeg | https://www.aciersgrosjean.be/images/thumbs/0004676_20b3d8c37642497f865a3609338212e0.jpeg;sitemap
1048;Rond plein lisse diamètre 8mm en Inox;Inox;Produit long Inox;Rond plein lisse en Inox;;Inox | Inox > Produit long Inox;bd40f9fd-dc21-8d4d-6abb-3a1b868115ef;;3,24;3,24 € TTC / PC;TTC / PC;InStock;Longueur : 1m / 2m / 3m / 4m / 5m / 6m;Poids : 0.4 Kg;3;0;;https://www.aciersgrosjean.be/rond-plein-lisse-en-inox-diamètre-8mm;https://www.aciersgrosjean.be/images/thumbs/0004671_50477a3b05364de8add96c574b9e74fe_625.jpeg | https://www.aciersgrosjean.be/images/thumbs/0004671_50477a3b05364de8add96c574b9e74fe.jpeg | https://www.aciersgrosjean.be/images/thumbs/0004672_20b3d8c37642497f865a3609338212e0.jpeg;sitemap
1084;Tube carré 20x20x2mm en Inox 304;Inox;Tube Inox;Tube carré en Inox;;Inox | Inox > Tube Inox;93b19925-4a04-e936-c824-3a1b86814506;;9,79;9,79 € TTC / PC;TTC / PC;InStock;Longueur : 1m / 2m / 3m / 4m / 5m / 6m;Poids : 1.22 Kg;3;0;;https://www.aciersgrosjean.be/tube-carré-en-inox-20x20x2mm;https://www.aciersgrosjean.be/images/thumbs/0004765_9ac5d84b2d744040acfba079593660a3_625.jpeg | https://www.aciersgrosjean.be/images/thumbs/0004765_9ac5d84b2d744040acfba079593660a3.jpeg | https://www.aciersgrosjean.be/images/thumbs/0004766_a7ebfed5f16b4da79eeecc756272bdc9.jpeg;sitemap
1085;Tube carré 25x25x2mm en Inox 304;Inox;Tube Inox;Tube carré en Inox;;Inox | Inox > Tube Inox;f5f17775-5247-fdac-17db-3a1b8681465c;;12,16;12,16 € TTC / PC;TTC / PC;InStock;Longueur : 1m / 2m / 3m / 4m / 5m / 6m;Poids : 1.54 Kg;3;0;;https://www.aciersgrosjean.be/tube-carré-en-inox-25x25x2mm;https://www.aciersgrosjean.be/images/thumbs/0004767_9ac5d84b2d744040acfba079593660a3_625.jpeg | https://www.aciersgrosjean.be/images/thumbs/0004767_9ac5d84b2d744040acfba079593660a3.jpeg | https://www.aciersgrosjean.be/images/thumbs/0004768_a7ebfed5f16b4da79eeecc756272bdc9.jpeg;sitemap
1086;Tube carré 30x30x2mm en Inox 304;Inox;Tube Inox;Tube carré en Inox;;Inox | Inox > Tube Inox;364150b7-d368-27df-98a7-3a1b8681479f;;14,42;14,42 € TTC / PC;TTC / PC;InStock;Longueur : 1m / 2m / 3m / 4m / 5m / 6m;Poids : 1.86 Kg;3;0;;https://www.aciersgrosjean.be/tube-carré-en-inox-30x30x2mm;https://www.aciersgrosjean.be/images/thumbs/0004769_9ac5d84b2d744040acfba079593660a3_625.jpeg | https://www.aciersgrosjean.be/images/thumbs/0004769_9ac5d84b2d744040acfba079593660a3.jpeg | https://www.aciersgrosjean.be/images/thumbs/0004770_a7ebfed5f16b4da79eeecc756272bdc9.jpeg;sitemap
1087;Tube carré 35x35x2mm en Inox 304;Inox;Tube Inox;Tube carré en Inox;;Inox | Inox > Tube Inox;6562039e-9f3f-b83f-0b2a-3a1b86814a08;;16,83;16,83 € TTC / PC;TTC / PC;InStock;Longueur : 1m / 2m / 3m / 4m / 5m / 6m;Poids : 2.18 Kg;3;0;;https://www.aciersgrosjean.be/tube-carré-en-inox-35x35x2mm;https://www.aciersgrosjean.be/images/thumbs/0004771_9ac5d84b2d744040acfba079593660a3_625.jpeg | https://www.aciersgrosjean.be/images/thumbs/0004771_9ac5d84b2d744040acfba079593660a3.jpeg | https://www.aciersgrosjean.be/images/thumbs/0004772_a7ebfed5f16b4da79eeecc756272bdc9.jpeg;sitemap
1088;Tube carré 40x40x2mm en Inox 304;Inox;Tube Inox;Tube carré en Inox;;Inox | Inox > Tube Inox;6a777eaf-34c2-a246-b3d3-3a1b86814b7f;;19,36;19,36 € TTC / PC;TTC / PC;InStock;Longueur : 1m / 2m / 3m / 4m / 5m / 6m;Poids : 2.5 Kg;3;0;;https://www.aciersgrosjean.be/tube-carré-en-inox-40x40x2mm;https://www.aciersgrosjean.be/images/thumbs/0004773_9ac5d84b2d744040acfba079593660a3_625.jpeg | https://www.aciersgrosjean.be/images/thumbs/0004773_9ac5d84b2d744040acfba079593660a3.jpeg | https://www.aciersgrosjean.be/images/thumbs/0004774_a7ebfed5f16b4da79eeecc756272bdc9.jpeg;sitemap
1089;Tube carré 50x50x2mm en Inox 304;Inox;Tube Inox;Tube carré en Inox;;Inox | Inox > Tube Inox;00d6b1f2-9c7f-1119-1aca-3a1b86814cea;;24,36;24,36 € TTC / PC;TTC / PC;InStock;Longueur : 1m / 2m / 3m / 4m / 5m / 6m;Poids : 3.14 Kg;3;0;;https://www.aciersgrosjean.be/tube-carré-en-inox-50x50x2mm;https://www.aciersgrosjean.be/images/thumbs/0004775_9ac5d84b2d744040acfba079593660a3_625.jpeg | https://www.aciersgrosjean.be/images/thumbs/0004775_9ac5d84b2d744040acfba079593660a3.jpeg | https://www.aciersgrosjean.be/images/thumbs/0004776_a7ebfed5f16b4da79eeecc756272bdc9.jpeg;sitemap
1092;Tube rectangle 40x20x2mm en Inox 304;Inox;Tube Inox;Tube rectangle en Inox;;Inox | Inox > Tube Inox;30319793-5bb2-bc5b-1c66-3a1b86815016;;14,60;14,60 € TTC / PC;TTC / PC;InStock;Longueur : 1m / 2m / 3m / 4m / 5m / 6m;Poids : 1.86 Kg;3;0;;https://www.aciersgrosjean.be/tube-rectangle-en-inox-40x20x2mm;https://www.aciersgrosjean.be/images/thumbs/0004752_38d4f77e35c44ecca7f16a3ecd3676eb_625.jpeg | https://www.aciersgrosjean.be/images/thumbs/0004752_38d4f77e35c44ecca7f16a3ecd3676eb.jpeg | https://www.aciersgrosjean.be/images/thumbs/0004753_7cb09336ff45488a9196b513349259b3.jpeg;sitemap
1075;Tube rond 17,2x2mm en Inox 304;Inox;Tube Inox;Tube rond en Inox;;Inox | Inox > Tube Inox;c596152b-4f62-4480-940b-3a1b868137b3;;8,03;8,03 € TTC / PC;TTC / PC;InStock;Longueur : 1m / 2m / 3m / 4m / 5m / 6m;Poids : 0.76 Kg;3;0;;https://www.aciersgrosjean.be/tube-rond-en-inox-172x2mm;https://www.aciersgrosjean.be/images/thumbs/0004731_4a7d457c65f94bc080cf4f2854e99f52_625.jpeg | https://www.aciersgrosjean.be/images/thumbs/0004731_4a7d457c65f94bc080cf4f2854e99f52.jpeg | https://www.aciersgrosjean.be/images/thumbs/0004732_c04852ce9aec40249d1269bd849b1aa6.jpeg;sitemap
1076;Tube rond 21,3x2mm en Inox 304;Inox;Tube Inox;Tube rond en Inox;;Inox | Inox > Tube Inox;52291806-ced9-8d54-8d26-3a1b86813acd;;9,84;9,84 € TTC / PC;TTC / PC;InStock;Longueur : 1m / 2m / 3m / 4m / 5m / 6m;Poids : 0.95 Kg;3;0;;https://www.aciersgrosjean.be/tube-rond-en-inox-213x2mm;https://www.aciersgrosjean.be/images/thumbs/0004733_4a7d457c65f94bc080cf4f2854e99f52_625.jpeg | https://www.aciersgrosjean.be/images/thumbs/0004733_4a7d457c65f94bc080cf4f2854e99f52.jpeg | https://www.aciersgrosjean.be/images/thumbs/0004734_c04852ce9aec40249d1269bd849b1aa6.jpeg;sitemap
1077;Tube rond 26,9x2mm en Inox 304;Inox;Tube Inox;Tube rond en Inox;;Inox | Inox > Tube Inox;917334e1-f975-1e2e-323f-3a1b86813d6b;;12,11;12,11 € TTC / PC;TTC / PC;InStock;Longueur : 1m / 2m / 3m / 4m / 5m / 6m;Poids : 1.2 Kg;3;0;;https://www.aciersgrosjean.be/tube-rond-en-inox-269x2mm;https://www.aciersgrosjean.be/images/thumbs/0004735_4a7d457c65f94bc080cf4f2854e99f52_625.jpeg | https://www.aciersgrosjean.be/images/thumbs/0004735_4a7d457c65f94bc080cf4f2854e99f52.jpeg | https://www.aciersgrosjean.be/images/thumbs/0004736_c04852ce9aec40249d1269bd849b1aa6.jpeg;sitemap
1078;Tube rond 33,7x2mm en Inox 304;Inox;Tube Inox;Tube rond en Inox;;Inox | Inox > Tube Inox;3275065f-0922-c9a0-32ac-3a1b86813f16;;15,52;15,52 € TTC / PC;TTC / PC;InStock;Longueur : 1m / 2m / 3m / 4m / 5m / 6m;Poids : 1.5 Kg;3;0;;https://www.aciersgrosjean.be/tube-rond-en-inox-337x2mm;https://www.aciersgrosjean.be/images/thumbs/0004737_4a7d457c65f94bc080cf4f2854e99f52_625.jpeg | https://www.aciersgrosjean.be/images/thumbs/0004737_4a7d457c65f94bc080cf4f2854e99f52.jpeg | https://www.aciersgrosjean.be/images/thumbs/0004738_c04852ce9aec40249d1269bd849b1aa6.jpeg;sitemap
1079;Tube rond 42,4x2mm en Inox 304;Inox;Tube Inox;Tube rond en Inox;;Inox | Inox > Tube Inox;c0c06b1e-d0fb-d479-f71f-3a1b86814086;;18,05;18,05 € TTC / PC;TTC / PC;InStock;Longueur : 1m / 2m / 3m / 4m / 5m / 6m;Poids : 1.95 Kg;3;0;;https://www.aciersgrosjean.be/tube-rond-en-inox-424x2mm;https://www.aciersgrosjean.be/images/thumbs/0004739_4a7d457c65f94bc080cf4f2854e99f52_625.jpeg | https://www.aciersgrosjean.be/images/thumbs/0004739_4a7d457c65f94bc080cf4f2854e99f52.jpeg | https://www.aciersgrosjean.be/images/thumbs/0004740_c04852ce9aec40249d1269bd849b1aa6.jpeg;sitemap
1080;Tube rond 48,3x2mm en Inox 304;Inox;Tube Inox;Tube rond en Inox;;Inox | Inox > Tube Inox;aed358cb-7747-42ce-50ce-3a1b86814168;;20,55;20,55 € TTC / PC;TTC / PC;InStock;Longueur : 1m / 2m / 3m / 4m / 5m / 6m;Poids : 2.2 Kg;3;0;;https://www.aciersgrosjean.be/tube-rond-en-inox-483x2mm;https://www.aciersgrosjean.be/images/thumbs/0004741_4a7d457c65f94bc080cf4f2854e99f52_625.jpeg | https://www.aciersgrosjean.be/images/thumbs/0004741_4a7d457c65f94bc080cf4f2854e99f52.jpeg | https://www.aciersgrosjean.be/images/thumbs/0004742_c04852ce9aec40249d1269bd849b1aa6.jpeg;sitemap
1081;Tube rond 60,3x2mm en Inox 304;Inox;Tube Inox;Tube rond en Inox;;Inox | Inox > Tube Inox;a0c3c2b1-e695-6977-50b8-3a1b8681425e;;25,79;25,79 € TTC / PC;TTC / PC;InStock;Longueur : 1m / 2m / 3m / 4m / 5m / 6m;Poids : 2.76 Kg;3;0;;https://www.aciersgrosjean.be/tube-rond-en-inox-603x2mm;https://www.aciersgrosjean.be/images/thumbs/0004743_4a7d457c65f94bc080cf4f2854e99f52_625.jpeg | https://www.aciersgrosjean.be/images/thumbs/0004743_4a7d457c65f94bc080cf4f2854e99f52.jpeg | https://www.aciersgrosjean.be/images/thumbs/0004744_c04852ce9aec40249d1269bd849b1aa6.jpeg;sitemap
1082;Tube rond 76,1x2mm en Inox 304;Inox;Tube Inox;Tube rond en Inox;;Inox | Inox > Tube Inox;ad9bf507-4bf6-5edd-5896-3a1b86814342;;34,56;34,56 € TTC / PC;TTC / PC;InStock;Longueur : 1m / 2m / 3m / 4m / 5m / 6m;Poids : 3.73 Kg;3;0;;https://www.aciersgrosjean.be/tube-rond-en-inox-761x2mm;https://www.aciersgrosjean.be/images/thumbs/0004746_4a7d457c65f94bc080cf4f2854e99f52_625.jpeg | https://www.aciersgrosjean.be/images/thumbs/0004746_4a7d457c65f94bc080cf4f2854e99f52.jpeg | https://www.aciersgrosjean.be/images/thumbs/0004747_c04852ce9aec40249d1269bd849b1aa6.jpeg;sitemap
1038;Tôle 2000x1000x1mm plane en Inox 304 GR320;Inox;Tôle Inox;Tôle plane en Inox 304 GR320;;Inox | Inox > Tôle Inox;f61e7d36-9319-a67a-b992-3a1b86810782;;124,29;124,29 € TTC / PC;TTC / PC;InStock;;Poids : 16 Kg;3;0;;https://www.aciersgrosjean.be/tôle-plane-en-inox-304-gr320-2000x1000x1mm;https://www.aciersgrosjean.be/images/thumbs/0004649_716749d64e3649fd9030bb356137ead6_625.jpeg | https://www.aciersgrosjean.be/images/thumbs/0004649_716749d64e3649fd9030bb356137ead6.jpeg | https://www.aciersgrosjean.be/images/thumbs/0004650_c9466469d8bc4d9a8154d4f6bf2efa96.jpeg;sitemap
1041;Tôle 2000x1000x2mm plane en Inox 304 GR320;Inox;Tôle Inox;Tôle plane en Inox 304 GR320;;Inox | Inox > Tôle Inox;e5721167-e526-ea81-d48f-3a1b86810bdf;;241,61;241,61 € TTC / PC;TTC / PC;InStock;;Poids : 32 Kg;3;0;;https://www.aciersgrosjean.be/tôle-plane-en-inox-304-gr320-2000x1000x2mm;https://www.aciersgrosjean.be/images/thumbs/0004655_716749d64e3649fd9030bb356137ead6_625.jpeg | https://www.aciersgrosjean.be/images/thumbs/0004655_716749d64e3649fd9030bb356137ead6.jpeg | https://www.aciersgrosjean.be/images/thumbs/0004656_c9466469d8bc4d9a8154d4f6bf2efa96.jpeg;sitemap
1044;Tôle 2000x1000x3mm plane en Inox 304 GR320;Inox;Tôle Inox;Tôle plane en Inox 304 GR320;;Inox | Inox > Tôle Inox;2d8268ba-c09d-b2aa-43f9-3a1b86810ef2;;360,68;360,68 € TTC / PC;TTC / PC;InStock;;Poids : 48 Kg;3;0;;https://www.aciersgrosjean.be/tôle-plane-en-inox-304-gr320-2000x1000x3mm;https://www.aciersgrosjean.be/images/thumbs/0004661_716749d64e3649fd9030bb356137ead6_625.jpeg | https://www.aciersgrosjean.be/images/thumbs/0004661_716749d64e3649fd9030bb356137ead6.jpeg | https://www.aciersgrosjean.be/images/thumbs/0004662_c9466469d8bc4d9a8154d4f6bf2efa96.jpeg;sitemap
1039;Tôle 2500x1250x1mm plane en Inox 304 GR320;Inox;Tôle Inox;Tôle plane en Inox 304 GR320;;Inox | Inox > Tôle Inox;4b95e6c0-9459-a671-edb4-3a1b86810940;;194,20;194,20 € TTC / PC;TTC / PC;InStock;;Poids : 25 Kg;3;0;;https://www.aciersgrosjean.be/tôle-plane-en-inox-304-gr320-2500x1250x1mm;https://www.aciersgrosjean.be/images/thumbs/0004651_716749d64e3649fd9030bb356137ead6_625.jpeg | https://www.aciersgrosjean.be/images/thumbs/0004651_716749d64e3649fd9030bb356137ead6.jpeg | https://www.aciersgrosjean.be/images/thumbs/0004652_c9466469d8bc4d9a8154d4f6bf2efa96.jpeg;sitemap
1042;Tôle 2500x1250x2mm plane en Inox 304 GR320;Inox;Tôle Inox;Tôle plane en Inox 304 GR320;;Inox | Inox > Tôle Inox;dc0adb30-f6c2-9f9a-2663-3a1b86810ce8;;377,52;377,52 € TTC / PC;TTC / PC;InStock;;Poids : 50 Kg;3;0;;https://www.aciersgrosjean.be/tôle-plane-en-inox-304-gr320-2500x1250x2mm;https://www.aciersgrosjean.be/images/thumbs/0004657_716749d64e3649fd9030bb356137ead6_625.jpeg | https://www.aciersgrosjean.be/images/thumbs/0004657_716749d64e3649fd9030bb356137ead6.jpeg | https://www.aciersgrosjean.be/images/thumbs/0004658_c9466469d8bc4d9a8154d4f6bf2efa96.jpeg;sitemap
1045;Tôle 2500x1250x3mm plane en Inox 304 GR320;Inox;Tôle Inox;Tôle plane en Inox 304 GR320;;Inox | Inox > Tôle Inox;198d3f66-7fc6-97e2-ac47-3a1b86811088;;563,56;563,56 € TTC / PC;TTC / PC;InStock;;Poids : 75 Kg;3;0;;https://www.aciersgrosjean.be/tôle-plane-en-inox-304-gr320-2500x1250x3mm;https://www.aciersgrosjean.be/images/thumbs/0004663_716749d64e3649fd9030bb356137ead6_625.jpeg | https://www.aciersgrosjean.be/images/thumbs/0004663_716749d64e3649fd9030bb356137ead6.jpeg | https://www.aciersgrosjean.be/images/thumbs/0004664_c9466469d8bc4d9a8154d4f6bf2efa96.jpeg;sitemap
1040;Tôle 3000x1500x1mm plane en Inox 304 GR320;Inox;Tôle Inox;Tôle plane en Inox 304 GR320;;Inox | Inox > Tôle Inox;73a14022-ac07-9ac4-4f74-3a1b86810acf;;279,66;279,66 € TTC / PC;TTC / PC;InStock;;Poids : 36 Kg;3;0;;https://www.aciersgrosjean.be/tôle-plane-en-inox-304-gr320-3000x1500x1mm;https://www.aciersgrosjean.be/images/thumbs/0004653_716749d64e3649fd9030bb356137ead6_625.jpeg | https://www.aciersgrosjean.be/images/thumbs/0004653_716749d64e3649fd9030bb356137ead6.jpeg | https://www.aciersgrosjean.be/images/thumbs/0004654_c9466469d8bc4d9a8154d4f6bf2efa96.jpeg;sitemap
1043;Tôle 3000x1500x2mm plane en Inox 304 GR320;Inox;Tôle Inox;Tôle plane en Inox 304 GR320;;Inox | Inox > Tôle Inox;083f207b-daa4-c9f1-c173-3a1b86810de3;;543,63;543,63 € TTC / PC;TTC / PC;InStock;;Poids : 72 Kg;3;0;;https://www.aciersgrosjean.be/tôle-plane-en-inox-304-gr320-3000x1500x2mm;https://www.aciersgrosjean.be/images/thumbs/0004659_716749d64e3649fd9030bb356137ead6_625.jpeg | https://www.aciersgrosjean.be/images/thumbs/0004659_716749d64e3649fd9030bb356137ead6.jpeg | https://www.aciersgrosjean.be/images/thumbs/0004660_c9466469d8bc4d9a8154d4f6bf2efa96.jpeg;sitemap
1046;Tôle 3000x1500x3mm plane en Inox 304 GR320;Inox;Tôle Inox;Tôle plane en Inox 304 GR320;;Inox | Inox > Tôle Inox;e75dd89a-ae4c-8916-aa0b-3a1b8681117f;;811,52;811,52 € TTC / PC;TTC / PC;InStock;;Poids : 108 Kg;3;0;;https://www.aciersgrosjean.be/tôle-plane-en-inox-304-gr320-3000x1500x3mm;https://www.aciersgrosjean.be/images/thumbs/0004665_716749d64e3649fd9030bb356137ead6_625.jpeg | https://www.aciersgrosjean.be/images/thumbs/0004665_716749d64e3649fd9030bb356137ead6.jpeg | https://www.aciersgrosjean.be/images/thumbs/0004666_c9466469d8bc4d9a8154d4f6bf2efa96.jpeg;sitemap
1037;Tôle plane 2000x1000x0,8mm en Inox 304 GR320;Inox;Tôle Inox;Tôle plane en Inox 304 GR320;;Inox | Inox > Tôle Inox;34d821fd-0851-2033-c259-3a1b8680ffc3;;102,68;102,68 € TTC / PC;TTC / PC;InStock;;Poids : 12.8 Kg;3;0;;https://www.aciersgrosjean.be/tôle-plane-en-inox-304-gr320-2000x1000x08mm;https://www.aciersgrosjean.be/images/thumbs/0004647_716749d64e3649fd9030bb356137ead6_625.jpeg | https://www.aciersgrosjean.be/images/thumbs/0004647_716749d64e3649fd9030bb356137ead6.jpeg | https://www.aciersgrosjean.be/images/thumbs/0004648_c9466469d8bc4d9a8154d4f6bf2efa96.jpeg;sitemap
1621;PRIMER ANTICORROSION - 1L BLANC RAL 9010;Quincaillerie & ferronnerie;Quincaillerie;Chimie du bâtiment;Couleur;Quincaillerie & ferronnerie | Quincaillerie & ferronnerie > Quincaillerie | Quincaillerie & ferronnerie > Quincaillerie > Chimie du bâtiment;93a59e13-2636-763e-3a9b-3a1f78af9e69;;23,26;23,26 € TTC / PC;TTC / PC;InStock;;Poids : 1 Kg;3;1;FT-VIBOL COATING-All-Meta-Prim-FR.pdf;https://www.aciersgrosjean.be/couleur-antirouille-1-l-blanc-ral-9010-prim-coat;https://www.aciersgrosjean.be/images/thumbs/0005030_4308b70261fa4d75b41878ab944046c6_625.jpeg | https://www.aciersgrosjean.be/images/thumbs/0005030_4308b70261fa4d75b41878ab944046c6.jpeg | https://www.aciersgrosjean.be/images/thumbs/0005038_2dc4a2a4653b422086bfd9c4a9b4231b.jpeg;sitemap
1620;PRIMER ANTICORROSION - 1L BRUN ROUGE RAL 8012;Quincaillerie & ferronnerie;Quincaillerie;Chimie du bâtiment;Couleur;Quincaillerie & ferronnerie | Quincaillerie & ferronnerie > Quincaillerie | Quincaillerie & ferronnerie > Quincaillerie > Chimie du bâtiment;ac4f9605-5fc4-67df-4be6-3a1f78af9ac4;;23,23;23,23 € TTC / PC;TTC / PC;InStock;;Poids : 1 Kg;3;1;FT-VIBOL COATING-All-Meta-Prim-FR.pdf;https://www.aciersgrosjean.be/couleur-antirouille-1-l-brun-rouge-ral-8012-prim-coat;https://www.aciersgrosjean.be/images/thumbs/0005029_499ef9347d6e43f09ea7e44f3027b15f_625.jpeg | https://www.aciersgrosjean.be/images/thumbs/0005029_499ef9347d6e43f09ea7e44f3027b15f.jpeg | https://www.aciersgrosjean.be/images/thumbs/0005039_602a5c609cdd418cb9b57f8567dceacb.jpeg;sitemap
1623;PRIMER ANTICORROSION - 1L GRIS RAL 7016;Quincaillerie & ferronnerie;Quincaillerie;Chimie du bâtiment;Couleur;Quincaillerie & ferronnerie | Quincaillerie & ferronnerie > Quincaillerie | Quincaillerie & ferronnerie > Quincaillerie > Chimie du bâtiment;ba33a825-6d9d-af70-eabb-3a1f78afa43f;;23,23;23,23 € TTC / PC;TTC / PC;InStock;;Poids : 1 Kg;3;1;FT-VIBOL COATING-All-Meta-Prim-FR.pdf;https://www.aciersgrosjean.be/couleur-antirouille-1-l-gris-ral-7016-prim-coat;https://www.aciersgrosjean.be/images/thumbs/0005032_efb9c86d937b4b96b49169bb0b0ddede_625.jpeg | https://www.aciersgrosjean.be/images/thumbs/0005032_efb9c86d937b4b96b49169bb0b0ddede.jpeg | https://www.aciersgrosjean.be/images/thumbs/0005036_ccc9c6d498464af88101fc03e831deac.jpeg;sitemap
1625;PRIMER ANTICORROSION - 1L NOIR RAL 9005;Quincaillerie & ferronnerie;Quincaillerie;Chimie du bâtiment;Couleur;Quincaillerie & ferronnerie | Quincaillerie & ferronnerie > Quincaillerie | Quincaillerie & ferronnerie > Quincaillerie > Chimie du bâtiment;10bfba53-8c8c-0b00-f7ac-3a1f78afa9ce;;23,23;23,23 € TTC / PC;TTC / PC;InStock;;Poids : 1 Kg;3;1;FT-VIBOL COATING-All-Meta-Prim-FR.pdf;https://www.aciersgrosjean.be/couleur-antirouille-1-l-ral-9005-prim-coat;https://www.aciersgrosjean.be/images/thumbs/0005034_b84068e5688d4bd784eae274a08ef9dd_625.jpeg | https://www.aciersgrosjean.be/images/thumbs/0005034_b84068e5688d4bd784eae274a08ef9dd.jpeg | https://www.aciersgrosjean.be/images/thumbs/0005035_55c8f0b757054f699927cd92a57a275e.jpeg;sitemap
1622;PRIMER ANTICORROSION - 5L BRUN ROUGE RAL 8012;Quincaillerie & ferronnerie;Quincaillerie;Chimie du bâtiment;Couleur;Quincaillerie & ferronnerie | Quincaillerie & ferronnerie > Quincaillerie | Quincaillerie & ferronnerie > Quincaillerie > Chimie du bâtiment;69956867-f9a1-fe65-446a-3a1f78afa1ba;;95,97;95,97 € TTC / PC;TTC / PC;InStock;;Poids : 1 Kg;3;1;FT-VIBOL COATING-All-Meta-Prim-FR.pdf;https://www.aciersgrosjean.be/couleur-antirouille-5-l-brun-rouge-ral-8012-prim-coat;https://www.aciersgrosjean.be/images/thumbs/0005031_499ef9347d6e43f09ea7e44f3027b15f_625.jpeg | https://www.aciersgrosjean.be/images/thumbs/0005031_499ef9347d6e43f09ea7e44f3027b15f.jpeg | https://www.aciersgrosjean.be/images/thumbs/0005037_9c0d748bc8594becaea1c6db6cf77b67.jpeg;sitemap
1624;PRIMER ANTICORROSION - 5L GRIS RAL 7016;Quincaillerie & ferronnerie;Quincaillerie;Chimie du bâtiment;Couleur;Quincaillerie & ferronnerie | Quincaillerie & ferronnerie > Quincaillerie | Quincaillerie & ferronnerie > Quincaillerie > Chimie du bâtiment;63d1a707-c6b1-2206-6f64-3a1f78afa76d;;95,97;95,97 € TTC / PC;TTC / PC;InStock;;Poids : 1 Kg;1;1;FT-VIBOL COATING-All-Meta-Prim-FR.pdf;https://www.aciersgrosjean.be/couleur-antirouille-5-l-gris-ral-7016-prim-coat;https://www.aciersgrosjean.be/images/thumbs/0005033_efb9c86d937b4b96b49169bb0b0ddede_625.jpeg;sitemap
1609;ZINGA - FILM GALVANISANT 1KG;Quincaillerie & ferronnerie;Quincaillerie;Chimie du bâtiment;Zinc;Quincaillerie & ferronnerie | Quincaillerie & ferronnerie > Quincaillerie | Quincaillerie & ferronnerie > Quincaillerie > Chimie du bâtiment;114f1c3d-a22f-ef4e-adc5-3a1f78af6a18;;32,02;32,02 € TTC / PC;TTC / PC;InStock;;Poids : 1 Kg;3;1;FT-ZINGA-FR-v7.pdf;https://www.aciersgrosjean.be/zinga-1kg;https://www.aciersgrosjean.be/images/thumbs/0005007_11108bd9798b49ed98af53b263715a08_625.jpeg | https://www.aciersgrosjean.be/images/thumbs/0005007_11108bd9798b49ed98af53b263715a08.jpeg | https://www.aciersgrosjean.be/images/thumbs/0005008_96fbcc478755487a92d5a59369d05eb9.jpeg;sitemap
1610;ZINGA - FILM GALVANISANT 2KG;Quincaillerie & ferronnerie;Quincaillerie;Chimie du bâtiment;Zinc;Quincaillerie & ferronnerie | Quincaillerie & ferronnerie > Quincaillerie | Quincaillerie & ferronnerie > Quincaillerie > Chimie du bâtiment;5dfbc0d4-d997-969e-a696-3a1f78af7584;;64,03;64,03 € TTC / PC;TTC / PC;InStock;;Poids : 1 Kg;1;1;FT-ZINGA-FR-v7.pdf;https://www.aciersgrosjean.be/zinga-2kg;https://www.aciersgrosjean.be/images/thumbs/0005013_11108bd9798b49ed98af53b263715a08_625.jpeg;sitemap
1611;ZINGA ZINGASOLV – 1L;Quincaillerie & ferronnerie;Quincaillerie;Chimie du bâtiment;Zinc;Quincaillerie & ferronnerie | Quincaillerie & ferronnerie > Quincaillerie | Quincaillerie & ferronnerie > Quincaillerie > Chimie du bâtiment;0172c4a4-6989-bd04-7e39-3a1f78af7869;;10,89;10,89 € TTC / PC;TTC / PC;InStock;;Poids : 1 Kg;3;1;FT-ZINGASOLV-FR-V2.pdf;https://www.aciersgrosjean.be/zingasolv-1l;https://www.aciersgrosjean.be/images/thumbs/0005004_47154b38881f489aacb151f3658cb5ac_625.jpeg | https://www.aciersgrosjean.be/images/thumbs/0005004_47154b38881f489aacb151f3658cb5ac.jpeg | https://www.aciersgrosjean.be/images/thumbs/0005005_68b6789b55694cc19c86ec067f69c623.jpeg;sitemap
1614;ZINGA ZINGATARFREE – 1L;Quincaillerie & ferronnerie;Quincaillerie;Chimie du bâtiment;Zinc;Quincaillerie & ferronnerie | Quincaillerie & ferronnerie > Quincaillerie | Quincaillerie & ferronnerie > Quincaillerie > Chimie du bâtiment;efbf951a-97ab-c68e-659d-3a1f78af854b;;39,80;39,80 € TTC / PC;TTC / PC;InStock;;Poids : 1 Kg;3;1;FT-ZINGATARFREE-FR-v3.pdf;https://www.aciersgrosjean.be/zingatarfree-moi-pu-1l;https://www.aciersgrosjean.be/images/thumbs/0005002_922daabf10b74abaa5ba9ae1ada1e593_625.jpeg | https://www.aciersgrosjean.be/images/thumbs/0005002_922daabf10b74abaa5ba9ae1ada1e593.jpeg | https://www.aciersgrosjean.be/images/thumbs/0005003_c80adcd54a4b4d148eb3793c861f0ddf.jpeg;sitemap
1615;ZINGA ZINGATARFREE – 5L;Quincaillerie & ferronnerie;Quincaillerie;Chimie du bâtiment;Zinc;Quincaillerie & ferronnerie | Quincaillerie & ferronnerie > Quincaillerie | Quincaillerie & ferronnerie > Quincaillerie > Chimie du bâtiment;c34b8209-c025-358d-379b-3a1f78af8911;;187,63;187,63 € TTC / PC;TTC / PC;InStock;;Poids : 1 Kg;3;1;FT-ZINGATARFREE-FR-v3.pdf;https://www.aciersgrosjean.be/zingatarfree-moi-pu-5l;https://www.aciersgrosjean.be/images/thumbs/0005000_922daabf10b74abaa5ba9ae1ada1e593_625.jpeg | https://www.aciersgrosjean.be/images/thumbs/0005000_922daabf10b74abaa5ba9ae1ada1e593.jpeg | https://www.aciersgrosjean.be/images/thumbs/0005001_ffe124d9372d41c6bd10d23e7dde3cf0.jpeg;sitemap
1613;ZINGALUSPRAY - 500ML;Quincaillerie & ferronnerie;Quincaillerie;Chimie du bâtiment;Zinc;Quincaillerie & ferronnerie | Quincaillerie & ferronnerie > Quincaillerie | Quincaillerie & ferronnerie > Quincaillerie > Chimie du bâtiment;9c21a236-3be4-61d6-2c14-3a1f78af81bf;;21,73;21,73 € TTC / PC;TTC / PC;InStock;;Poids : 1 Kg;3;1;FT-ZINGALUSPRAY-FR-v3.pdf;https://www.aciersgrosjean.be/zingaluspray-500ml;https://www.aciersgrosjean.be/images/thumbs/0005011_8890917dc6904cffa888f11f1723aea7_625.jpeg | https://www.aciersgrosjean.be/images/thumbs/0005011_8890917dc6904cffa888f11f1723aea7.jpeg | https://www.aciersgrosjean.be/images/thumbs/0005012_502e001e497b4342bf21ed30386e3f84.jpeg;sitemap
1612;ZINGASPRAY - 500ML;Quincaillerie & ferronnerie;Quincaillerie;Chimie du bâtiment;Zinc;Quincaillerie & ferronnerie | Quincaillerie & ferronnerie > Quincaillerie | Quincaillerie & ferronnerie > Quincaillerie > Chimie du bâtiment;7245b8c9-9552-3922-4315-3a1f78af7d99;;21,73;21,73 € TTC / PC;TTC / PC;InStock;;Poids : 1 Kg;3;1;FT-ZINGASPRAY-FR-v4.pdf;https://www.aciersgrosjean.be/zingaspray-500ml;https://www.aciersgrosjean.be/images/thumbs/0005009_zingaspray-500ml_625.jpeg | https://www.aciersgrosjean.be/images/thumbs/0005009_zingaspray-500ml.jpeg | https://www.aciersgrosjean.be/images/thumbs/0005010_zingaspray-500ml.jpeg;sitemap
1617;DL CHEMICALS PARABOND 600 – 290ml - gris;Quincaillerie & ferronnerie;Quincaillerie;Chimie du bâtiment;colle / étanchéité;Quincaillerie & ferronnerie | Quincaillerie & ferronnerie > Quincaillerie | Quincaillerie & ferronnerie > Quincaillerie > Chimie du bâtiment;c845ec2d-5e6f-3884-902a-3a1f78af8fd5;;10,89;10,89 € TTC / PC;TTC / PC;InStock;;Poids : 1 Kg;1;1;FT-PARABOND 600.pdf;https://www.aciersgrosjean.be/maistic-parabond-600-gris;https://www.aciersgrosjean.be/images/thumbs/0005023_6032948e10a640dda4f372ea3f7485f8_625.jpeg;sitemap
1618;DL CHEMICALS PARABOND 800 – 290ml;Quincaillerie & ferronnerie;Quincaillerie;Chimie du bâtiment;colle / étanchéité;Quincaillerie & ferronnerie | Quincaillerie & ferronnerie > Quincaillerie | Quincaillerie & ferronnerie > Quincaillerie > Chimie du bâtiment;e66b0ea0-78e6-289f-13e9-3a1f78af9342;;14,52;14,52 € TTC / PC;TTC / PC;InStock;;Poids : 1 Kg;1;1;FT-PARABOND 800.pdf;https://www.aciersgrosjean.be/parabond-800;https://www.aciersgrosjean.be/images/thumbs/0005026_222b8c420e0e446fba3bf272b9035e44_625.jpeg;sitemap
1619;DL CHEMICALS PARACHIM VINYLESTER – 300ml;Quincaillerie & ferronnerie;Quincaillerie;Chimie du bâtiment;colle / étanchéité;Quincaillerie & ferronnerie | Quincaillerie & ferronnerie > Quincaillerie | Quincaillerie & ferronnerie > Quincaillerie > Chimie du bâtiment;d336ccda-ed3e-a479-f049-3a1f78af96d4;;20,09;20,09 € TTC / PC;TTC / PC;InStock;;Poids : 1 Kg;3;1;FT-PARACHIM VINYLESTER.pdf;https://www.aciersgrosjean.be/parachim-celement;https://www.aciersgrosjean.be/images/thumbs/0005024_1fb620f2a0ca47b9be67e699d60c06e1_625.jpeg | https://www.aciersgrosjean.be/images/thumbs/0005024_1fb620f2a0ca47b9be67e699d60c06e1.jpeg | https://www.aciersgrosjean.be/images/thumbs/0005025_b0570a776df345ed9a80acc579920a30.jpeg;sitemap
1616;DL CHEMICALS PARASILICO AM85-1 - 300ml - transparent;Quincaillerie & ferronnerie;Quincaillerie;Chimie du bâtiment;colle / étanchéité;Quincaillerie & ferronnerie | Quincaillerie & ferronnerie > Quincaillerie | Quincaillerie & ferronnerie > Quincaillerie > Chimie du bâtiment;691ed84e-f3ec-e386-a282-3a1f78af8bd5;;8,45;8,45 € TTC / PC;TTC / PC;InStock;;Poids : 1 Kg;1;1;FT-PARASILICO AM85-1.pdf;https://www.aciersgrosjean.be/parasilico-am85-1-transparent;https://www.aciersgrosjean.be/images/thumbs/0005022_f5c2208bccd4452d8fe021e3057168de_625.jpeg;sitemap
1632;Caillebotis Galvanisé 1000x 1000mm - 33/33-30/2;Quincaillerie & ferronnerie;Quincaillerie;Escalier et caillebotis;;Quincaillerie & ferronnerie | Quincaillerie & ferronnerie > Quincaillerie;17db11c9-bdc1-d073-e3a1-3a1f88bdc6d1;;75,56;75,56 € TTC / PC;TTC / PC;InStock;;Poids : 0 Kg;3;0;;https://www.aciersgrosjean.be/caillebotis-galva-1000x-1000-3333-302;https://www.aciersgrosjean.be/images/thumbs/0005080_6c7cdb5dfb654922a05b4321f9012704_625.jpeg | https://www.aciersgrosjean.be/images/thumbs/0005080_6c7cdb5dfb654922a05b4321f9012704.jpeg | https://www.aciersgrosjean.be/images/thumbs/0005098_0da4a27b991742c383155abca3d496f9.jpeg;sitemap
1633;Caillebotis Galvanisé 1010x1190mm - 70/70 - 25/2;Quincaillerie & ferronnerie;Quincaillerie;Escalier et caillebotis;;Quincaillerie & ferronnerie | Quincaillerie & ferronnerie > Quincaillerie;f5e49b45-7014-a1d5-396a-3a1f88bdc8b0;;42,35;42,35 € TTC / PC;TTC / PC;InStock;;Poids : 0 Kg;3;0;;https://www.aciersgrosjean.be/caillebotis-galva-1010x-1190-01-7070-252;https://www.aciersgrosjean.be/images/thumbs/0005082_6c7cdb5dfb654922a05b4321f9012704_625.jpeg | https://www.aciersgrosjean.be/images/thumbs/0005082_6c7cdb5dfb654922a05b4321f9012704.jpeg | https://www.aciersgrosjean.be/images/thumbs/0005099_0da4a27b991742c383155abca3d496f9.jpeg;sitemap
1634;Caillebotis Galvanisé 1200x 1000mm - 33/33-30/2;Quincaillerie & ferronnerie;Quincaillerie;Escalier et caillebotis;;Quincaillerie & ferronnerie | Quincaillerie & ferronnerie > Quincaillerie;40cb6521-6adb-813b-2c8d-3a1f88bdcace;;90,88;90,88 € TTC / PC;TTC / PC;InStock;;Poids : 0 Kg;3;0;;https://www.aciersgrosjean.be/caillebotis-galva-1200x-1000-3333-302;https://www.aciersgrosjean.be/images/thumbs/0005084_6c7cdb5dfb654922a05b4321f9012704_625.jpeg | https://www.aciersgrosjean.be/images/thumbs/0005084_6c7cdb5dfb654922a05b4321f9012704.jpeg | https://www.aciersgrosjean.be/images/thumbs/0005100_0da4a27b991742c383155abca3d496f9.jpeg;sitemap
1626;Caillebotis Galvanisé 400x1000mm - 33/33-30/2;Quincaillerie & ferronnerie;Quincaillerie;Escalier et caillebotis;;Quincaillerie & ferronnerie | Quincaillerie & ferronnerie > Quincaillerie;bdc842dd-ecc3-c7fd-f18d-3a1f88bdb5c7;;39,30;39,30 € TTC / PC;TTC / PC;InStock;;Poids : 0 Kg;3;0;;https://www.aciersgrosjean.be/caillebotis-galva-400x-1000-3333-302;https://www.aciersgrosjean.be/images/thumbs/0005068_6c7cdb5dfb654922a05b4321f9012704_625.jpeg | https://www.aciersgrosjean.be/images/thumbs/0005068_6c7cdb5dfb654922a05b4321f9012704.jpeg | https://www.aciersgrosjean.be/images/thumbs/0005092_0da4a27b991742c383155abca3d496f9.jpeg;sitemap
1627;Caillebotis Galvanisé 500x1000mm - 33/33-30/2;Quincaillerie & ferronnerie;Quincaillerie;Escalier et caillebotis;;Quincaillerie & ferronnerie | Quincaillerie & ferronnerie > Quincaillerie;153ef55d-331e-0bb2-f0b6-3a1f88bdbb5f;;40,75;40,75 € TTC / PC;TTC / PC;InStock;;Poids : 0 Kg;3;0;;https://www.aciersgrosjean.be/caillebotis-galva-500x-1000-3333-302;https://www.aciersgrosjean.be/images/thumbs/0005070_6c7cdb5dfb654922a05b4321f9012704_625.jpeg | https://www.aciersgrosjean.be/images/thumbs/0005070_6c7cdb5dfb654922a05b4321f9012704.jpeg | https://www.aciersgrosjean.be/images/thumbs/0005093_0da4a27b991742c383155abca3d496f9.jpeg;sitemap
1628;Caillebotis Galvanisé 600x 1000mm - 33/33-30/2;Quincaillerie & ferronnerie;Quincaillerie;Escalier et caillebotis;;Quincaillerie & ferronnerie | Quincaillerie & ferronnerie > Quincaillerie;5a4daa21-bb1d-8ef2-7674-3a1f88bdbe28;;48,41;48,41 € TTC / PC;TTC / PC;InStock;;Poids : 0 Kg;3;0;;https://www.aciersgrosjean.be/caillebotis-galva-600x-1000-3333-302;https://www.aciersgrosjean.be/images/thumbs/0005072_6c7cdb5dfb654922a05b4321f9012704_625.jpeg | https://www.aciersgrosjean.be/images/thumbs/0005072_6c7cdb5dfb654922a05b4321f9012704.jpeg | https://www.aciersgrosjean.be/images/thumbs/0005094_0da4a27b991742c383155abca3d496f9.jpeg;sitemap
1629;Caillebotis Galvanisé 700x 1000mm - 33/33-30/2;Quincaillerie & ferronnerie;Quincaillerie;Escalier et caillebotis;;Quincaillerie & ferronnerie | Quincaillerie & ferronnerie > Quincaillerie;58f3f688-9d06-e181-717e-3a1f88bdc04b;;54,63;54,63 € TTC / PC;TTC / PC;InStock;;Poids : 0 Kg;3;0;;https://www.aciersgrosjean.be/caillebotis-galva-700x-1000-3333-302;https://www.aciersgrosjean.be/images/thumbs/0005074_6c7cdb5dfb654922a05b4321f9012704_625.jpeg | https://www.aciersgrosjean.be/images/thumbs/0005074_6c7cdb5dfb654922a05b4321f9012704.jpeg | https://www.aciersgrosjean.be/images/thumbs/0005095_0da4a27b991742c383155abca3d496f9.jpeg;sitemap
1630;Caillebotis Galvanisé 800x 1000mm - 33/33-30/2;Quincaillerie & ferronnerie;Quincaillerie;Escalier et caillebotis;;Quincaillerie & ferronnerie | Quincaillerie & ferronnerie > Quincaillerie;4e807733-8297-4cc5-69fe-3a1f88bdc306;;61,99;61,99 € TTC / PC;TTC / PC;InStock;;Poids : 0 Kg;3;0;;https://www.aciersgrosjean.be/caillebotis-galva-800x-1000-3333-302;https://www.aciersgrosjean.be/images/thumbs/0005076_6c7cdb5dfb654922a05b4321f9012704_625.jpeg | https://www.aciersgrosjean.be/images/thumbs/0005076_6c7cdb5dfb654922a05b4321f9012704.jpeg | https://www.aciersgrosjean.be/images/thumbs/0005096_0da4a27b991742c383155abca3d496f9.jpeg;sitemap
1631;Caillebotis Galvanisé 900x 1000mm - 33/33-30/2;Quincaillerie & ferronnerie;Quincaillerie;Escalier et caillebotis;;Quincaillerie & ferronnerie | Quincaillerie & ferronnerie > Quincaillerie;5c9eb107-b0eb-5703-1102-3a1f88bdc4c3;;68,52;68,52 € TTC / PC;TTC / PC;InStock;;Poids : 0 Kg;3;0;;https://www.aciersgrosjean.be/caillebotis-galva-900x-1000-3333-302;https://www.aciersgrosjean.be/images/thumbs/0005078_6c7cdb5dfb654922a05b4321f9012704_625.jpeg | https://www.aciersgrosjean.be/images/thumbs/0005078_6c7cdb5dfb654922a05b4321f9012704.jpeg | https://www.aciersgrosjean.be/images/thumbs/0005097_0da4a27b991742c383155abca3d496f9.jpeg;sitemap
1635;Caillebotis Galvanisés 1200x 1000mm - 33/33-30/3;Quincaillerie & ferronnerie;Quincaillerie;Escalier et caillebotis;;Quincaillerie & ferronnerie | Quincaillerie & ferronnerie > Quincaillerie;8ee448ee-c136-11f4-b111-3a1f88bdccaf;;163,35;163,35 € TTC / PC;TTC / PC;InStock;;Poids : 0 Kg;3;0;;https://www.aciersgrosjean.be/caillebotis-galva-1500x-1000-3333-303;https://www.aciersgrosjean.be/images/thumbs/0005086_6c7cdb5dfb654922a05b4321f9012704_625.jpeg | https://www.aciersgrosjean.be/images/thumbs/0005086_6c7cdb5dfb654922a05b4321f9012704.jpeg | https://www.aciersgrosjean.be/images/thumbs/0005101_0da4a27b991742c383155abca3d496f9.jpeg;sitemap
1641;Marche d'escalier caillebotis 1000x230mm;Quincaillerie & ferronnerie;Quincaillerie;Escalier et caillebotis;;Quincaillerie & ferronnerie | Quincaillerie & ferronnerie > Quincaillerie;84a8ed74-440c-e693-d808-3a1f88bdd9c9;;40,75;40,75 € TTC / PC;TTC / PC;InStock;;Poids : 1 Kg;3;0;;https://www.aciersgrosjean.be/marche-descalier-1000-x-230mm;https://www.aciersgrosjean.be/images/thumbs/0005057_fe0e8e79878745b0ac8a0166af617a0a_625.jpeg | https://www.aciersgrosjean.be/images/thumbs/0005057_fe0e8e79878745b0ac8a0166af617a0a.jpeg | https://www.aciersgrosjean.be/images/thumbs/0005058_b7ef002650b94490b5e1472492a340c2.jpeg;sitemap
1637;Marche d'escalier caillebotis 600x200mm;Quincaillerie & ferronnerie;Quincaillerie;Escalier et caillebotis;;Quincaillerie & ferronnerie | Quincaillerie & ferronnerie > Quincaillerie;6c6d6205-f775-fe7a-d706-3a1f88bdd18f;;26,45;26,45 € TTC / PC;TTC / PC;InStock;;Poids : 1 Kg;3;0;;https://www.aciersgrosjean.be/marche-descalier-600-x-200mm;https://www.aciersgrosjean.be/images/thumbs/0005065_fe0e8e79878745b0ac8a0166af617a0a_625.jpeg | https://www.aciersgrosjean.be/images/thumbs/0005065_fe0e8e79878745b0ac8a0166af617a0a.jpeg | https://www.aciersgrosjean.be/images/thumbs/0005066_b7ef002650b94490b5e1472492a340c2.jpeg;sitemap
1638;Marche d'escalier caillebotis 700x230mm;Quincaillerie & ferronnerie;Quincaillerie;Escalier et caillebotis;;Quincaillerie & ferronnerie | Quincaillerie & ferronnerie > Quincaillerie;21e365fa-8412-d227-c1cb-3a1f88bdd419;;30,44;30,44 € TTC / PC;TTC / PC;InStock;;Poids : 1 Kg;3;0;;https://www.aciersgrosjean.be/marche-descalier-700-x-230mm;https://www.aciersgrosjean.be/images/thumbs/0005063_fe0e8e79878745b0ac8a0166af617a0a_625.jpeg | https://www.aciersgrosjean.be/images/thumbs/0005063_fe0e8e79878745b0ac8a0166af617a0a.jpeg | https://www.aciersgrosjean.be/images/thumbs/0005064_b7ef002650b94490b5e1472492a340c2.jpeg;sitemap
1639;Marche d'escalier caillebotis 800x230mm;Quincaillerie & ferronnerie;Quincaillerie;Escalier et caillebotis;;Quincaillerie & ferronnerie | Quincaillerie & ferronnerie > Quincaillerie;452f8ffc-f6a7-2b69-c3ab-3a1f88bdd5f9;;32,13;32,13 € TTC / PC;TTC / PC;InStock;;Poids : 1 Kg;3;0;;https://www.aciersgrosjean.be/marche-descalier-800-x-230mm;https://www.aciersgrosjean.be/images/thumbs/0005061_fe0e8e79878745b0ac8a0166af617a0a_625.jpeg | https://www.aciersgrosjean.be/images/thumbs/0005061_fe0e8e79878745b0ac8a0166af617a0a.jpeg | https://www.aciersgrosjean.be/images/thumbs/0005062_b7ef002650b94490b5e1472492a340c2.jpeg;sitemap
1640;Marche d'escalier caillebotis 900x230mm;Quincaillerie & ferronnerie;Quincaillerie;Escalier et caillebotis;;Quincaillerie & ferronnerie | Quincaillerie & ferronnerie > Quincaillerie;9919359c-2fc4-300e-e3e3-3a1f88bdd7eb;;34,44;34,44 € TTC / PC;TTC / PC;InStock;;Poids : 1 Kg;3;0;;https://www.aciersgrosjean.be/marche-descalier-900-x-230mm;https://www.aciersgrosjean.be/images/thumbs/0005059_fe0e8e79878745b0ac8a0166af617a0a_625.jpeg | https://www.aciersgrosjean.be/images/thumbs/0005059_fe0e8e79878745b0ac8a0166af617a0a.jpeg | https://www.aciersgrosjean.be/images/thumbs/0005060_b7ef002650b94490b5e1472492a340c2.jpeg;sitemap
1644;Marche securit PCP O2 ACHIL 1000x250mm;Quincaillerie & ferronnerie;Quincaillerie;Escalier et caillebotis;;Quincaillerie & ferronnerie | Quincaillerie & ferronnerie > Quincaillerie;af301458-1c3e-068c-8711-3a1f88bde15d;;49,96;49,96 € TTC / PC;TTC / PC;InStock;;Poids : 0 Kg;3;1;FT-Marches D'Escaliers ACHIL O2-Acier 240 PCP.pdf;https://www.aciersgrosjean.be/marche-securit-1000-x-250;https://www.aciersgrosjean.be/images/thumbs/0005055_e6f172b18b5e45e4b44a9b52e47fcfc1_625.jpeg | https://www.aciersgrosjean.be/images/thumbs/0005055_e6f172b18b5e45e4b44a9b52e47fcfc1.jpeg | https://www.aciersgrosjean.be/images/thumbs/0005091_d6776fe095cc47ad95ae715325d5b198.jpeg;sitemap
1642;Marche securit PCP O2 ACHIL 800 x 250mm;Quincaillerie & ferronnerie;Quincaillerie;Escalier et caillebotis;;Quincaillerie & ferronnerie | Quincaillerie & ferronnerie > Quincaillerie;56c44e66-48db-c8f6-4661-3a1f88bddc5b;;41,31;41,31 € TTC / PC;TTC / PC;InStock;;Poids : 0 Kg;3;1;FT-Marches D'Escaliers ACHIL O2-Acier 240 PCP.pdf;https://www.aciersgrosjean.be/marche-securit-800-x-250;https://www.aciersgrosjean.be/images/thumbs/0005051_e6f172b18b5e45e4b44a9b52e47fcfc1_625.jpeg | https://www.aciersgrosjean.be/images/thumbs/0005051_e6f172b18b5e45e4b44a9b52e47fcfc1.jpeg | https://www.aciersgrosjean.be/images/thumbs/0005089_d6776fe095cc47ad95ae715325d5b198.jpeg;sitemap
1643;Marche securit PCP O2 ACHIL 900x250mm;Quincaillerie & ferronnerie;Quincaillerie;Escalier et caillebotis;;Quincaillerie & ferronnerie | Quincaillerie & ferronnerie > Quincaillerie;d016bcba-fc73-3402-1d6d-3a1f88bddecf;;46,02;46,02 € TTC / PC;TTC / PC;InStock;;Poids : 0 Kg;3;1;FT-Marches D'Escaliers ACHIL O2-Acier 240 PCP.pdf;https://www.aciersgrosjean.be/marche-securit-900-x-250;https://www.aciersgrosjean.be/images/thumbs/0005053_e6f172b18b5e45e4b44a9b52e47fcfc1_625.jpeg | https://www.aciersgrosjean.be/images/thumbs/0005053_e6f172b18b5e45e4b44a9b52e47fcfc1.jpeg | https://www.aciersgrosjean.be/images/thumbs/0005090_d6776fe095cc47ad95ae715325d5b198.jpeg;sitemap
1636;Plancher securit PCP O2 - 1000x1000mm;Quincaillerie & ferronnerie;Quincaillerie;Escalier et caillebotis;;Quincaillerie & ferronnerie | Quincaillerie & ferronnerie > Quincaillerie;8c699167-d0e3-555f-640e-3a1f88bdceaf;;217,53;217,53 € TTC / PC;TTC / PC;InStock;;Poids : 0 Kg;1;1;FT-PLANCHER SECURIT PCP.pdf;https://www.aciersgrosjean.be/plancher-securit-1000x1000;https://www.aciersgrosjean.be/images/thumbs/0005067_940aa60af337488380a780163987e4e8_625.jpeg;sitemap
1669;Meuleuse d'angle FLEX L 1001 – 1010W / 125 mm;Quincaillerie & ferronnerie;Quincaillerie;Outillage;;Quincaillerie & ferronnerie | Quincaillerie & ferronnerie > Quincaillerie;9f831df7-7b3f-9469-e5f4-3a2013a1f2e7;;78,65;78,65 € TTC / PC;TTC / PC;InStock;;Poids : 2.2 Kg;3;1;FP- L 1001 125.pdf;https://www.aciersgrosjean.be/meuleuse-dangle-l-1100-125-230cee-l1001-1010-watt-diam-125-mm;https://www.aciersgrosjean.be/images/thumbs/0005145_21c824bdbb2341dd892922f49cbe60bf_625.jpeg | https://www.aciersgrosjean.be/images/thumbs/0005145_21c824bdbb2341dd892922f49cbe60bf.jpeg | https://www.aciersgrosjean.be/images/thumbs/0005146_256e1bde058a490ba49eb99bfab86b75.jpeg;sitemap
1356;Vis autoforante pour acier 6,3x 100 - tête hexagonale de 10mm;Quincaillerie & ferronnerie;Quincaillerie;Visserie;;Quincaillerie & ferronnerie | Quincaillerie & ferronnerie > Quincaillerie;6baa59a4-2386-d670-b6f1-3a1d5104190c;;73,81;73,81 € TTC / PC;TTC / PC;InStock;;;1;1;GROUPE ACIERS GROSJEAN - ACIER - Vis TH 050-(1)63(0)L A33-1 FT.pdf;https://www.aciersgrosjean.be/vis-autoforante-pour-acier-63x-100-tête-hexagonale-de-10mm;https://www.aciersgrosjean.be/images/thumbs/0004096_a4e4cae3917048d1bedaf6f21fbfe287_625.jpeg;sitemap
1353;Vis autoforante pour acier 6,3x 65 - tête hexagonale de 10mm;Quincaillerie & ferronnerie;Quincaillerie;Visserie;;Quincaillerie & ferronnerie | Quincaillerie & ferronnerie > Quincaillerie;f7c9abaf-94f0-d150-ba0f-3a1d51041659;;48,40;48,40 € TTC / PC;TTC / PC;InStock;;;1;1;GROUPE ACIERS GROSJEAN - ACIER - Vis TH 050-(1)63(0)L A33-1 FT.pdf;https://www.aciersgrosjean.be/vis-autoforante-pour-acier-63x-65-tête-hexagonale-de-10mm;https://www.aciersgrosjean.be/images/thumbs/0004094_068c4102eb004d67be382f01c7011752_625.jpeg;sitemap
1344;Vis à bois 6,3x 100 - tête hexagonale de 10mm;Quincaillerie & ferronnerie;Quincaillerie;Visserie;;Quincaillerie & ferronnerie | Quincaillerie & ferronnerie > Quincaillerie;72f158ec-5714-5624-50b6-3a1d51040ad5;;48,40;48,40 € TTC / PC;TTC / PC;InStock;;;1;1;GROUPE ACIER GROSJEAN - BOIS - Vis TH 050-(1)63(0)L A33-1 FT.pdf;https://www.aciersgrosjean.be/vis-à-bois-63x-100-tête-hexagonale-de-10mm;https://www.aciersgrosjean.be/images/thumbs/0004103_898ddad0a93c4e3790de637445cd4c6d_625.jpeg;sitemap
1345;Vis à bois 6,3x 130 - tête hexagonale de 10mm;Quincaillerie & ferronnerie;Quincaillerie;Visserie;;Quincaillerie & ferronnerie | Quincaillerie & ferronnerie > Quincaillerie;2b3a9f64-182b-696a-3cc4-3a1d51040c2b;;55,66;55,66 € TTC / PC;TTC / PC;InStock;;;1;1;GROUPE ACIER GROSJEAN - BOIS - Vis TH 050-(1)63(0)L A33-1 FT.pdf;https://www.aciersgrosjean.be/vis-à-bois-63x-130-tête-hexagonale-de-10mm;https://www.aciersgrosjean.be/images/thumbs/0004104_3cba36203d9945f59cbe3704fa510dfa_625.jpeg;sitemap
1346;Vis à bois 6,3x 150 - tête hexagonale de 10mm;Quincaillerie & ferronnerie;Quincaillerie;Visserie;;Quincaillerie & ferronnerie | Quincaillerie & ferronnerie > Quincaillerie;9b723058-00e9-fbd2-7740-3a1d51040d0b;;61,71;61,71 € TTC / PC;TTC / PC;InStock;;;1;1;GROUPE ACIER GROSJEAN - BOIS - Vis TH 050-(1)63(0)L A33-1 FT.pdf;https://www.aciersgrosjean.be/vis-à-bois-63x-150-tête-hexagonale-de-10mm;https://www.aciersgrosjean.be/images/thumbs/0004105_9698a98826b14082a4798c6308cc5d5f_625.jpeg;sitemap
1343;Vis à bois 6,3x 75 - tête hexagonale de 10mm;Quincaillerie & ferronnerie;Quincaillerie;Visserie;;Quincaillerie & ferronnerie | Quincaillerie & ferronnerie > Quincaillerie;75e5b667-1a40-1349-5f36-3a1d510409f8;;35,09;35,09 € TTC / PC;TTC / PC;InStock;;;1;1;GROUPE ACIER GROSJEAN - BOIS - Vis TH 050-(1)63(0)L A33-1 FT.pdf;https://www.aciersgrosjean.be/vis-à-bois-63x-75-tête-hexagonale-de-10mm;https://www.aciersgrosjean.be/images/thumbs/0004102_0617f558a7e946e6b9c2443bca9e59dc_625.jpeg;sitemap
1566;Panneau isolé ECO 30mm – 260x105cm - RAL 7016;Toiture & Bardage;Panneau isolé;Toiture isolée;Panneau ECO;Toiture & Bardage | Toiture & Bardage > Panneau isolé | Toiture & Bardage > Panneau isolé > Toiture isolée;932c006a-4f06-8ebb-c0ef-3a1ef374a927;;76,97;76,97 € TTC / PC;TTC / PC;InStock;;Poids : 1 Kg;3;1;ACIERS GROSJEAN - LATTONEDIL EUROCOPRE MONOLAMIERA.pdf;https://www.aciersgrosjean.be/panneau-isolé-eco-30mm-2600mm-ral-7016-3;https://www.aciersgrosjean.be/images/thumbs/0004932_3abf8c3b41dd4920b3d535e1a0a41634_625.jpeg | https://www.aciersgrosjean.be/images/thumbs/0004932_3abf8c3b41dd4920b3d535e1a0a41634.jpeg | https://www.aciersgrosjean.be/images/thumbs/0004933_47d9e88972e34317bcc70fe7adc95ea7.jpeg;sitemap
1567;Panneau isolé ECO 30mm – 310x105cm - RAL 7016;Toiture & Bardage;Panneau isolé;Toiture isolée;Panneau ECO;Toiture & Bardage | Toiture & Bardage > Panneau isolé | Toiture & Bardage > Panneau isolé > Toiture isolée;ed4a8660-43ac-7ff3-3745-3a1ef374ae04;;91,77;91,77 € TTC / PC;TTC / PC;InStock;;Poids : 1 Kg;3;1;ACIERS GROSJEAN - LATTONEDIL EUROCOPRE MONOLAMIERA.pdf;https://www.aciersgrosjean.be/panneau-isolé-eco-30mm-3100mm-ral-7016-3;https://www.aciersgrosjean.be/images/thumbs/0004930_3abf8c3b41dd4920b3d535e1a0a41634_625.jpeg | https://www.aciersgrosjean.be/images/thumbs/0004930_3abf8c3b41dd4920b3d535e1a0a41634.jpeg | https://www.aciersgrosjean.be/images/thumbs/0004931_47d9e88972e34317bcc70fe7adc95ea7.jpeg;sitemap
1568;Panneau isolé ECO 30mm – 360x105cm - RAL 7016;Toiture & Bardage;Panneau isolé;Toiture isolée;Panneau ECO;Toiture & Bardage | Toiture & Bardage > Panneau isolé | Toiture & Bardage > Panneau isolé > Toiture isolée;0e4d569e-d0c1-1c02-4ca1-3a1ef374b361;;106,56;106,56 € TTC / PC;TTC / PC;InStock;;Poids : 1 Kg;3;1;ACIERS GROSJEAN - LATTONEDIL EUROCOPRE MONOLAMIERA.pdf;https://www.aciersgrosjean.be/panneau-isolé-eco-30mm-3600mm-ral-7016-3;https://www.aciersgrosjean.be/images/thumbs/0004928_3abf8c3b41dd4920b3d535e1a0a41634_625.jpeg | https://www.aciersgrosjean.be/images/thumbs/0004928_3abf8c3b41dd4920b3d535e1a0a41634.jpeg | https://www.aciersgrosjean.be/images/thumbs/0004929_47d9e88972e34317bcc70fe7adc95ea7.jpeg;sitemap
1569;Panneau isolé ECO 30mm – 410x105cm - RAL 7016;Toiture & Bardage;Panneau isolé;Toiture isolée;Panneau ECO;Toiture & Bardage | Toiture & Bardage > Panneau isolé | Toiture & Bardage > Panneau isolé > Toiture isolée;d476d2d6-1b2e-e8d4-e90c-3a1ef374b7c1;;121,38;121,38 € TTC / PC;TTC / PC;InStock;;Poids : 1 Kg;3;1;ACIERS GROSJEAN - LATTONEDIL EUROCOPRE MONOLAMIERA.pdf;https://www.aciersgrosjean.be/panneau-isolé-eco-30mm-4100mm-ral-7016-3;https://www.aciersgrosjean.be/images/thumbs/0004926_3abf8c3b41dd4920b3d535e1a0a41634_625.jpeg | https://www.aciersgrosjean.be/images/thumbs/0004926_3abf8c3b41dd4920b3d535e1a0a41634.jpeg | https://www.aciersgrosjean.be/images/thumbs/0004927_47d9e88972e34317bcc70fe7adc95ea7.jpeg;sitemap
1570;Panneau isolé ECO 30mm – 460x105cm - RAL 7016;Toiture & Bardage;Panneau isolé;Toiture isolée;Panneau ECO;Toiture & Bardage | Toiture & Bardage > Panneau isolé | Toiture & Bardage > Panneau isolé > Toiture isolée;b3245579-0b34-edb3-9dea-3a1ef374bb41;;136,17;136,17 € TTC / PC;TTC / PC;InStock;;Poids : 1 Kg;3;1;ACIERS GROSJEAN - LATTONEDIL EUROCOPRE MONOLAMIERA.pdf;https://www.aciersgrosjean.be/panneau-isolé-eco-30mm-4600mm-ral-7016-3;https://www.aciersgrosjean.be/images/thumbs/0004924_3abf8c3b41dd4920b3d535e1a0a41634_625.jpeg | https://www.aciersgrosjean.be/images/thumbs/0004924_3abf8c3b41dd4920b3d535e1a0a41634.jpeg | https://www.aciersgrosjean.be/images/thumbs/0004925_47d9e88972e34317bcc70fe7adc95ea7.jpeg;sitemap
1571;Panneau isolé ECO 30mm – 510x105cm - RAL 7016;Toiture & Bardage;Panneau isolé;Toiture isolée;Panneau ECO;Toiture & Bardage | Toiture & Bardage > Panneau isolé | Toiture & Bardage > Panneau isolé > Toiture isolée;dc12f9ec-812a-455d-78b6-3a1ef374be96;;150,97;150,97 € TTC / PC;TTC / PC;InStock;;Poids : 1 Kg;3;1;ACIERS GROSJEAN - LATTONEDIL EUROCOPRE MONOLAMIERA.pdf;https://www.aciersgrosjean.be/panneau-isolé-eco-30mm-5100mm-ral-7016-3;https://www.aciersgrosjean.be/images/thumbs/0004922_3abf8c3b41dd4920b3d535e1a0a41634_625.jpeg | https://www.aciersgrosjean.be/images/thumbs/0004922_3abf8c3b41dd4920b3d535e1a0a41634.jpeg | https://www.aciersgrosjean.be/images/thumbs/0004923_47d9e88972e34317bcc70fe7adc95ea7.jpeg;sitemap
1572;Panneau isolé ECO 30mm – 560x105cm - RAL 7016;Toiture & Bardage;Panneau isolé;Toiture isolée;Panneau ECO;Toiture & Bardage | Toiture & Bardage > Panneau isolé | Toiture & Bardage > Panneau isolé > Toiture isolée;ee11f55c-288e-781a-5bf2-3a1ef374c1d7;;165,77;165,77 € TTC / PC;TTC / PC;InStock;;Poids : 1 Kg;3;1;ACIERS GROSJEAN - LATTONEDIL EUROCOPRE MONOLAMIERA.pdf;https://www.aciersgrosjean.be/panneau-isolé-eco-30mm-5600mm-ral-7016-3;https://www.aciersgrosjean.be/images/thumbs/0004920_3abf8c3b41dd4920b3d535e1a0a41634_625.jpeg | https://www.aciersgrosjean.be/images/thumbs/0004920_3abf8c3b41dd4920b3d535e1a0a41634.jpeg | https://www.aciersgrosjean.be/images/thumbs/0004921_47d9e88972e34317bcc70fe7adc95ea7.jpeg;sitemap
1576;Panneau isolé ECO 30mm – 610x105cm - RAL 7016;Toiture & Bardage;Panneau isolé;Toiture isolée;Panneau ECO;Toiture & Bardage | Toiture & Bardage > Panneau isolé | Toiture & Bardage > Panneau isolé > Toiture isolée;bef68a0b-9055-6c34-a733-3a1f205dab3a;;180,58;180,58 € TTC / PC;TTC / PC;InStock;;Poids : 1 Kg;3;1;ACIERS GROSJEAN - LATTONEDIL EUROCOPRE MONOLAMIERA.pdf;https://www.aciersgrosjean.be/panneau-isolé-eco-30mm-6100mm-ral-7016;https://www.aciersgrosjean.be/images/thumbs/0004918_3abf8c3b41dd4920b3d535e1a0a41634_625.jpeg | https://www.aciersgrosjean.be/images/thumbs/0004918_3abf8c3b41dd4920b3d535e1a0a41634.jpeg | https://www.aciersgrosjean.be/images/thumbs/0004919_47d9e88972e34317bcc70fe7adc95ea7.jpeg;sitemap
1646;Tasseau 40x40 71x250cm - Parement | Chêne clair;Toiture & Bardage;Tôle profilée non isolée;Bardage;Imitation bois;Toiture & Bardage | Toiture & Bardage > Tôle profilée non isolée | Toiture & Bardage > Tôle profilée non isolée > Bardage;685dc082-8111-b19c-1837-3a1fef682f4a;;121,56;121,56 € TTC / PC;TTC / PC;InStock;;;5;1;AG-TASSEAU 40x40 MAXI - IMITATION BOIS(1).pdf;https://www.aciersgrosjean.be/tasseau-40x40-71x250cm-parement-chêne-clair;https://www.aciersgrosjean.be/images/thumbs/0005132_tasseau-40x40-71x250cm-parement-chene-clair_625.jpeg | https://www.aciersgrosjean.be/images/thumbs/0005132_tasseau-40x40-71x250cm-parement-chene-clair.jpeg | https://www.aciersgrosjean.be/images/thumbs/0005133_tasseau-40x40-71x250cm-parement-chene-clair.jpeg | https://www.aciersgrosjean.be/images/thumbs/0005134_tasseau-40x40-71x250cm-parement-chene-clair.jpeg | https://www.aciersgrosjean.be/images/thumbs/0005135_tasseau-40x40-71x250cm-parement-chene-clair.jpeg;sitemap
1645;Tasseau 40x40 71x300cm - Parement | Chêne clair;Toiture & Bardage;Tôle profilée non isolée;Bardage;Imitation bois;Toiture & Bardage | Toiture & Bardage > Tôle profilée non isolée | Toiture & Bardage > Tôle profilée non isolée > Bardage;2519f460-ee68-dd0e-b92b-3a1fef67c752;;145,45;145,45 € TTC / PC;TTC / PC;InStock;;;5;1;AG-TASSEAU 40x40 MAXI - IMITATION BOIS(1).pdf;https://www.aciersgrosjean.be/tasseau-40x40-71x300cm-parement-chêne-clair;https://www.aciersgrosjean.be/images/thumbs/0005128_tasseau-40x40-71x300cm-parement-chene-clair_625.jpeg | https://www.aciersgrosjean.be/images/thumbs/0005128_tasseau-40x40-71x300cm-parement-chene-clair.jpeg | https://www.aciersgrosjean.be/images/thumbs/0005129_tasseau-40x40-71x300cm-parement-chene-clair.jpeg | https://www.aciersgrosjean.be/images/thumbs/0005130_tasseau-40x40-71x300cm-parement-chene-clair.jpeg | https://www.aciersgrosjean.be/images/thumbs/0005131_tasseau-40x40-71x300cm-parement-chene-clair.jpeg;sitemap
1332;Tôle 30.200.1000 - RAL 7016 - 200X105cm;Toiture & Bardage;Tôle profilée non isolée;Toiture;Profil 30.200.1000;Toiture & Bardage | Toiture & Bardage > Tôle profilée non isolée | Toiture & Bardage > Tôle profilée non isolée > Toiture;788810c8-e28e-3cc7-9dcd-3a1cf422d080;;30,90;30,90 € TTC / PC;TTC / PC;InStock;;Poids : 2100 Kg;4;1;ACIERS GROSJEAN - TP - 30-200.pdf;https://www.aciersgrosjean.be/tole-302001000-ral-7016-200x105cm;https://www.aciersgrosjean.be/images/thumbs/0003835_tole-302001000-ral-7016-200x105cm_625.jpeg | https://www.aciersgrosjean.be/images/thumbs/0003835_tole-302001000-ral-7016-200x105cm.jpeg | https://www.aciersgrosjean.be/images/thumbs/0003836_tole-302001000-ral-7016-200x105cm.jpeg | https://www.aciersgrosjean.be/images/thumbs/0003837_tole-302001000-ral-7016-200x105cm.jpeg;sitemap
1333;Tôle 30.200.1000 - RAL 7016 - 250X105cm;Toiture & Bardage;Tôle profilée non isolée;Toiture;Profil 30.200.1000;Toiture & Bardage | Toiture & Bardage > Tôle profilée non isolée | Toiture & Bardage > Tôle profilée non isolée > Toiture;6975ea9d-4276-e5f4-2111-3a1cf422d2a8;;38,62;38,62 € TTC / PC;TTC / PC;InStock;;Poids : 2625 Kg;4;1;ACIERS GROSJEAN - TP - 30-200.pdf;https://www.aciersgrosjean.be/tole-302001000-ral-7016-250x105cm;https://www.aciersgrosjean.be/images/thumbs/0003838_tole-302001000-ral-7016-250x105cm_625.jpeg | https://www.aciersgrosjean.be/images/thumbs/0003838_tole-302001000-ral-7016-250x105cm.jpeg | https://www.aciersgrosjean.be/images/thumbs/0003839_tole-302001000-ral-7016-250x105cm.jpeg | https://www.aciersgrosjean.be/images/thumbs/0003840_tole-302001000-ral-7016-250x105cm.jpeg;sitemap
1334;Tôle 30.200.1000 - RAL 7016 - 300X105cm;Toiture & Bardage;Tôle profilée non isolée;Toiture;Profil 30.200.1000;Toiture & Bardage | Toiture & Bardage > Tôle profilée non isolée | Toiture & Bardage > Tôle profilée non isolée > Toiture;3850205f-3cd7-f34b-30be-3a1cf422d3ae;;46,34;46,34 € TTC / PC;TTC / PC;InStock;;Poids : 3150 Kg;4;1;ACIERS GROSJEAN - TP - 30-200.pdf;https://www.aciersgrosjean.be/tôle-sèche-profilée-302001000-épaisseur-06-ral-7016-dimension-3000x1050-5;https://www.aciersgrosjean.be/images/thumbs/0003841_702dee596f2d4351b951eabee9e81779_625.jpeg | https://www.aciersgrosjean.be/images/thumbs/0003841_702dee596f2d4351b951eabee9e81779.jpeg | https://www.aciersgrosjean.be/images/thumbs/0003842_28566dc4b37e4ee5a9fae1d55c2764b5.jpeg | https://www.aciersgrosjean.be/images/thumbs/0003843_7300cd6b24a64805a1090d65329b7aab.jpeg;sitemap
1335;Tôle 30.200.1000 - RAL 7016 - 350X105cm;Toiture & Bardage;Tôle profilée non isolée;Toiture;Profil 30.200.1000;Toiture & Bardage | Toiture & Bardage > Tôle profilée non isolée | Toiture & Bardage > Tôle profilée non isolée > Toiture;0290a2de-f672-b72e-07ea-3a1cf422d508;;54,07;54,07 € TTC / PC;TTC / PC;InStock;;Poids : 3675 Kg;4;1;ACIERS GROSJEAN - TP - 30-200.pdf;https://www.aciersgrosjean.be/tôle-sèche-profilée-302001000-épaisseur-06-ral-7016-dimension-3500x1050-5;https://www.aciersgrosjean.be/images/thumbs/0003844_702dee596f2d4351b951eabee9e81779_625.jpeg | https://www.aciersgrosjean.be/images/thumbs/0003844_702dee596f2d4351b951eabee9e81779.jpeg | https://www.aciersgrosjean.be/images/thumbs/0003845_28566dc4b37e4ee5a9fae1d55c2764b5.jpeg | https://www.aciersgrosjean.be/images/thumbs/0003846_7300cd6b24a64805a1090d65329b7aab.jpeg;sitemap
1336;Tôle 30.200.1000 - RAL 7016 - 400X105cm;Toiture & Bardage;Tôle profilée non isolée;Toiture;Profil 30.200.1000;Toiture & Bardage | Toiture & Bardage > Tôle profilée non isolée | Toiture & Bardage > Tôle profilée non isolée > Toiture;c5815a79-b056-4d07-5ee7-3a1cf422d60f;;61,79;61,79 € TTC / PC;TTC / PC;InStock;;Poids : 4200 Kg;4;1;ACIERS GROSJEAN - TP - 30-200.pdf;https://www.aciersgrosjean.be/tôle-sèche-profilée-302001000-épaisseur-06-ral-7016-dimension-4000x1050-5;https://www.aciersgrosjean.be/images/thumbs/0003847_702dee596f2d4351b951eabee9e81779_625.jpeg | https://www.aciersgrosjean.be/images/thumbs/0003847_702dee596f2d4351b951eabee9e81779.jpeg | https://www.aciersgrosjean.be/images/thumbs/0003848_28566dc4b37e4ee5a9fae1d55c2764b5.jpeg | https://www.aciersgrosjean.be/images/thumbs/0003849_7300cd6b24a64805a1090d65329b7aab.jpeg;sitemap
1337;Tôle 30.200.1000 - RAL 7016 - 450X105cm;Toiture & Bardage;Tôle profilée non isolée;Toiture;Profil 30.200.1000;Toiture & Bardage | Toiture & Bardage > Tôle profilée non isolée | Toiture & Bardage > Tôle profilée non isolée > Toiture;c5760027-6fec-085b-b428-3a1cf422d703;;69,53;69,53 € TTC / PC;TTC / PC;InStock;;Poids : 4725 Kg;4;1;ACIERS GROSJEAN - TP - 30-200.pdf;https://www.aciersgrosjean.be/tôle-sèche-profilée-302001000-épaisseur-06-ral-7016-dimension-4500x1050-5;https://www.aciersgrosjean.be/images/thumbs/0003850_702dee596f2d4351b951eabee9e81779_625.jpeg | https://www.aciersgrosjean.be/images/thumbs/0003850_702dee596f2d4351b951eabee9e81779.jpeg | https://www.aciersgrosjean.be/images/thumbs/0003851_28566dc4b37e4ee5a9fae1d55c2764b5.jpeg | https://www.aciersgrosjean.be/images/thumbs/0003852_7300cd6b24a64805a1090d65329b7aab.jpeg;sitemap
1338;Tôle 30.200.1000 - RAL 7016 - 500X105cm;Toiture & Bardage;Tôle profilée non isolée;Toiture;Profil 30.200.1000;Toiture & Bardage | Toiture & Bardage > Tôle profilée non isolée | Toiture & Bardage > Tôle profilée non isolée > Toiture;fbcaaeb8-d5eb-6d65-9a07-3a1cf422d7f4;;77,25;77,25 € TTC / PC;TTC / PC;InStock;;Poids : 5250 Kg;4;1;ACIERS GROSJEAN - TP - 30-200.pdf;https://www.aciersgrosjean.be/tôle-sèche-profilée-302001000-épaisseur-06-ral-7016-dimension-5000x1050-5;https://www.aciersgrosjean.be/images/thumbs/0003853_702dee596f2d4351b951eabee9e81779_625.jpeg | https://www.aciersgrosjean.be/images/thumbs/0003853_702dee596f2d4351b951eabee9e81779.jpeg | https://www.aciersgrosjean.be/images/thumbs/0003854_28566dc4b37e4ee5a9fae1d55c2764b5.jpeg | https://www.aciersgrosjean.be/images/thumbs/0003855_7300cd6b24a64805a1090d65329b7aab.jpeg;sitemap
